{"version":"0.4","title":"Product-Archives2","type":"page","content":[{"id":"36eca628","settings":{"padding":{"unit":"px","top":"50","right":"0","bottom":"50","left":"0","isLinked":false}},"elements":[{"id":"72dee2bd","settings":{"_column_size":100},"elements":[{"id":"261b6bed","settings":{"__dynamic__":{"title":"[elementor-tag id=\"\" name=\"archive-title\" settings=\"%7B%22include_context%22%3A%22yes%22%2C%22before%22%3A%22%22%2C%22after%22%3A%22%22%2C%22fallback%22%3A%22%22%7D\"]"},"title":"Add Your Heading Text Here","align":"center","title_color":"#54595f","typography_typography":"custom","typography_font_family":"Josefin Sans","typography_font_size":{"unit":"px","size":62},"typography_font_size_mobile":{"unit":"px","size":35},"typography_font_weight":"400","typography_text_transform":"capitalize","typography_letter_spacing":{"unit":"px","size":-1.1},"_margin":{"unit":"px","top":"0","right":"0","bottom":"50","left":"0","isLinked":false}},"elements":[],"isInner":false,"widgetType":"theme-archive-title","elType":"widget"}],"isInner":false,"elType":"column"}],"isInner":false,"elType":"section"}]}