{"version":"0.4","title":"4044-page","type":"page","content":[{"id":"1f011fdc","settings":{"content_width":{"unit":"px","size":740},"gap":"wider","height":"min-height","custom_height":{"unit":"vh","size":100},"content_position":"middle","background_background":"video","background_video_link":"https:\/\/www.youtube.com\/watch?v=ZcBw06UbAws","background_overlay_background":"classic","background_overlay_color":"#000000","background_overlay_opacity":{"unit":"px","size":0.4},"custom_height_tablet":{"unit":"vh","size":""},"background_video_fallback":{"id":1543,"url":"http:\/\/localhost\/test\/wp-content\/uploads\/2018\/09\/background-Fallback-404.2.jpg"}},"elements":[{"id":"6ee87eb9","settings":{"_column_size":100,"_inline_size":null},"elements":[{"id":"42773bb8","settings":{"title":"Are you lost?","header_size":"h1","align":"center","title_color":"#ffffff","typography_typography":"custom","typography_font_size":{"unit":"px","size":92},"typography_font_weight":"bold","typography_text_transform":"uppercase","typography_font_size_tablet":{"unit":"px","size":70},"typography_font_size_mobile":{"unit":"px","size":40}},"elements":[],"isInner":false,"widgetType":"heading","elType":"widget"},{"id":"58a68d30","settings":{"title":"The page you were looking for couldn't be found","header_size":"h3","align":"center","title_color":"#ffffff","typography_typography":"custom","typography_font_size":{"unit":"px","size":26},"typography_font_size_tablet":{"unit":"px","size":20},"typography_font_size_mobile":{"unit":"px","size":18},"typography_line_height_mobile":{"unit":"px","size":25}},"elements":[],"isInner":false,"widgetType":"heading","elType":"widget"},{"id":"4c8613b4","settings":{"weight":{"unit":"px","size":3},"color":"rgba(255,255,255,0.35)","width":{"unit":"px","size":60},"align":"center","gap":{"unit":"px","size":30},"gap_tablet":{"unit":"px","size":12}},"elements":[],"isInner":false,"widgetType":"divider","elType":"widget"},{"id":"747fdd43","settings":{"title":"You can navigate through our menu or use this search bar:","header_size":"p","align":"center","title_color":"#ffffff","typography_typography":"custom","typography_font_size":{"unit":"px","size":16},"typography_font_weight":"normal","typography_font_size_mobile":{"unit":"px","size":14},"typography_line_height_mobile":{"unit":"px","size":20}},"elements":[],"isInner":false,"widgetType":"heading","elType":"widget"},{"id":"2858d28b","settings":{"skin":"minimal","placeholder":"Search...","button_text":"Search","size":{"unit":"px","size":55},"input_text_color":"#ffffff","input_background_color":"rgba(255,255,255,0)","input_border_color":"#ffffff","button_border_width":{"unit":"px","top":"2","right":"2","bottom":"2","left":"2","isLinked":true},"border_radius":{"unit":"px","size":200}},"elements":[],"isInner":false,"widgetType":"search-form","elType":"widget"}],"isInner":false,"elType":"column"}],"isInner":false,"elType":"section"}]}