{"version":"0.4","title":"4046-page","type":"page","content":[{"id":"5c7dbaa7","settings":{"custom_height":{"unit":"vh","size":70},"content_position":"middle","background_background":"classic","background_color":"#000000","content_width":{"unit":"px","size":700},"padding":{"unit":"px","top":"125","right":"0","bottom":"125","left":"0","isLinked":false},"height":"min-height","custom_height_tablet":{"unit":"vh","size":70},"custom_height_mobile":{"unit":"vh","size":70}},"elements":[{"id":"286d904","settings":{"_column_size":100,"_inline_size":null,"padding_mobile":{"unit":"px","top":"15","right":"15","bottom":"15","left":"15","isLinked":true}},"elements":[{"id":"24ebbd0","settings":{"title":"404","header_size":"p","align":"center","title_color":"#212121","typography_typography":"custom","typography_font_size":{"unit":"px","size":299},"typography_font_weight":"bold","typography_font_size_mobile":{"unit":"px","size":160}},"elements":[],"isInner":false,"widgetType":"heading","elType":"widget"},{"id":"146064e","settings":{"title":"Oops! That page can't be found\n","header_size":"h3","title_color":"#ffffff","typography_typography":"custom","typography_font_size":{"unit":"px","size":31},"align":"center","typography_font_weight":"bold","typography_text_transform":"uppercase","_margin":{"unit":"px","top":"-200","right":"0","bottom":"200","left":"0","isLinked":false},"typography_font_size_mobile":{"unit":"px","size":18},"_margin_mobile":{"unit":"px","top":"-112","right":"0","bottom":"80","left":"0","isLinked":false}},"elements":[],"isInner":false,"widgetType":"heading","elType":"widget"},{"id":"4d7853f0","settings":{"icon_list":[{"text":"Home Page","icon":"fa fa-angle-right","_id":"f9100b7","link":{"url":"","is_external":"","nofollow":""}},{"text":"Services","icon":"fa fa-angle-right","_id":"6e554ae","link":{"url":"","is_external":"","nofollow":""}},{"text":"About","icon":"fa fa-angle-right","_id":"0816417","link":{"url":"","is_external":"","nofollow":""}},{"text":"Blog","icon":"fa fa-angle-right","_id":"d8c317a","link":{"url":"","is_external":"","nofollow":""}},{"text":"Contact Us","icon":"fa fa-angle-right","_id":"123a835","link":{"url":"","is_external":"","nofollow":""}}],"space_between":{"unit":"px","size":12},"icon_color":"#ffffff","text_indent":{"unit":"px","size":10},"icon_typography_typography":"custom","icon_typography_font_size":{"unit":"px","size":15},"_margin":{"unit":"px","top":"50","right":"0","bottom":"0","left":"0","isLinked":false},"view":"inline","icon_align":"center","text_color":"#ffffff","space_between_mobile":{"unit":"px","size":25},"icon_align_mobile":"center","icon_typography_line_height_mobile":{"unit":"px","size":30}},"elements":[],"isInner":false,"widgetType":"icon-list","elType":"widget"}],"isInner":false,"elType":"column"}],"isInner":false,"elType":"section"}]}