{"version":"0.4","title":"4047-page","type":"page","content":[{"id":"416b409e","settings":{"gap":"wider","height":"min-height","custom_height":{"unit":"px","size":600},"content_position":"middle","structure":"20","background_background":"classic","background_color":"#ffffff","layout":"full_width","column_position":"stretch"},"elements":[{"id":"5ff5e805","settings":{"_column_size":50,"_inline_size":57.368,"background_background":"classic","background_color":"#000000","_inline_size_tablet":60,"padding_mobile":{"unit":"px","top":"15","right":"15","bottom":"15","left":"15","isLinked":true}},"elements":[{"id":"533be821","settings":{"title":"404","header_size":"p","align":"center","title_color":"#ffffff","typography_typography":"custom","typography_font_size":{"unit":"px","size":249},"typography_font_weight":"bold","align_mobile":"center","typography_font_size_tablet":{"unit":"px","size":200},"typography_font_size_mobile":{"unit":"px","size":138},"_padding_mobile":{"unit":"px","top":"0","right":"0","bottom":"0","left":"0","isLinked":false}},"elements":[],"isInner":false,"widgetType":"heading","elType":"widget"},{"id":"53e156f7","settings":{"title":"Page not found","header_size":"h3","title_color":"#ffffff","typography_typography":"custom","typography_font_size":{"unit":"px","size":26},"align":"center","typography_text_transform":"capitalize","align_mobile":"center"},"elements":[],"isInner":false,"widgetType":"heading","elType":"widget"}],"isInner":false,"elType":"column"},{"id":"e738ab0","settings":{"_column_size":50,"_inline_size":42.632,"background_color":"#ffffff","margin":{"unit":"px","top":"0","right":"0","bottom":"0","left":"30","isLinked":false},"margin_mobile":{"unit":"px","top":"0","right":"0","bottom":"0","left":"0","isLinked":true},"padding_tablet":{"unit":"px","top":"0","right":"20","bottom":"0","left":"0","isLinked":false},"padding_mobile":{"unit":"px","top":"15","right":"15","bottom":"15","left":"30","isLinked":false},"_inline_size_tablet":40},"elements":[{"id":"6b56851d","settings":{"title":"Here are some useful links:","header_size":"h3","title_color":"#000000","typography_typography":"custom","typography_font_size":{"unit":"px","size":24},"align_mobile":"left","typography_font_size_tablet":{"unit":"px","size":20}},"elements":[],"isInner":false,"widgetType":"heading","elType":"widget"},{"id":"71129409","settings":{"icon_list":[{"text":"Home Page","icon":"fa fa-angle-right","_id":"f9100b7","link":{"url":"","is_external":"","nofollow":""}},{"text":"Services","icon":"fa fa-angle-right","_id":"6e554ae","link":{"url":"","is_external":"","nofollow":""}},{"text":"About","icon":"fa fa-angle-right","_id":"0816417","link":{"url":"","is_external":"","nofollow":""}},{"text":"Blog","icon":"fa fa-angle-right","_id":"d8c317a","link":{"url":"","is_external":"","nofollow":""}},{"text":"Contact Us","icon":"fa fa-angle-right","_id":"123a835","link":{"url":"","is_external":"","nofollow":""}}],"space_between":{"unit":"px","size":12},"icon_color":"#686868","text_indent":{"unit":"px","size":10},"icon_typography_typography":"custom","icon_typography_font_size":{"unit":"px","size":15},"_margin":{"unit":"px","top":"30","right":"0","bottom":"0","left":"0","isLinked":false},"icon_align_mobile":"left","_margin_mobile":{"unit":"px","top":"0","right":"0","bottom":"0","left":"0","isLinked":true},"_padding_mobile":{"unit":"px","top":"0","right":"0","bottom":"0","left":"0","isLinked":true}},"elements":[],"isInner":false,"widgetType":"icon-list","elType":"widget"}],"isInner":false,"elType":"column"}],"isInner":false,"elType":"section"}]}