{"version":"0.4","title":"Header-20","type":"header","content":[{"id":"3c917eea","settings":{"layout":"full_width","custom_height":{"unit":"px","size":80},"content_position":"middle","structure":"30","box_shadow_box_shadow":{"horizontal":0,"vertical":0,"blur":40,"spread":0,"color":"rgba(0,0,0,0.1)"},"padding":{"unit":"px","top":"5","right":"020","bottom":"5","left":"20","isLinked":false},"padding_tablet":{"unit":"px","top":"20","right":"20","bottom":"20","left":"20","isLinked":true},"html_tag":"header","background_background":"classic","background_color":"#ffffff","border_border":"solid","border_width":{"unit":"px","top":"0","right":"0","bottom":"1","left":"0","isLinked":false},"border_color":"#d6d6d6","padding_mobile":{"unit":"px","top":"5","right":"5","bottom":"5","left":"05","isLinked":false},"_timestamp_":"v1S2hPVjBxQm0zZVduWWZGcGZ3V0k5dz09"},"elements":[{"id":"7325dbc8","settings":{"_column_size":33,"_inline_size":null,"_inline_size_mobile":30},"elements":[{"id":"14df5d56","settings":{"content_position":"middle","structure":"20","gap":"no","padding_mobile":{"unit":"px","top":"0","right":"0","bottom":"0","left":"0","isLinked":false}},"elements":[{"id":"77a430f4","settings":{"_column_size":50,"_inline_size":20.26,"padding":{"unit":"px","top":"0","right":"0","bottom":"0","left":"0","isLinked":false}},"elements":[{"id":"273576ec","settings":{"__dynamic__":{"image":"[elementor-tag id=\"\" name=\"site-logo\" settings=\"%7B%7D\"]","link":"[elementor-tag id=\"\" name=\"site-url\" settings=\"%7B%7D\"]"},"image":{"id":"17","url":"http:\/\/localhost\/dieuhau\/wp-content\/uploads\/2020\/07\/placeholder.png"}},"elements":[],"isInner":false,"widgetType":"theme-site-logo","elType":"widget"}],"isInner":true,"elType":"column"},{"id":"4c1a4e15","settings":{"_column_size":50,"_inline_size":79.74,"padding":{"unit":"px","top":"0","right":"0","bottom":"0","left":"0","isLinked":false}},"elements":[{"id":"798dcf97","settings":{"title":"My  WebSite","header_size":"p","typography_typography":"custom","typography_font_weight":"300","align_mobile":"center"},"elements":[],"isInner":false,"widgetType":"heading","elType":"widget"}],"isInner":true,"elType":"column"}],"isInner":true,"elType":"section"}],"isInner":false,"elType":"column"},{"id":"55752eae","settings":{"_column_size":33,"_inline_size":51.907,"_inline_size_mobile":20,"_inline_size_tablet":35},"elements":[{"id":"25d756cf","settings":{"align_items":"right","toggle_align":"right","menu_typography_typography":"custom","menu_typography_font_size":{"unit":"px","size":17},"menu_typography_font_weight":"200","padding_horizontal_menu_item":{"unit":"px","size":27},"pointer":"none","indicator":"none","full_width":"stretch","dropdown_typography_typography":"custom","dropdown_typography_font_family":"Montserrat","dropdown_top_distance_mobile":{"unit":"px","size":14},"toggle_background_color":"rgba(255,255,255,0)"},"elements":[],"isInner":false,"widgetType":"nav-menu","elType":"widget"}],"isInner":false,"elType":"column"},{"id":"2635dafc","settings":{"_column_size":33,"_inline_size":14.757,"_inline_size_tablet":30,"_inline_size_mobile":50},"elements":[{"id":"29d664e9","settings":{"text":"Get Started","align":"right","typography_typography":"custom","typography_font_family":"Montserrat","button_text_color":"#2642d3","background_color":"rgba(255,255,255,0)","border_border":"solid","border_width":{"unit":"px","top":"1","right":"1","bottom":"1","left":"1","isLinked":true},"border_color":"rgba(38,66,211,0.34)","border_radius":{"unit":"px","top":"50","right":"50","bottom":"50","left":"50","isLinked":true},"button_box_shadow_box_shadow_type":"yes","button_box_shadow_box_shadow":{"horizontal":0,"vertical":10,"blur":30,"spread":-9,"color":"rgba(0,0,0,0.16)"},"text_padding":{"unit":"px","top":"12","right":"30","bottom":"12","left":"30","isLinked":false},"size":"md","typography_font_size_mobile":{"unit":"px","size":10}},"elements":[],"isInner":false,"widgetType":"button","elType":"widget"}],"isInner":false,"elType":"column"}],"isInner":false,"elType":"section"}]}