{"version":"0.4","title":"Header-6","type":"header","content":[{"id":"2e9cc519","settings":{"layout":"full_width","height":"min-height","custom_height":{"unit":"px","size":"","sizes":[]},"structure":"20","margin":{"unit":"px","top":"0","right":0,"bottom":"-150","left":0,"isLinked":false},"padding":{"unit":"px","top":"90","right":"150","bottom":"0","left":"150","isLinked":false},"z_index":100,"margin_tablet":{"unit":"px","top":"0","right":0,"bottom":"-110","left":0,"isLinked":false},"margin_mobile":{"unit":"px","top":"0","right":0,"bottom":"-110","left":0,"isLinked":false},"padding_tablet":{"unit":"px","top":"50","right":"85","bottom":"0","left":"85","isLinked":false},"padding_mobile":{"unit":"px","top":"50","right":"20","bottom":"0","left":"20","isLinked":false},"_title":"Header","_timestamp_":"v1S2hPVjBxQm0zZVduWWZGcGZ3V0k5dz09"},"elements":[{"id":"5fd912df","settings":{"_column_size":50,"_inline_size":null,"_inline_size_mobile":50},"elements":[{"id":"3a8b4f47","settings":{"title":"AD.","title_color":"#3a3a3a","typography_typography":"custom","typography_font_family":"Montserrat","typography_font_size":{"unit":"px","size":40,"sizes":[]},"typography_font_weight":"700","__dynamic__":{"link":"[elementor-tag id=\"0a35023\" name=\"site-url\" settings=\"%7B%7D\"]"},"typography_text_transform":"uppercase"},"elements":[],"isInner":false,"widgetType":"heading","elType":"widget"}],"isInner":false,"elType":"column"},{"id":"7f44114d","settings":{"_column_size":50,"_inline_size":null,"content_position":"center","_inline_size_mobile":50},"elements":[{"id":"1aa91931","settings":{"selected_icon":{"value":{"id":"22","url":"http:\/\/localhost\/dieuhau\/wp-content\/uploads\/2020\/07\/Me-1.svg"},"library":"svg"},"align":"right","primary_color":"#3a3a3a","size":{"unit":"px","size":35,"sizes":[]},"hover_primary_color":"#d8d8d8","size_mobile":{"unit":"px","size":35,"sizes":[]},"__dynamic__":{"link":"[elementor-tag id=\"77be35a\" name=\"popup\" settings=\"%7B%22popup%22%3A%22338%22%7D\"]"}},"elements":[],"isInner":false,"widgetType":"icon","elType":"widget"}],"isInner":false,"elType":"column"}],"isInner":false,"elType":"section"}]}