{"version":"0.4","title":"header28","type":"header","content":[{"id":"76d05c50","settings":{"structure":"30","height":"min-height","custom_height":{"unit":"px","size":"80","sizes":[]},"content_position":"middle","background_background":"classic","background_color":"#0B0B0B","background_color_stop":{"unit":"%","size":"99","sizes":[]},"background_color_b":"rgba(255, 255, 255, 0.2)","background_color_b_stop":{"unit":"%","size":"99","sizes":[]},"background_motion_fx_opacity_effect":"yes","background_motion_fx_opacity_range":{"unit":"%","size":"","sizes":{"start":"0","end":"6"}},"background_motion_fx_range":"page","padding_tablet":{"unit":"%","top":"0","right":"3","bottom":"0","left":"3","isLinked":""},"padding_mobile":{"unit":"%","top":"","right":"","bottom":"","left":"","isLinked":"1"},"sticky":"top","_title":"Header","z_index":"99","content_width":{"unit":"px","size":"1600","sizes":[]},"_timestamp_":"v1Smpyb2xHWDFzTnAyd291dVQ4THc0UT09"},"elements":[{"id":"30bff9d0","settings":{"_column_size":"33","_inline_size_tablet":"30","_inline_size_mobile":"50"},"elements":[{"id":"1e93a421","settings":{"image":{"id":15,"url":"http:\/\/localhost\/dieuhau\/wp-content\/uploads\/2020\/09\/Resturant_Logo.png"},"image_size":"full","align":"left","link_to":"custom","width":{"unit":"px","size":150,"sizes":[]},"__dynamic__":{"link":"[elementor-tag id=\"2f2c772\" name=\"site-url\" settings=\"%7B%7D\"]"},"width_tablet":{"unit":"px","size":150,"sizes":[]}},"elements":[],"isInner":false,"widgetType":"image","elType":"widget"}],"isInner":"","elType":"column"},{"id":"6fc61e3f","settings":{"_column_size":"33","_inline_size_tablet":"35","hide_mobile":"hidden-phone"},"elements":[{"id":"5e70f62c","settings":{"view":"inline","icon_list":[{"text":"Facebook","selected_icon":{"value":"","library":""},"_id":"d42ef9a"},{"text":"Instagram","selected_icon":{"value":"","library":""},"_id":"6d51e72"}],"space_between":{"unit":"px","size":35,"sizes":[]},"space_between_tablet":{"unit":"px","size":20,"sizes":[]},"icon_align":"center","text_color":"#FFFFFF","text_color_hover":"#CB3522","icon_typography_typography":"custom","icon_typography_font_family":"Nanum Gothic","icon_typography_font_size":{"unit":"px","size":16,"sizes":[]},"icon_typography_font_weight":"300","icon_typography_text_transform":"uppercase","icon_typography_line_height":{"unit":"px","size":"","sizes":[]},"icon_typography_letter_spacing":{"unit":"px","size":-0.03,"sizes":[]},"hide_mobile":"hidden-phone"},"elements":[],"isInner":false,"widgetType":"icon-list","elType":"widget"}],"isInner":"","elType":"column"},{"id":"75bdf563","settings":{"_column_size":"33","align":"flex-end","_inline_size_tablet":"35","_inline_size_mobile":"50"},"elements":[{"id":"1392b105","settings":{"text":"RESERVATIONS","typography_typography":"custom","typography_text_transform":"uppercase","background_color":"#CB3522","hover_color":"#CB3522","button_background_hover_color":"#FFFFFF","_element_width":"auto","hide_mobile":"hidden-phone","link":{"url":"https:\/\/library.elementor.com\/japanese-restaurant\/reservations\/","is_external":"","nofollow":"","custom_attributes":""},"typography_font_family":"Nanum Gothic","typography_font_size":{"unit":"px","size":"14","sizes":[]},"typography_line_height":{"unit":"px","size":"16","sizes":[]},"typography_letter_spacing":{"unit":"px","size":"0.19","sizes":[]},"button_text_color":"#FFFFFF","border_border":"solid","border_width":{"unit":"px","top":"0","right":"0","bottom":"1","left":"0","isLinked":""},"border_color":"#CB3522","border_radius":{"unit":"px","top":"0","right":"0","bottom":"0","left":"0","isLinked":"1"},"text_padding":{"unit":"px","top":"14.5","right":"36","bottom":"14.5","left":"36","isLinked":""}},"elements":[],"isInner":false,"widgetType":"button","elType":"widget"},{"id":"5cd7741f","settings":{"selected_icon":{"value":{"id":16,"url":"http:\/\/localhost\/dieuhau\/wp-content\/uploads\/2020\/09\/Menu.svg"},"library":"svg"},"primary_color":"#FFFFFF","hover_primary_color":"#CB3522","size":{"unit":"px","size":"32","sizes":[]},"_margin":{"unit":"px","top":"0","right":"0","bottom":"-8","left":"25","isLinked":""},"_element_width":"auto","__dynamic__":{"link":"[elementor-tag id=\"f1eaeb0\" name=\"popup\" settings=\"%7B%22action%22%3A%22toggle%22%2C%22popup%22%3A%2262%22%7D\"]"},"hover_animation":"skew","_margin_tablet":{"unit":"px","top":"0","right":"0","bottom":"-8","left":"20","isLinked":""}},"elements":[],"isInner":false,"widgetType":"icon","elType":"widget"}],"isInner":"","elType":"column"}],"isInner":"","elType":"section"}]}