{"version":"0.4","title":"Header-1","type":"header","content":[{"id":"39f91208","settings":{"content_width":{"unit":"px","size":"1200","sizes":[]},"height":"min-height","custom_height":{"unit":"px","size":"90","sizes":[]},"z_index":"10","_title":"Header","structure":"30","background_background":"gradient","background_color":"#0700dd","background_color_b":"#00f2ff","background_gradient_angle":{"unit":"deg","size":"130","sizes":[]},"box_shadow_box_shadow_type":"yes","box_shadow_box_shadow":{"horizontal":"0","vertical":"10","blur":"20","spread":"0","color":"rgba(0,0,0,0.1)"},"sticky":"top","padding_mobile":{"unit":"px","top":"0","right":"0","bottom":"0","left":"0","isLinked":""},"margin":{"unit":"px","top":"0","right":"0","bottom":"-90","left":"0","isLinked":""},"_timestamp_":"v1S2hPVjBxQm0zZVduWWZGcGZ3V0k5dz09"},"elements":[{"id":"52bfabd7","settings":{"_column_size":"33","content_position":"center","padding_tablet":{"unit":"%","top":"0","right":"0","bottom":"0","left":"5","isLinked":""},"padding_mobile":{"unit":"px","top":"0","right":"0","bottom":"0","left":"20","isLinked":""},"_inline_size":"14.244","_inline_size_tablet":"50","_inline_size_mobile":"50","_title":"Logo Column"},"elements":[{"id":"6adb48a2","settings":{"image":{"id":11,"url":"http:\/\/localhost\/dieuhau\/wp-content\/uploads\/2020\/07\/Logo-W.png"},"image_size":"full","align":"left","align_mobile":"left","width":{"unit":"px","size":"120","sizes":[]},"width_tablet":{"unit":"px","size":"","sizes":[]},"width_mobile":{"unit":"px","size":"","sizes":[]},"link_to":"custom","link":{"url":"https:\/\/edu.elementor.com\/ekit\/digital-agency-home","is_external":"","nofollow":""},"__dynamic__":{"link":"[elementor-tag id=\"52081e4\" name=\"site-url\" settings=\"%7B%7D\"]"}},"elements":[],"isInner":false,"widgetType":"image","elType":"widget"}],"isInner":"","elType":"column"},{"id":"2b896db9","settings":{"_column_size":"33","content_position":"center","padding_tablet":{"unit":"%","top":"0","right":"0","bottom":"0","left":"5","isLinked":""},"padding_mobile":{"unit":"px","top":"0","right":"0","bottom":"0","left":"0","isLinked":"1"},"_inline_size":"70.752","padding":{"unit":"px","top":"0","right":"20","bottom":"0","left":"0","isLinked":""},"_inline_size_tablet":"25","_inline_size_mobile":"50","_title":"Menu Column"},"elements":[{"id":"40c1be1d","settings":{"align_items":"right","animation_line":"drop-out","menu_typography_typography":"custom","menu_typography_font_family":"Varela Round","menu_typography_font_size":{"unit":"px","size":"15","sizes":[]},"menu_typography_font_weight":"300","color_menu_item":"#ffffff","color_menu_item_hover":"#ffffff","pointer_color_menu_item_hover":"#ffffff","color_menu_item_active":"#ffffff","pointer_color_menu_item_active":"#ffffff","pointer_width":{"unit":"px","size":"2","sizes":[]},"padding_horizontal_menu_item":{"unit":"px","size":"0","sizes":[]},"padding_vertical_menu_item":{"unit":"px","size":"35","sizes":[]},"menu_space_between":{"unit":"px","size":"50","sizes":[]},"full_width":"stretch","text_align":"center","toggle_align":"right","color_dropdown_item":"#3d4459","background_color_dropdown_item":"#ffffff","color_dropdown_item_hover":"#4632da","background_color_dropdown_item_hover":"#ffffff","color_dropdown_item_active":"#4632da","dropdown_typography_typography":"custom","dropdown_typography_font_family":"Montserrat","dropdown_typography_font_size_tablet":{"unit":"px","size":"16","sizes":[]},"dropdown_box_shadow_box_shadow_type":"yes","dropdown_box_shadow_box_shadow":{"horizontal":"0","vertical":"2","blur":"15","spread":"0","color":"rgba(0,0,0,0.1)"},"padding_vertical_dropdown_item_tablet":{"unit":"px","size":"25","sizes":[]},"dropdown_divider_border":"solid","dropdown_divider_color":"#efefef","dropdown_divider_width":{"unit":"px","size":"1","sizes":[]},"dropdown_top_distance_tablet":{"unit":"px","size":"25","sizes":[]},"dropdown_top_distance_mobile":{"unit":"px","size":"25","sizes":[]},"toggle_color":"#ffffff","toggle_background_color":"rgba(255,255,255,0)","toggle_color_hover":"#ffffff","toggle_size":{"unit":"px","size":"25","sizes":[]},"toggle_border_width":{"unit":"px","size":"0","sizes":[]},"toggle_border_radius":{"unit":"px","size":"0","sizes":[]},"_padding_tablet":{"unit":"px","top":"0","right":"10","bottom":"0","left":"0","isLinked":""},"_padding_mobile":{"unit":"px","top":"0","right":"20","bottom":"0","left":"0","isLinked":""},"padding_horizontal_dropdown_item":{"unit":"px","size":"16","sizes":[]},"padding_vertical_dropdown_item":{"unit":"px","size":"15","sizes":[]},"dropdown_top_distance":{"unit":"px","size":"0","sizes":[]},"indicator":"chevron"},"elements":[],"isInner":false,"widgetType":"nav-menu","elType":"widget"}],"isInner":"","elType":"column"},{"id":"5ef2f3a8","settings":{"_column_size":"33","content_position":"center","padding_tablet":{"unit":"%","top":"0","right":"15","bottom":"0","left":"5","isLinked":""},"_inline_size":"15","_inline_size_tablet":"25","_inline_size_mobile":"100","_title":"Phone Column"},"elements":[{"id":"18fca98d","settings":{"icon_list":[{"text":"209-337-5705","selected_icon":{"value":"fas fa-phone-alt","library":"fa-solid"},"_id":"65e960f","link":{"url":"","is_external":"","nofollow":"","custom_attributes":""}}],"space_between":{"unit":"px","size":"0","sizes":[]},"icon_align":"right","divider_color":"#ffffff","icon_color":"#ffffff","icon_size":{"unit":"px","size":"15","sizes":[]},"text_color":"#ffffff","text_indent":{"unit":"px","size":"10","sizes":[]},"icon_typography_typography":"custom","icon_typography_font_family":"Montserrat","icon_typography_font_size":{"unit":"px","size":"14","sizes":[]},"icon_typography_letter_spacing":{"unit":"px","size":"1","sizes":[]},"_border_border":"solid","_border_width":{"unit":"px","top":"0","right":"0","bottom":"0","left":"1","isLinked":""},"_border_color":"rgba(255,255,255,0.7)","icon_align_mobile":"center","_border_width_mobile":{"unit":"px","top":"0","right":"0","bottom":"0","left":"0","isLinked":"1"},"hide_mobile":"hidden-phone"},"elements":[],"isInner":false,"widgetType":"icon-list","elType":"widget"}],"isInner":"","elType":"column"}],"isInner":"","elType":"section"}]}