{"version":"0.4","title":"Header-15","type":"header","content":[{"id":"783c105f","settings":{"gap":"no","custom_height":{"unit":"px","size":90},"content_position":"middle","structure":"20","background_background":"classic","background_color":"#222625","margin":{"unit":"px","top":"","right":0,"bottom":"","left":0,"isLinked":true},"padding":{"unit":"px","top":"0","right":"30","bottom":"0","left":"30","isLinked":false},"padding_tablet":{"unit":"px","top":"25","right":"25","bottom":"25","left":"25","isLinked":true},"layout":"full_width","height":"min-height","padding_mobile":{"unit":"px","top":"20","right":"20","bottom":"20","left":"20","isLinked":true},"html_tag":"header","_timestamp_":"v1S2hPVjBxQm0zZVduWWZGcGZ3V0k5dz09"},"elements":[{"id":"493c15c3","settings":{"_column_size":50,"_inline_size":null,"_inline_size_mobile":50},"elements":[{"id":"3adddae6","settings":{"image":{"id":45,"url":"http:\/\/localhost\/dieuhau\/wp-content\/uploads\/2020\/07\/logo-white-1.png"},"align":"left","align_mobile":"left","space_tablet":{"unit":"%","size":35},"space_mobile":{"unit":"%","size":100},"width":{"unit":"px","size":120}},"elements":[],"isInner":false,"widgetType":"image","elType":"widget"}],"isInner":false,"elType":"column"},{"id":"64a83bbd","settings":{"_column_size":50,"_inline_size":null,"_inline_size_mobile":50},"elements":[{"id":"3d9fd4f9","settings":{"align_items":"right","animation_line":"grow","animation_text":"none","toggle_align":"right","color_menu_item":"rgba(255,255,255,0.42)","color_menu_item_hover":"#00ce1b","pointer_color_menu_item_hover":"#00ce1b","menu_typography_typography":"custom","menu_typography_font_size":{"unit":"px","size":15},"pointer_width":{"unit":"px","size":1},"color_dropdown_item":"#ffffff","background_color_dropdown_item":"rgba(0,0,0,0.5)","color_dropdown_item_hover":"#000000","background_color_dropdown_item_hover":"#ededed","dropdown_typography_typography":"custom","dropdown_typography_font_size":{"unit":"px","size":16},"toggle_color":"#ffffff","toggle_color_hover":"#afafaf","toggle_size":{"unit":"px","size":30},"toggle_border_width":{"unit":"px","size":0},"toggle_border_radius":{"unit":"px","size":0},"layout":"dropdown","pointer":"text","full_width":"stretch","text_align":"center","padding_vertical_dropdown_item":{"unit":"px","size":15},"dropdown_top_distance":{"unit":"px","size":22},"dropdown_top_distance_mobile":{"unit":"px","size":40}},"elements":[],"isInner":false,"widgetType":"nav-menu","elType":"widget"}],"isInner":false,"elType":"column"}],"isInner":false,"elType":"section"}]}