{"version":"0.4","title":"Header-18","type":"header","content":[{"id":"10ede1c","settings":{"layout":"full_width","structure":"20","background_background":"classic","height":"min-height","custom_height":{"unit":"px","size":"80","sizes":[]},"margin":{"unit":"px","top":"-1","right":"0","bottom":"-80","left":"0","isLinked":""},"z_index":"100","_title":"Header","_timestamp_":"v1S2hPVjBxQm0zZVduWWZGcGZ3V0k5dz09"},"elements":[{"id":"1e52c84","settings":{"_column_size":"50","background_background":"classic","padding":{"unit":"px","top":"20","right":"0","bottom":"20","left":"80","isLinked":""},"_inline_size_mobile":"50","content_position_tablet":"center","padding_tablet":{"unit":"px","top":"0","right":"0","bottom":"0","left":"20","isLinked":""},"padding_mobile":{"unit":"px","top":"0","right":"0","bottom":"0","left":"30","isLinked":""}},"elements":[{"id":"58e729b0","settings":{"image":{"id":52,"url":"http:\/\/localhost\/dieuhau\/wp-content\/uploads\/2020\/07\/iTour-Logo.png"},"align":"left","width":{"unit":"%","size":"100","sizes":[]},"link_to":"custom","__dynamic__":{"link":"[elementor-tag id=\"97ccd10\" name=\"site-url\" settings=\"%7B%7D\"]"},"image_size":"full"},"elements":[],"isInner":false,"widgetType":"image","elType":"widget"}],"isInner":"","elType":"column"},{"id":"7ba7a6e0","settings":{"_column_size":"50","padding":{"unit":"px","top":"0","right":"0","bottom":"0","left":"0","isLinked":"1"},"_inline_size_mobile":"50"},"elements":[{"id":"63b0709f","settings":{"text":"","align":"right","selected_icon":{"value":{"id":53,"url":"http:\/\/localhost\/dieuhau\/wp-content\/uploads\/2020\/07\/Menu.svg"},"library":"svg"},"typography_typography":"custom","typography_font_size":{"unit":"px","size":"24","sizes":[]},"button_text_color":"#ffffff","background_color":"#10ccae","border_radius":{"unit":"px","top":"0","right":"0","bottom":"0","left":"0","isLinked":"1"},"button_box_shadow_box_shadow_type":"yes","button_box_shadow_box_shadow":{"horizontal":"0","vertical":"0","blur":"30","spread":"0","color":"rgba(0,0,0,0.3)"},"text_padding":{"unit":"px","top":"30","right":"25","bottom":"25","left":"30","isLinked":""},"__dynamic__":{"link":"[elementor-tag id=\"fbac6ce\" name=\"popup\" settings=\"%7B%22popup%22%3A%22390%22%7D\"]"},"_padding":{"unit":"px","top":"0","right":"0","bottom":"0","left":"0","isLinked":"1"},"hover_color":"#ffffff","button_background_hover_color":"#033537"},"elements":[],"isInner":false,"widgetType":"button","elType":"widget"}],"isInner":"","elType":"column"}],"isInner":"","elType":"section"}]}