{"version":"0.4","title":"Header-16","type":"header","content":[{"id":"39079ee9","settings":{"gap":"no","height":"min-height","custom_height":{"unit":"px","size":160},"content_position":"middle","structure":"20","background_background":"gradient","background_color":"rgba(194,203,210,0.33)","background_color_b":"#ffffff","padding_tablet":{"unit":"px","top":"0","right":"20","bottom":"0","left":"20","isLinked":false},"padding_mobile":{"unit":"px","top":"20","right":"20","bottom":"20","left":"20","isLinked":false},"custom_height_mobile":{"unit":"px","size":100},"_timestamp_":"v1S2hPVjBxQm0zZVduWWZGcGZ3V0k5dz09"},"elements":[{"id":"12368847","settings":{"_column_size":50,"_inline_size":33.158,"_inline_size_tablet":20,"margin_mobile":{"unit":"px","top":"0","right":"0","bottom":"0","left":"0","isLinked":false},"padding_mobile":{"unit":"px","top":"0","right":"0","bottom":"0","left":"0","isLinked":false}},"elements":[{"id":"4cbc68d6","settings":{"__dynamic__":{"image":"[elementor-tag id=\"\" name=\"site-logo\" settings=\"%7B%7D\"]","link":"[elementor-tag id=\"\" name=\"site-url\" settings=\"%7B%7D\"]"},"align_mobile":"center","width":{"unit":"px","size":120},"width_mobile":{"unit":"px","size":80},"image":{"id":"17","url":"http:\/\/localhost\/dieuhau\/wp-content\/uploads\/2020\/07\/placeholder.png"}},"elements":[],"isInner":false,"widgetType":"theme-site-logo","elType":"widget"}],"isInner":false,"elType":"column"},{"id":"395cd91e","settings":{"_column_size":50,"_inline_size":66.842,"_inline_size_tablet":80,"_inline_size_mobile":100},"elements":[{"id":"77c7bf05","settings":{"structure":"30","hide_mobile":"hidden-phone"},"elements":[{"id":"1813a235","settings":{"_column_size":33,"_inline_size":null,"_inline_size_mobile":33},"elements":[{"id":"5b89e70b","settings":{"title_text":"1123 Dog Hill Lane","description_text":"Wilson, KS 67490\n","position":"left","primary_color":"#c2cbd2","icon_space":{"unit":"px","size":10},"content_vertical_alignment":"middle","title_bottom_space":{"unit":"px","size":5},"title_color":"#012c6d","title_typography_typography":"custom","title_typography_font_size":{"unit":"px","size":17},"description_typography_typography":"custom","description_typography_font_size":{"unit":"px","size":13},"description_typography_font_weight":"400","icon_size_mobile":{"unit":"px","size":25},"title_typography_font_size_tablet":{"unit":"px","size":13},"description_typography_font_size_tablet":{"unit":"px","size":10}},"elements":[],"isInner":false,"widgetType":"icon-box","elType":"widget"}],"isInner":true,"elType":"column"},{"id":"22d24161","settings":{"_column_size":33,"_inline_size":null,"_inline_size_mobile":34},"elements":[{"id":"57aab2b5","settings":{"title_text":"+34 785 658 5316","description_text":"24\/7 Customer Support","position":"left","primary_color":"#c2cbd2","icon_space":{"unit":"px","size":10},"content_vertical_alignment":"middle","title_bottom_space":{"unit":"px","size":5},"title_color":"#012c6d","title_typography_typography":"custom","title_typography_font_size":{"unit":"px","size":17},"description_typography_typography":"custom","description_typography_font_size":{"unit":"px","size":13},"description_typography_font_weight":"400","icon_size_mobile":{"unit":"px","size":25},"title_typography_font_size_tablet":{"unit":"px","size":13},"description_typography_font_size_tablet":{"unit":"px","size":10}},"elements":[],"isInner":false,"widgetType":"icon-box","elType":"widget"}],"isInner":true,"elType":"column"},{"id":"58d627e2","settings":{"_column_size":33,"_inline_size":null,"_inline_size_mobile":33},"elements":[{"id":"187d4836","settings":{"title_text":"Mon - Fri: 9:00 - 17:30","description_text":"Online store always open","position":"left","primary_color":"#c2cbd2","icon_space":{"unit":"px","size":10},"content_vertical_alignment":"middle","title_bottom_space":{"unit":"px","size":5},"title_color":"#012c6d","title_typography_typography":"custom","title_typography_font_size":{"unit":"px","size":17},"description_typography_typography":"custom","description_typography_font_size":{"unit":"px","size":13},"description_typography_font_weight":"400","icon_size_mobile":{"unit":"px","size":25},"title_typography_font_size_tablet":{"unit":"px","size":13},"description_typography_font_size_tablet":{"unit":"px","size":10}},"elements":[],"isInner":false,"widgetType":"icon-box","elType":"widget"}],"isInner":true,"elType":"column"}],"isInner":true,"elType":"section"}],"isInner":false,"elType":"column"}],"isInner":false,"elType":"section"},{"id":"5685f4cd","settings":{"gap":"no","content_position":"middle","structure":"20","background_background":"classic","background_color":"#012c6d","border_border":"solid","border_width":{"unit":"px","top":"3","right":"0","bottom":"0","left":"0","isLinked":false},"border_color":"#bf9f00","padding_tablet":{"unit":"px","top":"10","right":"10","bottom":"10","left":"10","isLinked":true},"padding_mobile":{"unit":"px","top":"20","right":"20","bottom":"20","left":"20","isLinked":true},"html_tag":"nav","_timestamp_":"v1S2hPVjBxQm0zZVduWWZGcGZ3V0k5dz09"},"elements":[{"id":"749b14ee","settings":{"_column_size":50,"_inline_size":71.053,"_inline_size_mobile":20},"elements":[{"id":"2dfa1847","settings":{"pointer":"background","color_menu_item":"#ffffff","color_menu_item_hover_pointer_bg":"#ffffff","pointer_color_menu_item_hover":"#bf9f00","menu_typography_typography":"custom","menu_typography_font_size":{"unit":"px","size":13},"menu_typography_font_weight":"500","menu_typography_text_transform":"uppercase","padding_horizontal_menu_item":{"unit":"px","size":31},"padding_vertical_menu_item":{"unit":"px","size":18},"full_width":"stretch","toggle_align":"left","dropdown_top_distance_tablet":{"unit":"px","size":13},"toggle_color":"#ffffff"},"elements":[],"isInner":false,"widgetType":"nav-menu","elType":"widget"}],"isInner":false,"elType":"column"},{"id":"43b634bc","settings":{"_column_size":50,"_inline_size":28.947,"_inline_size_mobile":80},"elements":[{"id":"5f5efa9d","settings":{"social_icon_list":[{"social":"fa fa-facebook","_id":"320e991","link":{"url":"","is_external":"true","nofollow":"","custom_attributes":""},"social_icon":{"value":"fab fa-wordpress","library":"fa-brands"},"item_icon_color":"default","item_icon_primary_color":"","item_icon_secondary_color":""},{"social":"fa fa-twitter","_id":"1491259","link":{"url":"","is_external":"true","nofollow":"","custom_attributes":""},"social_icon":{"value":"fab fa-wordpress","library":"fa-brands"},"item_icon_color":"default","item_icon_primary_color":"","item_icon_secondary_color":""},{"social":"fa fa-github","link":{"url":"","is_external":"true","nofollow":"","custom_attributes":""},"_id":"8206083","social_icon":{"value":"fab fa-wordpress","library":"fa-brands"},"item_icon_color":"default","item_icon_primary_color":"","item_icon_secondary_color":""},{"social":"fa fa-bitbucket","link":{"url":"","is_external":"true","nofollow":"","custom_attributes":""},"_id":"dccfaf9","social_icon":{"value":"fab fa-wordpress","library":"fa-brands"},"item_icon_color":"default","item_icon_primary_color":"","item_icon_secondary_color":""}],"align":"right","icon_color":"custom","icon_primary_color":"rgba(0,0,0,0)","icon_secondary_color":"#ffffff","icon_size":{"unit":"px","size":15},"icon_spacing":{"unit":"px","size":11}},"elements":[],"isInner":false,"widgetType":"social-icons","elType":"widget"}],"isInner":false,"elType":"column"}],"isInner":false,"elType":"section"}]}