{"version":"0.4","title":"Header-11","type":"header","content":[{"id":"2d7a5157","settings":{"height":"min-height","custom_height":{"unit":"px","size":45},"content_position":"middle","structure":"20","background_background":"classic","background_color":"#262a2b","gap":"no","padding_tablet":{"unit":"px","top":"10","right":"20","bottom":"10","left":"20","isLinked":false},"padding_mobile":{"unit":"px","top":"10","right":"20","bottom":"10","left":"20","isLinked":false},"_timestamp_":"v1S2hPVjBxQm0zZVduWWZGcGZ3V0k5dz09"},"elements":[{"id":"1296da54","settings":{"_column_size":50,"_inline_size":null,"_inline_size_tablet":70},"elements":[{"id":"22505e6b","settings":{"view":"inline","icon_list":[{"text":"+33 877 554 332","icon":"fa fa-phone","_id":"7a7a069","link":{"url":"","is_external":"","nofollow":"","custom_attributes":""},"selected_icon":{"value":"fas fa-check","library":"fa-solid"}},{"text":"info@website.com","icon":"fa fa-envelope-o","_id":"9c91fc4","link":{"url":"","is_external":"","nofollow":"","custom_attributes":""},"selected_icon":{"value":"fas fa-check","library":"fa-solid"}},{"text":"Mon - Fri: 9:00 - 18:30","icon":"fa fa-clock-o","_id":"fb1feea","link":{"url":"","is_external":"","nofollow":"","custom_attributes":""},"selected_icon":{"value":"fas fa-check","library":"fa-solid"}}],"space_between":{"unit":"px","size":28},"icon_color":"#e8c204","text_color":"#ffffff","text_indent":{"unit":"px","size":13},"icon_typography_typography":"custom","icon_typography_font_size":{"unit":"px","size":12},"space_between_mobile":{"unit":"px","size":20},"icon_align_mobile":"center","icon_typography_line_height_mobile":{"unit":"em","size":1.9},"hide_mobile":"hidden-phone"},"elements":[],"isInner":false,"widgetType":"icon-list","elType":"widget"}],"isInner":false,"elType":"column"},{"id":"505077af","settings":{"_column_size":50,"_inline_size":null,"_inline_size_tablet":30,"margin_mobile":{"unit":"px","top":"0","right":"0","bottom":"0","left":"0","isLinked":false}},"elements":[{"id":"39fa8cc2","settings":{"social_icon_list":[{"social":"fa fa-facebook","_id":"5646027","link":{"url":"","is_external":"true","nofollow":"","custom_attributes":""},"social_icon":{"value":"fab fa-wordpress","library":"fa-brands"},"item_icon_color":"default","item_icon_primary_color":"","item_icon_secondary_color":""},{"social":"fa fa-twitter","_id":"72bc942","link":{"url":"","is_external":"true","nofollow":"","custom_attributes":""},"social_icon":{"value":"fab fa-wordpress","library":"fa-brands"},"item_icon_color":"default","item_icon_primary_color":"","item_icon_secondary_color":""},{"social":"fa fa-google-plus","_id":"96bd910","link":{"url":"","is_external":"true","nofollow":"","custom_attributes":""},"social_icon":{"value":"fab fa-wordpress","library":"fa-brands"},"item_icon_color":"default","item_icon_primary_color":"","item_icon_secondary_color":""},{"social":"fa fa-instagram","link":{"url":"","is_external":"true","nofollow":"","custom_attributes":""},"_id":"7c2bcc0","social_icon":{"value":"fab fa-wordpress","library":"fa-brands"},"item_icon_color":"default","item_icon_primary_color":"","item_icon_secondary_color":""},{"social":"fa fa-youtube","link":{"url":"","is_external":"true","nofollow":"","custom_attributes":""},"_id":"4b27cd1","social_icon":{"value":"fab fa-wordpress","library":"fa-brands"},"item_icon_color":"default","item_icon_primary_color":"","item_icon_secondary_color":""}],"align":"right","icon_color":"custom","icon_primary_color":"rgba(0,0,0,0)","icon_secondary_color":"#ffffff","icon_size":{"unit":"px","size":14},"shape":"square","icon_padding":{"unit":"em","size":1.1},"icon_spacing":{"unit":"px","size":0},"hover_primary_color":"#e8c204","align_mobile":"center","icon_padding_tablet":{"unit":"em","size":0.9}},"elements":[],"isInner":false,"widgetType":"social-icons","elType":"widget"}],"isInner":false,"elType":"column"}],"isInner":false,"elType":"section"},{"id":"641dcc43","settings":{"gap":"no","custom_height":{"unit":"px","size":130},"content_position":"middle","structure":"20","box_shadow_box_shadow":{"horizontal":0,"vertical":0,"blur":38,"spread":0,"color":"rgba(0,0,0,0.1)"},"border_border":"solid","border_width":{"unit":"px","top":"0","right":"0","bottom":"1","left":"0","isLinked":false},"border_color":"#d8d8d8","padding_tablet":{"unit":"px","top":"40","right":"20","bottom":"40","left":"20","isLinked":false},"padding_mobile":{"unit":"px","top":"30","right":"20","bottom":"30","left":"20","isLinked":false},"_timestamp_":"v1S2hPVjBxQm0zZVduWWZGcGZ3V0k5dz09"},"elements":[{"id":"afe854a","settings":{"_column_size":50,"_inline_size":null,"_inline_size_mobile":70},"elements":[{"id":"41086ecf","settings":{"__dynamic__":{"image":"[elementor-tag id=\"\" name=\"site-logo\" settings=\"%7B%7D\"]","link":"[elementor-tag id=\"\" name=\"site-url\" settings=\"%7B%7D\"]"},"width":{"unit":"px","size":120},"width_mobile":{"unit":"px","size":80},"image":{"id":"17","url":"http:\/\/localhost\/dieuhau\/wp-content\/uploads\/2020\/07\/placeholder.png"}},"elements":[],"isInner":false,"widgetType":"theme-site-logo","elType":"widget"}],"isInner":false,"elType":"column"},{"id":"e8c5d85","settings":{"_column_size":50,"_inline_size":null,"_inline_size_mobile":30},"elements":[{"id":"1d580232","settings":{"align_items":"right","color_menu_item":"#262a2b","pointer_color_menu_item_hover":"#e8c204","menu_typography_typography":"custom","menu_typography_font_size":{"unit":"px","size":15},"menu_typography_font_weight":"500","pointer_width":{"unit":"px","size":3},"padding_vertical_menu_item":{"unit":"px","size":60},"toggle_align":"right","background_color_dropdown_item_hover":"#e8c204","full_width":"stretch","background_color_dropdown_item":"#f9f9f9","dropdown_top_distance_mobile":{"unit":"px","size":44},"toggle_background_color":"rgba(0,0,0,0)"},"elements":[],"isInner":false,"widgetType":"nav-menu","elType":"widget"}],"isInner":false,"elType":"column"}],"isInner":false,"elType":"section"}]}