{"version":"0.4","title":"Header-2","type":"header","content":[{"id":"2712292d","settings":{"height":"min-height","custom_height":{"unit":"px","size":"130","sizes":[]},"background_background":"classic","border_width":{"unit":"px","top":"0","right":"0","bottom":"1","left":"0","isLinked":""},"border_color":"#ffde01","z_index":"200","layout":"full_width","margin":{"unit":"px","top":"0","right":"0","bottom":"-160","left":"0","isLinked":""},"padding":{"unit":"px","top":"30","right":"100","bottom":"0","left":"100","isLinked":""},"_title":"Header","box_shadow_box_shadow":{"horizontal":"0","vertical":"0","blur":"30","spread":"0","color":"rgba(0,0,0,0.5)"},"padding_tablet":{"unit":"px","top":"0","right":"0","bottom":"0","left":"0","isLinked":"1"},"content_width":{"unit":"px","size":"1200","sizes":[]},"sticky":"top","_timestamp_":"v1S2hPVjBxQm0zZVduWWZGcGZ3V0k5dz09"},"elements":[{"id":"38fe01ec","settings":{"_column_size":"100","padding":{"unit":"px","top":"0","right":"0","bottom":"0","left":"0","isLinked":"1"}},"elements":[{"id":"82e0be9","settings":{"height_inner":"min-height","custom_height_inner":{"unit":"px","size":"40","sizes":[]},"structure":"20","background_background":"classic","background_color":"#ffde01","margin":{"unit":"px","top":"0","right":"0","bottom":"0","left":"0","isLinked":"1"},"custom_height_inner_mobile":{"unit":"px","size":"50","sizes":[]},"padding":{"unit":"%","top":"0","right":"10","bottom":"0","left":"10","isLinked":false},"layout":"full_width","box_shadow_box_shadow_type":"yes","box_shadow_box_shadow":{"horizontal":"0","vertical":"2","blur":"30","spread":"0","color":"rgba(0,0,0,0.3)"},"z_index":"1","padding_tablet":{"unit":"px","top":"0","right":"030","bottom":"0","left":"30","isLinked":""}},"elements":[{"id":"6d2b6eda","settings":{"_column_size":"50","content_position":"center","_inline_size_mobile":"50","padding":{"unit":"px","top":"0","right":"0","bottom":"0","left":"0","isLinked":"1"}},"elements":[{"id":"5ef3dc1d","settings":{"icon_list":[{"text":"585-346-6021","icon":"fa fa-phone","_id":"f14b088","link":{"url":"","is_external":"","nofollow":"","custom_attributes":""},"selected_icon":{"value":"fas fa-phone","library":"fa-solid"},"__fa4_migrated":{"selected_icon":"1"}}],"icon_color":"#5804fa","text_color":"#5804fa","icon_typography_typography":"custom","icon_typography_font_family":"Helvetica","icon_typography_font_size":{"unit":"px","size":"16","sizes":[]},"icon_typography_text_transform":"capitalize","icon_typography_font_style":"oblique","icon_align_mobile":"left"},"elements":[],"isInner":false,"widgetType":"icon-list","elType":"widget"}],"isInner":"1","elType":"column"},{"id":"18f56fdd","settings":{"_column_size":"50","content_position":"center","_inline_size_mobile":"50","padding":{"unit":"px","top":"0","right":"0","bottom":"0","left":"0","isLinked":""}},"elements":[{"id":"78393382","settings":{"text":"Join Us","align":"right","icon":"fa fa-angle-double-right","icon_align":"right","typography_typography":"custom","typography_font_family":"Racing Sans One","typography_font_size":{"unit":"px","size":"18","sizes":[]},"button_text_color":"#5804fa","background_color":"rgba(0,0,0,0)","text_padding":{"unit":"px","top":"0","right":"0","bottom":"0","left":"0","isLinked":"1"},"typography_font_weight":"400","typography_text_transform":"capitalize","hover_color":"#5804fa","hover_animation":"grow","align_mobile":"right","selected_icon":{"value":"fas fa-angle-double-right","library":"fa-solid"},"__fa4_migrated":{"selected_icon":"1"},"link":{"url":"","is_external":"","nofollow":""},"__dynamic__":{"link":"[elementor-tag id=\"2f81c0d\" name=\"popup\" settings=\"%7B%22popup%22%3A%22135%22%7D\"]"}},"elements":[],"isInner":false,"widgetType":"button","elType":"widget"}],"isInner":"1","elType":"column"}],"isInner":"1","elType":"section"},{"id":"24b41870","settings":{"height_inner":"min-height","custom_height_inner":{"unit":"px","size":"90","sizes":[]},"background_background":"classic","background_color":"#5804fa","layout":"full_width","custom_height_inner_mobile":{"unit":"px","size":"85","sizes":[]},"structure":"20","box_shadow_box_shadow_type":"yes","box_shadow_box_shadow":{"horizontal":"0","vertical":"0","blur":"30","spread":"0","color":"rgba(0,0,0,0.3)"},"padding":{"unit":"%","top":"0","right":"10","bottom":"0","left":"10","isLinked":false},"padding_tablet":{"unit":"px","top":"0","right":"30","bottom":"0","left":"30","isLinked":""}},"elements":[{"id":"520741cb","settings":{"_column_size":"50","_inline_size":"20","content_position":"center","padding":{"unit":"px","top":"0","right":"0","bottom":"0","left":"0","isLinked":"1"},"_inline_size_mobile":"50"},"elements":[{"id":"7e93f82b","settings":{"image":{"id":14,"url":"http:\/\/localhost\/dieuhau\/wp-content\/uploads\/2020\/07\/Logo-Gym-New.png"},"image_size":"full","width":{"unit":"px","size":"170","sizes":[]},"width_tablet":{"unit":"%","size":"100","sizes":[]},"width_mobile":{"unit":"%","size":"85","sizes":[]},"align":"left","link_to":"custom","__dynamic__":{"link":"[elementor-tag id=\"6c58aca\" name=\"site-url\" settings=\"%7B%7D\"]"}},"elements":[],"isInner":false,"widgetType":"image","elType":"widget"}],"isInner":"1","elType":"column"},{"id":"6898151d","settings":{"_column_size":"50","_inline_size":"80","content_position":"center","padding":{"unit":"px","top":"0","right":"0","bottom":"0","left":"0","isLinked":"1"},"_inline_size_mobile":"50"},"elements":[{"id":"518cc128","settings":{"align_items":"right","menu_typography_typography":"custom","menu_typography_font_family":"Racing Sans One","menu_typography_font_size":{"unit":"px","size":"18","sizes":[]},"menu_typography_font_weight":"400","color_menu_item":"#ffffff","color_menu_item_hover":"#ffde01","pointer_width":{"unit":"px","size":"0","sizes":[]},"padding_horizontal_menu_item":{"unit":"px","size":"0","sizes":[]},"menu_space_between":{"unit":"px","size":35,"sizes":[]},"dropdown_divider_border":"solid","dropdown_divider_color":"rgba(255,255,255,0.3)","color_dropdown_item":"#ffffff","background_color_dropdown_item":"#5804fa","color_dropdown_item_hover":"#ffde01","background_color_dropdown_item_hover":"#5804fa","dropdown_typography_typography":"custom","dropdown_typography_font_family":"Racing Sans One","dropdown_typography_font_size":{"unit":"px","size":"18","sizes":[]},"dropdown_box_shadow_box_shadow_type":"yes","dropdown_box_shadow_box_shadow":{"horizontal":"0","vertical":"20","blur":"20","spread":"0","color":"rgba(0,0,0,0.25)"},"padding_vertical_dropdown_item":{"unit":"px","size":"20","sizes":[]},"dropdown_top_distance":{"unit":"px","size":"20","sizes":[]},"full_width":"stretch","text_align":"center","toggle_align":"right","padding_vertical_dropdown_item_tablet":{"unit":"px","size":"30","sizes":[]},"dropdown_divider_width":{"unit":"px","size":"1","sizes":[]},"toggle_color":"#ffffff","toggle_background_color":"rgba(255,255,255,0)","toggle_size":{"unit":"px","size":"25","sizes":[]}},"elements":[],"isInner":false,"widgetType":"nav-menu","elType":"widget"}],"isInner":"1","elType":"column"}],"isInner":"1","elType":"section"}],"isInner":"","elType":"column"}],"isInner":"","elType":"section"}]}