{"version":"0.4","title":"Header-23","type":"header","content":[{"id":"7f021211","settings":{"_timestamp_":"v1S2hPVjBxQm0zZVduWWZGcGZ3V0k5dz09"},"elements":[{"id":"12c4df05","settings":{"_column_size":"100","space_between_widgets":"0","padding":{"unit":"px","top":"0","right":"0","bottom":"0","left":"0","isLinked":"1"}},"elements":[{"id":"5c8442cc","settings":{"anchor":"up"},"elements":[],"isInner":false,"widgetType":"menu-anchor","elType":"widget"}],"isInner":"","elType":"column"}],"isInner":"","elType":"section"},{"id":"2059cd90","settings":{"layout":"full_width","height":"min-height","custom_height":{"unit":"px","size":"94","sizes":[]},"column_position":"stretch","structure":"20","margin":{"unit":"px","top":"-1","right":"0","bottom":"-94","left":"0","isLinked":""},"z_index":"100","_title":"Header","custom_height_mobile":{"unit":"px","size":"75","sizes":[]},"margin_mobile":{"unit":"px","top":"0","right":"0","bottom":"-75","left":"0","isLinked":""},"custom_height_tablet":{"unit":"px","size":"85","sizes":[]},"margin_tablet":{"unit":"px","top":"0","right":"0","bottom":"-85","left":"0","isLinked":""},"_timestamp_":"v1S2hPVjBxQm0zZVduWWZGcGZ3V0k5dz09"},"elements":[{"id":"2b2eb523","settings":{"_column_size":"50","content_position":"center","padding":{"unit":"%","top":"0","right":"0","bottom":"0","left":"20","isLinked":""},"_inline_size_mobile":"65","padding_tablet":{"unit":"%","top":"0","right":"0","bottom":"0","left":"5","isLinked":""}},"elements":[{"id":"62b81df3","settings":{"title":"Steve<b>Robinson.<\/b>","title_color":"#3D4E60","typography_typography":"custom","typography_font_family":"Montserrat","typography_font_size":{"unit":"px","size":"22","sizes":[]},"typography_font_weight":"400","__dynamic__":{"link":"[elementor-tag id=\"fd131e4\" name=\"site-url\" settings=\"%7B%7D\"]"},"typography_font_size_mobile":{"unit":"px","size":"18","sizes":[]}},"elements":[],"isInner":false,"widgetType":"heading","elType":"widget"}],"isInner":"","elType":"column"},{"id":"69c558f9","settings":{"_column_size":"50","align":"flex-end","padding":{"unit":"px","top":"0","right":"0","bottom":"0","left":"0","isLinked":"1"},"_inline_size_mobile":"35"},"elements":[{"id":"56a687b4","settings":{"text":"","align":"right","selected_icon":{"value":{"id":71,"url":"http:\/\/localhost\/dieuhau\/wp-content\/uploads\/2020\/07\/Menu-new.svg"},"library":"svg"},"typography_typography":"custom","typography_font_size":{"unit":"px","size":"30","sizes":[]},"button_text_color":"#FFFFFF","background_color":"#635DFF","hover_color":"#635DFF","button_background_hover_color":"#FFFFFF","border_radius":{"unit":"px","top":"0","right":"0","bottom":"0","left":"30","isLinked":""},"button_box_shadow_box_shadow_type":"yes","button_box_shadow_box_shadow":{"horizontal":"-10","vertical":"10","blur":"30","spread":"0","color":"rgba(0, 0, 0, 0.15)"},"text_padding":{"unit":"px","top":"30","right":"25","bottom":"30","left":"30","isLinked":""},"__dynamic__":{"link":"[elementor-tag id=\"3485b72\" name=\"popup\" settings=\"%7B%22popup%22%3A%22303%22%7D\"]"},"typography_font_size_mobile":{"unit":"px","size":"22","sizes":[]},"text_padding_mobile":{"unit":"px","top":"20","right":"20","bottom":"20","left":"25","isLinked":""},"typography_font_size_tablet":{"unit":"px","size":"25","sizes":[]},"text_padding_tablet":{"unit":"px","top":"25","right":"18","bottom":"25","left":"25","isLinked":""}},"elements":[],"isInner":false,"widgetType":"button","elType":"widget"}],"isInner":"","elType":"column"}],"isInner":"","elType":"section"}]}