{"version":"0.4","title":"Testimonials10","type":"page","content":[{"id":"2456dca5","settings":{"gap":"no","custom_height":{"unit":"px","size":900},"content_position":"middle","padding":{"unit":"px","top":"100","right":"0","bottom":"100","left":"0","isLinked":false},"padding_tablet":{"unit":"px","top":"100","right":"25","bottom":"100","left":"25","isLinked":false},"padding_mobile":{"unit":"px","top":"50","right":"20","bottom":"50","left":"20","isLinked":false}},"elements":[{"id":"6b0ffa8","settings":{"_column_size":100},"elements":[{"id":"324eeded","settings":{"editor":"<p>Customers reviews<\/p>","align":"center","text_color":"#bfbfbf","typography_typography":"custom","typography_font_size":{"unit":"px","size":16},"typography_font_weight":"300"},"elements":[],"isInner":false,"widgetType":"text-editor","elType":"widget"},{"id":"7d8f9df3","settings":{"title":"What people say","align":"center","title_color":"#000000","typography_typography":"custom","typography_font_size":{"unit":"px","size":65},"typography_font_weight":"600","_margin":{"unit":"px","top":"-12","right":"0","bottom":"0","left":"0","isLinked":false},"typography_font_size_mobile":{"unit":"px","size":45},"header_size":"h4","typography_font_size_tablet":{"unit":"px","size":45}},"elements":[],"isInner":false,"widgetType":"heading","elType":"widget"},{"id":"1085e30","settings":{"gap":"no","padding":{"unit":"px","top":"35","right":"0","bottom":"0","left":"0","isLinked":false},"padding_mobile":{"unit":"px","top":"15","right":"0","bottom":"0","left":"0","isLinked":false}},"elements":[{"id":"5f11af1d","settings":{"_column_size":100,"_inline_size":null},"elements":[{"id":"5883104c","settings":{"slides":[{"content":"I am slide content. Click edit button to change this text. Lorem ipsum dolor sit amet, consectetur adipiscing elit. Ut elit tellus, luctus nec ullamcorper mattis, pulvinar dapibus leo.","name":"Amanda Lee","title":"CEO & Founder Crix","image":{"id":"1425","url":"http:\/\/localhost\/test\/wp-content\/uploads\/2018\/09\/ava1.png"},"_id":"d8a4598"},{"content":"I am slide content. Click edit button to change this text. Lorem ipsum dolor sit amet, consectetur adipiscing elit. Ut elit tellus, luctus nec ullamcorper mattis, pulvinar dapibus leo.","name":"Adam Cheis","title":"Graphic Designer","image":{"id":"1444","url":"http:\/\/localhost\/test\/wp-content\/uploads\/2018\/09\/y11.png"},"_id":"eb339c3"},{"content":"I am slide content. Click edit button to change this text. Lorem ipsum dolor sit amet, consectetur adipiscing elit. Ut elit tellus, luctus nec ullamcorper mattis, pulvinar dapibus leo.","name":"Melisa Pomero","title":"Support","image":{"id":"1435","url":"http:\/\/localhost\/test\/wp-content\/uploads\/2018\/09\/y10.png"},"_id":"01ea588"},{"content":"I am slide content. Click edit button to change this text. Lorem ipsum dolor sit amet, consectetur adipiscing elit. Ut elit tellus, luctus nec ullamcorper mattis, pulvinar dapibus leo.","name":"Tommy Lee","title":"UI \/ UX Designer","image":{"id":"1436","url":"http:\/\/localhost\/test\/wp-content\/uploads\/2018\/09\/y12.png"},"_id":"f5f34be"},{"content":"I am slide content. Click edit button to change this text. Lorem ipsum dolor sit amet, consectetur adipiscing elit. Ut elit tellus, luctus nec ullamcorper mattis, pulvinar dapibus leo.","name":"Monika Ols","title":"Manager","image":{"id":"1443","url":"http:\/\/localhost\/test\/wp-content\/uploads\/2018\/09\/y8.png"},"_id":"234a8b9"}],"skin":"bubble","width":{"unit":"%","size":100},"show_arrows":"","autoplay":"","loop":"","space_between":{"unit":"px","size":28},"slide_background_color":"rgba(255,255,255,0)","slide_padding":{"unit":"px","top":"0","right":"0","bottom":"0","left":"0","isLinked":true},"slide_border_radius":{"unit":"px","size":0},"content_color":"#ffffff","content_typography_typography":"custom","content_typography_font_size":{"unit":"px","size":16},"content_typography_font_weight":"300","content_typography_font_style":"normal","content_typography_line_height":{"unit":"em","size":2},"name_color":"#000000","name_typography_typography":"custom","name_typography_font_size":{"unit":"px","size":25},"name_typography_font_weight":"600","title_color":"#bfbfbf","title_typography_typography":"custom","title_typography_font_size":{"unit":"px","size":15},"title_typography_font_weight":"300","background_color":"#000000","text_padding":{"unit":"px","top":"25","right":"55","bottom":"25","left":"55","isLinked":false},"_margin":{"unit":"px","top":"0","right":"0","bottom":"0","left":"0","isLinked":true},"_padding":{"unit":"px","top":"0","right":"0","bottom":"0","left":"0","isLinked":true},"content_gap":{"unit":"px","size":50},"alignment":"left","slides_per_view":"2","image_size":{"unit":"px","size":65},"image_gap":{"unit":"px","size":15},"arrows_color":"#000000","pagination_color":"#000000","content_gap_tablet":{"unit":"px","size":26},"name_typography_font_size_mobile":{"unit":"px","size":18},"title_typography_font_size_mobile":{"unit":"px","size":12}},"elements":[],"isInner":false,"widgetType":"testimonial-carousel","elType":"widget"}],"isInner":true,"elType":"column"}],"isInner":true,"elType":"section"}],"isInner":false,"elType":"column"}],"isInner":false,"elType":"section"}]}