{"version":"0.4","title":"Testimonials3","type":"page","content":[{"id":"43709aa1","settings":{"gap":"no","custom_height":{"unit":"px","size":700},"padding":{"unit":"px","top":"100","right":"0","bottom":"100","left":"0","isLinked":false},"padding_tablet":{"unit":"px","top":"0","right":"0","bottom":"0","left":"0","isLinked":false}},"elements":[{"id":"3a2ba5ef","settings":{"_column_size":100,"_inline_size":null},"elements":[{"id":"49fd71d6","settings":{"slides":[{"content":"I am slide content. Click edit button to change this text. Lorem ipsum dolor sit amet, consectetur adipiscing elit. ","name":"Amanda Lee","title":"UI \/ UX Designer","image":{"id":"1425","url":"http:\/\/localhost\/test\/wp-content\/uploads\/2018\/09\/ava1.png"},"_id":"9880506"},{"content":"I am slide content. Click edit button to change this text. Lorem ipsum dolor sit amet, consectetur adipiscing elit. ","name":"Kate Moss","title":"Support Manager","image":{"id":"1434","url":"http:\/\/localhost\/test\/wp-content\/uploads\/2018\/09\/y9.png"},"_id":"728bb85"},{"content":"I am slide content. Click edit button to change this text. Lorem ipsum dolor sit amet, consectetur adipiscing elit. ","name":"Melisa Pomero","title":"Manager","image":{"id":"1435","url":"http:\/\/localhost\/test\/wp-content\/uploads\/2018\/09\/y10.png"},"_id":"83673cd"},{"content":"I am slide content. Click edit button to change this text. Lorem ipsum dolor sit amet, consectetur adipiscing elit. ","name":"John Sway","title":"Graphic Designer","image":{"id":"1436","url":"http:\/\/localhost\/test\/wp-content\/uploads\/2018\/09\/y12.png"},"_id":"8ba74fc"}],"layout":"image_left","alignment":"left","width":{"unit":"%","size":100},"show_arrows":"","space_between":{"unit":"px","size":22},"content_gap":{"unit":"px","size":22},"content_color":"#000000","content_typography_typography":"custom","content_typography_font_size":{"unit":"px","size":16},"content_typography_font_weight":"300","content_typography_font_style":"normal","content_typography_line_height":{"unit":"em","size":2},"name_color":"#000000","name_typography_typography":"custom","name_typography_font_size":{"unit":"px","size":25},"name_typography_font_weight":"900","name_typography_text_transform":"uppercase","name_typography_font_style":"normal","title_color":"#bfbfbf","title_typography_typography":"custom","title_typography_font_size":{"unit":"px","size":15},"title_typography_font_weight":"300","title_typography_text_transform":"uppercase","title_typography_font_style":"normal","title_typography_line_height":{"unit":"em","size":1.4},"image_size":{"unit":"px","size":80},"image_border":"yes","image_border_color":"#d6d6d6","image_border_width":{"unit":"px","size":2},"pagination_size":{"unit":"px","size":3},"pagination_color":"#000000","slides_per_view":"2","width_tablet":{"unit":"px","size":650},"width_mobile":{"unit":"px","size":360},"name_typography_font_size_mobile":{"unit":"px","size":20},"title_typography_font_size_mobile":{"unit":"px","size":12}},"elements":[],"isInner":false,"widgetType":"testimonial-carousel","elType":"widget"}],"isInner":false,"elType":"column"}],"isInner":false,"elType":"section"}]}