{"version":"0.4","title":"Testimonials7","type":"page","content":[{"id":"58815c1d","settings":{"gap":"no","custom_height":{"unit":"px","size":800},"content_position":"middle","padding":{"unit":"px","top":"100","right":"0","bottom":"100","left":"0","isLinked":false},"background_background":"classic","background_color":"#000000","padding_tablet":{"unit":"px","top":"100","right":"25","bottom":"100","left":"24","isLinked":false},"padding_mobile":{"unit":"px","top":"50","right":"20","bottom":"50","left":"20","isLinked":false}},"elements":[{"id":"4f0dfacc","settings":{"_column_size":100},"elements":[{"id":"32d656b7","settings":{"title":"What Our Customers Have to Say","align":"center","title_color":"#ffffff","typography_typography":"custom","typography_font_size":{"unit":"px","size":55},"typography_font_weight":"600","typography_font_size_tablet":{"unit":"px","size":45},"header_size":"h4"},"elements":[],"isInner":false,"widgetType":"heading","elType":"widget"},{"id":"5935a6be","settings":{"slides":[{"content":"I am slide content. Click edit button to change this text. Lorem ipsum dolor sit amet, consectetur adipiscing elit. Ut elit tellus, luctus nec ullamcorper mattis, pulvinar dapibus leo.","name":"Amanda Lee","title":"CEO","image":{"id":"1451","url":"http:\/\/localhost\/test\/wp-content\/uploads\/2018\/09\/ava-4.jpg"},"_id":"4d81e6c"},{"content":"I am slide content. Click edit button to change this text. Lorem ipsum dolor sit amet, consectetur adipiscing elit. Ut elit tellus, luctus nec ullamcorper mattis, pulvinar dapibus leo.","name":"Adam Cheise","title":"Designer","image":{"id":"1452","url":"http:\/\/localhost\/test\/wp-content\/uploads\/2018\/09\/ava-1.jpg"},"_id":"1d458e0"},{"content":"I am slide content. Click edit button to change this text. Lorem ipsum dolor sit amet, consectetur adipiscing elit. Ut elit tellus, luctus nec ullamcorper mattis, pulvinar dapibus leo.","name":"Mike Stuart","title":"Manager","image":{"id":"1453","url":"http:\/\/localhost\/test\/wp-content\/uploads\/2018\/09\/ava-3.jpg"},"_id":"fce69f5"}],"layout":"image_left","alignment":"left","width":{"unit":"%","size":78},"pagination":"","content_gap":{"unit":"px","size":26},"content_color":"#ffffff","content_typography_typography":"custom","content_typography_font_size":{"unit":"px","size":16},"content_typography_font_weight":"300","content_typography_font_style":"normal","name_color":"#ffffff","name_typography_typography":"custom","name_typography_font_size":{"unit":"px","size":25},"name_typography_font_weight":"600","name_typography_text_transform":"uppercase","name_typography_font_style":"normal","title_color":"#686868","title_typography_typography":"custom","title_typography_font_weight":"300","title_typography_font_style":"normal","title_typography_line_height":{"unit":"em","size":0.1},"image_size":{"unit":"px","size":85},"image_gap":{"unit":"px","size":0},"image_border":"yes","image_border_color":"#686868","image_border_width":{"unit":"px","size":1},"image_border_radius":{"unit":"px","size":0},"arrows_color":"#686868","_padding":{"unit":"px","top":"40","right":"0","bottom":"0","left":"0","isLinked":false},"space_between":{"unit":"px","size":0},"name_typography_line_height":{"unit":"em","size":1.9},"title_typography_font_size":{"unit":"px","size":15},"width_tablet":{"unit":"px","size":645},"width_mobile":{"unit":"px","size":351},"name_typography_font_size_mobile":{"unit":"px","size":20},"title_typography_font_size_mobile":{"unit":"px","size":12},"_padding_mobile":{"unit":"px","top":"15","right":"0","bottom":"0","left":"0","isLinked":false}},"elements":[],"isInner":false,"widgetType":"testimonial-carousel","elType":"widget"}],"isInner":false,"elType":"column"}],"isInner":false,"elType":"section"}]}