{"version":"0.4","title":"About-Interior-page","type":"page","content":[{"id":"3bf1ce07","settings":{"section_layout":"","layout":"full_width","gap":"no","height":"min-height","custom_height":{"unit":"px","size":""},"column_position":"stretch","content_position":"middle","structure":"20","section_background":"","background_background":"none","background_overlay_section":"","section_border":"","box_shadow_box_shadow":{"horizontal":0,"vertical":0,"blur":10,"spread":0,"inset":"","color":"rgba(0,0,0,0.5)"},"section_typo":"","section_advanced":"","padding":{"unit":"px","top":"65","right":"0","bottom":"85","left":"0","isLinked":false},"_section_responsive":"","heading_visibility":"","responsive_description":"","section_custom_css":"","custom_css_description":"","section_custom_css_pro":"","custom_css_pro":""},"elements":[{"id":"51430fcc","settings":{"_column_size":50,"_inline_size":"52.657","section_style":"","background_background":"classic","background_color":"#e0c387","box_shadow_box_shadow":{"horizontal":0,"vertical":0,"blur":10,"spread":0,"inset":"","color":"rgba(0,0,0,0.5)"},"section_background_overlay":"","section_typo":"","section_advanced":"","padding":{"unit":"px","top":"70","right":"0","bottom":"70","left":"120","isLinked":false},"padding_tablet":{"unit":"px","top":"60","right":"0","bottom":"60","left":"45","isLinked":false},"padding_mobile":{"unit":"px","top":"50","right":"0","bottom":"50","left":"30","isLinked":false},"section_responsive":"","screen_sm":"default","screen_sm_width":"100","screen_xs":"default","screen_xs_width":"100","section_custom_css":"","custom_css_description":"","section_custom_css_pro":"","custom_css_pro":""},"elements":[{"id":"3609c7df","settings":{"section_video":"","link":"https:\/\/www.youtube.com\/watch?v=AgnNaU0oDXM","vimeo_link":"https:\/\/vimeo.com\/170933924","hosted_link":"","heading_youtube":"","yt_autoplay":"no","yt_rel":"no","yt_controls":"yes","yt_showinfo":"no","vimeo_autoplay":"no","vimeo_loop":"no","vimeo_color":"","section_image_overlay":"","show_image_overlay":"no","image_overlay":{"id":513,"url":"http:\/\/localhost\/test\/wp-content\/uploads\/2018\/09\/placeholder-4.png"},"_section_style":"","_margin":{"unit":"px","top":"0","right":"-100","bottom":"0","left":"0","isLinked":false},"_margin_mobile":{"unit":"px","top":"0","right":"0","bottom":"0","left":"0","isLinked":true},"_section_background":"","_box_shadow_box_shadow_type":"outset","_box_shadow_box_shadow":{"horizontal":0,"vertical":0,"blur":"50","spread":0,"inset":"","color":"rgba(0,0,0,0.19)"},"_section_responsive":"","responsive_description":"","section_custom_css":"","custom_css_description":"","section_custom_css_pro":"","custom_css_pro":"","youtube_url":"https:\/\/www.youtube.com\/watch?v=9uOETcuFjbE","vimeo_url":"https:\/\/vimeo.com\/235215203","dailymotion_url":"https:\/\/www.dailymotion.com\/video\/x6tqhqb"},"elements":[],"isInner":false,"widgetType":"video","elType":"widget"}],"isInner":false,"elType":"column"},{"id":"1350d4d3","settings":{"_column_size":50,"_inline_size":"47.343","section_style":"","background_background":"none","background_color":"#ffffff","box_shadow_box_shadow":{"horizontal":0,"vertical":0,"blur":10,"spread":0,"inset":"","color":"rgba(0,0,0,0.5)"},"section_background_overlay":"","section_typo":"","section_advanced":"","padding":{"unit":"%","top":"0","right":"12","bottom":"0","left":"32","isLinked":false},"padding_tablet":{"unit":"%","top":"0","right":"7","bottom":"0","left":"38","isLinked":false},"padding_mobile":{"unit":"px","top":"47","right":"47","bottom":"0","left":"47","isLinked":false},"section_responsive":"","screen_sm":"default","screen_sm_width":"100","screen_xs":"default","screen_xs_width":"100","section_custom_css":"","custom_css_description":"","section_custom_css_pro":"","custom_css_pro":""},"elements":[{"id":"2623372c","settings":{"section_title":"","title":"Who We Are.","link":{"is_external":"","url":""},"section_title_style":"","title_color":"#002949","typography_typography":"custom","typography_font_size":{"unit":"px","size":43},"typography_font_family":"Poppins","typography_font_weight":"600","typography_letter_spacing":{"unit":"px","size":-1.6},"_section_style":"","_section_background":"","_box_shadow_box_shadow":{"horizontal":0,"vertical":0,"blur":10,"spread":0,"inset":"","color":"rgba(0,0,0,0.5)"},"_section_responsive":"","responsive_description":"","section_custom_css":"","custom_css_description":"","section_custom_css_pro":"","custom_css_pro":""},"elements":[],"isInner":false,"widgetType":"heading","elType":"widget"},{"id":"7f8002c6","settings":{"section_divider":"","weight":{"unit":"px","size":"3"},"color":"#e0c387","width":{"unit":"%","size":12},"_section_style":"","_section_background":"","_box_shadow_box_shadow":{"horizontal":0,"vertical":0,"blur":10,"spread":0,"inset":"","color":"rgba(0,0,0,0.5)"},"_section_responsive":"","responsive_description":"","section_custom_css":"","custom_css_description":"","section_custom_css_pro":"","custom_css_pro":""},"elements":[],"isInner":false,"widgetType":"divider","elType":"widget"},{"id":"3b6307cd","settings":{"section_editor":"","editor":"<p>I am text block. Click edit button to change this text. Lorem ipsum dolor sit amet, consectetur adipiscing elit. Ut elit tellus, luctus nec ullamcorper mattis, pulvinar dapibus leo.<\/p>","section_style":"","typography_typography":"custom","typography_font_family":"Lora","_section_style":"","_section_background":"","_box_shadow_box_shadow":{"horizontal":0,"vertical":0,"blur":10,"spread":0,"inset":"","color":"rgba(0,0,0,0.5)"},"_section_responsive":"","responsive_description":"","section_custom_css":"","custom_css_description":"","section_custom_css_pro":"","custom_css_pro":""},"elements":[],"isInner":false,"widgetType":"text-editor","elType":"widget"}],"isInner":false,"elType":"column"}],"isInner":false,"elType":"section"},{"id":"7709fb61","settings":{"section_layout":"","layout":"full_width","gap":"no","section_background":"","background_background":"none","background_size":"cover","background_overlay_section":"","background_overlay_background":"classic","background_overlay_color":"#ffffff","background_overlay_opacity":{"unit":"px","size":0.76},"section_border":"","box_shadow_box_shadow":{"horizontal":0,"vertical":0,"blur":10,"spread":0,"inset":"","color":"rgba(0,0,0,0.5)"},"section_typo":"","section_advanced":"","_section_responsive":"","heading_visibility":"","responsive_description":"","section_custom_css":"","custom_css_description":"","section_custom_css_pro":"","custom_css_pro":""},"elements":[{"id":"5c7b6b49","settings":{"_column_size":100,"_inline_size":null,"section_style":"","box_shadow_box_shadow":{"horizontal":0,"vertical":0,"blur":10,"spread":0,"inset":"","color":"rgba(0,0,0,0.5)"},"section_background_overlay":"","section_typo":"","section_advanced":"","section_responsive":"","screen_sm":"default","screen_sm_width":"100","screen_xs":"default","screen_xs_width":"100","section_custom_css":"","custom_css_description":"","section_custom_css_pro":"","custom_css_pro":""},"elements":[{"id":"2124795","settings":{"section_title":"","title":"interior<BR>design","link":{"is_external":"","url":""},"align":"right","section_title_style":"","title_color":"rgba(191,201,209,0.34)","typography_typography":"custom","typography_font_size":{"unit":"px","size":"161"},"typography_font_size_tablet":{"unit":"px","size":"135"},"typography_font_size_mobile":{"unit":"px","size":"76"},"typography_font_family":"Poppins","typography_font_weight":"600","typography_text_transform":"uppercase","typography_line_height":{"unit":"em","size":0.9},"typography_letter_spacing":{"unit":"px","size":-4.4},"_section_style":"","_section_background":"","_box_shadow_box_shadow":{"horizontal":0,"vertical":0,"blur":10,"spread":0,"inset":"","color":"rgba(0,0,0,0.5)"},"_section_responsive":"","responsive_description":"","section_custom_css":"","custom_css_description":"","section_custom_css_pro":"","custom_css_pro":""},"elements":[],"isInner":false,"widgetType":"heading","elType":"widget"}],"isInner":false,"elType":"column"}],"isInner":false,"elType":"section"},{"id":"4b380c2f","settings":{"section_layout":"","content_width":{"unit":"px","size":"1040"},"gap":"no","section_background":"","background_background":"classic","background_color":"#ffffff","background_overlay_section":"","section_border":"","box_shadow_box_shadow":{"horizontal":0,"vertical":0,"blur":10,"spread":0,"inset":"","color":"rgba(0,0,0,0.5)"},"section_typo":"","section_advanced":"","margin":{"unit":"px","top":"-87","right":0,"bottom":"0","left":0,"isLinked":false},"margin_tablet":{"unit":"px","top":"0","right":0,"bottom":"0","left":0,"isLinked":true},"padding":{"unit":"px","top":"100","right":"0","bottom":"60","left":"0","isLinked":false},"padding_tablet":{"unit":"px","top":"30","right":"30","bottom":"30","left":"30","isLinked":true},"_section_responsive":"","heading_visibility":"","responsive_description":"","section_custom_css":"","custom_css_description":"","section_custom_css_pro":"","custom_css_pro":""},"elements":[{"id":"57994091","settings":{"_column_size":100,"_inline_size":null,"section_style":"","box_shadow_box_shadow":{"horizontal":0,"vertical":0,"blur":10,"spread":0,"inset":"","color":"rgba(0,0,0,0.5)"},"section_background_overlay":"","section_typo":"","section_advanced":"","section_responsive":"","screen_sm":"default","screen_sm_width":"100","screen_xs":"default","screen_xs_width":"100","section_custom_css":"","custom_css_description":"","section_custom_css_pro":"","custom_css_pro":""},"elements":[{"id":"7b863fc4","settings":{"section_title":"","title":"Our Team","link":{"is_external":"","url":""},"header_size":"h3","align_mobile":"center","section_title_style":"","title_color":"#e0c387","typography_typography":"custom","typography_font_size":{"unit":"px","size":"35"},"typography_font_family":"Poppins","typography_font_weight":"500","typography_letter_spacing":{"unit":"px","size":"-1.2"},"_section_style":"","_section_background":"","_box_shadow_box_shadow":{"horizontal":0,"vertical":0,"blur":10,"spread":0,"inset":"","color":"rgba(0,0,0,0.5)"},"_section_responsive":"","responsive_description":"","section_custom_css":"","custom_css_description":"","section_custom_css_pro":"","custom_css_pro":""},"elements":[],"isInner":false,"widgetType":"heading","elType":"widget"},{"id":"74b04f10","settings":{"section_layout":"","gap":"no","structure":"30","section_background":"","background_overlay_section":"","section_border":"","box_shadow_box_shadow":{"horizontal":0,"vertical":0,"blur":10,"spread":0,"inset":"","color":"rgba(0,0,0,0.5)"},"section_typo":"","section_advanced":"","padding":{"unit":"px","top":"30","right":"0","bottom":"30","left":"0","isLinked":false},"_section_responsive":"","heading_visibility":"","responsive_description":"","section_custom_css":"","custom_css_description":""},"elements":[{"id":"7e890de4","settings":{"_column_size":33,"_inline_size":null,"section_style":"","border_border":"solid","border_width":{"unit":"px","top":"1","right":"1","bottom":"1","left":"1","isLinked":true},"border_color":"#e0c387","box_shadow_box_shadow_type":"outset","box_shadow_box_shadow":{"horizontal":0,"vertical":0,"blur":"30","spread":0,"inset":"","color":"rgba(0,0,0,0.18)"},"section_background_overlay":"","section_typo":"","section_advanced":"","margin":{"unit":"px","top":"0","right":"40","bottom":"0","left":"0","isLinked":false},"margin_tablet":{"unit":"px","top":"0","right":"20","bottom":"0","left":"0","isLinked":false},"margin_mobile":{"unit":"px","top":"0","right":"0","bottom":"30","left":"0","isLinked":false},"padding":{"unit":"px","top":"55","right":"35","bottom":"55","left":"35","isLinked":false},"padding_tablet":{"unit":"px","top":"30","right":"10","bottom":"30","left":"10","isLinked":false},"section_responsive":"","screen_sm":"default","screen_sm_width":"100","screen_xs":"default","screen_xs_width":"100","section_custom_css":"","custom_css_description":""},"elements":[{"id":"4042990f","settings":{"section_image":"","image":{"id":"264","url":"http:\/\/localhost\/test\/wp-content\/uploads\/2018\/09\/cropped-StockSnap_H7X6H0Q4IA.jpg"},"image_size":"full","align":"center","align_tablet":"center","align_mobile":"center","link":{"is_external":"","url":""},"section_style_image":"","space":{"unit":"%","size":40},"opacity":{"unit":"px","size":1},"image_border_radius":{"unit":"%","top":"100","right":"100","bottom":"100","left":"100","isLinked":true},"image_box_shadow_box_shadow":{"horizontal":0,"vertical":0,"blur":10,"spread":0,"inset":"","color":"rgba(0,0,0,0.5)"},"section_style_caption":"","_section_style":"","_section_background":"","_box_shadow_box_shadow":{"horizontal":0,"vertical":0,"blur":10,"spread":0,"inset":"","color":"rgba(0,0,0,0.5)"},"_section_responsive":"","responsive_description":"","section_custom_css":"","custom_css_description":"","section_custom_css_pro":"","custom_css_pro":""},"elements":[],"isInner":false,"widgetType":"image","elType":"widget"},{"id":"3b477b54","settings":{"section_title":"","title":"Stephen Robbins\n","link":{"is_external":"","url":""},"header_size":"h4","align":"center","section_title_style":"","title_color":"#002949","typography_typography":"custom","typography_font_size":{"unit":"px","size":"19"},"typography_font_family":"Poppins","typography_font_weight":"600","typography_text_transform":"uppercase","_section_style":"","_section_background":"","_box_shadow_box_shadow":{"horizontal":0,"vertical":0,"blur":10,"spread":0,"inset":"","color":"rgba(0,0,0,0.5)"},"_section_responsive":"","responsive_description":"","section_custom_css":"","custom_css_description":"","section_custom_css_pro":"","custom_css_pro":""},"elements":[],"isInner":false,"widgetType":"heading","elType":"widget"},{"id":"1d5caa38","settings":{"section_title":"","title":"Manager","link":{"is_external":"","url":""},"header_size":"p","align":"center","section_title_style":"","title_color":"#e0c387","typography_typography":"custom","typography_font_family":"Lora","typography_font_weight":"normal","_section_style":"","_margin":{"unit":"px","top":"-10","right":"0","bottom":"0","left":"0","isLinked":false},"_padding":{"unit":"px","top":"0","right":"0","bottom":"30","left":"0","isLinked":false},"_section_background":"","_box_shadow_box_shadow":{"horizontal":0,"vertical":0,"blur":10,"spread":0,"inset":"","color":"rgba(0,0,0,0.5)"},"_section_responsive":"","responsive_description":"","section_custom_css":"","custom_css_description":"","section_custom_css_pro":"","custom_css_pro":""},"elements":[],"isInner":false,"widgetType":"heading","elType":"widget"},{"id":"6095df98","settings":{"section_social_icon":"","social_icon_list":[{"social":"fa fa-facebook","link":{"url":"","is_external":"true","nofollow":""},"_id":"zg6v5ba"},{"social":"fa fa-twitter","link":{"url":"","is_external":"true","nofollow":""},"_id":"vaz1ee7"},{"social":"fa fa-google-plus","link":{"url":"","is_external":"true","nofollow":""},"_id":"y7vmnlg"}],"shape":"circle","align_tablet":"center","align_mobile":"center","section_social_style":"","icon_color":"custom","icon_primary_color":"#bfc9d1","icon_secondary_color":"#ffffff","icon_size":{"unit":"px","size":"13"},"icon_padding":{"unit":"em","size":"1"},"icon_spacing":{"unit":"px","size":11},"_section_style":"","_section_background":"","_box_shadow_box_shadow":{"horizontal":0,"vertical":0,"blur":10,"spread":0,"inset":"","color":"rgba(0,0,0,0.5)"},"_section_responsive":"","responsive_description":"","section_custom_css":"","custom_css_description":"","section_custom_css_pro":"","custom_css_pro":""},"elements":[],"isInner":false,"widgetType":"social-icons","elType":"widget"}],"isInner":true,"elType":"column"},{"id":"64eede3b","settings":{"_column_size":33,"_inline_size":null,"section_style":"","border_border":"solid","border_width":{"unit":"px","top":"1","right":"1","bottom":"1","left":"1","isLinked":true},"border_color":"#e0c387","box_shadow_box_shadow_type":"outset","box_shadow_box_shadow":{"horizontal":0,"vertical":0,"blur":"30","spread":0,"inset":"","color":"rgba(0,0,0,0.18)"},"section_background_overlay":"","section_typo":"","section_advanced":"","margin":{"unit":"px","top":"0","right":"20","bottom":"0","left":"20","isLinked":false},"margin_tablet":{"unit":"px","top":"0","right":"10","bottom":"0","left":"10","isLinked":false},"margin_mobile":{"unit":"px","top":"0","right":"0","bottom":"30","left":"0","isLinked":false},"padding":{"unit":"px","top":"55","right":"35","bottom":"55","left":"35","isLinked":false},"padding_tablet":{"unit":"px","top":"30","right":"10","bottom":"30","left":"10","isLinked":false},"section_responsive":"","screen_sm":"default","screen_sm_width":"100","screen_xs":"default","screen_xs_width":"100","section_custom_css":"","custom_css_description":""},"elements":[{"id":"43ed0e07","settings":{"section_image":"","image":{"id":514,"url":"http:\/\/localhost\/test\/wp-content\/uploads\/2018\/09\/StockSnap_EJ5OPA0IKX.jpg"},"image_size":"full","align":"center","align_tablet":"center","align_mobile":"center","link":{"is_external":"","url":""},"section_style_image":"","space":{"unit":"%","size":40},"opacity":{"unit":"px","size":1},"image_border_radius":{"unit":"%","top":"100","right":"100","bottom":"100","left":"100","isLinked":true},"image_box_shadow_box_shadow":{"horizontal":0,"vertical":0,"blur":10,"spread":0,"inset":"","color":"rgba(0,0,0,0.5)"},"section_style_caption":"","_section_style":"","_section_background":"","_box_shadow_box_shadow":{"horizontal":0,"vertical":0,"blur":10,"spread":0,"inset":"","color":"rgba(0,0,0,0.5)"},"_section_responsive":"","responsive_description":"","section_custom_css":"","custom_css_description":"","section_custom_css_pro":"","custom_css_pro":""},"elements":[],"isInner":false,"widgetType":"image","elType":"widget"},{"id":"3ff13a3c","settings":{"section_title":"","title":"Mario Jones\n","link":{"is_external":"","url":""},"header_size":"h4","align":"center","section_title_style":"","title_color":"#002949","typography_typography":"custom","typography_font_size":{"unit":"px","size":"19"},"typography_font_family":"Poppins","typography_font_weight":"600","typography_text_transform":"uppercase","_section_style":"","_section_background":"","_box_shadow_box_shadow":{"horizontal":0,"vertical":0,"blur":10,"spread":0,"inset":"","color":"rgba(0,0,0,0.5)"},"_section_responsive":"","responsive_description":"","section_custom_css":"","custom_css_description":"","section_custom_css_pro":"","custom_css_pro":""},"elements":[],"isInner":false,"widgetType":"heading","elType":"widget"},{"id":"2d91e36d","settings":{"section_title":"","title":"Designer","link":{"is_external":"","url":""},"header_size":"p","align":"center","section_title_style":"","title_color":"#e0c387","typography_typography":"custom","typography_font_family":"Lora","typography_font_weight":"normal","_section_style":"","_margin":{"unit":"px","top":"-10","right":"0","bottom":"0","left":"0","isLinked":false},"_padding":{"unit":"px","top":"0","right":"0","bottom":"30","left":"0","isLinked":false},"_section_background":"","_box_shadow_box_shadow":{"horizontal":0,"vertical":0,"blur":10,"spread":0,"inset":"","color":"rgba(0,0,0,0.5)"},"_section_responsive":"","responsive_description":"","section_custom_css":"","custom_css_description":"","section_custom_css_pro":"","custom_css_pro":""},"elements":[],"isInner":false,"widgetType":"heading","elType":"widget"},{"id":"56f7db9a","settings":{"section_social_icon":"","social_icon_list":[{"social":"fa fa-facebook","link":{"url":"","is_external":"true","nofollow":""},"_id":"zg6v5ba"},{"social":"fa fa-twitter","link":{"url":"","is_external":"true","nofollow":""},"_id":"vaz1ee7"},{"social":"fa fa-google-plus","link":{"url":"","is_external":"true","nofollow":""},"_id":"y7vmnlg"}],"shape":"circle","align_tablet":"center","align_mobile":"center","section_social_style":"","icon_color":"custom","icon_primary_color":"#bfc9d1","icon_secondary_color":"#ffffff","icon_size":{"unit":"px","size":"13"},"icon_padding":{"unit":"em","size":"1"},"icon_spacing":{"unit":"px","size":11},"_section_style":"","_section_background":"","_box_shadow_box_shadow":{"horizontal":0,"vertical":0,"blur":10,"spread":0,"inset":"","color":"rgba(0,0,0,0.5)"},"_section_responsive":"","responsive_description":"","section_custom_css":"","custom_css_description":"","section_custom_css_pro":"","custom_css_pro":""},"elements":[],"isInner":false,"widgetType":"social-icons","elType":"widget"}],"isInner":true,"elType":"column"},{"id":"3549ddaa","settings":{"_column_size":33,"_inline_size":null,"section_style":"","border_border":"solid","border_width":{"unit":"px","top":"1","right":"1","bottom":"1","left":"1","isLinked":true},"border_color":"#e0c387","box_shadow_box_shadow_type":"outset","box_shadow_box_shadow":{"horizontal":0,"vertical":0,"blur":"30","spread":0,"inset":"","color":"rgba(0,0,0,0.17)"},"section_background_overlay":"","section_typo":"","section_advanced":"","margin":{"unit":"px","top":"0","right":"0","bottom":"0","left":"40","isLinked":false},"margin_tablet":{"unit":"px","top":"0","right":"0","bottom":"0","left":"20","isLinked":false},"margin_mobile":{"unit":"px","top":"0","right":"0","bottom":"0","left":"0","isLinked":true},"padding":{"unit":"px","top":"55","right":"35","bottom":"55","left":"35","isLinked":false},"padding_tablet":{"unit":"px","top":"30","right":"10","bottom":"30","left":"10","isLinked":false},"section_responsive":"","screen_sm":"default","screen_sm_width":"100","screen_xs":"default","screen_xs_width":"100","section_custom_css":"","custom_css_description":""},"elements":[{"id":"aa55678","settings":{"section_image":"","image":{"id":515,"url":"http:\/\/localhost\/test\/wp-content\/uploads\/2018\/09\/StockSnap_WE0I9DQGR3.jpg"},"image_size":"full","align":"center","align_tablet":"center","align_mobile":"center","link":{"is_external":"","url":""},"section_style_image":"","space":{"unit":"%","size":40},"opacity":{"unit":"px","size":1},"image_border_radius":{"unit":"%","top":"100","right":"100","bottom":"100","left":"100","isLinked":true},"image_box_shadow_box_shadow":{"horizontal":0,"vertical":0,"blur":10,"spread":0,"inset":"","color":"rgba(0,0,0,0.5)"},"section_style_caption":"","_section_style":"","_section_background":"","_box_shadow_box_shadow":{"horizontal":0,"vertical":0,"blur":10,"spread":0,"inset":"","color":"rgba(0,0,0,0.5)"},"_section_responsive":"","responsive_description":"","section_custom_css":"","custom_css_description":"","section_custom_css_pro":"","custom_css_pro":""},"elements":[],"isInner":false,"widgetType":"image","elType":"widget"},{"id":"4e731401","settings":{"section_title":"","title":"Jeanne Hyden\n","link":{"is_external":"","url":""},"header_size":"h4","align":"center","section_title_style":"","title_color":"#002949","typography_typography":"custom","typography_font_size":{"unit":"px","size":"19"},"typography_font_family":"Poppins","typography_font_weight":"600","typography_text_transform":"uppercase","_section_style":"","_section_background":"","_box_shadow_box_shadow":{"horizontal":0,"vertical":0,"blur":10,"spread":0,"inset":"","color":"rgba(0,0,0,0.5)"},"_section_responsive":"","responsive_description":"","section_custom_css":"","custom_css_description":"","section_custom_css_pro":"","custom_css_pro":""},"elements":[],"isInner":false,"widgetType":"heading","elType":"widget"},{"id":"1ec95ffb","settings":{"section_title":"","title":"Designer","link":{"is_external":"","url":""},"header_size":"p","align":"center","section_title_style":"","title_color":"#e0c387","typography_typography":"custom","typography_font_family":"Lora","typography_font_weight":"normal","_section_style":"","_margin":{"unit":"px","top":"-10","right":"0","bottom":"0","left":"0","isLinked":false},"_padding":{"unit":"px","top":"0","right":"0","bottom":"30","left":"0","isLinked":false},"_section_background":"","_box_shadow_box_shadow":{"horizontal":0,"vertical":0,"blur":10,"spread":0,"inset":"","color":"rgba(0,0,0,0.5)"},"_section_responsive":"","responsive_description":"","section_custom_css":"","custom_css_description":"","section_custom_css_pro":"","custom_css_pro":""},"elements":[],"isInner":false,"widgetType":"heading","elType":"widget"},{"id":"4ccbeb11","settings":{"section_social_icon":"","social_icon_list":[{"social":"fa fa-facebook","link":{"url":"","is_external":"true","nofollow":""},"_id":"zg6v5ba"},{"social":"fa fa-twitter","link":{"url":"","is_external":"true","nofollow":""},"_id":"vaz1ee7"},{"social":"fa fa-google-plus","link":{"url":"","is_external":"true","nofollow":""},"_id":"y7vmnlg"}],"shape":"circle","align_tablet":"center","align_mobile":"center","section_social_style":"","icon_color":"custom","icon_primary_color":"#bfc9d1","icon_secondary_color":"#ffffff","icon_size":{"unit":"px","size":"13"},"icon_padding":{"unit":"em","size":"1"},"icon_spacing":{"unit":"px","size":11},"_section_style":"","_section_background":"","_box_shadow_box_shadow":{"horizontal":0,"vertical":0,"blur":10,"spread":0,"inset":"","color":"rgba(0,0,0,0.5)"},"_section_responsive":"","responsive_description":"","section_custom_css":"","custom_css_description":"","section_custom_css_pro":"","custom_css_pro":""},"elements":[],"isInner":false,"widgetType":"social-icons","elType":"widget"}],"isInner":true,"elType":"column"}],"isInner":true,"elType":"section"}],"isInner":false,"elType":"column"}],"isInner":false,"elType":"section"},{"id":"5b62e934","settings":{"section_layout":"","layout":"full_width","gap":"no","height":"min-height","custom_height":{"unit":"px","size":""},"column_position":"stretch","content_position":"middle","structure":"20","section_background":"","background_background":"none","background_color":"#ffffff","background_overlay_section":"","section_border":"","box_shadow_box_shadow":{"horizontal":0,"vertical":0,"blur":10,"spread":0,"inset":"","color":"rgba(0,0,0,0.5)"},"section_typo":"","section_advanced":"","_section_responsive":"","heading_visibility":"","responsive_description":"","section_custom_css":"","custom_css_description":"","section_custom_css_pro":"","custom_css_pro":""},"elements":[{"id":"5a539264","settings":{"_column_size":50,"_inline_size":"38.615","section_style":"","background_background":"classic","background_color":"#bfc9d1","box_shadow_box_shadow":{"horizontal":0,"vertical":0,"blur":10,"spread":0,"inset":"","color":"rgba(0,0,0,0.5)"},"section_background_overlay":"","section_typo":"","section_advanced":"","padding":{"unit":"%","top":"9","right":"0","bottom":"9","left":"15","isLinked":false},"padding_mobile":{"unit":"px","top":"50","right":"30","bottom":"50","left":"0","isLinked":false},"section_responsive":"","screen_sm":"default","screen_sm_width":"100","screen_xs":"default","screen_xs_width":"100","section_custom_css":"","custom_css_description":"","section_custom_css_pro":"","custom_css_pro":""},"elements":[{"id":"6952e14f","settings":{"section_image":"","image":{"id":516,"url":"http:\/\/localhost\/test\/wp-content\/uploads\/2018\/09\/StockSnap_7LJXUWVX9S-1.jpg"},"image_size":"full","align":"center","align_tablet":"center","align_mobile":"center","link":{"is_external":"","url":""},"section_style_image":"","space":{"unit":"%","size":100},"opacity":{"unit":"px","size":1},"image_box_shadow_box_shadow":{"horizontal":0,"vertical":0,"blur":10,"spread":0,"inset":"","color":"rgba(0,0,0,0.5)"},"section_style_caption":"","_section_style":"","_margin":{"unit":"px","top":"0","right":"-100","bottom":"0","left":"0","isLinked":false},"_margin_mobile":{"unit":"px","top":"0","right":"0","bottom":"0","left":"0","isLinked":true},"_section_background":"","_box_shadow_box_shadow_type":"outset","_box_shadow_box_shadow":{"horizontal":0,"vertical":0,"blur":"50","spread":0,"inset":"","color":"rgba(0,0,0,0.25)"},"_section_responsive":"","responsive_description":"","section_custom_css":"","custom_css_description":"","section_custom_css_pro":"","custom_css_pro":""},"elements":[],"isInner":false,"widgetType":"image","elType":"widget"}],"isInner":false,"elType":"column"},{"id":"6aa300e7","settings":{"_column_size":50,"_inline_size":"61.385","section_style":"","background_background":"none","background_color":"#ffffff","box_shadow_box_shadow":{"horizontal":0,"vertical":0,"blur":10,"spread":0,"inset":"","color":"rgba(0,0,0,0.5)"},"section_background_overlay":"","section_typo":"","section_advanced":"","padding":{"unit":"%","top":"0","right":"10","bottom":"0","left":"18","isLinked":false},"padding_tablet":{"unit":"%","top":"0","right":"5","bottom":"0","left":"25","isLinked":false},"padding_mobile":{"unit":"px","top":"15","right":"15","bottom":"15","left":"15","isLinked":true},"section_responsive":"","screen_sm":"default","screen_sm_width":"100","screen_xs":"default","screen_xs_width":"100","section_custom_css":"","custom_css_description":"","section_custom_css_pro":"","custom_css_pro":""},"elements":[{"id":"42ba450b","settings":{"section_layout":"","structure":"30","section_background":"","background_overlay_section":"","section_border":"","box_shadow_box_shadow":{"horizontal":0,"vertical":0,"blur":10,"spread":0,"inset":"","color":"rgba(0,0,0,0.5)"},"section_typo":"","section_advanced":"","_section_responsive":"","heading_visibility":"","responsive_description":"","section_custom_css":"","custom_css_description":"","section_custom_css_pro":"","custom_css_pro":""},"elements":[{"id":"1ada1142","settings":{"_column_size":33,"_inline_size":null,"section_style":"","box_shadow_box_shadow":{"horizontal":0,"vertical":0,"blur":10,"spread":0,"inset":"","color":"rgba(0,0,0,0.5)"},"section_background_overlay":"","section_typo":"","section_advanced":"","section_responsive":"","screen_sm":"custom","screen_sm_width":"33","screen_xs":"default","screen_xs_width":"100","section_custom_css":"","custom_css_description":"","section_custom_css_pro":"","custom_css_pro":""},"elements":[{"id":"2cbb3912","settings":{"section_counter":"","starting_number":"","ending_number":"65","title":"Homes","section_number":"","number_color":"#002949","typography_number_typography":"custom","typography_number_font_size_tablet":{"unit":"px","size":"31"},"typography_number_font_size_mobile":{"unit":"px","size":"31"},"typography_number_font_family":"Poppins","typography_number_font_weight":"600","section_title":"","title_color":"#e0c387","typography_title_typography":"custom","typography_title_font_size":{"unit":"px","size":"15"},"typography_title_font_family":"Lora","_section_style":"","_section_background":"","_box_shadow_box_shadow":{"horizontal":0,"vertical":0,"blur":10,"spread":0,"inset":"","color":"rgba(0,0,0,0.5)"},"_section_responsive":"","responsive_description":"","section_custom_css":"","custom_css_description":"","section_custom_css_pro":"","custom_css_pro":""},"elements":[],"isInner":false,"widgetType":"counter","elType":"widget"}],"isInner":true,"elType":"column"},{"id":"45cb52bc","settings":{"_column_size":33,"_inline_size":null,"section_style":"","box_shadow_box_shadow":{"horizontal":0,"vertical":0,"blur":10,"spread":0,"inset":"","color":"rgba(0,0,0,0.5)"},"section_background_overlay":"","section_typo":"","section_advanced":"","section_responsive":"","screen_sm":"custom","screen_sm_width":"33","screen_xs":"default","screen_xs_width":"100","section_custom_css":"","custom_css_description":"","section_custom_css_pro":"","custom_css_pro":""},"elements":[{"id":"64f01b17","settings":{"section_counter":"","starting_number":"","ending_number":"29","title":"Offices","section_number":"","number_color":"#002949","typography_number_typography":"custom","typography_number_font_size_tablet":{"unit":"px","size":"31"},"typography_number_font_size_mobile":{"unit":"px","size":"31"},"typography_number_font_family":"Poppins","typography_number_font_weight":"600","section_title":"","title_color":"#e0c387","typography_title_typography":"custom","typography_title_font_size":{"unit":"px","size":"15"},"typography_title_font_family":"Lora","_section_style":"","_section_background":"","_box_shadow_box_shadow":{"horizontal":0,"vertical":0,"blur":10,"spread":0,"inset":"","color":"rgba(0,0,0,0.5)"},"_section_responsive":"","responsive_description":"","section_custom_css":"","custom_css_description":"","section_custom_css_pro":"","custom_css_pro":""},"elements":[],"isInner":false,"widgetType":"counter","elType":"widget"}],"isInner":true,"elType":"column"},{"id":"79ac6f57","settings":{"_column_size":33,"_inline_size":null,"section_style":"","box_shadow_box_shadow":{"horizontal":0,"vertical":0,"blur":10,"spread":0,"inset":"","color":"rgba(0,0,0,0.5)"},"section_background_overlay":"","section_typo":"","section_advanced":"","section_responsive":"","screen_sm":"custom","screen_sm_width":"33","screen_xs":"default","screen_xs_width":"100","section_custom_css":"","custom_css_description":"","section_custom_css_pro":"","custom_css_pro":""},"elements":[{"id":"69790438","settings":{"section_counter":"","starting_number":"","ending_number":"6","title":"Landmarks","section_number":"","number_color":"#002949","typography_number_typography":"custom","typography_number_font_size_tablet":{"unit":"px","size":"31"},"typography_number_font_size_mobile":{"unit":"px","size":"31"},"typography_number_font_family":"Poppins","typography_number_font_weight":"600","section_title":"","title_color":"#e0c387","typography_title_typography":"custom","typography_title_font_size":{"unit":"px","size":"15"},"typography_title_font_family":"Lora","_section_style":"","_section_background":"","_box_shadow_box_shadow":{"horizontal":0,"vertical":0,"blur":10,"spread":0,"inset":"","color":"rgba(0,0,0,0.5)"},"_section_responsive":"","responsive_description":"","section_custom_css":"","custom_css_description":"","section_custom_css_pro":"","custom_css_pro":""},"elements":[],"isInner":false,"widgetType":"counter","elType":"widget"}],"isInner":true,"elType":"column"}],"isInner":true,"elType":"section"},{"id":"3106d945","settings":{"section_layout":"","structure":"30","section_background":"","background_overlay_section":"","section_border":"","box_shadow_box_shadow":{"horizontal":0,"vertical":0,"blur":10,"spread":0,"inset":"","color":"rgba(0,0,0,0.5)"},"section_typo":"","section_advanced":"","_section_responsive":"","heading_visibility":"","responsive_description":"","section_custom_css":"","custom_css_description":"","section_custom_css_pro":"","custom_css_pro":""},"elements":[{"id":"38af360d","settings":{"_column_size":33,"_inline_size":null,"section_style":"","box_shadow_box_shadow":{"horizontal":0,"vertical":0,"blur":10,"spread":0,"inset":"","color":"rgba(0,0,0,0.5)"},"section_background_overlay":"","section_typo":"","section_advanced":"","section_responsive":"","screen_sm":"custom","screen_sm_width":"33","screen_xs":"default","screen_xs_width":"100","section_custom_css":"","custom_css_description":"","section_custom_css_pro":"","custom_css_pro":""},"elements":[{"id":"2a93a687","settings":{"section_counter":"","starting_number":"","ending_number":"3","title":"Interior Designers","section_number":"","number_color":"#002949","typography_number_typography":"custom","typography_number_font_size_tablet":{"unit":"px","size":"31"},"typography_number_font_size_mobile":{"unit":"px","size":"31"},"typography_number_font_family":"Poppins","typography_number_font_weight":"600","section_title":"","title_color":"#e0c387","typography_title_typography":"custom","typography_title_font_size":{"unit":"px","size":"15"},"typography_title_font_family":"Lora","typography_title_line_height_tablet":{"unit":"em","size":"1.5"},"typography_title_line_height_mobile":{"unit":"em","size":"1.5"},"_section_style":"","_section_background":"","_box_shadow_box_shadow":{"horizontal":0,"vertical":0,"blur":10,"spread":0,"inset":"","color":"rgba(0,0,0,0.5)"},"_section_responsive":"","responsive_description":"","section_custom_css":"","custom_css_description":"","section_custom_css_pro":"","custom_css_pro":""},"elements":[],"isInner":false,"widgetType":"counter","elType":"widget"}],"isInner":true,"elType":"column"},{"id":"5961de86","settings":{"_column_size":33,"_inline_size":null,"section_style":"","box_shadow_box_shadow":{"horizontal":0,"vertical":0,"blur":10,"spread":0,"inset":"","color":"rgba(0,0,0,0.5)"},"section_background_overlay":"","section_typo":"","section_advanced":"","section_responsive":"","screen_sm":"custom","screen_sm_width":"33","screen_xs":"default","screen_xs_width":"100","section_custom_css":"","custom_css_description":"","section_custom_css_pro":"","custom_css_pro":""},"elements":[{"id":"172651b9","settings":{"section_counter":"","starting_number":"","ending_number":"184","title":"Worldwide Reviews","section_number":"","number_color":"#002949","typography_number_typography":"custom","typography_number_font_size_tablet":{"unit":"px","size":"31"},"typography_number_font_size_mobile":{"unit":"px","size":"31"},"typography_number_font_family":"Poppins","typography_number_font_weight":"600","section_title":"","title_color":"#e0c387","typography_title_typography":"custom","typography_title_font_size":{"unit":"px","size":"15"},"typography_title_font_family":"Lora","typography_title_line_height_tablet":{"unit":"em","size":"1.5"},"typography_title_line_height_mobile":{"unit":"em","size":"1.5"},"_section_style":"","_section_background":"","_box_shadow_box_shadow":{"horizontal":0,"vertical":0,"blur":10,"spread":0,"inset":"","color":"rgba(0,0,0,0.5)"},"_section_responsive":"","responsive_description":"","section_custom_css":"","custom_css_description":"","section_custom_css_pro":"","custom_css_pro":""},"elements":[],"isInner":false,"widgetType":"counter","elType":"widget"}],"isInner":true,"elType":"column"},{"id":"4cb7ac7e","settings":{"_column_size":33,"_inline_size":null,"section_style":"","box_shadow_box_shadow":{"horizontal":0,"vertical":0,"blur":10,"spread":0,"inset":"","color":"rgba(0,0,0,0.5)"},"section_background_overlay":"","section_typo":"","section_advanced":"","section_responsive":"","screen_sm":"custom","screen_sm_width":"33","screen_xs":"default","screen_xs_width":"100","section_custom_css":"","custom_css_description":"","section_custom_css_pro":"","custom_css_pro":""},"elements":[{"id":"15bd18d8","settings":{"section_counter":"","starting_number":"","ending_number":"30","title":"Room Layouts","section_number":"","number_color":"#002949","typography_number_typography":"custom","typography_number_font_size_tablet":{"unit":"px","size":"31"},"typography_number_font_size_mobile":{"unit":"px","size":"31"},"typography_number_font_family":"Poppins","typography_number_font_weight":"600","section_title":"","title_color":"#e0c387","typography_title_typography":"custom","typography_title_font_size":{"unit":"px","size":"15"},"typography_title_font_family":"Lora","typography_title_line_height_tablet":{"unit":"em","size":"1.5"},"typography_title_line_height_mobile":{"unit":"em","size":"1.5"},"_section_style":"","_section_background":"","_box_shadow_box_shadow":{"horizontal":0,"vertical":0,"blur":10,"spread":0,"inset":"","color":"rgba(0,0,0,0.5)"},"_section_responsive":"","responsive_description":"","section_custom_css":"","custom_css_description":"","section_custom_css_pro":"","custom_css_pro":""},"elements":[],"isInner":false,"widgetType":"counter","elType":"widget"}],"isInner":true,"elType":"column"}],"isInner":true,"elType":"section"}],"isInner":false,"elType":"column"}],"isInner":false,"elType":"section"},{"id":"4c2400d4","settings":{"section_layout":"","content_width":{"unit":"px","size":"1040"},"gap":"no","section_background":"","background_background":"classic","background_color":"#ffffff","background_overlay_section":"","section_border":"","box_shadow_box_shadow":{"horizontal":0,"vertical":0,"blur":10,"spread":0,"inset":"","color":"rgba(0,0,0,0.5)"},"section_typo":"","section_advanced":"","margin":{"unit":"px","top":"0","right":0,"bottom":"20","left":0,"isLinked":false},"padding":{"unit":"px","top":"100","right":"0","bottom":"90","left":"0","isLinked":false},"padding_tablet":{"unit":"px","top":"60","right":"30","bottom":"30","left":"30","isLinked":false},"padding_mobile":{"unit":"px","top":"30","right":"0","bottom":"0","left":"0","isLinked":false},"_section_responsive":"","heading_visibility":"","responsive_description":"","section_custom_css":"","custom_css_description":"","section_custom_css_pro":"","custom_css_pro":""},"elements":[{"id":"14795ae","settings":{"_column_size":100,"_inline_size":null,"section_style":"","box_shadow_box_shadow":{"horizontal":0,"vertical":0,"blur":10,"spread":0,"inset":"","color":"rgba(0,0,0,0.5)"},"section_background_overlay":"","section_typo":"","section_advanced":"","section_responsive":"","screen_sm":"default","screen_sm_width":"100","screen_xs":"default","screen_xs_width":"100","section_custom_css":"","custom_css_description":"","section_custom_css_pro":"","custom_css_pro":""},"elements":[{"id":"45af7697","settings":{"section_title":"","title":"Our Happy Customers","link":{"is_external":"","url":""},"header_size":"h3","align_mobile":"center","section_title_style":"","title_color":"#e0c387","typography_typography":"custom","typography_font_size":{"unit":"px","size":35},"typography_font_family":"Poppins","typography_font_weight":"500","typography_letter_spacing":{"unit":"px","size":-1.2},"_section_style":"","_padding":{"unit":"px","top":"0","right":"0","bottom":"30","left":"0","isLinked":false},"_section_background":"","_box_shadow_box_shadow":{"horizontal":0,"vertical":0,"blur":10,"spread":0,"inset":"","color":"rgba(0,0,0,0.5)"},"_section_responsive":"","responsive_description":"","section_custom_css":"","custom_css_description":"","section_custom_css_pro":"","custom_css_pro":""},"elements":[],"isInner":false,"widgetType":"heading","elType":"widget"},{"id":"5aeefa7d","settings":{"section_image_carousel":"","carousel":[{"id":"456","url":"http:\/\/localhost\/test\/wp-content\/uploads\/2018\/09\/FIFTHFLOUR-1.png"},{"id":"457","url":"http:\/\/localhost\/test\/wp-content\/uploads\/2018\/09\/GEO.png"},{"id":"458","url":"http:\/\/localhost\/test\/wp-content\/uploads\/2018\/09\/BASTIL.png"},{"id":"429","url":"http:\/\/localhost\/test\/wp-content\/uploads\/2018\/09\/MADRIN.png"},{"id":"426","url":"http:\/\/localhost\/test\/wp-content\/uploads\/2018\/09\/ARMOND.png"},{"id":"427","url":"http:\/\/localhost\/test\/wp-content\/uploads\/2018\/09\/BOLEIR.png"},{"id":517,"url":"http:\/\/localhost\/test\/wp-content\/uploads\/2018\/09\/armond-1-1.png"},{"id":"430","url":"http:\/\/localhost\/test\/wp-content\/uploads\/2018\/09\/zusman.png"},{"id":"428","url":"http:\/\/localhost\/test\/wp-content\/uploads\/2018\/09\/darkside.png"}],"thumbnail_size":"full","slides_to_show":"6","slides_to_scroll":"5","navigation":"dots","link":{"is_external":"","url":""},"section_additional_options":"","section_style_navigation":"","heading_style_arrows":"","heading_style_dots":"","section_style_image":"","image_spacing":"custom","image_spacing_custom":{"unit":"px","size":61},"_section_style":"","_section_background":"","_box_shadow_box_shadow":{"horizontal":0,"vertical":0,"blur":10,"spread":0,"inset":"","color":"rgba(0,0,0,0.5)"},"_section_responsive":"","responsive_description":"","section_custom_css":"","custom_css_description":"","section_custom_css_pro":"","custom_css_pro":""},"elements":[],"isInner":false,"widgetType":"image-carousel","elType":"widget"}],"isInner":false,"elType":"column"}],"isInner":false,"elType":"section"}]}