{"version":"0.4","title":"About-Architect-page","type":"page","content":[{"id":"31e7d565","settings":{"height":"min-height","custom_height":{"unit":"px","size":0},"background_background":"classic","background_color":"#e3ecef","background_image":{"id":555,"url":"http:\/\/localhost\/test\/wp-content\/uploads\/2018\/09\/15.png"},"background_repeat":"no-repeat","margin_mobile":{"unit":"px","top":"0","right":0,"bottom":"0","left":0,"isLinked":false},"background_position":"top center","background_size":"contain","margin":{"unit":"px","top":"0","right":0,"bottom":"0","left":0,"isLinked":false},"padding":{"unit":"px","top":"300","right":"0","bottom":"150","left":"0","isLinked":false},"padding_tablet":{"unit":"px","top":"100","right":"50","bottom":"100","left":"50","isLinked":false},"padding_mobile":{"unit":"px","top":"0","right":"20","bottom":"100","left":"20","isLinked":false}},"elements":[{"id":"10e3d75f","settings":{"_column_size":100,"_inline_size":null,"margin_mobile":{"unit":"px","top":"0","right":"0","bottom":"0","left":"0","isLinked":true},"padding_mobile":{"unit":"px","top":"0","right":"0","bottom":"0","left":"0","isLinked":true}},"elements":[{"id":"3b73fa","settings":{"margin":{"unit":"px","top":"0","right":0,"bottom":"0","left":0,"isLinked":false},"background_background":"classic","margin_mobile":{"unit":"px","top":"100","right":0,"bottom":"0","left":0,"isLinked":false},"reverse_order_mobile":"reverse-mobile","background_color":"#ffffff","content_width":{"unit":"px","size":1000},"padding":{"unit":"px","top":"0","right":"0","bottom":"70","left":"0","isLinked":false},"padding_mobile":{"unit":"px","top":"0","right":"10","bottom":"0","left":"10","isLinked":false}},"elements":[{"id":"60e2034b","settings":{"_column_size":100,"_inline_size":null,"background_background":"classic","background_color":"#ffffff","padding":{"unit":"px","top":"100","right":"80","bottom":"0","left":"80","isLinked":false},"padding_mobile":{"unit":"px","top":"60","right":"20","bottom":"40","left":"20","isLinked":false},"padding_tablet":{"unit":"px","top":"80","right":"40","bottom":"0","left":"40","isLinked":false}},"elements":[{"id":"1bd7d908","settings":{"title":"about","align":"center","title_color":"#60626b","typography_typography":"custom","typography_font_size":{"unit":"px","size":12},"typography_font_family":"Helvetica","typography_text_transform":"uppercase","typography_letter_spacing":{"unit":"px","size":5},"_margin_mobile":{"unit":"px","top":"0","right":"0","bottom":"0","left":"0","isLinked":false}},"elements":[],"isInner":false,"widgetType":"heading","elType":"widget"},{"id":"28f73011","settings":{"color":"#5cb1cd","width":{"unit":"%","size":16},"align":"center","gap":{"unit":"px","size":2},"_margin_mobile":{"unit":"px","top":"10","right":"0","bottom":"0","left":"0","isLinked":false},"width_mobile":{"unit":"%","size":53}},"elements":[],"isInner":false,"widgetType":"divider","elType":"widget"},{"id":"676e0c20","settings":{"title":"background info","align":"center","title_color":"#000000","typography_typography":"custom","typography_font_size":{"unit":"px","size":40},"typography_font_family":"Vidaloka","typography_text_transform":"uppercase","_padding":{"unit":"px","top":"0","right":"0","bottom":"0","left":"0","isLinked":false},"align_mobile":"center","typography_font_size_mobile":{"unit":"px","size":25},"_margin_mobile":{"unit":"px","top":"0","right":"0","bottom":"0","left":"0","isLinked":false},"typography_font_size_tablet":{"unit":"px","size":35}},"elements":[],"isInner":false,"widgetType":"heading","elType":"widget"},{"id":"49a399e4","settings":{"editor":"<p>Lorem ipsum dolor sit amet, consectetur adipiscing elit. Vestibulum ultricies sollicitudin ante nec mattis. Mauris eget ornare nibh. Nam venenatis porta diam scelerisque suscipit. Donec in vehicula ligula. Etiam efficitur quam ex, at consectetur magna porttitor at. Nullam convallis, eros a vulputate tincidunt, mauris lorem tincidunt sem, sed cursus neque sem a est. Nam malesuada ipsum orci, et congue ligula fringilla vitae. Praesent vitae molestie elit. Phasellus non felis sit amet massa fermentum aliquam. Fusce dui est, dapibus quis eros at, eleifend vehicula lectus. Mauris congue risus in lectus suscipit efficitur.<\/p>","align":"center","text_color":"#555555","typography_typography":"custom","typography_font_size":{"unit":"px","size":16},"typography_font_family":"Helvetica","typography_font_weight":"100","typography_line_height":{"unit":"em","size":1.8},"_margin":{"unit":"px","top":"70","right":"0","bottom":"0","left":"0","isLinked":false},"_padding":{"unit":"px","top":"0","right":"0","bottom":"0","left":"0","isLinked":false},"align_mobile":"center","_margin_mobile":{"unit":"px","top":"0","right":"0","bottom":"0","left":"0","isLinked":false},"_padding_tablet":{"unit":"px","top":"0","right":"0","bottom":"0","left":"0","isLinked":true}},"elements":[],"isInner":false,"widgetType":"text-editor","elType":"widget"}],"isInner":true,"elType":"column"}],"isInner":true,"elType":"section"},{"id":"77399f96","settings":{"structure":"20","background_background":"classic","background_color":"#ffffff","padding":{"unit":"px","top":"0","right":"100","bottom":"0","left":"100","isLinked":false},"padding_tablet":{"unit":"px","top":"0","right":"40","bottom":"0","left":"40","isLinked":false},"padding_mobile":{"unit":"px","top":"0","right":"10","bottom":"200","left":"10","isLinked":false},"reverse_order_mobile":"reverse-mobile"},"elements":[{"id":"19a6eeef","settings":{"_column_size":50,"_inline_size":null,"margin_mobile":{"unit":"px","top":"0","right":"0","bottom":"0","left":"0","isLinked":true},"padding_mobile":{"unit":"px","top":"0","right":"10","bottom":"0","left":"10","isLinked":false}},"elements":[{"id":"1f8df6cb","settings":{"section_image":"","image":{"url":"","id":""},"title_text":"Our philosophy","description_text":"Lorem ipsum dolor sit amet, consectetur adipiscing elit. Vestibulum ultricies sollicitudin ante nec mattis. Mauris eget ornare nibh. Nam venenatis porta diam scelerisque suscipit. ","link":{"is_external":"","url":""},"section_style_image":"","section_style_content":"","text_align":"left","heading_title":"","title_bottom_space":{"unit":"px","size":14},"title_color":"#000000","title_typography_typography":"custom","title_typography_font_size":{"unit":"px","size":25},"title_typography_font_family":"Vidaloka","title_typography_text_transform":"capitalize","heading_description":"","description_color":"#555555","description_typography_typography":"custom","description_typography_font_size":{"unit":"px","size":"16"},"description_typography_font_family":"Helvetica","description_typography_font_weight":"100","_section_style":"","_margin":{"unit":"px","top":"0","right":"50","bottom":"0","left":"0","isLinked":false},"_padding":{"unit":"px","top":"50","right":"50","bottom":"50","left":"50","isLinked":true},"_section_background":"","_background_background":"classic","_background_color":"#ffffff","_box_shadow_box_shadow":{"horizontal":-7,"vertical":7,"blur":10,"spread":0,"inset":"","color":"rgba(0,0,0,0.09)"},"_section_responsive":"","responsive_description":"","section_custom_css":"","custom_css_description":"","_margin_mobile":{"unit":"px","top":"250","right":"0","bottom":"0","left":"0","isLinked":false},"_padding_mobile":{"unit":"px","top":"40","right":"20","bottom":"40","left":"20","isLinked":false},"text_align_tablet":"left","text_align_mobile":"center","title_typography_font_size_tablet":{"unit":"px","size":25},"_margin_tablet":{"unit":"px","top":"0","right":"0","bottom":"0","left":"0","isLinked":false},"_padding_tablet":{"unit":"px","top":"40","right":"40","bottom":"40","left":"40","isLinked":true},"_z_index":1,"_box_shadow_box_shadow_type":"yes","_animation":"fadeInLeft","_background_hover_background":"classic","_background_hover_color":"#77c5d8"},"elements":[],"isInner":false,"widgetType":"image-box","elType":"widget"},{"id":"57767d3","settings":{"section_image":"","image":{"id":551,"url":"http:\/\/localhost\/test\/wp-content\/uploads\/2018\/09\/4-2-1.png"},"align_tablet":"left","align_mobile":"center","link":{"is_external":"","url":""},"section_style_image":"","space":{"unit":"%","size":"80"},"image_box_shadow_box_shadow":{"horizontal":0,"vertical":0,"blur":10,"spread":0,"inset":"","color":"rgba(0,0,0,0.5)"},"section_style_caption":"","_section_style":"","_margin":{"unit":"px","top":"-100","right":"0","bottom":"0","left":"0","isLinked":false},"_section_background":"","_box_shadow_box_shadow":{"horizontal":0,"vertical":0,"blur":10,"spread":0,"inset":"","color":"rgba(0,0,0,0.5)"},"_section_responsive":"","responsive_description":"","section_custom_css":"","custom_css_description":"","_margin_mobile":{"unit":"px","top":"-500","right":"0","bottom":"0","left":"0","isLinked":false},"align":"right","space_tablet":{"unit":"%","size":77},"_margin_tablet":{"unit":"px","top":"0","right":"0","bottom":"0","left":"0","isLinked":false},"_animation":"fadeInUp"},"elements":[],"isInner":false,"widgetType":"image","elType":"widget"}],"isInner":true,"elType":"column"},{"id":"716b9a08","settings":{"_column_size":50,"_inline_size":null},"elements":[{"id":"787ddb34","settings":{"section_image":"","image":{"id":552,"url":"http:\/\/localhost\/test\/wp-content\/uploads\/2018\/09\/3-2-3.png"},"align_tablet":"right","align_mobile":"center","link":{"is_external":"","url":""},"section_style_image":"","space":{"unit":"%","size":"80"},"image_box_shadow_box_shadow":{"horizontal":0,"vertical":0,"blur":10,"spread":0,"inset":"","color":"rgba(0,0,0,0.5)"},"section_style_caption":"","_section_style":"","_margin":{"unit":"px","top":"0","right":"0","bottom":"0","left":"0","isLinked":false},"_section_background":"","_box_shadow_box_shadow":{"horizontal":0,"vertical":0,"blur":10,"spread":0,"inset":"","color":"rgba(0,0,0,0.5)"},"_section_responsive":"","responsive_description":"","section_custom_css":"","custom_css_description":"","_margin_tablet":{"unit":"px","top":"0","right":"0","bottom":"0","left":"0","isLinked":false},"_padding_tablet":{"unit":"px","top":"0","right":"0","bottom":"0","left":"0","isLinked":false},"align":"right","_animation":"fadeInDown"},"elements":[],"isInner":false,"widgetType":"image","elType":"widget"},{"id":"3aa167c3","settings":{"section_image":"","image":{"url":"","id":""},"title_text":"About our future","description_text":"Lorem ipsum dolor sit amet, consectetur adipiscing elit. Vestibulum ultricies sollicitudin ante nec mattis. Mauris eget ornare nibh. ","link":{"is_external":"","url":""},"section_style_image":"","section_style_content":"","text_align":"left","heading_title":"","title_bottom_space":{"unit":"px","size":14},"title_color":"#000000","title_typography_typography":"custom","title_typography_font_size":{"unit":"px","size":25},"title_typography_font_family":"Vidaloka","title_typography_text_transform":"capitalize","heading_description":"","description_color":"#555555","description_typography_typography":"custom","description_typography_font_size":{"unit":"px","size":"16"},"description_typography_font_family":"Helvetica","description_typography_font_weight":"100","_section_style":"","_margin":{"unit":"px","top":"-100","right":"50","bottom":"0","left":"50","isLinked":false},"_padding":{"unit":"px","top":"50","right":"50","bottom":"50","left":"50","isLinked":true},"_section_background":"","_background_background":"classic","_background_color":"#ffffff","_box_shadow_box_shadow":{"horizontal":-7,"vertical":7,"blur":10,"spread":0,"inset":"","color":"rgba(0,0,0,0.1)"},"_section_responsive":"","responsive_description":"","section_custom_css":"","custom_css_description":"","_margin_mobile":{"unit":"px","top":"-126","right":"0","bottom":"0","left":"0","isLinked":false},"_padding_mobile":{"unit":"px","top":"40","right":"20","bottom":"040","left":"20","isLinked":false},"image_space_mobile":{"unit":"px","size":0},"image_size_mobile":{"unit":"%","size":5},"text_align_tablet":"left","text_align_mobile":"center","title_typography_font_size_tablet":{"unit":"px","size":25},"title_typography_font_size_mobile":{"unit":"px","size":25},"_margin_tablet":{"unit":"px","top":"0","right":"0","bottom":"0","left":"0","isLinked":false},"_padding_tablet":{"unit":"px","top":"40","right":"40","bottom":"40","left":"40","isLinked":true},"_box_shadow_box_shadow_type":"yes","_animation":"fadeInRight","_background_hover_background":"classic","_background_hover_color":"#77c5d8"},"elements":[],"isInner":false,"widgetType":"image-box","elType":"widget"}],"isInner":true,"elType":"column"}],"isInner":true,"elType":"section"},{"id":"76af9f65","settings":{"background_background":"classic","background_color":"#ffffff","padding":{"unit":"px","top":"50","right":"0","bottom":"0","left":"0","isLinked":false},"margin_mobile":{"unit":"px","top":"0","right":0,"bottom":"0","left":0,"isLinked":false}},"elements":[{"id":"563e974a","settings":{"_column_size":100,"_inline_size":null},"elements":[{"id":"679cd0a8","settings":{"title":"founderS","align":"center","title_color":"#60626b","typography_typography":"custom","typography_font_size":{"unit":"px","size":12},"typography_font_family":"Helvetica","typography_text_transform":"uppercase","typography_letter_spacing":{"unit":"px","size":5},"_margin":{"unit":"px","top":"100","right":"0","bottom":"0","left":"0","isLinked":false},"_margin_mobile":{"unit":"px","top":"0","right":"0","bottom":"0","left":"0","isLinked":false}},"elements":[],"isInner":false,"widgetType":"heading","elType":"widget"},{"id":"4cca2963","settings":{"color":"#5cb1cd","width":{"unit":"%","size":16},"align":"center","gap":{"unit":"px","size":2},"width_tablet":{"unit":"%","size":26}},"elements":[],"isInner":false,"widgetType":"divider","elType":"widget"},{"id":"560389e0","settings":{"title":"The visionaries","align":"center","title_color":"#000000","typography_typography":"custom","typography_font_size":{"unit":"px","size":40},"typography_font_family":"Vidaloka","typography_text_transform":"uppercase","_padding":{"unit":"px","top":"0","right":"0","bottom":"0","left":"0","isLinked":false},"typography_font_size_mobile":{"unit":"px","size":25},"typography_font_size_tablet":{"unit":"px","size":35}},"elements":[],"isInner":false,"widgetType":"heading","elType":"widget"}],"isInner":true,"elType":"column"}],"isInner":true,"elType":"section"},{"id":"52310c93","settings":{"structure":"20","background_background":"classic","background_color":"#ffffff","padding":{"unit":"px","top":"100","right":"100","bottom":"0","left":"100","isLinked":false},"padding_tablet":{"unit":"px","top":"40","right":"40","bottom":"40","left":"40","isLinked":true},"padding_mobile":{"unit":"px","top":"20","right":"20","bottom":"20","left":"20","isLinked":true}},"elements":[{"id":"36989096","settings":{"_column_size":50,"_inline_size":38.261,"_inline_size_tablet":30},"elements":[{"id":"6987e68a","settings":{"image":{"id":553,"url":"http:\/\/localhost\/test\/wp-content\/uploads\/2018\/09\/15-3.png"},"align":"left","space":{"unit":"%","size":65},"align_mobile":"center","space_tablet":{"unit":"%","size":90},"space_mobile":{"unit":"%","size":70},"_margin":{"unit":"px","top":"0","right":"0","bottom":"100","left":"0","isLinked":false},"_margin_tablet":{"unit":"px","top":"60","right":"0","bottom":"0","left":"0","isLinked":false},"_margin_mobile":{"unit":"px","top":"0","right":"0","bottom":"0","left":"0","isLinked":true},"_padding_mobile":{"unit":"px","top":"0","right":"0","bottom":"0","left":"0","isLinked":true},"_animation":"fadeInDown"},"elements":[],"isInner":false,"widgetType":"image","elType":"widget"}],"isInner":true,"elType":"column"},{"id":"22424e5d","settings":{"_column_size":50,"_inline_size":75.056,"content_position":"center","box_shadow_box_shadow":{"horizontal":-5,"vertical":5,"blur":5,"spread":0,"color":"rgba(0,0,0,0.07)"},"padding":{"unit":"px","top":"0","right":"0","bottom":"0","left":"0","isLinked":true},"padding_mobile":{"unit":"px","top":"40","right":"0","bottom":"40","left":"0","isLinked":false},"_inline_size_tablet":70,"margin_mobile":{"unit":"px","top":"0","right":"0","bottom":"150","left":"0","isLinked":false}},"elements":[{"id":"3a37ae09","settings":{"section_image":"","image":{"url":"","id":""},"title_text":"Patrick Wilson","description_text":"Lorem ipsum dolor sit amet, consectetur adipiscing elit. Vestibulum ultricies sollicitudin ante nec mattis. Mauris eget ornare nibh. Nam venenatis porta diam scelerisque suscipit. Donec in vehicula ligula. Etiam efficitur quam ex, at consectetur magna porttitor at.\u00a0","link":{"is_external":"","url":""},"section_style_image":"","section_style_content":"","text_align":"left","heading_title":"","title_bottom_space":{"unit":"px","size":14},"title_color":"#000000","title_typography_typography":"custom","title_typography_font_size":{"unit":"px","size":25},"title_typography_font_family":"Vidaloka","title_typography_text_transform":"capitalize","heading_description":"","description_color":"#555555","description_typography_typography":"custom","description_typography_font_size":{"unit":"px","size":"16"},"description_typography_font_family":"Helvetica","description_typography_font_weight":"100","_section_style":"","_margin":{"unit":"px","top":"1","right":"1","bottom":"1","left":"1","isLinked":true},"_padding":{"unit":"px","top":"50","right":"50","bottom":"50","left":"50","isLinked":true},"_section_background":"","_background_background":"classic","_background_color":"#ffffff","_box_shadow_box_shadow":{"horizontal":-7,"vertical":7,"blur":10,"spread":0,"inset":"","color":"rgba(0,0,0,0.1)"},"_section_responsive":"","responsive_description":"","section_custom_css":"","custom_css_description":"","_margin_mobile":{"unit":"px","top":"-22","right":"0","bottom":"0","left":"0","isLinked":false},"_padding_mobile":{"unit":"px","top":"40","right":"20","bottom":"40","left":"20","isLinked":false},"image_space_mobile":{"unit":"px","size":0},"image_size_mobile":{"unit":"%","size":5},"text_align_tablet":"left","text_align_mobile":"center","title_typography_font_size_tablet":{"unit":"px","size":25},"title_typography_font_size_mobile":{"unit":"px","size":25},"_margin_tablet":{"unit":"px","top":"0","right":"0","bottom":"0","left":"0","isLinked":false},"_padding_tablet":{"unit":"px","top":"40","right":"40","bottom":"40","left":"40","isLinked":true},"_box_shadow_box_shadow_type":"yes","position":"left","title_typography_font_weight":"100","_animation":"fadeInRight","_background_hover_background":"classic","_background_hover_color":"#77c5d8"},"elements":[],"isInner":false,"widgetType":"image-box","elType":"widget"}],"isInner":true,"elType":"column"}],"isInner":true,"elType":"section"},{"id":"442781fa","settings":{"structure":"20","background_background":"classic","background_color":"#ffffff","padding":{"unit":"px","top":"0","right":"100","bottom":"100","left":"100","isLinked":false},"margin_mobile":{"unit":"px","top":"0","right":0,"bottom":"0","left":0,"isLinked":true},"padding_tablet":{"unit":"px","top":"40","right":"40","bottom":"40","left":"40","isLinked":true},"padding_mobile":{"unit":"px","top":"0","right":"0","bottom":"0","left":"0","isLinked":true}},"elements":[{"id":"1a2bfdb5","settings":{"_column_size":50,"_inline_size":65.268,"content_position":"center","box_shadow_box_shadow":{"horizontal":-5,"vertical":5,"blur":5,"spread":0,"color":"rgba(0,0,0,0.07)"},"padding_mobile":{"unit":"px","top":"40","right":"20","bottom":"40","left":"20","isLinked":false},"_inline_size_tablet":70,"margin_mobile":{"unit":"px","top":"99","right":"0","bottom":"0","left":"0","isLinked":false}},"elements":[{"id":"ed15914","settings":{"section_image":"","image":{"url":"","id":""},"title_text":"Ewan McGregor","description_text":"Mauris eget ornare nibh. Nam venenatis porta diam scelerisque suscipit. Donec in vehicula ligula. Etiam efficitur quam ex, at consectetur magna porttitor at. Nullam convallis, eros a vulputate tincidunt, mauris lorem tincidunt sem, sed cursus neque sem a est. Nam malesuada ipsum orci, et congue ligula fringilla\u00a0","link":{"is_external":"","url":""},"section_style_image":"","section_style_content":"","text_align":"left","heading_title":"","title_bottom_space":{"unit":"px","size":14},"title_color":"#000000","title_typography_typography":"custom","title_typography_font_size":{"unit":"px","size":25},"title_typography_font_family":"Vidaloka","title_typography_text_transform":"capitalize","heading_description":"","description_color":"#555555","description_typography_typography":"custom","description_typography_font_size":{"unit":"px","size":"16"},"description_typography_font_family":"Helvetica","description_typography_font_weight":"100","_section_style":"","_margin":{"unit":"px","top":"1","right":"1","bottom":"1","left":"1","isLinked":true},"_padding":{"unit":"px","top":"50","right":"50","bottom":"50","left":"50","isLinked":true},"_section_background":"","_background_background":"classic","_background_color":"#ffffff","_box_shadow_box_shadow":{"horizontal":-7,"vertical":7,"blur":10,"spread":0,"inset":"","color":"rgba(0,0,0,0.1)"},"_section_responsive":"","responsive_description":"","section_custom_css":"","custom_css_description":"","_margin_mobile":{"unit":"px","top":"-22","right":"0","bottom":"0","left":"0","isLinked":false},"_padding_mobile":{"unit":"px","top":"40","right":"20","bottom":"40","left":"20","isLinked":false},"image_space_mobile":{"unit":"px","size":0},"image_size_mobile":{"unit":"%","size":5},"text_align_tablet":"left","text_align_mobile":"center","title_typography_font_size_tablet":{"unit":"px","size":25},"title_typography_font_size_mobile":{"unit":"px","size":25},"_margin_tablet":{"unit":"px","top":"0","right":"0","bottom":"0","left":"0","isLinked":true},"_padding_tablet":{"unit":"px","top":"40","right":"40","bottom":"40","left":"40","isLinked":true},"_box_shadow_box_shadow_type":"yes","position":"left","title_typography_font_weight":"100","_animation":"fadeInLeft","_background_hover_background":"classic","_background_hover_color":"#77c5d8"},"elements":[],"isInner":false,"widgetType":"image-box","elType":"widget"}],"isInner":true,"elType":"column"},{"id":"384f3be1","settings":{"_column_size":50,"_inline_size":34.732,"_inline_size_tablet":30,"margin_mobile":{"unit":"px","top":"-800","right":"0","bottom":"0","left":"0","isLinked":false},"padding_mobile":{"unit":"px","top":"0","right":"0","bottom":"0","left":"0","isLinked":true}},"elements":[{"id":"24ab1977","settings":{"image":{"id":554,"url":"http:\/\/localhost\/test\/wp-content\/uploads\/2018\/09\/16-3.png"},"space":{"unit":"%","size":65},"space_tablet":{"unit":"%","size":90},"space_mobile":{"unit":"%","size":70},"_margin":{"unit":"px","top":"100","right":"0","bottom":"0","left":"0","isLinked":false},"_margin_mobile":{"unit":"px","top":"100","right":"0","bottom":"0","left":"0","isLinked":false},"_animation":"fadeInUp"},"elements":[],"isInner":false,"widgetType":"image","elType":"widget"}],"isInner":true,"elType":"column"}],"isInner":true,"elType":"section"}],"isInner":false,"elType":"column"}],"isInner":false,"elType":"section"},{"id":"4dad8b67","settings":{"height":"min-height","custom_height":{"unit":"px","size":300},"background_background":"classic","background_color":"#ffffff","padding_mobile":{"unit":"px","top":"0","right":"50","bottom":"0","left":"50","isLinked":false},"layout":"full_width","content_width":{"unit":"px","size":1300}},"elements":[{"id":"f4572f4","settings":{"_column_size":100,"_inline_size":null},"elements":[{"id":"4632ba2","settings":{"slides":[{"image":{"id":556,"url":"http:\/\/localhost\/test\/wp-content\/uploads\/2018\/09\/x.venox_-1.png"},"_id":"k93yn26","type":"image","image_link_to_type":"","image_link_to":{"url":"","is_external":"","nofollow":""},"video":{"url":"","is_external":"","nofollow":""}},{"image":{"id":"318","url":"http:\/\/localhost\/test\/wp-content\/uploads\/2018\/09\/quest-1.png"},"_id":"pf03xkw","type":"image","image_link_to_type":"","image_link_to":{"url":"","is_external":"","nofollow":""},"video":{"url":"","is_external":"","nofollow":""}},{"image":{"id":"323","url":"http:\/\/localhost\/test\/wp-content\/uploads\/2018\/09\/FIFTHFLOUR.png"},"_id":"3y5hroo","type":"image","image_link_to_type":"","image_link_to":{"url":"","is_external":"","nofollow":""},"video":{"url":"","is_external":"","nofollow":""}},{"image":{"id":"321","url":"http:\/\/localhost\/test\/wp-content\/uploads\/2018\/09\/zusman-1-1.png"},"_id":"ewgxkuu","type":"image","image_link_to_type":"","image_link_to":{"url":"","is_external":"","nofollow":""},"video":{"url":"","is_external":"","nofollow":""}},{"image":{"id":"317","url":"http:\/\/localhost\/test\/wp-content\/uploads\/2018\/09\/madrin-1-2.png"},"_id":"jfjo639","type":"image","image_link_to_type":"","image_link_to":{"url":"","is_external":"","nofollow":""},"video":{"url":"","is_external":"","nofollow":""}},{"type":"image","image":{"id":"320","url":"http:\/\/localhost\/test\/wp-content\/uploads\/2018\/09\/ARMOND-1.png"},"image_link_to_type":"","image_link_to":{"url":"","is_external":"","nofollow":""},"video":{"url":"","is_external":"","nofollow":""},"_id":"0z795kp"},{"type":"image","image":{"id":"324","url":"http:\/\/localhost\/test\/wp-content\/uploads\/2018\/09\/geo-1-2.png"},"image_link_to_type":"","image_link_to":{"url":"","is_external":"","nofollow":""},"video":{"url":"","is_external":"","nofollow":""},"_id":"ho924qt"}],"slides_per_view":"5","width":{"unit":"%","size":80},"image_size_size":"custom","image_size_custom_dimension":{"width":"180","height":"120"},"image_fit":"auto","slides_per_view_tablet":"3","space_between_tablet":{"unit":"px","size":50}},"elements":[],"isInner":false,"widgetType":"media-carousel","elType":"widget"}],"isInner":false,"elType":"column"}],"isInner":false,"elType":"section"}]}