{"version":"0.4","title":"Popup19","type":"popup","content":[{"id":"2c17ad5f","settings":{"custom_height":{"unit":"px","size":""},"content_position":"middle","structure":"40","background_background":"classic","background_color":"#ffffff","border_border":"solid","border_width":{"unit":"px","top":"5","right":"5","bottom":"5","left":"5","isLinked":true},"border_color":"#000000","padding":{"unit":"px","top":"10","right":"10","bottom":"10","left":"10","isLinked":false},"padding_mobile":{"unit":"px","top":"0","right":"0","bottom":"0","left":"0","isLinked":false},"_timestamp_":"v1S2hPVjBxQm0zZVduWWZGcGZ3V0k5dz09"},"elements":[{"id":"21d7ba60","settings":{"_column_size":25,"_inline_size":10.965,"_inline_size_tablet":9,"_inline_size_mobile":20},"elements":[{"id":"16280213","settings":{"image":{"id":70,"url":"http:\/\/localhost\/dieuhau\/wp-content\/uploads\/2019\/07\/Addvertise_icon.png"},"align":"center","width":{"unit":"px","size":70},"width_mobile":{"unit":"px","size":60},"width_tablet":{"unit":"px","size":50},"_margin":{"unit":"px","top":"0","right":"0","bottom":"0","left":"0","isLinked":false},"_margin_tablet":{"unit":"px","top":"0","right":"0","bottom":"0","left":"0","isLinked":true},"_padding_tablet":{"unit":"px","top":"0","right":"0","bottom":"0","left":"0","isLinked":false},"_background_background":"classic","_background_color":"#ffffff","_border_width":{"unit":"px","top":"5","right":"5","bottom":"5","left":"5","isLinked":true},"_animation":"slideInLeft","_animation_delay":850},"elements":[],"isInner":false,"widgetType":"image","elType":"widget"}],"isInner":false,"elType":"column"},{"id":"6da994ad","settings":{"_column_size":25,"_inline_size":45.351,"_inline_size_tablet":42,"margin":{"unit":"px","top":"0","right":"0","bottom":"0","left":"0","isLinked":true},"padding":{"unit":"px","top":"0","right":"20","bottom":"0","left":"30","isLinked":false},"margin_tablet":{"unit":"px","top":"0","right":"0","bottom":"0","left":"0","isLinked":false},"padding_tablet":{"unit":"px","top":"0","right":"20","bottom":"0","left":"20","isLinked":false},"_inline_size_mobile":80},"elements":[{"id":"5754a95","settings":{"title":"MegaphoNews - Closer Than Ever\n","header_size":"span","align":"left","align_mobile":"left","title_color":"#000000","typography_typography":"custom","typography_font_family":"Montserrat","typography_font_size":{"unit":"px","size":25},"typography_font_size_tablet":{"unit":"px","size":20},"typography_font_size_mobile":{"unit":"px","size":23},"typography_line_height_tablet":{"unit":"em","size":1.3},"typography_line_height":{"unit":"em","size":1.4},"_margin":{"unit":"px","top":"0","right":"0","bottom":"0","left":"0","isLinked":false},"_margin_mobile":{"unit":"px","top":"10","right":"0","bottom":"10","left":"0","isLinked":false}},"elements":[],"isInner":false,"widgetType":"heading","elType":"widget"},{"id":"2e032aba","settings":{"editor":"<p>The leading news agency comes to your smartphone.\u00a0 Download now.<\/p>","align_mobile":"left","typography_typography":"custom","typography_font_family":"Montserrat","_margin":{"unit":"px","top":"-15","right":"0","bottom":"0","left":"0","isLinked":false},"_margin_mobile":{"unit":"px","top":"0","right":"0","bottom":"0","left":"0","isLinked":false},"_padding_mobile":{"unit":"px","top":"0","right":"0","bottom":"0","left":"0","isLinked":true},"typography_font_size_tablet":{"unit":"px","size":10},"typography_font_size_mobile":{"unit":"px","size":11}},"elements":[],"isInner":false,"widgetType":"text-editor","elType":"widget"}],"isInner":false,"elType":"column"},{"id":"514ec8ac","settings":{"_column_size":25,"_inline_size":22.105,"_inline_size_tablet":24,"_inline_size_mobile":50},"elements":[{"id":"36499480","settings":{"text":"google play","align":"justify","align_tablet":"justify","size":"md","typography_typography":"custom","typography_font_family":"Montserrat","button_text_color":"#ffffff","background_color":"#000000","hover_color":"#000000","button_background_hover_color":"#d8d8d8","border_radius":{"unit":"px","top":"0","right":"0","bottom":"0","left":"0","isLinked":true},"typography_font_size_mobile":{"unit":"px","size":16}},"elements":[],"isInner":false,"widgetType":"button","elType":"widget"}],"isInner":false,"elType":"column"},{"id":"5f98d4ca","settings":{"_column_size":25,"_inline_size":21.579,"_inline_size_tablet":24,"_inline_size_mobile":50},"elements":[{"id":"61229874","settings":{"text":"app store","align":"justify","align_tablet":"justify","size":"md","typography_typography":"custom","typography_font_family":"Montserrat","button_text_color":"#ffffff","background_color":"#000000","hover_color":"#000000","button_background_hover_color":"#d8d8d8","border_radius":{"unit":"px","top":"0","right":"0","bottom":"0","left":"0","isLinked":true}},"elements":[],"isInner":false,"widgetType":"button","elType":"widget"}],"isInner":false,"elType":"column"}],"isInner":false,"elType":"section"}]}