{"version":"0.4","title":"Popup16","type":"popup","content":[{"id":"41730f83","settings":{"gap":"no","content_position":"bottom","structure":"30","background_background":"classic","background_image":{"id":61,"url":"http:\/\/localhost\/dieuhau\/wp-content\/uploads\/2019\/07\/s.png"},"background_position":"bottom center","background_repeat":"no-repeat","background_size":"auto","background_size_mobile":"cover","reverse_order_mobile":"reverse-mobile","custom_height":{"unit":"px","size":0},"_timestamp_":"v1S2hPVjBxQm0zZVduWWZGcGZ3V0k5dz09"},"elements":[{"id":"d4fba7a","settings":{"_column_size":33,"_inline_size":29.854,"content_position":"bottom","_inline_size_tablet":30},"elements":[{"id":"5d2db78b","settings":{"image":{"id":60,"url":"http:\/\/localhost\/dieuhau\/wp-content\/uploads\/2019\/07\/tro.png"},"image_size":"full","width":{"unit":"px","size":519},"_padding_mobile":{"unit":"px","top":"15","right":"0","bottom":"0","left":"0","isLinked":false},"_animation":"slideInUp","_animation_delay":600},"elements":[],"isInner":false,"widgetType":"image","elType":"widget"}],"isInner":false,"elType":"column"},{"id":"720f6c67","settings":{"_column_size":33,"_inline_size":32.778,"content_position":"bottom","padding":{"unit":"px","top":"0","right":"0","bottom":"50","left":"0","isLinked":false},"padding_tablet":{"unit":"px","top":"0","right":"0","bottom":"20","left":"15","isLinked":false},"_inline_size_tablet":30},"elements":[{"id":"3c4cae87","settings":{"title":"get in touch with us.","title_color":"#000000","typography_typography":"custom","typography_font_size":{"unit":"px","size":37},"align":"left","typography_font_family":"Bungee Shade","typography_font_size_mobile":{"unit":"px","size":36},"text_shadow_text_shadow_type":"yes","text_shadow_text_shadow":{"horizontal":4,"vertical":4,"blur":100,"color":"#ffc300"},"_padding_mobile":{"unit":"px","top":"0","right":"0","bottom":"0","left":"0","isLinked":false},"hide_mobile":"hidden-phone"},"elements":[],"isInner":false,"widgetType":"heading","elType":"widget"}],"isInner":false,"elType":"column"},{"id":"141290af","settings":{"_column_size":33,"_inline_size":37.364,"content_position":"bottom","padding_tablet":{"unit":"px","top":"0","right":"10","bottom":"14","left":"10","isLinked":false},"padding":{"unit":"px","top":"0","right":"0","bottom":"27","left":"0","isLinked":false}},"elements":[{"id":"4d61996c","settings":{"title":"get in touch with us.","title_color":"#000000","typography_typography":"custom","typography_font_size":{"unit":"px","size":32},"_padding_mobile":{"unit":"px","top":"25","right":"0","bottom":"0","left":"17","isLinked":false},"hide_desktop":"hidden-desktop","hide_tablet":"hidden-tablet","align":"left","typography_font_family":"Bungee Shade","typography_font_size_mobile":{"unit":"px","size":33},"text_shadow_text_shadow_type":"yes","text_shadow_text_shadow":{"horizontal":4,"vertical":4,"blur":100,"color":"#ffc300"}},"elements":[],"isInner":false,"widgetType":"heading","elType":"widget"},{"id":"10b766b5","settings":{"form_name":"New Form","form_fields":[{"_id":"name","field_type":"text","field_label":"Name","placeholder":"Name","width":"50","required":"","min_date":"","max_date":"","field_options":"","allow_multiple":"","select_size":"","inline_list":"","field_html":"","width_tablet":"","width_mobile":"","rows":4,"recaptcha_size":"normal","recaptcha_style":"light","css_classes":"","field_value":"","file_sizes":"","file_types":"","allow_multiple_upload":"","max_files":"","acceptance_text":"","checked_by_default":"","field_min":"","field_max":"","use_native_date":"","use_native_time":"","recaptcha_badge":"bottomright","custom_id":""},{"_id":"email","field_type":"email","required":"true","field_label":"Email","placeholder":"Email","width":"50","min_date":"","max_date":"","field_options":"","allow_multiple":"","select_size":"","inline_list":"","field_html":"","width_tablet":"","width_mobile":"","rows":4,"recaptcha_size":"normal","recaptcha_style":"light","css_classes":"","field_value":"","file_sizes":"","file_types":"","allow_multiple_upload":"","max_files":"","acceptance_text":"","checked_by_default":"","field_min":"","field_max":"","use_native_date":"","use_native_time":"","recaptcha_badge":"bottomright","custom_id":""},{"_id":"message","field_type":"tel","field_label":"Phone","placeholder":"Phone","width":"50","required":"","min_date":"","max_date":"","field_options":"","allow_multiple":"","select_size":"","inline_list":"","field_html":"","width_tablet":"","width_mobile":"","rows":4,"recaptcha_size":"normal","recaptcha_style":"light","css_classes":"","field_value":"","file_sizes":"","file_types":"","allow_multiple_upload":"","max_files":"","acceptance_text":"","checked_by_default":"","field_min":"","field_max":"","use_native_date":"","use_native_time":"","recaptcha_badge":"bottomright","custom_id":""}],"show_labels":"","button_text":"Send","button_width":"50","email_content":"[all-fields]","email_content_2":"[all-fields]","success_message":"The form was sent successfully.","error_message":"An error occured.","required_field_message":"This field is required.","invalid_message":"There's something wrong. The form is invalid.","field_border_width":{"unit":"px","top":"0","right":"0","bottom":"0","left":"0","isLinked":true},"field_border_radius":{"unit":"px","top":"66","right":"66","bottom":"66","left":"66","isLinked":true},"button_background_color":"#dd0200","button_border_radius":{"unit":"px","top":"102","right":"102","bottom":"102","left":"102","isLinked":true},"_margin_mobile":{"unit":"px","top":"0","right":"0","bottom":"0","left":"0","isLinked":false},"_padding":{"unit":"px","top":"50","right":"0","bottom":"8","left":"0","isLinked":false},"_padding_mobile":{"unit":"px","top":"0","right":"15","bottom":"0","left":"15","isLinked":false},"button_background_hover_color":"#000000"},"elements":[],"isInner":false,"widgetType":"form","elType":"widget"}],"isInner":false,"elType":"column"}],"isInner":false,"elType":"section"}]}