{"version":"0.4","title":"Popup10","type":"popup","content":[{"id":"20bfd79f","settings":{"_timestamp_":"v1S2hPVjBxQm0zZVduWWZGcGZ3V0k5dz09"},"elements":[{"id":"40e4c0bd","settings":{"_column_size":100,"padding":{"unit":"px","top":"0","right":"50","bottom":"0","left":"50","isLinked":false}},"elements":[{"id":"4cb7b2d7","settings":{"image":{"id":42,"url":"http:\/\/localhost\/dieuhau\/wp-content\/uploads\/2019\/07\/Wine-Bottle.png"},"image_size":"full","width":{"unit":"%","size":9},"width_mobile":{"unit":"px","size":40}},"elements":[],"isInner":false,"widgetType":"image","elType":"widget"},{"id":"26f6b53b","settings":{"title":"become part of our","align":"center","title_color":"#ffffff","typography_typography":"custom","typography_font_size":{"unit":"px","size":23},"typography_font_weight":"300","typography_text_transform":"uppercase","_z_index":2},"elements":[],"isInner":false,"widgetType":"heading","elType":"widget"},{"id":"5a58799","settings":{"title":"vision","align":"center","title_color":"#edcd00","typography_typography":"custom","typography_font_family":"Amita","typography_font_size":{"unit":"px","size":61},"typography_font_weight":"400","typography_text_transform":"uppercase","text_shadow_text_shadow_type":"yes","text_shadow_text_shadow":{"horizontal":0,"vertical":0,"blur":21,"color":"rgba(0,0,0,0.3)"},"_margin":{"unit":"px","top":"-20","right":"0","bottom":"0","left":"0","isLinked":false},"_z_index":2},"elements":[],"isInner":false,"widgetType":"heading","elType":"widget"},{"id":"7f1ae335","settings":{"color":"#ffffff","width":{"unit":"%","size":30},"align":"center"},"elements":[],"isInner":false,"widgetType":"divider","elType":"widget"},{"id":"457eec6f","settings":{"title":"Talk To Us & We\u2019ll Talk To You!","align":"center","title_color":"#ffffff","typography_typography":"custom","typography_font_size":{"unit":"px","size":17},"typography_font_weight":"300","typography_text_transform":"uppercase","_z_index":2,"typography_font_size_mobile":{"unit":"px","size":14}},"elements":[],"isInner":false,"widgetType":"heading","elType":"widget"},{"id":"6bcd3723","settings":{"form_name":"New Form","form_fields":[{"_id":"name","field_type":"text","field_label":"Name","placeholder":"Name","width":"100","required":"","min_date":"","max_date":"","field_options":"","allow_multiple":"","select_size":"","inline_list":"","field_html":"","width_tablet":"","width_mobile":"","rows":4,"recaptcha_size":"normal","recaptcha_style":"light","css_classes":"","field_value":"","file_sizes":"","file_types":"","allow_multiple_upload":"","max_files":"","acceptance_text":"","checked_by_default":"","field_min":"","field_max":"","use_native_date":"","use_native_time":"","recaptcha_badge":"bottomright","custom_id":""},{"_id":"email","field_type":"email","required":"true","field_label":"Email","placeholder":"Email","width":"100","min_date":"","max_date":"","field_options":"","allow_multiple":"","select_size":"","inline_list":"","field_html":"","width_tablet":"","width_mobile":"","rows":4,"recaptcha_size":"normal","recaptcha_style":"light","css_classes":"","field_value":"","file_sizes":"","file_types":"","allow_multiple_upload":"","max_files":"","acceptance_text":"","checked_by_default":"","field_min":"","field_max":"","use_native_date":"","use_native_time":"","recaptcha_badge":"bottomright","custom_id":""}],"button_text":"Send","email_content":"[all-fields]","email_content_2":"[all-fields]","success_message":"The form was sent successfully.","error_message":"An error occured.","required_field_message":"This field is required.","invalid_message":"There's something wrong. The form is invalid.","show_labels":"","button_background_color":"#962546","button_hover_animation":"sink"},"elements":[],"isInner":false,"widgetType":"form","elType":"widget"}],"isInner":false,"elType":"column"}],"isInner":false,"elType":"section"}]}