{"version":"0.4","title":"Popup24","type":"popup","content":[{"id":"537e0345","settings":{"layout":"full_width","gap":"no","structure":"20","height":"min-height","custom_height":{"unit":"vh","size":100},"column_position":"stretch","content_position":"middle","background_background":"gradient","background_color":"rgba(0,63,255,0.7)","background_color_b":"rgba(0,0,0,0.54)","margin_mobile":{"unit":"px","top":"","right":0,"bottom":"","left":0,"isLinked":true},"reverse_order_mobile":"reverse-mobile","_timestamp_":"v1S2hPVjBxQm0zZVduWWZGcGZ3V0k5dz09"},"elements":[{"id":"701c4a0c","settings":{"_column_size":50,"_inline_size":null,"background_background":"classic","background_overlay_color":"rgba(0,0,0,0.93)","background_overlay_color_b":"rgba(0,63,255,0.82)","_inline_size_tablet":100,"background_color":"rgba(255,255,255,0.5)","background_image":{"id":85,"url":"http:\/\/localhost\/dieuhau\/wp-content\/uploads\/2019\/07\/headphones-hero.jpg"},"background_position":"center center","background_size_tablet":"cover"},"elements":[{"id":"156c83d6","settings":[],"elements":[],"isInner":false,"widgetType":"spacer","elType":"widget"}],"isInner":false,"elType":"column"},{"id":"7d00495d","settings":{"_column_size":50,"_inline_size":null,"background_overlay_color":"rgba(0,0,0,0.93)","background_overlay_color_b":"rgba(0,63,255,0.82)","_inline_size_tablet":100,"background_color":"rgba(255,255,255,0.5)"},"elements":[{"id":"53dd74a6","settings":{"title":"we want to<br>hear from you!","align":"center","title_color":"#ffffff","typography_typography":"custom","typography_font_size":{"unit":"px","size":50},"typography_font_weight":"400","typography_text_transform":"capitalize","typography_font_family":"Maven Pro","typography_font_size_mobile":{"unit":"px","size":37}},"elements":[],"isInner":false,"widgetType":"heading","elType":"widget"},{"id":"53aa37e1","settings":{"content_width":{"unit":"px","size":400},"padding_mobile":{"unit":"px","top":"0","right":"25","bottom":"0","left":"25","isLinked":false}},"elements":[{"id":"3020dbd5","settings":{"_column_size":100,"_inline_size":null},"elements":[{"id":"255c4f74","settings":{"form_name":"New Form","form_fields":[{"_id":"name","field_type":"text","field_label":"Name","placeholder":"Name","width":"100","required":"","min_date":"","max_date":"","field_options":"","allow_multiple":"","select_size":"","inline_list":"","field_html":"","width_tablet":"","width_mobile":"","rows":4,"recaptcha_size":"normal","recaptcha_style":"light","css_classes":"","field_value":"","file_sizes":"","file_types":"","allow_multiple_upload":"","max_files":"","acceptance_text":"","checked_by_default":"","field_min":"","field_max":"","use_native_date":"","use_native_time":"","recaptcha_badge":"bottomright","custom_id":""},{"_id":"email","field_type":"email","required":"true","field_label":"Email","placeholder":"Email","width":"100","min_date":"","max_date":"","field_options":"","allow_multiple":"","select_size":"","inline_list":"","field_html":"","width_tablet":"","width_mobile":"","rows":4,"recaptcha_size":"normal","recaptcha_style":"light","css_classes":"","field_value":"","file_sizes":"","file_types":"","allow_multiple_upload":"","max_files":"","acceptance_text":"","checked_by_default":"","field_min":"","field_max":"","use_native_date":"","use_native_time":"","recaptcha_badge":"bottomright","custom_id":""},{"_id":"message","field_type":"tel","field_label":"Phone","placeholder":"Phone","width":"100","required":"","min_date":"","max_date":"","field_options":"","allow_multiple":"","select_size":"","inline_list":"","field_html":"","width_tablet":"","width_mobile":"","rows":4,"recaptcha_size":"normal","recaptcha_style":"light","css_classes":"","field_value":"","file_sizes":"","file_types":"","allow_multiple_upload":"","max_files":"","acceptance_text":"","checked_by_default":"","field_min":"","field_max":"","use_native_date":"","use_native_time":"","recaptcha_badge":"bottomright","custom_id":""}],"show_labels":"","button_text":"Send","email_content":"[all-fields]","email_content_2":"[all-fields]","success_message":"The form was sent successfully.","error_message":"An error occured.","required_field_message":"This field is required.","invalid_message":"There's something wrong. The form is invalid.","button_background_color":"#f9ed09","button_typography_typography":"custom","button_typography_text_transform":"uppercase","button_text_color":"#000000"},"elements":[],"isInner":false,"widgetType":"form","elType":"widget"}],"isInner":true,"elType":"column"}],"isInner":true,"elType":"section"}],"isInner":false,"elType":"column"}],"isInner":false,"elType":"section"}]}