{"version":"0.4","title":"Popup20","type":"popup","content":[{"id":"4a0a8318","settings":{"content_position":"middle","structure":"30","content_width":{"unit":"px","size":1200},"margin_mobile":{"unit":"px","top":"0","right":0,"bottom":"0","left":0,"isLinked":false},"padding_mobile":{"unit":"px","top":"0","right":"0","bottom":"0","left":"0","isLinked":false},"_timestamp_":"v1S2hPVjBxQm0zZVduWWZGcGZ3V0k5dz09"},"elements":[{"id":"19899b8c","settings":{"_column_size":33,"_inline_size":26.866,"_inline_size_mobile":20,"_inline_size_tablet":20,"content_position":"top","space_between_widgets":10},"elements":[{"id":"3edc7e72","settings":{"image":{"id":73,"url":null},"image_size":"full","align":"left","width":{"unit":"px","size":286},"width_tablet":{"unit":"px","size":111}},"elements":[],"isInner":false,"widgetType":"image","elType":"widget"}],"isInner":false,"elType":"column"},{"id":"5a7977be","settings":{"_column_size":33,"_inline_size":39.798,"_inline_size_mobile":80,"_inline_size_tablet":40,"content_position":"center","space_between_widgets":10},"elements":[{"id":"693957e8","settings":{"title":"ARE YOU IN?","title_color":"#ffffff","typography_typography":"custom","typography_font_size":{"unit":"px","size":28},"typography_letter_spacing":{"unit":"px","size":4.5},"typography_letter_spacing_mobile":{"unit":"px","size":1.2},"typography_font_family":"Cherry Cream Soda","_margin":{"unit":"px","top":"0","right":"0","bottom":"-12","left":"0","isLinked":false},"_margin_mobile":{"unit":"px","top":"0","right":"0","bottom":"0","left":"0","isLinked":false},"_padding":{"unit":"px","top":"13","right":"0","bottom":"0","left":"0","isLinked":false},"_padding_mobile":{"unit":"px","top":"0","right":"0","bottom":"0","left":"0","isLinked":false}},"elements":[],"isInner":false,"widgetType":"heading","elType":"widget"},{"id":"38504bef","settings":{"editor":"<p>40,000+ subscribers already enjoy our premium stuff.<\/p>","typography_typography":"custom","typography_font_size":{"unit":"px","size":16},"_margin":{"unit":"px","top":"0","right":"0","bottom":"0","left":"0","isLinked":false},"text_color":"#ffffff"},"elements":[],"isInner":false,"widgetType":"text-editor","elType":"widget"}],"isInner":false,"elType":"column"},{"id":"72064d6c","settings":{"_column_size":33,"_inline_size":null,"margin_mobile":{"unit":"px","top":"-10","right":"0","bottom":"1","left":"0","isLinked":false},"_inline_size_tablet":40},"elements":[{"id":"53cbebe3","settings":{"form_name":"New Form","form_fields":[{"field_type":"email","field_label":"Email","placeholder":"Email","required":"true","min_date":"","max_date":"","field_options":"","allow_multiple":"","select_size":"","inline_list":"","field_html":"","width":"66","width_tablet":"","width_mobile":"66","rows":4,"recaptcha_size":"normal","recaptcha_style":"light","css_classes":"","field_value":"","_id":"1a3ef26","file_sizes":"","file_types":"","allow_multiple_upload":"","max_files":"","acceptance_text":"","checked_by_default":"","field_min":"","field_max":"","use_native_date":"","use_native_time":"","recaptcha_badge":"bottomright","custom_id":""}],"input_size":"md","show_labels":"","button_text":"Send","button_size":"md","button_width":"33","button_width_mobile":"33","button_align":"start","email_content":"[all-fields]","email_content_2":"[all-fields]","success_message":"The form was sent successfully.","error_message":"An error occured.","required_field_message":"This field is required.","invalid_message":"There's something wrong. The form is invalid.","column_gap":{"unit":"px","size":0},"row_gap":{"unit":"px","size":4},"label_color":"#0c0c0c","field_border_color":"#ffffff","field_border_width":{"unit":"px","top":"1","right":"0","bottom":"1","left":"1","isLinked":false},"field_border_radius":{"unit":"px","top":"0","right":"0","bottom":"0","left":"0","isLinked":true},"button_background_color":"#fff177","button_border_width":{"unit":"px","top":"1","right":"1","bottom":"1","left":"0","isLinked":false},"button_border_radius":{"unit":"px","top":"0","right":"0","bottom":"0","left":"0","isLinked":true},"button_background_hover_color":"#000000","button_text_color":"#000000","button_typography_typography":"custom","button_typography_font_weight":"400","button_typography_text_transform":"uppercase","button_hover_color":"#ffffff"},"elements":[],"isInner":false,"widgetType":"form","elType":"widget"}],"isInner":false,"elType":"column"}],"isInner":false,"elType":"section"}]}