{"version":"0.4","title":"Popup31","type":"popup","content":[{"id":"247be5e","settings":{"height":"min-height","custom_height":{"unit":"px","size":550},"column_position":"stretch","content_position":"middle","structure":"20","_timestamp_":"v1S2hPVjBxQm0zZVduWWZGcGZ3V0k5dz09"},"elements":[{"id":"4b11a1c7","settings":{"_column_size":50,"_inline_size":null,"background_background":"classic","background_image":{"id":101,"url":"http:\/\/localhost\/dieuhau\/wp-content\/uploads\/2019\/07\/lipstick.png"},"background_position":"center center","background_size":"cover","animation":"slideInLeft","animation_delay":200},"elements":[{"id":"6297f23f","settings":{"space_mobile":{"unit":"px","size":349}},"elements":[],"isInner":false,"widgetType":"spacer","elType":"widget"}],"isInner":false,"elType":"column"},{"id":"218d773a","settings":{"_column_size":50,"_inline_size":null,"content_position":"top","padding":{"unit":"px","top":"0","right":"50","bottom":"0","left":"50","isLinked":false}},"elements":[{"id":"106a5faa","settings":{"title":"bl<span style=\"color:#FEF102;\">ing<\/span><br>it up","title_color":"#000000","typography_typography":"custom","typography_font_family":"Oswald","typography_font_size":{"unit":"px","size":100},"typography_font_weight":"900","typography_text_transform":"uppercase","_margin":{"unit":"px","top":"0","right":"0","bottom":"0","left":"-142","isLinked":false},"_margin_mobile":{"unit":"px","top":"-252","right":"0","bottom":"0","left":"-37","isLinked":false}},"elements":[],"isInner":false,"widgetType":"heading","elType":"widget"},{"id":"70b17719","settings":{"_margin":{"unit":"px","top":"50","right":"0","bottom":"0","left":"0","isLinked":false},"_margin_mobile":{"unit":"px","top":"77","right":"0","bottom":"0","left":"0","isLinked":false}},"elements":[],"isInner":false,"widgetType":"text-editor","elType":"widget"},{"id":"44dec5ca","settings":{"form_name":"New Form","form_fields":[{"_id":"email","field_type":"email","required":"true","field_label":"Email","placeholder":"Your Email","width":"100","min_date":"","max_date":"","field_options":"","allow_multiple":"","select_size":"","inline_list":"","field_html":"","width_tablet":"","width_mobile":"","rows":4,"recaptcha_size":"normal","recaptcha_style":"light","css_classes":"","field_value":"","file_sizes":"","file_types":"","allow_multiple_upload":"","max_files":"","acceptance_text":"","checked_by_default":"","field_min":"","field_max":"","use_native_date":"","use_native_time":"","recaptcha_badge":"bottomright","custom_id":""}],"show_labels":"","button_text":"Send","email_content":"[all-fields]","email_content_2":"[all-fields]","success_message":"The form was sent successfully.","error_message":"An error occured.","required_field_message":"This field is required.","invalid_message":"There's something wrong. The form is invalid.","button_background_color":"#000000","button_hover_animation":"sink"},"elements":[],"isInner":false,"widgetType":"form","elType":"widget"}],"isInner":false,"elType":"column"}],"isInner":false,"elType":"section"}]}