{"version":"0.4","title":"Popup4","type":"popup","content":[{"id":"11d78ec7","settings":{"gap":"no","height":"min-height","custom_height":{"unit":"px","size":510},"custom_height_mobile":{"unit":"px","size":263},"column_position":"top","background_background":"classic","background_image":{"id":"17","url":"http:\/\/localhost\/dieuhau\/wp-content\/uploads\/2019\/07\/cactus.png"},"background_position":"bottom center","background_size":"cover","_timestamp_":"v1S2hPVjBxQm0zZVduWWZGcGZ3V0k5dz09"},"elements":[{"id":"3410d6bb","settings":{"_column_size":100,"background_background":"classic"},"elements":[{"id":"41f2a4d4","settings":{"title":"engage","align":"center","title_color":"#000000","typography_typography":"custom","typography_font_family":"Oswald","typography_font_size":{"unit":"px","size":83},"typography_font_size_mobile":{"unit":"px","size":53},"typography_font_weight":"900","typography_text_transform":"uppercase","_margin":{"unit":"px","top":"37","right":"0","bottom":"0","left":"0","isLinked":false},"_margin_mobile":{"unit":"px","top":"15","right":"0","bottom":"0","left":"0","isLinked":false}},"elements":[],"isInner":false,"widgetType":"heading","elType":"widget"}],"isInner":false,"elType":"column"}],"isInner":false,"elType":"section"},{"id":"437f297e","settings":{"background_background":"classic","background_color":"#000000","padding":{"unit":"px","top":"30","right":"45","bottom":"30","left":"45","isLinked":false},"padding_mobile":{"unit":"px","top":"20","right":"10","bottom":"20","left":"10","isLinked":false},"_timestamp_":"v1S2hPVjBxQm0zZVduWWZGcGZ3V0k5dz09"},"elements":[{"id":"2ceefb30","settings":{"_column_size":100},"elements":[{"id":"2574745d","settings":{"title":"Get the coolest tips and tricks today","align":"center","title_color":"#ffffff","typography_typography":"custom","typography_font_family":"Helvetica","typography_font_size":{"unit":"px","size":21},"typography_text_transform":"uppercase"},"elements":[],"isInner":false,"widgetType":"heading","elType":"widget"},{"id":"69e7a326","settings":{"editor":"This ebook will change everything you ever thought about relationships and attachment. Find the secret to connecting better and faster","align":"center","typography_typography":"custom","typography_font_size":{"unit":"px","size":15},"typography_font_size_mobile":{"unit":"px","size":12}},"elements":[],"isInner":false,"widgetType":"text-editor","elType":"widget"},{"id":"214a6f62","settings":{"form_name":"New Form","form_fields":[{"_id":"email","field_type":"email","required":"true","field_label":"Email","placeholder":"Your Email","width":"60","min_date":"","max_date":"","field_options":"","allow_multiple":"","select_size":"","inline_list":"","field_html":"","width_tablet":"","width_mobile":"","rows":4,"recaptcha_size":"normal","recaptcha_style":"light","css_classes":"","field_value":"","file_sizes":"","file_types":"","allow_multiple_upload":"","max_files":"","acceptance_text":"","checked_by_default":"","field_min":"","field_max":"","use_native_date":"","use_native_time":"","recaptcha_badge":"bottomright","custom_id":""}],"show_labels":"","button_text":"download now!","button_width":"40","email_content":"[all-fields]","email_content_2":"[all-fields]","success_message":"The form was sent successfully.","error_message":"An error occured.","required_field_message":"This field is required.","invalid_message":"There's something wrong. The form is invalid.","field_border_radius":{"unit":"px","top":"0","right":"0","bottom":"0","left":"0","isLinked":true},"button_typography_typography":"custom","button_typography_text_transform":"uppercase","button_typography_letter_spacing":{"unit":"px","size":2.3},"button_border_radius":{"unit":"px","top":"0","right":"0","bottom":"0","left":"0","isLinked":true},"button_background_hover_color":"#f99a34"},"elements":[],"isInner":false,"widgetType":"form","elType":"widget"}],"isInner":false,"elType":"column"}],"isInner":false,"elType":"section"}]}