{"version":"0.4","title":"Popup8","type":"popup","content":[{"id":"46d855bc","settings":{"structure":"20","_timestamp_":"v1S2hPVjBxQm0zZVduWWZGcGZ3V0k5dz09"},"elements":[{"id":"301ad105","settings":{"_column_size":50,"_inline_size":null,"content_position":"center","padding":{"unit":"%","top":"0","right":"15","bottom":"0","left":"10","isLinked":false},"z_index":2},"elements":[{"id":"4bdf08fe","settings":{"title":"connect","title_color":"#000000","typography_typography":"custom","typography_font_size":{"unit":"px","size":58},"typography_font_weight":"400","typography_text_transform":"uppercase","typography_font_family":"Helvetica"},"elements":[],"isInner":false,"widgetType":"heading","elType":"widget"},{"id":"6a14a961","settings":{"title":"we'd love to have your feedback on your experience so far","title_color":"#000000","typography_typography":"custom","typography_font_size":{"unit":"px","size":13},"typography_font_size_mobile":{"unit":"px","size":15},"typography_font_weight":"400"},"elements":[],"isInner":false,"widgetType":"heading","elType":"widget"},{"id":"39aa4c50","settings":{"form_name":"New Form","form_fields":[{"_id":"message","field_type":"textarea","field_label":"Message","placeholder":"Your feedback","width":"100","required":"","min_date":"","max_date":"","field_options":"","allow_multiple":"","select_size":"","inline_list":"","field_html":"","width_tablet":"","width_mobile":"","rows":4,"recaptcha_size":"normal","recaptcha_style":"light","css_classes":"","field_value":"","file_sizes":"","file_types":"","allow_multiple_upload":"","max_files":"","acceptance_text":"","checked_by_default":"","field_min":"","field_max":"","use_native_date":"","use_native_time":"","recaptcha_badge":"bottomright","custom_id":""},{"_id":"field_1","field_type":"email","required":"true","field_label":"Email","placeholder":"Your Email","width":"100","min_date":"","max_date":"","field_options":"","allow_multiple":"","select_size":"","inline_list":"","field_html":"","width_tablet":"","width_mobile":"","rows":4,"recaptcha_size":"normal","recaptcha_style":"light","css_classes":"","field_value":"","file_sizes":"","file_types":"","allow_multiple_upload":"","max_files":"","acceptance_text":"","checked_by_default":"","field_min":"","field_max":"","use_native_date":"","use_native_time":"","recaptcha_badge":"bottomright","custom_id":""}],"show_labels":"","button_text":"send feedback","email_content":"[all-fields]","email_content_2":"[all-fields]","success_message":"The form was sent successfully.","error_message":"An error occured.","required_field_message":"This field is required.","invalid_message":"There's something wrong. The form is invalid.","field_typography_typography":"custom","field_typography_font_size":{"unit":"px","size":14},"field_border_width":{"unit":"px","top":"0","right":"0","bottom":"0","left":"0","isLinked":true},"button_typography_typography":"custom","button_typography_text_transform":"uppercase","button_typography_letter_spacing":{"unit":"px","size":3.7},"button_hover_animation":"sink"},"elements":[],"isInner":false,"widgetType":"form","elType":"widget"}],"isInner":false,"elType":"column"},{"id":"5966a9ae","settings":{"_column_size":50,"_inline_size":null},"elements":[{"id":"27c356f7","settings":{"image":{"id":32,"url":"http:\/\/localhost\/dieuhau\/wp-content\/uploads\/2019\/07\/bicycle.png"},"width_mobile":{"unit":"px","size":240},"_padding":{"unit":"px","top":"0","right":"15","bottom":"0","left":"0","isLinked":false},"_padding_mobile":{"unit":"px","top":"15","right":"0","bottom":"0","left":"0","isLinked":false},"_animation":"slideInLeft","_animation_delay":400},"elements":[],"isInner":false,"widgetType":"image","elType":"widget"}],"isInner":false,"elType":"column"}],"isInner":false,"elType":"section"}]}