{"version":"0.4","title":"Popup26","type":"popup","content":[{"id":"71cb8cca","settings":{"margin":{"unit":"px","top":"","right":0,"bottom":"","left":0,"isLinked":true},"padding":{"unit":"px","top":"0","right":"0","bottom":"0","left":"210","isLinked":false},"margin_mobile":{"unit":"px","top":"","right":0,"bottom":"","left":0,"isLinked":true},"padding_mobile":{"unit":"px","top":"0","right":"0","bottom":"0","left":"0","isLinked":false},"_timestamp_":"v1S2hPVjBxQm0zZVduWWZGcGZ3V0k5dz09"},"elements":[{"id":"514bccf7","settings":{"_column_size":100},"elements":[{"id":"1e3e9b07","settings":{"icon":"fa fa-facebook-official","view":"stacked","align":"left","primary_color":"#4285f4","link":{"url":"https:\/\/facebook.com","is_external":"on","nofollow":""},"size":{"unit":"px","size":34},"hover_primary_color":"#000000","hover_secondary_color":"#ffffff","_z_index":2,"_animation":"fadeIn","_animation_delay":1100},"elements":[],"isInner":false,"widgetType":"icon","elType":"widget"}],"isInner":false,"elType":"column"}],"isInner":false,"elType":"section"},{"id":"39023984","settings":{"padding":{"unit":"%","top":"0","right":"5","bottom":"0","left":"50","isLinked":false},"margin":{"unit":"px","top":"-65","right":0,"bottom":"30","left":0,"isLinked":false},"margin_mobile":{"unit":"px","top":"35","right":0,"bottom":"22","left":0,"isLinked":false},"padding_mobile":{"unit":"%","top":"0","right":"5","bottom":"0","left":"5","isLinked":false},"_timestamp_":"v1S2hPVjBxQm0zZVduWWZGcGZ3V0k5dz09"},"elements":[{"id":"7a3964db","settings":{"_column_size":100},"elements":[{"id":"5b8ca86c","settings":{"title":"want more details?","align":"center","title_color":"#54595f","typography_typography":"custom","typography_font_size":{"unit":"px","size":26},"typography_font_weight":"400","typography_text_transform":"uppercase","typography_font_size_mobile":{"unit":"px","size":23}},"elements":[],"isInner":false,"widgetType":"heading","elType":"widget"},{"id":"6951a5ef","settings":{"title":"Fill in your details and we'll be in touch","align":"center","title_color":"#54595f","typography_typography":"custom","typography_font_size":{"unit":"px","size":16},"typography_font_weight":"400","typography_text_transform":"capitalize","typography_font_size_mobile":{"unit":"px","size":12},"_margin":{"unit":"px","top":"-10","right":"0","bottom":"0","left":"0","isLinked":false}},"elements":[],"isInner":false,"widgetType":"heading","elType":"widget"},{"id":"3e37882c","settings":{"form_name":"New Form","form_fields":[{"_id":"name","field_type":"text","field_label":"Name","placeholder":"Name","width":"100","required":"","min_date":"","max_date":"","field_options":"","allow_multiple":"","select_size":"","inline_list":"","field_html":"","width_tablet":"","width_mobile":"","rows":4,"recaptcha_size":"normal","recaptcha_style":"light","css_classes":"","field_value":"","file_sizes":"","file_types":"","allow_multiple_upload":"","max_files":"","acceptance_text":"","checked_by_default":"","field_min":"","field_max":"","use_native_date":"","use_native_time":"","recaptcha_badge":"bottomright","custom_id":""},{"_id":"email","field_type":"email","required":"true","field_label":"Email","placeholder":"Email","width":"100","min_date":"","max_date":"","field_options":"","allow_multiple":"","select_size":"","inline_list":"","field_html":"","width_tablet":"","width_mobile":"","rows":4,"recaptcha_size":"normal","recaptcha_style":"light","css_classes":"","field_value":"","file_sizes":"","file_types":"","allow_multiple_upload":"","max_files":"","acceptance_text":"","checked_by_default":"","field_min":"","field_max":"","use_native_date":"","use_native_time":"","recaptcha_badge":"bottomright","custom_id":""}],"show_labels":"","button_text":"Send","email_content":"[all-fields]","email_content_2":"[all-fields]","success_message":"The form was sent successfully.","error_message":"An error occured.","required_field_message":"This field is required.","invalid_message":"There's something wrong. The form is invalid.","field_border_width":{"unit":"px","top":"0","right":"0","bottom":"0","left":"0","isLinked":true},"field_border_radius":{"unit":"px","top":"0","right":"0","bottom":"0","left":"0","isLinked":true},"button_background_color":"#4285f4","button_typography_typography":"custom","button_typography_text_transform":"uppercase","button_border_radius":{"unit":"px","top":"0","right":"0","bottom":"0","left":"0","isLinked":true},"column_gap":{"unit":"px","size":8},"row_gap":{"unit":"px","size":6},"button_background_hover_color":"#000000"},"elements":[],"isInner":false,"widgetType":"form","elType":"widget"}],"isInner":false,"elType":"column"}],"isInner":false,"elType":"section"}]}