{"version":"0.4","title":"Popup21","type":"popup","content":[{"id":"77cbf785","settings":{"height":"min-height","custom_height":{"unit":"vh","size":100},"column_position":"top","background_background":"classic","background_image":{"id":76,"url":"http:\/\/localhost\/dieuhau\/wp-content\/uploads\/2019\/07\/5.png"},"background_position":"bottom center","background_size":"cover","padding":{"unit":"px","top":"50","right":"40","bottom":"50","left":"40","isLinked":false},"padding_tablet":{"unit":"px","top":"80","right":"30","bottom":"30","left":"30","isLinked":false},"background_position_tablet":"initial","background_position_mobile":"initial","background_xpos_tablet":{"unit":"px","size":-34},"background_ypos_tablet":{"unit":"px","size":-42},"background_repeat_mobile":"no-repeat","_timestamp_":"v1S2hPVjBxQm0zZVduWWZGcGZ3V0k5dz09"},"elements":[{"id":"5d425121","settings":{"_column_size":100},"elements":[{"id":"4cf3dedd","settings":{"title":"30%\noff","header_size":"h4","align":"center","title_color":"#000000","typography_typography":"custom","typography_font_family":"Abril Fatface","typography_font_size":{"unit":"px","size":120},"typography_font_size_tablet":{"unit":"px","size":126},"typography_font_weight":"100","typography_text_transform":"uppercase","_padding":{"unit":"px","top":"0","right":"0","bottom":"0","left":"0","isLinked":false}},"elements":[],"isInner":false,"widgetType":"heading","elType":"widget"},{"id":"57f47ea0","settings":{"editor":"<p>Lorem ipsum dolor sit amet, consectetur adipiscing elit. Ut elit tellus, luctus nec ullamcorper.<\/p>","align":"center","typography_typography":"custom","typography_font_family":"Helvetica","typography_font_size":{"unit":"px","size":17},"typography_font_size_tablet":{"unit":"px","size":15},"typography_font_weight":"300"},"elements":[],"isInner":false,"widgetType":"text-editor","elType":"widget"},{"id":"55a4935","settings":{"text":"Buy now","align":"center","typography_typography":"custom","typography_font_size":{"unit":"px","size":18},"typography_font_size_mobile":{"unit":"px","size":16},"typography_font_weight":"900","typography_text_transform":"uppercase","button_text_color":"#000000","background_color":"#ffffff","hover_color":"#ffffff","button_background_hover_color":"#c3ab97","border_radius":{"unit":"px","top":"0","right":"0","bottom":"0","left":"0","isLinked":true},"text_padding":{"unit":"px","top":"15","right":"40","bottom":"15","left":"40","isLinked":false},"_padding_tablet":{"unit":"px","top":"20","right":"0","bottom":"0","left":"0","isLinked":false}},"elements":[],"isInner":false,"widgetType":"button","elType":"widget"}],"isInner":false,"elType":"column"}],"isInner":false,"elType":"section"}]}