{"version":"0.4","title":"Popup18","type":"popup","content":[{"id":"4a8b959","settings":{"padding_mobile":{"unit":"px","top":"0","right":"16","bottom":"0","left":"16","isLinked":false},"border_width":{"unit":"px","top":"1","right":"1","bottom":"1","left":"1","isLinked":true},"border_color":"#000000","box_shadow_box_shadow":{"horizontal":0,"vertical":0,"blur":10,"spread":0,"color":"#ff007a"},"padding":{"unit":"px","top":"30","right":"0","bottom":"30","left":"0","isLinked":false},"margin_mobile":{"unit":"px","top":"","right":0,"bottom":"","left":0,"isLinked":true},"content_width":{"unit":"px","size":450},"_timestamp_":"v1S2hPVjBxQm0zZVduWWZGcGZ3V0k5dz09"},"elements":[{"id":"5c582662","settings":{"_column_size":100},"elements":[{"id":"562fcd81","settings":{"image":{"id":67,"url":"http:\/\/localhost\/dieuhau\/wp-content\/uploads\/2019\/07\/Bell-Alarm_1.png"},"width":{"unit":"px","size":50},"_margin":{"unit":"px","top":"0","right":"0","bottom":"30","left":"0","isLinked":false}},"elements":[],"isInner":false,"widgetType":"image","elType":"widget"},{"id":"3cb82a28","settings":{"title":"Omg... this sale is crazy!","title_color":"#000000","typography_typography":"custom","typography_font_family":"Archivo Narrow","typography_font_size":{"unit":"px","size":32},"typography_text_transform":"uppercase","align":"center","typography_font_weight":"100"},"elements":[],"isInner":false,"widgetType":"heading","elType":"widget"},{"id":"1fb047ae","settings":{"label_days":"Days","label_hours":"Hours","label_minutes":"Minutes","label_seconds":"Seconds","container_width":{"unit":"%","size":""},"box_background_color":"#ffffff","box_border_border":"solid","box_border_width":{"unit":"px","top":"1","right":"1","bottom":"1","left":"1","isLinked":true},"box_border_color":"#000000","digits_color":"#000000","digits_typography_typography":"custom","digits_typography_font_family":"Archivo Narrow","digits_typography_font_size":{"unit":"px","size":54},"digits_typography_font_weight":"400","label_color":"#ff0798","label_typography_typography":"custom","label_typography_font_family":"Archivo Narrow","label_typography_font_size":{"unit":"px","size":12},"label_typography_text_transform":"uppercase","container_width_mobile":{"unit":"%","size":100},"digits_typography_font_size_mobile":{"unit":"px","size":42},"box_border_radius":{"unit":"px","top":"3","right":"3","bottom":"3","left":"3","isLinked":true}},"elements":[],"isInner":false,"widgetType":"countdown","elType":"widget"},{"id":"19c38871","settings":{"title":"hurry up and grab these deals:","title_color":"#000000","typography_typography":"custom","typography_font_family":"Archivo Narrow","typography_font_size":{"unit":"px","size":20},"typography_text_transform":"uppercase","align":"center","_margin":{"unit":"px","top":"030","right":"0","bottom":"0","left":"0","isLinked":false},"_margin_mobile":{"unit":"px","top":"30","right":"0","bottom":"0","left":"0","isLinked":false}},"elements":[],"isInner":false,"widgetType":"heading","elType":"widget"},{"id":"7e5734e1","settings":{"view":"inline","icon_list":[{"text":"50% OFF TVs","icon":"fa fa-check-square-o","_id":"78fdaeb","link":{"url":"","is_external":"","nofollow":""},"selected_icon":{"value":"fas fa-check","library":"fa-solid"}},{"text":"40% OFF Stereos","icon":"fa fa-check-square-o","_id":"c66a385","link":{"url":"","is_external":"","nofollow":""},"selected_icon":{"value":"fas fa-check","library":"fa-solid"}},{"text":"30% OFF Smartphones","icon":"fa fa-check-square-o","_id":"d3a7cc4","link":{"url":"","is_external":"","nofollow":""},"selected_icon":{"value":"fas fa-check","library":"fa-solid"}}],"icon_align":"center","icon_color":"#000000","icon_color_hover":"#ff0798","text_color":"#000000","icon_typography_typography":"custom","icon_typography_font_family":"Archivo Narrow","icon_typography_font_size":{"unit":"px","size":14}},"elements":[],"isInner":false,"widgetType":"icon-list","elType":"widget"},{"id":"13ecef07","settings":{"text":"Come on in","align":"justify","typography_typography":"custom","typography_font_family":"Archivo","typography_text_transform":"uppercase","button_text_color":"#ffffff","background_color":"#ff0798","hover_color":"#ffffff","button_background_hover_color":"#000000","align_mobile":"justify","_margin_mobile":{"unit":"px","top":"030","right":"0","bottom":"0","left":"0","isLinked":false},"size":"lg"},"elements":[],"isInner":false,"widgetType":"button","elType":"widget"}],"isInner":false,"elType":"column"}],"isInner":false,"elType":"section"}]}