{"version":"0.4","title":"Popup14","type":"popup","content":[{"id":"e2791d","settings":{"height":"min-height","custom_height":{"unit":"px","size":395},"column_position":"stretch","content_position":"middle","structure":"20","_timestamp_":"v1S2hPVjBxQm0zZVduWWZGcGZ3V0k5dz09"},"elements":[{"id":"1c03b829","settings":{"_column_size":50,"_inline_size":null,"_inline_size_mobile":60,"content_position":"top","background_background":"classic","background_overlay_background":"gradient","background_overlay_color":"#003fff","background_overlay_color_b":"#000000","background_overlay_gradient_angle":{"unit":"deg","size":270},"background_overlay_opacity":{"unit":"px","size":0.8},"animation":"slideInLeft","animation_delay":500},"elements":[{"id":"23aca2ec","settings":[],"elements":[],"isInner":false,"widgetType":"spacer","elType":"widget"},{"id":"4dedf1c8","settings":{"image":{"id":54,"url":"http:\/\/localhost\/dieuhau\/wp-content\/uploads\/2019\/07\/headphones-logo.png"},"image_size":"full","width":{"unit":"px","size":160},"_margin":{"unit":"px","top":"-45","right":"0","bottom":"0","left":"0","isLinked":false}},"elements":[],"isInner":false,"widgetType":"image","elType":"widget"},{"id":"196546d7","settings":{"title":"20% off","align":"center","title_color":"#ffffff","typography_typography":"custom","typography_font_size":{"unit":"px","size":54},"typography_font_size_mobile":{"unit":"px","size":49},"typography_text_transform":"uppercase","_margin":{"unit":"px","top":"60","right":"0","bottom":"0","left":"0","isLinked":false}},"elements":[],"isInner":false,"widgetType":"heading","elType":"widget"},{"id":"28f8b394","settings":{"title":"sale","align":"center","title_color":"rgba(205,228,255,0.3)","typography_typography":"custom","typography_font_size":{"unit":"px","size":111},"typography_font_weight":"900","typography_text_transform":"uppercase","_margin":{"unit":"px","top":"-61","right":"0","bottom":"0","left":"0","isLinked":false}},"elements":[],"isInner":false,"widgetType":"heading","elType":"widget"},{"id":"97a7be7","settings":{"text":"purchase","align":"center","align_mobile":"left","typography_typography":"custom","typography_font_weight":"400","typography_text_transform":"uppercase","button_text_color":"#ffffff","background_color":"#000000","border_radius":{"unit":"px","top":"94","right":"94","bottom":"94","left":"94","isLinked":true},"_margin":{"unit":"px","top":"83","right":"0","bottom":"0","left":"0","isLinked":false},"_margin_mobile":{"unit":"px","top":"70","right":"0","bottom":"0","left":"0","isLinked":false},"hover_animation":"sink"},"elements":[],"isInner":false,"widgetType":"button","elType":"widget"}],"isInner":false,"elType":"column"},{"id":"9481e69","settings":{"_column_size":50,"_inline_size":null,"_inline_size_mobile":40},"elements":[],"isInner":false,"elType":"column"}],"isInner":false,"elType":"section"}]}