{"version":"0.4","title":"Popup23","type":"popup","content":[{"id":"33fa4532","settings":{"content_width":{"unit":"px","size":370},"custom_height":{"unit":"px","size":""},"column_position":"top","background_background":"classic","margin":{"unit":"px","top":"","right":0,"bottom":"","left":0,"isLinked":true},"padding":{"unit":"px","top":"30","right":"30","bottom":"30","left":"30","isLinked":true},"_timestamp_":"v1S2hPVjBxQm0zZVduWWZGcGZ3V0k5dz09"},"elements":[{"id":"553d1662","settings":{"_column_size":100,"background_background":"classic","background_color":"#fcfbf4","border_width":{"unit":"px","top":"1","right":"1","bottom":"1","left":"1","isLinked":true},"border_color":"#473939"},"elements":[{"id":"175f7be4","settings":{"border_border":"dashed","border_width":{"unit":"px","top":"1","right":"1","bottom":"1","left":"1","isLinked":true},"border_radius":{"unit":"px","top":"0","right":"0","bottom":"0","left":"0","isLinked":true},"border_color":"#7a7a7a","padding":{"unit":"px","top":"20","right":"10","bottom":"20","left":"10","isLinked":false}},"elements":[{"id":"289e50d7","settings":{"_column_size":100,"_inline_size":null},"elements":[{"id":"1d5d78c1","settings":{"title":"contact us","align":"center","title_color":"#000000","typography_typography":"custom","typography_font_family":"Roboto","typography_font_size":{"unit":"px","size":26},"typography_font_weight":"400","typography_text_transform":"uppercase"},"elements":[],"isInner":false,"widgetType":"heading","elType":"widget"},{"id":"7c01a782","settings":{"editor":"<p>Lorem ipsum dolor sit amet, consectetur adipiscing elit.<\/p>","align":"center","text_color":"#54595f","typography_typography":"custom","typography_font_family":"Roboto","typography_font_size":{"unit":"px","size":14},"typography_line_height":{"unit":"em","size":1.4},"_margin":{"unit":"px","top":"0","right":"0","bottom":"40","left":"0","isLinked":false},"_margin_mobile":{"unit":"px","top":"0","right":"0","bottom":"0","left":"0","isLinked":false}},"elements":[],"isInner":false,"widgetType":"text-editor","elType":"widget"},{"id":"6e74aa75","settings":{"form_name":"New Form","form_fields":[{"_id":"d054e9c","field_type":"text","field_label":"Name","placeholder":"Full name","width":"100","required":"","min_date":"","max_date":"","field_options":"","allow_multiple":"","select_size":"","inline_list":"","field_html":"","width_tablet":"","width_mobile":"","rows":4,"recaptcha_size":"normal","recaptcha_style":"light","css_classes":"","field_value":"","file_sizes":"","file_types":"","allow_multiple_upload":"","max_files":"","acceptance_text":"","checked_by_default":"","field_min":"","field_max":"","use_native_date":"","use_native_time":"","recaptcha_badge":"bottomright","custom_id":""},{"_id":"email","field_type":"email","required":"true","field_label":"Email","placeholder":"Email","width":"100","min_date":"","max_date":"","field_options":"","allow_multiple":"","select_size":"","inline_list":"","field_html":"","width_tablet":"","width_mobile":"","rows":4,"recaptcha_size":"normal","recaptcha_style":"light","css_classes":"","field_value":"","file_sizes":"","file_types":"","allow_multiple_upload":"","max_files":"","acceptance_text":"","checked_by_default":"","field_min":"","field_max":"","use_native_date":"","use_native_time":"","recaptcha_badge":"bottomright","custom_id":""},{"_id":"43f30c4","field_type":"text","field_label":"Phone","placeholder":"Phone number","width":"100","required":"","min_date":"","max_date":"","field_options":"","allow_multiple":"","select_size":"","inline_list":"","field_html":"","width_tablet":"","width_mobile":"","rows":4,"recaptcha_size":"normal","recaptcha_style":"light","css_classes":"","field_value":"","file_sizes":"","file_types":"","allow_multiple_upload":"","max_files":"","acceptance_text":"","checked_by_default":"","field_min":"","field_max":"","use_native_date":"","use_native_time":"","recaptcha_badge":"bottomright","custom_id":""},{"field_type":"textarea","field_label":"Message","placeholder":"Your message here...","required":"","min_date":"","max_date":"","field_options":"","allow_multiple":"","select_size":"","inline_list":"","field_html":"","width":"100","width_tablet":"","width_mobile":"","rows":4,"recaptcha_size":"normal","recaptcha_style":"light","css_classes":"","field_value":"","_id":"992a596","file_sizes":"","file_types":"","allow_multiple_upload":"","max_files":"","acceptance_text":"","checked_by_default":"","field_min":"","field_max":"","use_native_date":"","use_native_time":"","recaptcha_badge":"bottomright","custom_id":""}],"show_labels":"","button_text":"Send","email_content":"[all-fields]","email_content_2":"[all-fields]","success_message":"The form was sent successfully.","error_message":"An error occured.","required_field_message":"This field is required.","invalid_message":"There's something wrong. The form is invalid.","column_gap":{"unit":"px","size":7},"label_typography_typography":"custom","field_typography_typography":"custom","field_typography_font_family":"Roboto","field_typography_font_size":{"unit":"px","size":16},"field_typography_font_weight":"500","field_border_color":"rgba(0,0,0,0.4)","field_border_width":{"unit":"px","top":"1","right":"1","bottom":"1","left":"1","isLinked":true},"field_border_radius":{"unit":"px","top":"0","right":"0","bottom":"0","left":"0","isLinked":true},"button_background_color":"#000000","button_text_color":"#ffffff","button_typography_typography":"custom","button_typography_font_family":"Roboto","button_typography_font_size":{"unit":"px","size":15},"button_typography_font_weight":"bold","button_typography_text_transform":"uppercase","button_typography_letter_spacing":{"unit":"px","size":1.6},"button_border_border":"solid","button_border_width":{"unit":"px","top":"1","right":"1","bottom":"1","left":"1","isLinked":true},"button_border_color":"#000000","button_border_radius":{"unit":"px","top":"0","right":"0","bottom":"0","left":"0","isLinked":true},"button_background_hover_color":"rgba(0,0,0,0)","button_hover_color":"#000000","field_text_color":"#9e9e9e","_margin_mobile":{"unit":"px","top":"0","right":"0","bottom":"0","left":"0","isLinked":false}},"elements":[],"isInner":false,"widgetType":"form","elType":"widget"},{"id":"71fca273","settings":{"image":{"id":82,"url":"http:\/\/localhost\/dieuhau\/wp-content\/uploads\/2019\/07\/gloves.png"},"_margin":{"unit":"px","top":"30","right":"0","bottom":"30","left":"0","isLinked":false},"hide_mobile":"hidden-phone"},"elements":[],"isInner":false,"widgetType":"image","elType":"widget"},{"id":"2fbde9e0","settings":{"title":"our adress:","align":"center","title_color":"#000000","typography_typography":"custom","typography_font_family":"Roboto","typography_font_size":{"unit":"px","size":18},"typography_font_weight":"400","typography_text_transform":"uppercase","hide_mobile":"hidden-phone"},"elements":[],"isInner":false,"widgetType":"heading","elType":"widget"},{"id":"4c23059f","settings":{"editor":"<p>8204 S. Armstrong Ave.<br \/>Hermitage, TN 37076<\/p>","align":"center","text_color":"#54595f","typography_typography":"custom","typography_font_family":"Roboto","typography_font_size":{"unit":"px","size":14},"typography_line_height":{"unit":"em","size":1.4},"_margin":{"unit":"px","top":"-10","right":"0","bottom":"40","left":"0","isLinked":false},"hide_mobile":"hidden-phone"},"elements":[],"isInner":false,"widgetType":"text-editor","elType":"widget"}],"isInner":true,"elType":"column"}],"isInner":true,"elType":"section"}],"isInner":false,"elType":"column"}],"isInner":false,"elType":"section"}]}