{"version":"0.4","title":"Popup9","type":"popup","content":[{"id":"56ef4357","settings":{"gap":"no","padding":{"unit":"%","top":"0","right":"15","bottom":"0","left":"0","isLinked":false},"margin_mobile":{"unit":"px","top":"0","right":0,"bottom":"0","left":0,"isLinked":false},"_timestamp_":"v1S2hPVjBxQm0zZVduWWZGcGZ3V0k5dz09"},"elements":[{"id":"2b6b6470","settings":{"_column_size":100},"elements":[{"id":"5436b897","settings":{"carousel":[{"id":35,"url":"http:\/\/localhost\/dieuhau\/wp-content\/uploads\/2019\/07\/spa_1.png"},{"id":36,"url":"http:\/\/localhost\/dieuhau\/wp-content\/uploads\/2019\/07\/spa3.png"},{"id":37,"url":"http:\/\/localhost\/dieuhau\/wp-content\/uploads\/2019\/07\/spa4.png"}],"thumbnail_size":"full","slides_to_show":"1","navigation":"none","pause_on_hover":"no","autoplay_speed":3500,"direction":"rtl","_margin":{"unit":"px","top":"0","right":"0","bottom":"0","left":"0","isLinked":false}},"elements":[],"isInner":false,"widgetType":"image-carousel","elType":"widget"},{"id":"2c305c4e","settings":{"title":"RELAX. ENJOY. ","typography_typography":"custom","typography_font_family":"Antic","align":"left","title_color":"rgba(255,255,255,0.52)","typography_font_size":{"unit":"px","size":30},"typography_font_size_mobile":{"unit":"px","size":25},"typography_font_weight":"200","typography_text_transform":"uppercase","_margin":{"unit":"px","top":"-85","right":"0","bottom":"0","left":"18","isLinked":false},"_margin_mobile":{"unit":"px","top":"-246","right":"0","bottom":"0","left":"16","isLinked":false},"_z_index":1},"elements":[],"isInner":false,"widgetType":"heading","elType":"widget"}],"isInner":false,"elType":"column"}],"isInner":false,"elType":"section"},{"id":"3f43e828","settings":{"margin":{"unit":"px","top":"-350","right":0,"bottom":"0","left":0,"isLinked":false},"padding":{"unit":"%","top":"0","right":"0","bottom":"0","left":"40","isLinked":false},"margin_mobile":{"unit":"px","top":"45","right":0,"bottom":"0","left":0,"isLinked":false},"padding_mobile":{"unit":"%","top":"0","right":"0","bottom":"0","left":"25","isLinked":false},"_timestamp_":"v1S2hPVjBxQm0zZVduWWZGcGZ3V0k5dz09"},"elements":[{"id":"1718a55b","settings":{"_column_size":100},"elements":[{"id":"56e714db","settings":{"background_background":"classic","background_color":"#ffffff","box_shadow_box_shadow_type":"yes","box_shadow_box_shadow":{"horizontal":0,"vertical":0,"blur":21,"spread":0,"color":"rgba(0,0,0,0.57)"},"animation":"zoomIn","animation_duration":"slow","animation_delay":800},"elements":[{"id":"3f70dde8","settings":{"_column_size":100,"_inline_size":null,"padding":{"unit":"px","top":"60","right":"45","bottom":"60","left":"45","isLinked":false},"padding_mobile":{"unit":"px","top":"40","right":"20","bottom":"20","left":"20","isLinked":false},"background_background":"classic","background_repeat":"no-repeat","background_size":"cover","background_overlay_background":"classic","background_overlay_image":{"id":38,"url":"http:\/\/localhost\/dieuhau\/wp-content\/uploads\/2019\/07\/spa_2.png"},"background_overlay_size":"auto","background_overlay_opacity":{"unit":"px","size":0.22},"background_overlay_position":"initial","background_overlay_xpos":{"unit":"px","size":-22},"background_overlay_ypos":{"unit":"px","size":-4},"background_overlay_repeat":"no-repeat"},"elements":[{"id":"1573a86d","settings":{"title":"keep calm<br>& write us","typography_typography":"custom","typography_font_family":"Antic","align":"center","title_color":"#54595f","typography_font_size":{"unit":"px","size":27},"typography_font_size_mobile":{"unit":"px","size":22},"typography_text_transform":"uppercase","_margin":{"unit":"px","top":"-16","right":"0","bottom":"0","left":"0","isLinked":false}},"elements":[],"isInner":false,"widgetType":"heading","elType":"widget"},{"id":"473af3e3","settings":{"form_name":"New Form","form_fields":[{"_id":"name","field_type":"text","field_label":"Name","placeholder":"Name","width":"100","required":"","min_date":"","max_date":"","field_options":"","allow_multiple":"","select_size":"","inline_list":"","field_html":"","width_tablet":"","width_mobile":"","rows":4,"recaptcha_size":"normal","recaptcha_style":"light","css_classes":"","field_value":"","file_sizes":"","file_types":"","allow_multiple_upload":"","max_files":"","acceptance_text":"","checked_by_default":"","field_min":"","field_max":"","use_native_date":"","use_native_time":"","recaptcha_badge":"bottomright","custom_id":""},{"_id":"email","field_type":"email","required":"true","field_label":"Email","placeholder":"Email","width":"100","min_date":"","max_date":"","field_options":"","allow_multiple":"","select_size":"","inline_list":"","field_html":"","width_tablet":"","width_mobile":"","rows":4,"recaptcha_size":"normal","recaptcha_style":"light","css_classes":"","field_value":"","file_sizes":"","file_types":"","allow_multiple_upload":"","max_files":"","acceptance_text":"","checked_by_default":"","field_min":"","field_max":"","use_native_date":"","use_native_time":"","recaptcha_badge":"bottomright","custom_id":""}],"show_labels":"","button_text":"Send","email_content":"[all-fields]","email_content_2":"[all-fields]","success_message":"The form was sent successfully.","error_message":"An error occured.","required_field_message":"This field is required.","invalid_message":"There's something wrong. The form is invalid.","field_border_radius":{"unit":"px","top":"0","right":"0","bottom":"0","left":"0","isLinked":true},"button_background_color":"#088f9e","button_border_radius":{"unit":"px","top":"0","right":"0","bottom":"0","left":"0","isLinked":true},"button_background_hover_color":"#ebce60"},"elements":[],"isInner":false,"widgetType":"form","elType":"widget"}],"isInner":true,"elType":"column"}],"isInner":true,"elType":"section"}],"isInner":false,"elType":"column"}],"isInner":false,"elType":"section"},{"id":"78111feb","settings":{"gap":"no","padding":{"unit":"%","top":"0","right":"15","bottom":"0","left":"0","isLinked":false},"margin_mobile":{"unit":"px","top":"0","right":0,"bottom":"0","left":0,"isLinked":false},"_timestamp_":"v1S2hPVjBxQm0zZVduWWZGcGZ3V0k5dz09"},"elements":[{"id":"5ddd62f0","settings":{"_column_size":100},"elements":[{"id":"214bbe96","settings":{"carousel":[{"id":"35","url":"http:\/\/localhost\/dieuhau\/wp-content\/uploads\/2019\/07\/spa_1.png"},{"id":"36","url":"http:\/\/localhost\/dieuhau\/wp-content\/uploads\/2019\/07\/spa3.png"},{"id":"37","url":"http:\/\/localhost\/dieuhau\/wp-content\/uploads\/2019\/07\/spa4.png"}],"thumbnail_size":"full","slides_to_show":"1","navigation":"none","pause_on_hover":"no","autoplay_speed":3500,"direction":"rtl","_margin":{"unit":"px","top":"0","right":"0","bottom":"0","left":"0","isLinked":false}},"elements":[],"isInner":false,"widgetType":"image-carousel","elType":"widget"},{"id":"5fccc38","settings":{"title":"RELAX. ENJOY. ","typography_typography":"custom","typography_font_family":"Antic","align":"left","title_color":"rgba(255,255,255,0.52)","typography_font_size":{"unit":"px","size":30},"typography_font_size_mobile":{"unit":"px","size":25},"typography_font_weight":"200","typography_text_transform":"uppercase","_margin":{"unit":"px","top":"-85","right":"0","bottom":"0","left":"18","isLinked":false},"_margin_mobile":{"unit":"px","top":"-246","right":"0","bottom":"0","left":"16","isLinked":false},"_z_index":1},"elements":[],"isInner":false,"widgetType":"heading","elType":"widget"}],"isInner":false,"elType":"column"}],"isInner":false,"elType":"section"},{"id":"2e8ef5aa","settings":{"margin":{"unit":"px","top":"-350","right":0,"bottom":"0","left":0,"isLinked":false},"padding":{"unit":"%","top":"0","right":"0","bottom":"0","left":"40","isLinked":false},"margin_mobile":{"unit":"px","top":"45","right":0,"bottom":"0","left":0,"isLinked":false},"padding_mobile":{"unit":"%","top":"0","right":"0","bottom":"0","left":"25","isLinked":false},"_timestamp_":"v1S2hPVjBxQm0zZVduWWZGcGZ3V0k5dz09"},"elements":[{"id":"c060fcd","settings":{"_column_size":100},"elements":[{"id":"70b1fe8f","settings":{"background_background":"classic","background_color":"#ffffff","box_shadow_box_shadow_type":"yes","box_shadow_box_shadow":{"horizontal":0,"vertical":0,"blur":21,"spread":0,"color":"rgba(0,0,0,0.57)"},"animation":"zoomIn","animation_duration":"slow","animation_delay":800},"elements":[{"id":"3730373c","settings":{"_column_size":100,"_inline_size":null,"padding":{"unit":"px","top":"60","right":"45","bottom":"60","left":"45","isLinked":false},"padding_mobile":{"unit":"px","top":"40","right":"20","bottom":"20","left":"20","isLinked":false},"background_background":"classic","background_repeat":"no-repeat","background_size":"cover","background_overlay_background":"classic","background_overlay_image":{"id":39,"url":"http:\/\/localhost\/dieuhau\/wp-content\/uploads\/2019\/07\/spa_2-1.png"},"background_overlay_size":"auto","background_overlay_opacity":{"unit":"px","size":0.22},"background_overlay_position":"initial","background_overlay_xpos":{"unit":"px","size":-22},"background_overlay_ypos":{"unit":"px","size":-4},"background_overlay_repeat":"no-repeat"},"elements":[{"id":"11b96f6c","settings":{"title":"keep calm<br>& write us","typography_typography":"custom","typography_font_family":"Antic","align":"center","title_color":"#54595f","typography_font_size":{"unit":"px","size":27},"typography_font_size_mobile":{"unit":"px","size":22},"typography_text_transform":"uppercase","_margin":{"unit":"px","top":"-16","right":"0","bottom":"0","left":"0","isLinked":false}},"elements":[],"isInner":false,"widgetType":"heading","elType":"widget"},{"id":"6588d165","settings":{"form_name":"New Form","form_fields":[{"_id":"name","field_type":"text","field_label":"Name","placeholder":"Name","width":"100","required":"","min_date":"","max_date":"","field_options":"","allow_multiple":"","select_size":"","inline_list":"","field_html":"","width_tablet":"","width_mobile":"","rows":4,"recaptcha_size":"normal","recaptcha_style":"light","css_classes":"","field_value":"","file_sizes":"","file_types":"","allow_multiple_upload":"","max_files":"","acceptance_text":"","checked_by_default":"","field_min":"","field_max":"","use_native_date":"","use_native_time":"","recaptcha_badge":"bottomright","custom_id":""},{"_id":"email","field_type":"email","required":"true","field_label":"Email","placeholder":"Email","width":"100","min_date":"","max_date":"","field_options":"","allow_multiple":"","select_size":"","inline_list":"","field_html":"","width_tablet":"","width_mobile":"","rows":4,"recaptcha_size":"normal","recaptcha_style":"light","css_classes":"","field_value":"","file_sizes":"","file_types":"","allow_multiple_upload":"","max_files":"","acceptance_text":"","checked_by_default":"","field_min":"","field_max":"","use_native_date":"","use_native_time":"","recaptcha_badge":"bottomright","custom_id":""}],"show_labels":"","button_text":"Send","email_content":"[all-fields]","email_content_2":"[all-fields]","success_message":"The form was sent successfully.","error_message":"An error occured.","required_field_message":"This field is required.","invalid_message":"There's something wrong. The form is invalid.","field_border_radius":{"unit":"px","top":"0","right":"0","bottom":"0","left":"0","isLinked":true},"button_background_color":"#088f9e","button_border_radius":{"unit":"px","top":"0","right":"0","bottom":"0","left":"0","isLinked":true},"button_background_hover_color":"#ebce60"},"elements":[],"isInner":false,"widgetType":"form","elType":"widget"}],"isInner":true,"elType":"column"}],"isInner":true,"elType":"section"}],"isInner":false,"elType":"column"}],"isInner":false,"elType":"section"}]}