{"version":"0.4","title":"Popup7","type":"popup","content":[{"id":"3ab9f52a","settings":{"gap":"no","structure":"20","padding_mobile":{"unit":"px","top":"0","right":"0","bottom":"0","left":"0","isLinked":false},"reverse_order_mobile":"reverse-mobile","_timestamp_":"v1S2hPVjBxQm0zZVduWWZGcGZ3V0k5dz09"},"elements":[{"id":"2c06f734","settings":{"_column_size":50,"_inline_size":null,"background_background":"classic","background_image":{"id":29,"url":"http:\/\/localhost\/dieuhau\/wp-content\/uploads\/2019\/07\/bear.png"},"background_position":"center center","background_repeat":"no-repeat","background_size":"cover"},"elements":[{"id":"983d75e","settings":{"space_mobile":{"unit":"px","size":300}},"elements":[],"isInner":false,"widgetType":"spacer","elType":"widget"}],"isInner":false,"elType":"column"},{"id":"60cee31a","settings":{"_column_size":50,"_inline_size":null,"background_background":"gradient","background_color":"#cf112c","background_color_b":"#bb0726","padding":{"unit":"px","top":"0","right":"0","bottom":"52","left":"0","isLinked":false},"padding_mobile":{"unit":"px","top":"0","right":"0","bottom":"0","left":"0","isLinked":false}},"elements":[{"id":"10394cf8","settings":{"text":"Order Now","align":"right","icon":"fa fa-angle-double-right","icon_align":"right","icon_indent":{"unit":"px","size":10},"background_color":"#4a4a4a","border_radius":{"unit":"px","top":"0","right":"0","bottom":"0","left":"0","isLinked":true},"button_background_hover_color":"#000000"},"elements":[],"isInner":false,"widgetType":"button","elType":"widget"},{"id":"2a300407","settings":{"gap":"no","content_position":"bottom","margin_mobile":{"unit":"px","top":"-25","right":0,"bottom":"0","left":0,"isLinked":false},"padding_mobile":{"unit":"px","top":"0","right":"30","bottom":"20","left":"45","isLinked":false},"padding":{"unit":"px","top":"0","right":"15","bottom":"0","left":"30","isLinked":false},"padding_tablet":{"unit":"px","top":"0","right":"0","bottom":"0","left":"45","isLinked":false}},"elements":[{"id":"3805b77b","settings":{"_column_size":100,"_inline_size":null,"_inline_size_tablet":100,"_inline_size_mobile":70,"padding_mobile":{"unit":"px","top":"0","right":"0","bottom":"0","left":"10","isLinked":false}},"elements":[{"id":"17468b38","settings":{"title":"Teddy","align_mobile":"left","title_color":"#ffffff","typography_typography":"custom","typography_font_size":{"unit":"px","size":103},"typography_font_weight":"400","_margin":{"unit":"px","top":"20","right":"0","bottom":"0","left":"0","isLinked":false},"typography_font_family":"Great Vibes"},"elements":[],"isInner":false,"widgetType":"heading","elType":"widget"},{"id":"21357e23","settings":{"title":"your christmas bear","align_mobile":"left","title_color":"#ffffff","typography_typography":"custom","typography_font_size":{"unit":"px","size":18},"typography_font_weight":"400","typography_text_transform":"capitalize","_margin":{"unit":"px","top":"-32","right":"0","bottom":"0","left":"0","isLinked":false}},"elements":[],"isInner":false,"widgetType":"heading","elType":"widget"},{"id":"4286b61f","settings":{"title":"$15","align_mobile":"left","title_color":"#ffffff","typography_typography":"custom","typography_font_size":{"unit":"px","size":50},"typography_font_weight":"400","typography_text_transform":"uppercase","_margin":{"unit":"px","top":"20","right":"0","bottom":"0","left":"0","isLinked":false}},"elements":[],"isInner":false,"widgetType":"heading","elType":"widget"}],"isInner":true,"elType":"column"}],"isInner":true,"elType":"section"}],"isInner":false,"elType":"column"}],"isInner":false,"elType":"section"}]}