{"version":"0.4","title":"Popup15","type":"popup","content":[{"id":"29f959ed","settings":{"gap":"no","height":"min-height","column_position":"bottom","background_background":"classic","background_image":{"id":57,"url":"http:\/\/localhost\/dieuhau\/wp-content\/uploads\/2019\/07\/pinkplant_1.png"},"background_position":"initial","border_radius":{"unit":"px","top":"0","right":"150","bottom":"0","left":"0","isLinked":false},"box_shadow_box_shadow":{"horizontal":0,"vertical":5,"blur":20,"spread":0,"color":"rgba(0,0,0,0.5)"},"background_xpos":{"unit":"px","size":-132},"background_ypos":{"unit":"px","size":-298},"background_repeat":"no-repeat","box_shadow_box_shadow_type":"yes","_timestamp_":"v1S2hPVjBxQm0zZVduWWZGcGZ3V0k5dz09"},"elements":[{"id":"60b8d7f5","settings":{"_column_size":100},"elements":[{"id":"eaee5d5","settings":{"height_inner":"min-height","custom_height_inner":{"unit":"px","size":315},"structure":"20","background_background":"classic"},"elements":[{"id":"70a1ffca","settings":{"_column_size":50,"_inline_size":53.189,"_inline_size_mobile":90,"background_background":"classic","background_color":"rgba(255,178,188,0.8)","border_radius":{"unit":"px","top":"0","right":"129","bottom":"0","left":"0","isLinked":false},"padding":{"unit":"px","top":"0","right":"75","bottom":"0","left":"50","isLinked":false},"animation":"slideInUp","animation_duration":"slow","animation_delay":600,"box_shadow_box_shadow_type":"yes","box_shadow_box_shadow":{"horizontal":0,"vertical":0,"blur":54,"spread":0,"color":"rgba(0,0,0,0.24)"}},"elements":[{"id":"28438e62","settings":[],"elements":[],"isInner":false,"widgetType":"spacer","elType":"widget"},{"id":"1389d472","settings":{"title":"let's talk!","title_color":"#ffffff","typography_typography":"custom","typography_font_size":{"unit":"px","size":35},"typography_font_size_mobile":{"unit":"px","size":32},"typography_font_weight":"400","typography_text_transform":"uppercase","typography_font_family":"Reem Kufi"},"elements":[],"isInner":false,"widgetType":"heading","elType":"widget"},{"id":"b93bffe","settings":{"form_name":"New Form","form_fields":[{"_id":"name","field_type":"text","field_label":"Name","placeholder":"Name","width":"100","required":"","min_date":"","max_date":"","field_options":"","allow_multiple":"","select_size":"","inline_list":"","field_html":"","width_tablet":"","width_mobile":"","rows":4,"recaptcha_size":"normal","recaptcha_style":"light","css_classes":"","field_value":"","file_sizes":"","file_types":"","allow_multiple_upload":"","max_files":"","acceptance_text":"","checked_by_default":"","field_min":"","field_max":"","use_native_date":"","use_native_time":"","recaptcha_badge":"bottomright","custom_id":""},{"_id":"email","field_type":"email","required":"true","field_label":"Email","placeholder":"Email","width":"100","min_date":"","max_date":"","field_options":"","allow_multiple":"","select_size":"","inline_list":"","field_html":"","width_tablet":"","width_mobile":"","rows":4,"recaptcha_size":"normal","recaptcha_style":"light","css_classes":"","field_value":"","file_sizes":"","file_types":"","allow_multiple_upload":"","max_files":"","acceptance_text":"","checked_by_default":"","field_min":"","field_max":"","use_native_date":"","use_native_time":"","recaptcha_badge":"bottomright","custom_id":""}],"show_labels":"","button_text":"Send","email_content":"[all-fields]","email_content_2":"[all-fields]","success_message":"The form was sent successfully.","error_message":"An error occured.","required_field_message":"This field is required.","invalid_message":"There's something wrong. The form is invalid.","field_border_width":{"unit":"px","top":"0","right":"0","bottom":"0","left":"0","isLinked":false},"field_border_radius":{"unit":"px","top":"0","right":"0","bottom":"0","left":"0","isLinked":true},"button_background_color":"#6ec1e4","button_typography_typography":"custom","button_typography_text_transform":"uppercase","button_background_hover_color":"#000000"},"elements":[],"isInner":false,"widgetType":"form","elType":"widget"}],"isInner":true,"elType":"column"},{"id":"264d3c90","settings":{"_column_size":50,"_inline_size":46.811,"_inline_size_mobile":10},"elements":[],"isInner":true,"elType":"column"}],"isInner":true,"elType":"section"}],"isInner":false,"elType":"column"}],"isInner":false,"elType":"section"}]}