{"version":"0.4","title":"Popup11","type":"popup","content":[{"id":"246c9e8a","settings":{"content_position":"middle","structure":"20","background_background":"classic","background_color":"#ffffff","margin":{"unit":"px","top":"","right":0,"bottom":"","left":0,"isLinked":true},"padding_mobile":{"unit":"px","top":"0","right":"15","bottom":"0","left":"15","isLinked":false},"height":"min-height","custom_height":{"unit":"px","size":118},"column_position":"bottom","border_radius":{"unit":"px","top":"0","right":"44","bottom":"0","left":"0","isLinked":false},"_timestamp_":"v1S2hPVjBxQm0zZVduWWZGcGZ3V0k5dz09"},"elements":[{"id":"38d77d1c","settings":{"_column_size":50,"_inline_size":39.36},"elements":[{"id":"769c5e26","settings":{"image":{"id":45,"url":"http:\/\/localhost\/dieuhau\/wp-content\/uploads\/2019\/07\/woman_phone.png"},"image_size":"full","width":{"unit":"%","size":100},"space":{"unit":"%","size":100},"_margin":{"unit":"px","top":"-80","right":"0","bottom":"0","left":"0","isLinked":false}},"elements":[],"isInner":false,"widgetType":"image","elType":"widget"}],"isInner":false,"elType":"column"},{"id":"5e7c8bb8","settings":{"_column_size":50,"_inline_size":60.64,"padding_mobile":{"unit":"px","top":"0","right":"0","bottom":"27","left":"0","isLinked":false},"padding":{"unit":"px","top":"0","right":"30","bottom":"0","left":"0","isLinked":false}},"elements":[{"id":"22dcba1d","settings":{"title":"Don\u2019t miss out! Subscribe now","title_color":"#f86d70","typography_typography":"custom","typography_font_family":"Roboto","typography_font_size":{"unit":"px","size":22},"typography_font_size_mobile":{"unit":"px","size":21},"typography_font_weight":"500","align_mobile":"center","typography_text_transform":"capitalize"},"elements":[],"isInner":false,"widgetType":"heading","elType":"widget"},{"id":"72da9e17","settings":{"form_name":"New Form","form_fields":[{"_id":"email","field_type":"email","required":"","field_label":"","placeholder":"Email","width":"66","min_date":"","max_date":"","field_options":"","allow_multiple":"","select_size":"","inline_list":"","field_html":"","width_tablet":"","width_mobile":"","rows":4,"recaptcha_size":"normal","recaptcha_style":"light","css_classes":"","field_value":"","file_sizes":"","file_types":"","allow_multiple_upload":"","max_files":"","acceptance_text":"","checked_by_default":"","field_min":"","field_max":"","use_native_date":"","use_native_time":"","recaptcha_badge":"bottomright","custom_id":""}],"button_text":"Send","button_width":"33","button_icon_indent":{"unit":"px","size":11},"email_content":"[all-fields]","email_content_2":"[all-fields]","success_message":"The form was sent successfully.","error_message":"An error occured.","required_field_message":"This field is required.","invalid_message":"There's something wrong. The form is invalid.","row_gap":{"unit":"px","size":5},"field_text_color":"#3f3d56","field_typography_typography":"custom","field_typography_font_family":"Roboto","field_typography_font_weight":"300","field_border_width":{"unit":"px","top":"0","right":"0","bottom":"0","left":"0","isLinked":true},"button_text_color":"#ffffff","button_typography_typography":"custom","button_typography_font_family":"Roboto","button_typography_font_weight":"300","button_border_radius":{"unit":"px","top":"50","right":"50","bottom":"50","left":"50","isLinked":true},"field_background_color":"#e5e5e5","field_border_radius":{"unit":"px","top":"53","right":"53","bottom":"53","left":"53","isLinked":true},"button_background_color":"#009688"},"elements":[],"isInner":false,"widgetType":"form","elType":"widget"}],"isInner":false,"elType":"column"}],"isInner":false,"elType":"section"}]}