{"version":"0.4","title":"Popup1","type":"popup","content":[{"id":"53a81f17","settings":{"margin":{"unit":"px","top":"0","right":0,"bottom":"-121","left":0,"isLinked":false},"margin_mobile":{"unit":"px","top":"-43","right":0,"bottom":"0","left":0,"isLinked":false},"z_index":2,"_timestamp_":"v1S2hPVjBxQm0zZVduWWZGcGZ3V0k5dz09"},"elements":[{"id":"1c2818ef","settings":{"_column_size":100},"elements":[{"id":"24246a7a","settings":{"content_width":{"unit":"px","size":250},"background_color":"#ffffff","margin":{"unit":"px","top":"41","right":0,"bottom":"0","left":0,"isLinked":false},"margin_mobile":{"unit":"px","top":"40","right":0,"bottom":"-128","left":0,"isLinked":false}},"elements":[{"id":"7e0d24f0","settings":{"_column_size":100,"_inline_size":null,"background_background":"classic","background_color":"#ffffff"},"elements":[{"id":"57a3ddae","settings":{"title":"Announce","align":"center","title_color":"#000000","typography_typography":"custom","typography_font_size":{"unit":"px","size":40},"typography_font_weight":"400"},"elements":[],"isInner":false,"widgetType":"heading","elType":"widget"}],"isInner":true,"elType":"column"}],"isInner":true,"elType":"section"}],"isInner":false,"elType":"column"}],"isInner":false,"elType":"section"},{"id":"211d8b11","settings":{"height":"min-height","custom_height":{"unit":"px","size":580},"column_position":"stretch","content_position":"middle","structure":"20","_timestamp_":"v1S2hPVjBxQm0zZVduWWZGcGZ3V0k5dz09"},"elements":[{"id":"53dcad8b","settings":{"_column_size":50,"_inline_size":null,"content_position":"bottom","background_background":"classic","background_image":{"id":8,"url":"http:\/\/localhost\/dieuhau\/wp-content\/uploads\/2019\/07\/balls.png"},"background_repeat":"no-repeat","background_size":"cover","padding":{"unit":"px","top":"0","right":"15","bottom":"45","left":"50","isLinked":false},"padding_mobile":{"unit":"px","top":"75","right":"0","bottom":"75","left":"48","isLinked":false}},"elements":[{"id":"322a0b83","settings":{"title":"New<br>arrival","title_color":"#ffffff","typography_typography":"custom","typography_font_family":"Helvetica","typography_font_size":{"unit":"px","size":97},"typography_font_weight":"400","typography_line_height":{"unit":"em","size":0.6},"text_shadow_text_shadow_type":"yes","_margin_mobile":{"unit":"px","top":"42","right":"0","bottom":"0","left":"0","isLinked":false}},"elements":[],"isInner":false,"widgetType":"heading","elType":"widget"},{"id":"2ea59fdf","settings":{"title":"2019 collection","title_color":"#ffffff","typography_typography":"custom","typography_font_family":"Helvetica","typography_font_size":{"unit":"px","size":14},"typography_font_weight":"300","typography_text_transform":"uppercase","typography_letter_spacing":{"unit":"px","size":5.1}},"elements":[],"isInner":false,"widgetType":"heading","elType":"widget"}],"isInner":false,"elType":"column"},{"id":"56b9930c","settings":{"_column_size":50,"_inline_size":null,"content_position":"bottom","background_background":"classic","background_color":"#000000","background_repeat":"no-repeat","background_size":"cover","padding":{"unit":"px","top":"0","right":"50","bottom":"45","left":"50","isLinked":false},"padding_mobile":{"unit":"px","top":"38","right":"38","bottom":"38","left":"38","isLinked":true}},"elements":[{"id":"3383e964","settings":{"editor":"Let\u2019s face it, no look is really complete without the right finishes. Not to the best of standards, anyway (just tellin\u2019 it like it is, babe). Upgrading your shoe game. Platforms, stilettos, wedges, mules, boots\u2014stretch those legs next time you head out, then rock sliders, sneakers, and flats when it\u2019s time to chill. ","typography_typography":"custom","typography_font_size":{"unit":"px","size":15}},"elements":[],"isInner":false,"widgetType":"text-editor","elType":"widget"},{"id":"db40baf","settings":{"text":"shop new arrivals","align":"justify","typography_typography":"custom","typography_font_weight":"300","typography_text_transform":"uppercase","typography_letter_spacing":{"unit":"px","size":2.8},"background_color":"#ef295a","button_background_hover_color":"#ffffff","hover_color":"#ef295a"},"elements":[],"isInner":false,"widgetType":"button","elType":"widget"}],"isInner":false,"elType":"column"}],"isInner":false,"elType":"section"}]}