{"version":"0.4","title":"Popup27","type":"popup","content":[{"id":"2260bc3c","settings":{"height":"min-height","custom_height":{"unit":"vh","size":88},"custom_height_tablet":{"unit":"vh","size":91},"custom_height_mobile":{"unit":"vh","size":94},"border_border":"solid","border_width":{"unit":"px","top":"50","right":"50","bottom":"50","left":"50","isLinked":true},"border_width_mobile":{"unit":"px","top":"20","right":"20","bottom":"20","left":"20","isLinked":true},"border_color":"#ffffff","box_shadow_box_shadow":{"horizontal":31,"vertical":16,"blur":55,"spread":17,"color":"rgba(0,0,0,0.35)"},"box_shadow_box_shadow_position":"inset","_timestamp_":"v1S2hPVjBxQm0zZVduWWZGcGZ3V0k5dz09"},"elements":[{"id":"5d3f7896","settings":{"_column_size":100},"elements":[{"id":"215f4b15","settings":{"title":"Welcome Back,<br>We Missed You","align":"center","title_color":"#000000","typography_typography":"custom","typography_font_size":{"unit":"px","size":60},"typography_font_size_mobile":{"unit":"px","size":38},"typography_font_weight":"300","typography_font_family":"Great Vibes","typography_font_size_tablet":{"unit":"px","size":54},"_animation":"fadeIn","_animation_delay":200},"elements":[],"isInner":false,"widgetType":"heading","elType":"widget"},{"id":"65c5a860","settings":{"title":"everything's where you left it.","align":"center","title_color":"#000000","typography_typography":"custom","typography_font_size":{"unit":"px","size":24},"typography_font_size_mobile":{"unit":"px","size":19},"typography_font_weight":"300","typography_text_transform":"capitalize","_animation":"fadeIn","_animation_delay":300},"elements":[],"isInner":false,"widgetType":"heading","elType":"widget"},{"id":"555ae4ea","settings":{"content_width":{"unit":"px","size":350}},"elements":[{"id":"39bbd50a","settings":{"_column_size":100,"_inline_size":null,"padding_mobile":{"unit":"px","top":"0","right":"30","bottom":"0","left":"30","isLinked":false}},"elements":[{"id":"7d7efa17","settings":{"button_text":"Log In","align":"stretch","user_label":" Username or Email Address","user_placeholder":" Username or Email Address","password_label":"Password","password_placeholder":"Password","label_color":"#000000","field_border_width":{"unit":"px","top":"0","right":"0","bottom":"0","left":"0","isLinked":true},"field_border_radius":{"unit":"px","top":"0","right":"0","bottom":"0","left":"0","isLinked":true},"button_background_color":"#971818","show_labels":"","button_background_hover_color":"#000000","_animation":"fadeIn","_animation_delay":300},"elements":[],"isInner":false,"widgetType":"login","elType":"widget"}],"isInner":true,"elType":"column"}],"isInner":true,"elType":"section"}],"isInner":false,"elType":"column"}],"isInner":false,"elType":"section"}]}