{"version":"0.4","title":"Popup25","type":"popup","content":[{"id":"217b815f","settings":{"padding":{"unit":"px","top":"40","right":"50","bottom":"0","left":"50","isLinked":false},"padding_mobile":{"unit":"px","top":"30","right":"30","bottom":"0","left":"30","isLinked":false},"margin_tablet":{"unit":"px","top":"95","right":0,"bottom":"0","left":0,"isLinked":false},"margin_mobile":{"unit":"px","top":"0","right":0,"bottom":"0","left":0,"isLinked":false},"_timestamp_":"v1S2hPVjBxQm0zZVduWWZGcGZ3V0k5dz09"},"elements":[{"id":"112de0d2","settings":{"_column_size":100},"elements":[{"id":"1207e8ce","settings":{"title":"Come On In\n","title_color":"#000000","typography_typography":"custom","typography_font_family":"Bungee Shade","typography_font_size":{"unit":"px","size":76},"typography_font_size_mobile":{"unit":"px","size":73},"text_shadow_text_shadow_type":"yes","text_shadow_text_shadow":{"horizontal":4,"vertical":4,"blur":100,"color":"#ffc300"},"_padding_mobile":{"unit":"px","top":"0","right":"0","bottom":"0","left":"0","isLinked":false},"align":"center"},"elements":[],"isInner":false,"widgetType":"heading","elType":"widget"},{"id":"649be6e6","settings":{"title":"everything's where you left it.","align":"center","title_color":"#ffffff","typography_typography":"custom","typography_font_size":{"unit":"px","size":34},"typography_font_weight":"300","typography_text_transform":"capitalize","typography_font_size_mobile":{"unit":"px","size":29}},"elements":[],"isInner":false,"widgetType":"heading","elType":"widget"},{"id":"54976e80","settings":{"button_text":"Log In","align":"stretch","user_label":" Username or Email Address","user_placeholder":" Username or Email Address","password_label":"Password","password_placeholder":"Password","button_text_color":"#dd0200","button_background_color":"#fede00","button_border_radius":{"unit":"px","top":"100","right":"100","bottom":"100","left":"100","isLinked":true},"show_labels":"","button_hover_color":"#fede00","button_background_hover_color":"#dd0200"},"elements":[],"isInner":false,"widgetType":"login","elType":"widget"}],"isInner":false,"elType":"column"}],"isInner":false,"elType":"section"}]}