{"version":"0.4","title":"Popup29","type":"popup","content":[{"id":"1a22e2e8","settings":{"layout":"full_width","height":"min-height","custom_height":{"unit":"px","size":70},"padding":{"unit":"%","top":"0","right":"0","bottom":"0","left":"50","isLinked":false},"padding_tablet":{"unit":"%","top":"0","right":"0","bottom":"0","left":"40","isLinked":false},"padding_mobile":{"unit":"px","top":"0","right":"0","bottom":"0","left":"0","isLinked":false},"z_index":1,"_timestamp_":"v1S2hPVjBxQm0zZVduWWZGcGZ3V0k5dz09"},"elements":[{"id":"2972c87c","settings":{"_column_size":100,"_inline_size":null,"padding":{"unit":"px","top":"10","right":"0","bottom":"0","left":"50","isLinked":false},"padding_tablet":{"unit":"px","top":"0","right":"0","bottom":"0","left":"25","isLinked":false}},"elements":[{"id":"631152d8","settings":{"color":"#ffffff","width":{"unit":"%","size":85},"width_tablet":{"unit":"%","size":85},"width_mobile":{"unit":"%","size":80}},"elements":[],"isInner":false,"widgetType":"divider","elType":"widget"}],"isInner":false,"elType":"column"}],"isInner":false,"elType":"section"},{"id":"3435b3cb","settings":{"layout":"full_width","height":"min-height","custom_height":{"unit":"vh","size":100},"custom_height_mobile":{"unit":"vh","size":100},"column_position":"stretch","content_position":"middle","background_background":"classic","padding":{"unit":"%","top":"0","right":"0","bottom":"0","left":"50","isLinked":false},"padding_tablet":{"unit":"%","top":"0","right":"0","bottom":"0","left":"40","isLinked":false},"padding_mobile":{"unit":"px","top":"0","right":"0","bottom":"0","left":"0","isLinked":false},"reverse_order_mobile":"reverse-mobile","margin":{"unit":"px","top":"-53","right":0,"bottom":"0","left":0,"isLinked":false},"_timestamp_":"v1S2hPVjBxQm0zZVduWWZGcGZ3V0k5dz09"},"elements":[{"id":"54d1cc9b","settings":{"_column_size":100,"_inline_size":null,"background_background":"classic","background_color":"rgba(0,0,0,0.75)","border_color":"#ffffff","padding":{"unit":"%","top":"0","right":"20","bottom":"0","left":"20","isLinked":false},"padding_mobile":{"unit":"px","top":"0","right":"50","bottom":"0","left":"50","isLinked":false}},"elements":[{"id":"5618e3b3","settings":{"title":"The Keys Are<br>Under The Rug","align":"left","title_color":"#ffffff","typography_typography":"custom","typography_font_size":{"unit":"px","size":55},"typography_font_size_tablet":{"unit":"px","size":41},"typography_font_size_mobile":{"unit":"px","size":45},"typography_font_weight":"400","typography_font_family":"Oswald"},"elements":[],"isInner":false,"widgetType":"heading","elType":"widget"},{"id":"5da82b97","settings":{"show_labels":"","input_size":"md","button_text":"Come On In","button_size":"md","align":"stretch","user_label":" Username or Email Address","user_placeholder":" Username or Email Address","password_label":"Password","password_placeholder":"Password","row_gap":{"unit":"px","size":10},"links_color":"#ffffff","field_text_color":"#000000","field_typography_typography":"custom","field_typography_font_size":{"unit":"px","size":15},"field_border_width":{"unit":"px","top":"0","right":"0","bottom":"0","left":"0","isLinked":true},"field_border_radius":{"unit":"px","top":"0","right":"0","bottom":"0","left":"0","isLinked":true},"button_text_color":"#ffffff","button_typography_typography":"custom","button_typography_font_size":{"unit":"px","size":20},"button_typography_font_weight":"300","button_background_color":"#f93352","button_border_radius":{"unit":"px","top":"0","right":"0","bottom":"0","left":"0","isLinked":true},"button_text_padding":{"unit":"px","top":"0","right":"0","bottom":"0","left":"0","isLinked":true},"button_hover_color":"#f93352","button_background_hover_color":"#ffffff"},"elements":[],"isInner":false,"widgetType":"login","elType":"widget"}],"isInner":false,"elType":"column"}],"isInner":false,"elType":"section"},{"id":"71d84f59","settings":{"layout":"full_width","margin":{"unit":"px","top":"-175","right":0,"bottom":"0","left":0,"isLinked":false},"margin_mobile":{"unit":"px","top":"-85","right":0,"bottom":"0","left":0,"isLinked":false},"_timestamp_":"v1S2hPVjBxQm0zZVduWWZGcGZ3V0k5dz09"},"elements":[{"id":"44bf938","settings":{"_column_size":100},"elements":[{"id":"449727f2","settings":{"title":"get up &amp; get in","align":"right","align_mobile":"center","title_color":"rgba(255,255,255,0.16)","typography_typography":"custom","typography_font_size":{"unit":"px","size":140},"typography_font_size_tablet":{"unit":"px","size":90},"typography_font_size_mobile":{"unit":"px","size":41},"typography_text_transform":"uppercase","typography_font_family":"Roboto Slab","_animation":"slideInRight","animation_duration":"slow","_animation_delay":800},"elements":[],"isInner":false,"widgetType":"heading","elType":"widget"}],"isInner":false,"elType":"column"}],"isInner":false,"elType":"section"}]}