{"version":"0.4","title":"Popup17","type":"popup","content":[{"id":"7c3625af","settings":{"height":"min-height","custom_height":{"unit":"vh","size":70},"background_background":"gradient","background_color":"rgba(255,255,255,0.88)","custom_height_tablet":{"unit":"vh","size":60},"custom_height_mobile":{"unit":"vh","size":84},"background_color_b":"#ffffff","padding":{"unit":"px","top":"0","right":"30","bottom":"0","left":"30","isLinked":false},"padding_tablet":{"unit":"px","top":"15","right":"15","bottom":"15","left":"15","isLinked":true},"padding_mobile":{"unit":"px","top":"0","right":"15","bottom":"0","left":"15","isLinked":false},"margin_mobile":{"unit":"px","top":"0","right":0,"bottom":"0","left":0,"isLinked":false},"box_shadow_box_shadow_type":"yes","box_shadow_box_shadow":{"horizontal":0,"vertical":0,"blur":23,"spread":0,"color":"rgba(0,0,0,0.29)"},"_timestamp_":"v1S2hPVjBxQm0zZVduWWZGcGZ3V0k5dz09"},"elements":[{"id":"7dcfd867","settings":{"_column_size":100},"elements":[{"id":"57676cef","settings":{"image":{"id":64,"url":"http:\/\/localhost\/dieuhau\/wp-content\/uploads\/2019\/07\/dispacher_icon.png"},"align":"center","width":{"unit":"px","size":80},"width_mobile":{"unit":"px","size":60}},"elements":[],"isInner":false,"widgetType":"image","elType":"widget"},{"id":"1f1abb0e","settings":{"title":"We Are Here For You","header_size":"span","align":"center","align_mobile":"center","title_color":"#000000","typography_typography":"custom","typography_font_family":"Montserrat","typography_font_size":{"unit":"px","size":22},"typography_font_size_tablet":{"unit":"px","size":20},"typography_font_size_mobile":{"unit":"px","size":22},"typography_line_height_tablet":{"unit":"em","size":1.3},"typography_line_height":{"unit":"em","size":1.4},"_margin":{"unit":"px","top":"15","right":"0","bottom":"15","left":"0","isLinked":false},"_margin_mobile":{"unit":"px","top":"30","right":"0","bottom":"30","left":"0","isLinked":false}},"elements":[],"isInner":false,"widgetType":"heading","elType":"widget"},{"id":"40b08325","settings":{"align":"center","align_mobile":"center","typography_typography":"custom","typography_font_family":"Montserrat","typography_font_size":{"unit":"px","size":16},"typography_font_size_tablet":{"unit":"px","size":16},"typography_font_size_mobile":{"unit":"px","size":14},"typography_line_height_tablet":{"unit":"em","size":1.3},"editor":"<p>We care about your experience. Fill in your details and we'll contact you shortly.<\/p>","typography_line_height":{"unit":"em","size":1.4}},"elements":[],"isInner":false,"widgetType":"text-editor","elType":"widget"},{"id":"60683c2","settings":{"form_name":"New Form","form_fields":[{"field_type":"text","field_label":"Name","placeholder":"Name","required":"","min_date":"","max_date":"","field_options":"","allow_multiple":"","select_size":"","inline_list":"","field_html":"","width":"100","width_tablet":"","width_mobile":"","rows":4,"recaptcha_size":"normal","recaptcha_style":"light","css_classes":"","field_value":"","_id":"523da14","file_sizes":"","file_types":"","allow_multiple_upload":"","max_files":"","acceptance_text":"","checked_by_default":"","field_min":"","field_max":"","use_native_date":"","use_native_time":"","recaptcha_badge":"bottomright","custom_id":""},{"field_type":"tel","field_label":"tel","placeholder":"Tel","required":"","min_date":"","max_date":"","field_options":"","allow_multiple":"","select_size":"","inline_list":"","field_html":"","width":"100","width_tablet":"","width_mobile":"","rows":4,"recaptcha_size":"normal","recaptcha_style":"light","css_classes":"","field_value":"","_id":"fd4d535","file_sizes":"","file_types":"","allow_multiple_upload":"","max_files":"","acceptance_text":"","checked_by_default":"","field_min":"","field_max":"","use_native_date":"","use_native_time":"","recaptcha_badge":"bottomright","custom_id":""},{"_id":"email","field_type":"email","required":"true","field_label":"Email","placeholder":"Email","width":"100","min_date":"","max_date":"","field_options":"","allow_multiple":"","select_size":"","inline_list":"","field_html":"","width_tablet":"","width_mobile":"","rows":4,"recaptcha_size":"normal","recaptcha_style":"light","css_classes":"","field_value":"","file_sizes":"","file_types":"","allow_multiple_upload":"","max_files":"","acceptance_text":"","checked_by_default":"","field_min":"","field_max":"","use_native_date":"","use_native_time":"","recaptcha_badge":"bottomright","custom_id":""}],"button_text":"Send","button_width":"","email_content":"[all-fields]","email_content_2":"[all-fields]","success_message":"The form was sent successfully.","error_message":"An error occured.","required_field_message":"This field is required.","invalid_message":"There's something wrong. The form is invalid.","column_gap":{"unit":"px","size":0},"field_border_color":"#000000","field_border_width":{"unit":"px","top":"1","right":"1","bottom":"1","left":"1","isLinked":true},"field_border_radius":{"unit":"px","top":"0","right":"0","bottom":"0","left":"0","isLinked":true},"button_background_color":"#000000","button_text_color":"#ffffff","button_border_border":"solid","button_border_width":{"unit":"px","top":"1","right":"1","bottom":"1","left":"1","isLinked":true},"button_border_color":"#000000","button_border_radius":{"unit":"px","top":"0","right":"0","bottom":"0","left":"0","isLinked":true},"show_labels":"","row_gap":{"unit":"px","size":7},"label_typography_typography":"custom","label_typography_font_size_mobile":{"unit":"px","size":10},"_margin":{"unit":"px","top":"40","right":"0","bottom":"40","left":"0","isLinked":false},"_margin_tablet":{"unit":"px","top":"40","right":"0","bottom":"40","left":"0","isLinked":false},"_margin_mobile":{"unit":"px","top":"30","right":"0","bottom":"30","left":"0","isLinked":false},"button_hover_animation":"sink"},"elements":[],"isInner":false,"widgetType":"form","elType":"widget"},{"id":"3db5f690","settings":{"social_icon_list":[{"social":"fa fa-facebook","_id":"b662e80","link":{"url":"","is_external":"true","nofollow":""},"social_icon":{"value":"fab fa-wordpress","library":"fa-brands"},"item_icon_color":"default","item_icon_primary_color":"","item_icon_secondary_color":""},{"social":"fa fa-twitter","_id":"9f5d090","link":{"url":"","is_external":"true","nofollow":""},"social_icon":{"value":"fab fa-wordpress","library":"fa-brands"},"item_icon_color":"default","item_icon_primary_color":"","item_icon_secondary_color":""},{"social":"fa fa-google-plus","_id":"e402819","link":{"url":"","is_external":"true","nofollow":""},"social_icon":{"value":"fab fa-wordpress","library":"fa-brands"},"item_icon_color":"default","item_icon_primary_color":"","item_icon_secondary_color":""}],"icon_color":"custom","icon_primary_color":"#c9c9c9","icon_size":{"unit":"px","size":17},"border_radius":{"unit":"px","top":"50","right":"50","bottom":"50","left":"50","isLinked":true},"hover_primary_color":"#000000","_margin_tablet":{"unit":"px","top":"0","right":"0","bottom":"0","left":"0","isLinked":false},"_margin_mobile":{"unit":"px","top":"0","right":"0","bottom":"0","left":"0","isLinked":true}},"elements":[],"isInner":false,"widgetType":"social-icons","elType":"widget"}],"isInner":false,"elType":"column"}],"isInner":false,"elType":"section"}]}