{"version":"0.4","title":"Popup22","type":"popup","content":[{"id":"7506bb56","settings":{"padding":{"unit":"px","top":"50","right":"20","bottom":"50","left":"20","isLinked":false},"_timestamp_":"v1S2hPVjBxQm0zZVduWWZGcGZ3V0k5dz09"},"elements":[{"id":"396e74c4","settings":{"_column_size":100},"elements":[{"id":"72b00b1f","settings":{"title":"What's the password?","align":"center","title_color":"#ffffff","typography_typography":"custom","typography_font_family":"Indie Flower","typography_font_size":{"unit":"px","size":38},"typography_font_size_tablet":{"unit":"px","size":30},"typography_font_size_mobile":{"unit":"px","size":30},"typography_font_weight":"200"},"elements":[],"isInner":false,"widgetType":"heading","elType":"widget"},{"id":"43795a02","settings":{"image":{"id":79,"url":"http:\/\/localhost\/dieuhau\/wp-content\/uploads\/2019\/07\/eyes2.gif"},"image_size":"full","width":{"unit":"vw","size":100},"space":{"unit":"%","size":100}},"elements":[],"isInner":false,"widgetType":"image","elType":"widget"},{"id":"1233377c","settings":{"editor":"<p><span style=\"font-weight: 400;\">Login to your account<\/span><\/p>","text_color":"#ffffff","typography_typography":"custom","typography_font_family":"Indie Flower","typography_font_size":{"unit":"px","size":21},"typography_font_size_tablet":{"unit":"px","size":15},"typography_font_size_mobile":{"unit":"px","size":15},"align":"center"},"elements":[],"isInner":false,"widgetType":"text-editor","elType":"widget"},{"id":"43ac3168","settings":{"show_labels":"","input_size":"md","button_text":"Login","button_size":"lg","align":"stretch","show_remember_me":"","user_label":" Username or Email Address","user_placeholder":" Username or Email Address","password_label":"Password","password_placeholder":"Password","row_gap":{"unit":"px","size":14},"field_text_color":"#000000","field_typography_typography":"custom","field_typography_font_family":"Indie Flower","field_typography_font_size":{"unit":"px","size":15},"field_typography_font_size_tablet":{"unit":"px","size":15},"field_typography_font_size_mobile":{"unit":"px","size":15},"field_border_width":{"unit":"px","top":"0","right":"0","bottom":"0","left":"0","isLinked":true},"field_border_radius":{"unit":"px","top":"0","right":"0","bottom":"0","left":"0","isLinked":true},"button_text_color":"#000000","button_typography_typography":"custom","button_typography_font_family":"Indie Flower","button_typography_text_transform":"uppercase","button_background_color":"#ffffff","button_border_radius":{"unit":"px","top":"0","right":"0","bottom":"0","left":"0","isLinked":true},"button_hover_color":"#ffffff","button_background_hover_color":"#54595f","_padding":{"unit":"px","top":"0","right":"0","bottom":"0","left":"0","isLinked":false},"links_color":"#ffffff"},"elements":[],"isInner":false,"widgetType":"login","elType":"widget"}],"isInner":false,"elType":"column"}],"isInner":false,"elType":"section"}]}