{"version":"0.4","title":"Popup12","type":"popup","content":[{"id":"963c333","settings":{"content_position":"middle","structure":"30","_timestamp_":"v1S2hPVjBxQm0zZVduWWZGcGZ3V0k5dz09"},"elements":[{"id":"7c67fcfa","settings":{"_column_size":33,"_inline_size":10.877,"_inline_size_mobile":15},"elements":[{"id":"de7737b","settings":{"image":{"id":48,"url":"http:\/\/localhost\/dieuhau\/wp-content\/uploads\/2019\/07\/Cactus-1.png"},"image_size":"full","width":{"unit":"px","size":41}},"elements":[],"isInner":false,"widgetType":"image","elType":"widget"}],"isInner":false,"elType":"column"},{"id":"7f2c3899","settings":{"_column_size":33,"_inline_size":75.702,"_inline_size_tablet":69,"_inline_size_mobile":50},"elements":[{"id":"6e4dabb5","settings":{"title":"This website uses cookies to ensure you get the best experience on our website. ","align":"center","align_mobile":"left","title_color":"#54595f","typography_typography":"custom","typography_font_size_mobile":{"unit":"px","size":13},"typography_font_weight":"300","typography_font_size":{"unit":"px","size":21}},"elements":[],"isInner":false,"widgetType":"heading","elType":"widget"}],"isInner":false,"elType":"column"},{"id":"72fd4603","settings":{"_column_size":33,"_inline_size":13.417,"_inline_size_mobile":31,"_inline_size_tablet":20},"elements":[{"id":"77cf862e","settings":{"text":"got it","align_mobile":"center","background_color":"#6ec1e4","button_background_hover_color":"#000000","border_radius":{"unit":"px","top":"150","right":"150","bottom":"150","left":"150","isLinked":true},"text_padding":{"unit":"px","top":"10","right":"40","bottom":"10","left":"40","isLinked":false},"text_padding_mobile":{"unit":"px","top":"10","right":"25","bottom":"10","left":"25","isLinked":false},"_margin_mobile":{"unit":"px","top":"0","right":"0","bottom":"0","left":"0","isLinked":false},"__dynamic__":{"link":"[elementor-tag id=\"247df1c\" name=\"popup\" settings=\"%7B%22action%22%3A%22close%22%7D\"]"},"typography_typography":"custom","typography_font_size_mobile":{"unit":"px","size":13},"typography_text_transform":"uppercase"},"elements":[],"isInner":false,"widgetType":"button","elType":"widget"}],"isInner":false,"elType":"column"}],"isInner":false,"elType":"section"}]}