{"version":"0.4","title":"Popup3","type":"popup","content":[{"id":"1ceed7b0","settings":{"custom_height_tablet":{"unit":"vh","size":100},"column_position":"bottom","_timestamp_":"v1S2hPVjBxQm0zZVduWWZGcGZ3V0k5dz09"},"elements":[{"id":"18937f66","settings":{"_column_size":100,"padding":{"unit":"px","top":"0","right":"35","bottom":"0","left":"35","isLinked":false}},"elements":[{"id":"6935b201","settings":{"title":"be the first to know about <b>we<\/b>ather updates","align":"center","title_color":"#ffffff","typography_typography":"custom","typography_font_size":{"unit":"px","size":34},"typography_font_size_mobile":{"unit":"px","size":30},"typography_font_weight":"300","typography_text_transform":"uppercase","typography_font_family":"Raleway"},"elements":[],"isInner":false,"widgetType":"heading","elType":"widget"},{"id":"7f0a0307","settings":{"title":"don't miss out! subscribe now","align":"center","title_color":"#ffffff","typography_typography":"custom","typography_font_weight":"300","typography_text_transform":"capitalize"},"elements":[],"isInner":false,"widgetType":"heading","elType":"widget"},{"id":"259e63f3","settings":{"form_name":"New Form","form_fields":[{"_id":"name","field_type":"text","field_label":"Name","placeholder":"Name","width":"100","required":"","min_date":"","max_date":"","field_options":"","allow_multiple":"","select_size":"","inline_list":"","field_html":"","width_tablet":"","width_mobile":"","rows":4,"recaptcha_size":"normal","recaptcha_style":"light","css_classes":"","field_value":"","file_sizes":"","file_types":"","allow_multiple_upload":"","max_files":"","acceptance_text":"","checked_by_default":"","field_min":"","field_max":"","use_native_date":"","use_native_time":"","recaptcha_badge":"bottomright","custom_id":""},{"_id":"email","field_type":"email","required":"true","field_label":"Email","placeholder":"Email","width":"100","min_date":"","max_date":"","field_options":"","allow_multiple":"","select_size":"","inline_list":"","field_html":"","width_tablet":"","width_mobile":"","rows":4,"recaptcha_size":"normal","recaptcha_style":"light","css_classes":"","field_value":"","file_sizes":"","file_types":"","allow_multiple_upload":"","max_files":"","acceptance_text":"","checked_by_default":"","field_min":"","field_max":"","use_native_date":"","use_native_time":"","recaptcha_badge":"bottomright","custom_id":""}],"show_labels":"","button_text":"Send","email_content":"[all-fields]","email_content_2":"[all-fields]","success_message":"The form was sent successfully.","error_message":"An error occured.","required_field_message":"This field is required.","invalid_message":"There's something wrong. The form is invalid.","field_text_color":"#000000","field_background_color":"rgba(255,255,255,0.42)","field_border_width":{"unit":"px","top":"0","right":"0","bottom":"0","left":"0","isLinked":true},"field_border_radius":{"unit":"px","top":"60","right":"60","bottom":"60","left":"60","isLinked":true},"button_background_color":"#8971a6","button_border_radius":{"unit":"px","top":"85","right":"85","bottom":"85","left":"85","isLinked":true},"button_hover_animation":"sink","_margin":{"unit":"px","top":"0","right":"0","bottom":"50","left":"0","isLinked":false},"_margin_mobile":{"unit":"px","top":"0","right":"0","bottom":"0","left":"0","isLinked":false}},"elements":[],"isInner":false,"widgetType":"form","elType":"widget"},{"id":"741dbe50","settings":{"image":{"id":14,"url":"http:\/\/localhost\/dieuhau\/wp-content\/uploads\/2019\/07\/app1.png"},"width":{"unit":"px","size":320},"width_tablet":{"unit":"px","size":554},"width_mobile":{"unit":"px","size":249},"_animation":"slideInUp","_margin_mobile":{"unit":"px","top":"0","right":"0","bottom":"0","left":"0","isLinked":false},"_margin_tablet":{"unit":"px","top":"150","right":"0","bottom":"0","left":"0","isLinked":false},"_animation_delay":800},"elements":[],"isInner":false,"widgetType":"image","elType":"widget"}],"isInner":false,"elType":"column"}],"isInner":false,"elType":"section"}]}