{"version":"0.4","title":"Popup5","type":"popup","content":[{"id":"4419db85","settings":{"gap":"no","padding_mobile":{"unit":"px","top":"0","right":"25","bottom":"0","left":"25","isLinked":false},"_timestamp_":"v1S2hPVjBxQm0zZVduWWZGcGZ3V0k5dz09"},"elements":[{"id":"6c3e352b","settings":{"_column_size":100},"elements":[{"id":"61b5833f","settings":{"content_width":{"unit":"px","size":400},"background_background":"classic"},"elements":[{"id":"28c61bab","settings":{"_column_size":100,"_inline_size":null,"background_background":"classic","background_color":"#ffffff","box_shadow_box_shadow_type":"yes","box_shadow_box_shadow":{"horizontal":7,"vertical":9,"blur":0,"spread":0,"color":"rgba(0,0,0,0.5)"}},"elements":[{"id":"7649d5f","settings":{"title":"up to","align":"center","title_color":"#54595f","typography_typography":"custom","typography_text_transform":"uppercase"},"elements":[],"isInner":false,"widgetType":"heading","elType":"widget"},{"id":"5f0e3b30","settings":{"title":"50% off","align":"center","title_color":"#54595f","typography_typography":"custom","typography_font_size":{"unit":"px","size":70},"typography_font_size_mobile":{"unit":"px","size":56},"typography_font_weight":"500","typography_text_transform":"uppercase","typography_font_family":"Abril Fatface","_margin":{"unit":"px","top":"-24","right":"0","bottom":"0","left":"0","isLinked":false}},"elements":[],"isInner":false,"widgetType":"heading","elType":"widget"}],"isInner":true,"elType":"column"}],"isInner":true,"elType":"section"},{"id":"10bcc5b5","settings":{"content_width":{"unit":"px","size":539},"background_background":"classic","margin":{"unit":"px","top":"30","right":0,"bottom":"0","left":0,"isLinked":false}},"elements":[{"id":"246457b4","settings":{"_column_size":100,"_inline_size":null,"background_background":"classic","background_color":"#ef483e","box_shadow_box_shadow_type":"yes","box_shadow_box_shadow":{"horizontal":7,"vertical":12,"blur":0,"spread":0,"color":"rgba(0,0,0,0.5)"}},"elements":[{"id":"6e279115","settings":{"title":"Awesome Products - Amazing Prices","align":"center","title_color":"#ffffff","typography_typography":"custom","typography_font_size":{"unit":"px","size":27},"typography_font_weight":"300","typography_text_transform":"capitalize","typography_font_size_mobile":{"unit":"px","size":23}},"elements":[],"isInner":false,"widgetType":"heading","elType":"widget"}],"isInner":true,"elType":"column"}],"isInner":true,"elType":"section"},{"id":"72d104de","settings":{"text":"get it","align":"center","typography_typography":"custom","typography_text_transform":"uppercase","button_text_color":"#ffffff","background_color":"#54595f","hover_animation":"float","text_padding":{"unit":"px","top":"15","right":"50","bottom":"15","left":"50","isLinked":false},"_margin":{"unit":"px","top":"100","right":"0","bottom":"0","left":"0","isLinked":false}},"elements":[],"isInner":false,"widgetType":"button","elType":"widget"}],"isInner":false,"elType":"column"}],"isInner":false,"elType":"section"}]}