{"version":"0.4","title":"Popup2","type":"popup","content":[{"id":"203eced","settings":{"padding":{"unit":"px","top":"0","right":"0","bottom":"0","left":"200","isLinked":false},"z_index":2,"height":"min-height","custom_height":{"unit":"px","size":500},"custom_height_mobile":{"unit":"px","size":600},"background_background":"classic","background_image_mobile":{"id":11,"url":"http:\/\/localhost\/dieuhau\/wp-content\/uploads\/2019\/07\/coco.png"},"padding_mobile":{"unit":"px","top":"0","right":"0","bottom":"0","left":"0","isLinked":false},"_timestamp_":"v1S2hPVjBxQm0zZVduWWZGcGZ3V0k5dz09"},"elements":[{"id":"3d33a368","settings":{"_column_size":100,"_inline_size_mobile":100,"margin":{"unit":"px","top":"37","right":"37","bottom":"37","left":"37","isLinked":true},"padding":{"unit":"%","top":"0","right":"0","bottom":"0","left":"0","isLinked":false},"padding_mobile":{"unit":"px","top":"0","right":"0","bottom":"0","left":"0","isLinked":false}},"elements":[{"id":"13c16d66","settings":{"title":"don't call us.<br>we will coconut<br>you","title_color":"#ffffff","typography_typography":"custom","typography_font_size":{"unit":"px","size":65},"_margin":{"unit":"px","top":"0","right":"0","bottom":"0","left":"0","isLinked":false},"typography_font_size_mobile":{"unit":"px","size":40},"typography_line_height":{"unit":"em","size":0.9},"text_shadow_text_shadow_type":"yes","text_shadow_text_shadow":{"horizontal":0,"vertical":0,"blur":31,"color":"rgba(0,0,0,0.3)"},"typography_font_family":"Righteous"},"elements":[],"isInner":false,"widgetType":"heading","elType":"widget"},{"id":"1b84ca32","settings":{"padding_mobile":{"unit":"px","top":"0","right":"0","bottom":"0","left":"0","isLinked":false}},"elements":[{"id":"55c43543","settings":{"_column_size":100,"_inline_size":null,"padding":{"unit":"%","top":"0","right":"60","bottom":"0","left":"0","isLinked":false},"padding_mobile":{"unit":"px","top":"0","right":"0","bottom":"0","left":"0","isLinked":false}},"elements":[{"id":"694e0325","settings":{"title":"organic pop up market store is heading your way\u200b","title_color":"#000000","typography_typography":"custom","typography_font_weight":"300","_padding":{"unit":"%","top":"","right":"","bottom":"","left":"","isLinked":true}},"elements":[],"isInner":false,"widgetType":"heading","elType":"widget"},{"id":"3ded2fc5","settings":{"form_name":"New Form","form_fields":[{"_id":"name","field_type":"text","field_label":"Name","placeholder":"Name","width":"100","required":"","min_date":"","max_date":"","field_options":"","allow_multiple":"","select_size":"","inline_list":"","field_html":"","width_tablet":"","width_mobile":"","rows":4,"recaptcha_size":"normal","recaptcha_style":"light","css_classes":"","field_value":"","file_sizes":"","file_types":"","allow_multiple_upload":"","max_files":"","acceptance_text":"","checked_by_default":"","field_min":"","field_max":"","use_native_date":"","use_native_time":"","recaptcha_badge":"bottomright","custom_id":""},{"_id":"email","field_type":"tel","required":"true","field_label":"Phone","placeholder":"Phone","width":"100","min_date":"","max_date":"","field_options":"","allow_multiple":"","select_size":"","inline_list":"","field_html":"","width_tablet":"","width_mobile":"","rows":4,"recaptcha_size":"normal","recaptcha_style":"light","css_classes":"","field_value":"","file_sizes":"","file_types":"","allow_multiple_upload":"","max_files":"","acceptance_text":"","checked_by_default":"","field_min":"","field_max":"","use_native_date":"","use_native_time":"","recaptcha_badge":"bottomright","custom_id":""}],"show_labels":"","button_text":"Send","button_width":"50","email_content":"[all-fields]","email_content_2":"[all-fields]","success_message":"The form was sent successfully.","error_message":"An error occured.","required_field_message":"This field is required.","invalid_message":"There's something wrong. The form is invalid.","field_border_width":{"unit":"px","top":"0","right":"0","bottom":"0","left":"0","isLinked":true},"field_border_radius":{"unit":"px","top":"0","right":"0","bottom":"0","left":"0","isLinked":true},"button_background_color":"#4a4a4a","button_border_radius":{"unit":"px","top":"0","right":"0","bottom":"0","left":"0","isLinked":true},"button_background_hover_color":"#000000"},"elements":[],"isInner":false,"widgetType":"form","elType":"widget"}],"isInner":true,"elType":"column"}],"isInner":true,"elType":"section"}],"isInner":false,"elType":"column"}],"isInner":false,"elType":"section"},{"id":"4ed54c8d","settings":{"height":"min-height","custom_height":{"unit":"px","size":""},"column_position":"stretch","margin":{"unit":"px","top":"-518","right":0,"bottom":"0","left":0,"isLinked":false},"custom_height_mobile":{"unit":"px","size":600},"background_background":"classic","background_image":{"id":11,"url":"http:\/\/localhost\/dieuhau\/wp-content\/uploads\/2019\/07\/coco.png"},"background_repeat":"no-repeat","background_size":"contain","background_overlay_background":"classic","margin_mobile":{"unit":"px","top":"0","right":0,"bottom":"0","left":0,"isLinked":false},"padding":{"unit":"%","top":"0","right":"0","bottom":"0","left":"60","isLinked":false},"padding_mobile":{"unit":"px","top":"0","right":"0","bottom":"0","left":"0","isLinked":false},"_timestamp_":"v1S2hPVjBxQm0zZVduWWZGcGZ3V0k5dz09"},"elements":[{"id":"5653dcca","settings":{"_column_size":100,"_inline_size":null,"padding":{"unit":"px","top":"0","right":"0","bottom":"0","left":"0","isLinked":true},"padding_mobile":{"unit":"px","top":"0","right":"0","bottom":"0","left":"0","isLinked":false}},"elements":[{"id":"1be55ff7","settings":{"address":"London Eye, London, United Kingdom","height":{"unit":"px","size":497},"css_filters_css_filter":"custom","css_filters_brightness":{"unit":"px","size":96},"css_filters_saturate":{"unit":"px","size":0},"css_filters_hue":{"unit":"px","size":217}},"elements":[],"isInner":false,"widgetType":"google_maps","elType":"widget"}],"isInner":false,"elType":"column"}],"isInner":false,"elType":"section"}]}