{"version":"0.4","title":"Popup13","type":"popup","content":[{"id":"22fc4c9b","settings":{"margin_mobile":{"unit":"px","top":"","right":0,"bottom":"","left":0,"isLinked":true},"background_background":"classic","background_overlay_background":"classic","background_overlay_image":{"id":51,"url":null},"background_overlay_position":"initial","background_overlay_position_mobile":"initial","background_overlay_xpos":{"unit":"px","size":-50},"background_overlay_xpos_mobile":{"unit":"px","size":-69},"background_overlay_ypos_mobile":{"unit":"px","size":-16},"background_overlay_repeat":"no-repeat","background_overlay_size_mobile":"initial","background_overlay_bg_width_mobile":{"unit":"px","size":139},"padding":{"unit":"px","top":"0","right":"0","bottom":"0","left":"118","isLinked":false},"padding_mobile":{"unit":"px","top":"0","right":"0","bottom":"0","left":"58","isLinked":false},"_timestamp_":"v1S2hPVjBxQm0zZVduWWZGcGZ3V0k5dz09"},"elements":[{"id":"247fb6b9","settings":{"_column_size":100,"_inline_size":null,"padding":{"unit":"px","top":"0","right":"0","bottom":"0","left":"31","isLinked":false}},"elements":[{"id":"217a0736","settings":{"title":"wait a minute...","title_color":"#6d7882","typography_typography":"custom","typography_font_size":{"unit":"px","size":33},"typography_font_weight":"400","typography_text_transform":"uppercase","typography_font_family":"Righteous","typography_font_size_mobile":{"unit":"px","size":28}},"elements":[],"isInner":false,"widgetType":"heading","elType":"widget"},{"id":"2b6d9152","settings":{"title":"have you read these details yet?","title_color":"#6d7882","typography_typography":"custom","typography_font_size":{"unit":"px","size":20},"typography_font_weight":"400","typography_text_transform":"uppercase","_margin":{"unit":"px","top":"-16","right":"0","bottom":"0","left":"0","isLinked":false}},"elements":[],"isInner":false,"widgetType":"heading","elType":"widget"},{"id":"b4e4ea3","settings":{"editor":"Lorem ipsum dolor sit amet, consectetur adipiscing elit, sed do eiusmod tempor incididunt ut labore et dolore magna exercitation ullamco "},"elements":[],"isInner":false,"widgetType":"text-editor","elType":"widget"},{"id":"15050d1c","settings":{"text":"agree","align":"left","typography_typography":"custom","typography_font_weight":"400","typography_text_transform":"uppercase","background_color":"#4a4a4a","__dynamic__":{"link":"[elementor-tag id=\"4b207c8\" name=\"popup\" settings=\"%7B%22action%22%3A%22close%22%7D\"]"}},"elements":[],"isInner":false,"widgetType":"button","elType":"widget"}],"isInner":false,"elType":"column"}],"isInner":false,"elType":"section"}]}