{"version":"0.4","title":"Contact-Snowboard-Site-page","type":"page","content":[{"id":"593af31a","settings":{"height":"min-height","custom_height":{"unit":"vh","size":35},"structure":"20","margin":{"unit":"px","top":"","right":0,"bottom":"","left":0,"isLinked":true},"padding":{"unit":"px","top":"130","right":"0","bottom":"130","left":"0","isLinked":false},"background_background":"classic","background_image":{"id":"344","url":"http:\/\/localhost\/test\/wp-content\/uploads\/2018\/09\/markos-mant-228858.png"},"background_position":"center center","background_size":"cover","background_overlay_background":"gradient","background_overlay_color":"rgba(0,0,0,0)","background_overlay_color_stop":{"unit":"%","size":72},"background_overlay_color_b":"#ffffff","background_overlay_opacity":{"unit":"px","size":1},"margin_mobile":{"unit":"px","top":"-10","right":0,"bottom":"-10","left":0,"isLinked":true},"padding_mobile":{"unit":"px","top":"0","right":"0","bottom":"0","left":"0","isLinked":true},"shape_divider_bottom_height":{"unit":"px","size":63}},"elements":[{"id":"40ac953d","settings":{"_column_size":50,"_inline_size":44.667,"_inline_size_tablet":30},"elements":[],"isInner":false,"elType":"column"},{"id":"71feea61","settings":{"_column_size":50,"_inline_size":47.25,"margin_mobile":{"unit":"px","top":"0","right":"0","bottom":"0","left":"0","isLinked":false},"padding_mobile":{"unit":"px","top":"150","right":"20","bottom":"40","left":"20","isLinked":false},"background_color":"rgba(0,0,0,0.65)","background_color_b":"rgba(0,0,0,0)","background_color_b_stop":{"unit":"%","size":86},"background_gradient_type":"radial","_inline_size_tablet":70,"margin_tablet":{"unit":"px","top":"0","right":"30","bottom":"0","left":"0","isLinked":false}},"elements":[{"id":"591f53e","settings":{"title":"Contact  <span1 style=color:#FFF;>us<\/span1> ","typography_typography":"custom","typography_font_size":{"unit":"px","size":47},"typography_font_family":"Catamaran","typography_font_weight":"900","typography_text_transform":"uppercase","typography_font_style":"italic","typography_letter_spacing":{"unit":"px","size":-2.5},"title_color":"#151515","_margin":{"unit":"px","top":"0","right":"0","bottom":"0","left":"0","isLinked":false},"align":"center","align_mobile":"center","typography_font_size_mobile":{"unit":"px","size":34},"header_size":"h3"},"elements":[],"isInner":false,"widgetType":"heading","elType":"widget"},{"id":"280cd0a3","settings":{"form_name":"New Form","form_fields":[{"_id":"name","field_type":"text","field_label":"Name","placeholder":"First Name","width":"50","field_value":"","required":"","field_options":"","inline_list":"","width_tablet":"","width_mobile":"","rows":4,"recaptcha_size":"normal","recaptcha_style":"light","css_classes":"","file_sizes":"","file_types":"","allow_multiple_upload":"","max_files":"","acceptance_text":"","checked_by_default":"","field_min":"","field_max":"","min_date":"","max_date":"","use_native_date":"","use_native_time":"","allow_multiple":"","select_size":"","field_html":""},{"_id":"email","field_type":"text","required":"true","field_label":"Last Name","placeholder":"Last Name","width":"50","field_value":"","field_options":"","inline_list":"","width_tablet":"","width_mobile":"","rows":4,"recaptcha_size":"normal","recaptcha_style":"light","css_classes":"","file_sizes":"","file_types":"","allow_multiple_upload":"","max_files":"","acceptance_text":"","checked_by_default":"","field_min":"","field_max":"","min_date":"","max_date":"","use_native_date":"","use_native_time":"","allow_multiple":"","select_size":"","field_html":""},{"_id":"message","field_type":"text","field_label":"Username","placeholder":"Choose Username","width":"100","field_value":"","required":"","field_options":"","inline_list":"","width_tablet":"","width_mobile":"","rows":4,"recaptcha_size":"normal","recaptcha_style":"light","css_classes":"","file_sizes":"","file_types":"","allow_multiple_upload":"","max_files":"","acceptance_text":"","checked_by_default":"","field_min":"","field_max":"","min_date":"","max_date":"","use_native_date":"","use_native_time":"","allow_multiple":"","select_size":"","field_html":""},{"field_type":"email","field_label":"Email","field_value":"","placeholder":"Email Address","required":"","field_options":"","inline_list":"","width":"100","width_tablet":"","width_mobile":"","rows":4,"recaptcha_size":"normal","recaptcha_style":"light","css_classes":"","_id":"3kxrmft","file_sizes":"","file_types":"","allow_multiple_upload":"","max_files":"","acceptance_text":"","checked_by_default":"","field_min":"","field_max":"","min_date":"","max_date":"","use_native_date":"","use_native_time":"","allow_multiple":"","select_size":"","field_html":""},{"field_type":"number","field_label":"Phone","field_value":"","placeholder":"Phone Number","required":"","field_options":"","inline_list":"","width":"75","width_tablet":"","width_mobile":"","rows":4,"recaptcha_size":"normal","recaptcha_style":"light","css_classes":"","_id":"cpt3f1i","file_sizes":"","file_types":"","allow_multiple_upload":"","max_files":"","acceptance_text":"","checked_by_default":"","field_min":"","field_max":"","min_date":"","max_date":"","use_native_date":"","use_native_time":"","allow_multiple":"","select_size":"","field_html":""}],"input_size":"md","show_labels":"","button_text":"send","button_size":"md","button_width":"25","email_content":"[all-fields]","email_content_2":"[all-fields]","success_message":"The form was sent successfully!","error_message":"There's something wrong... Please fill in the required fields.","required_field_message":"Required","invalid_message":"There's something wrong... The form is invalid.","subscriber_already_exists_message":"Subscriber already exist.","column_gap":{"unit":"px","size":20},"row_gap":{"unit":"px","size":20},"field_text_color":"#151515","field_typography_typography":"custom","field_typography_font_size":{"unit":"px","size":17},"field_typography_font_family":"Catamaran","field_typography_font_weight":"300","field_typography_letter_spacing":{"unit":"px","size":0.5},"field_background_color":"rgba(255,255,255,0.85)","field_border_width":{"unit":"px","top":"0","right":"0","bottom":"0","left":"0","isLinked":true},"field_border_radius":{"unit":"px","top":"4","right":"4","bottom":"4","left":"4","isLinked":true},"button_text_color":"#ffffff","button_typography_typography":"custom","button_typography_font_size":{"unit":"px","size":18},"button_typography_font_family":"Catamaran","button_typography_font_weight":"600","button_typography_text_transform":"uppercase","button_background_color":"#db1529","_margin":{"unit":"px","top":"30","right":"0","bottom":"0","left":"0","isLinked":false},"button_typography_font_style":"italic","_margin_mobile":{"unit":"px","top":"40","right":"0","bottom":"0","left":"0","isLinked":false},"_padding_mobile":{"unit":"px","top":"0","right":"0","bottom":"0","left":"0","isLinked":false},"field_typography_font_size_mobile":{"unit":"px","size":15}},"elements":[],"isInner":false,"widgetType":"form","elType":"widget"},{"id":"7eab137","settings":{"gap":"no","structure":"20","margin":{"unit":"px","top":"40","right":0,"bottom":"0","left":0,"isLinked":false},"margin_mobile":{"unit":"px","top":"0","right":0,"bottom":"0","left":0,"isLinked":true}},"elements":[{"id":"2a86a810","settings":{"_column_size":50,"_inline_size":69.653,"_inline_size_tablet":60},"elements":[{"id":"7604d8c0","settings":{"title":"For Assistance, Please Call","align":"right","title_color":"#151515","typography_typography":"custom","typography_font_size":{"unit":"px","size":17},"typography_font_family":"Catamaran","typography_font_weight":"400","typography_line_height":{"unit":"em","size":1.2},"typography_letter_spacing":{"unit":"px","size":0.5},"align_mobile":"center","typography_font_size_mobile":{"unit":"px","size":18},"typography_line_height_mobile":{"unit":"px","size":28},"header_size":"p"},"elements":[],"isInner":false,"widgetType":"heading","elType":"widget"}],"isInner":true,"elType":"column"},{"id":"30f890b2","settings":{"_column_size":50,"_inline_size":30.347,"_inline_size_tablet":40},"elements":[{"id":"22873faa","settings":{"title":"<i class=\"fa fa-phone\" aria-hidden=\"true\"><\/i> (123) 456-7890","align":"right","title_color":"#db1529","typography_typography":"custom","typography_font_size":{"unit":"px","size":20},"typography_font_family":"Catamaran","typography_font_weight":"500","typography_line_height":{"unit":"em","size":1.2},"typography_letter_spacing":{"unit":"px","size":0.5},"align_mobile":"center","typography_font_size_mobile":{"unit":"px","size":18},"typography_line_height_mobile":{"unit":"px","size":26},"header_size":"p"},"elements":[],"isInner":false,"widgetType":"heading","elType":"widget"}],"isInner":true,"elType":"column"}],"isInner":true,"elType":"section"}],"isInner":false,"elType":"column"}],"isInner":false,"elType":"section"},{"id":"2615dfc4","settings":{"content_width":{"unit":"px","size":1012},"height":"min-height","structure":"30"},"elements":[{"id":"6ccd9005","settings":{"_column_size":33,"_inline_size":null},"elements":[{"id":"6cf9ff22","settings":{"icon":"fa fa-location-arrow","title_text":"Address","description_text":"Snow Mountain Ski Resort\n16 Snow Valley Road\nSnow Valley UT, 84001","primary_color":"#db1529","icon_space":{"unit":"px","size":23},"icon_size":{"unit":"px","size":50},"title_bottom_space":{"unit":"px","size":14},"title_color":"#151515","title_typography_typography":"custom","title_typography_font_size":{"unit":"px","size":19},"title_typography_font_family":"Catamaran","title_typography_font_weight":"600","title_typography_text_transform":"uppercase","title_typography_letter_spacing":{"unit":"px","size":0.4},"description_color":"#939393","description_typography_typography":"custom","description_typography_font_size":{"unit":"px","size":16},"description_typography_font_family":"Catamaran","description_typography_font_weight":"400","description_typography_line_height":{"unit":"em","size":1.5},"description_typography_letter_spacing":{"unit":"px","size":0},"_padding":{"unit":"px","top":"40","right":"40","bottom":"40","left":"40","isLinked":false},"_border_radius":{"unit":"px","top":"4","right":"4","bottom":"4","left":"4","isLinked":true},"_box_shadow_box_shadow_type":"yes","_box_shadow_box_shadow":{"horizontal":0,"vertical":0,"blur":26,"spread":3,"color":"rgba(0,0,0,0)"},"_border_radius_hover":{"unit":"px","top":"4","right":"4","bottom":"4","left":"4","isLinked":true},"_box_shadow_hover_box_shadow":{"horizontal":0,"vertical":0,"blur":26,"spread":3,"color":"#e8e8e8"},"_box_shadow_hover_box_shadow_type":"yes","hover_primary_color":"#db1529","hover_animation":"pulse","_margin_mobile":{"unit":"px","top":"0","right":"0","bottom":"0","left":"0","isLinked":true},"description_typography_font_size_tablet":{"unit":"px","size":14},"_padding_tablet":{"unit":"px","top":"30","right":"15","bottom":"30","left":"15","isLinked":false},"title_size":"h4","_padding_mobile":{"unit":"px","top":"40","right":"40","bottom":"40","left":"40","isLinked":true}},"elements":[],"isInner":false,"widgetType":"icon-box","elType":"widget"}],"isInner":false,"elType":"column"},{"id":"48952cfe","settings":{"_column_size":33,"_inline_size":null},"elements":[{"id":"1552f07a","settings":{"icon":"fa fa-envelope-open","title_text":"E-mail","description_text":"info@yoursite.com<br>\nwww.yoursite.com","primary_color":"#db1529","icon_space":{"unit":"px","size":23},"icon_size":{"unit":"px","size":50},"title_bottom_space":{"unit":"px","size":14},"title_color":"#151515","title_typography_typography":"custom","title_typography_font_size":{"unit":"px","size":19},"title_typography_font_family":"Catamaran","title_typography_font_weight":"600","title_typography_text_transform":"uppercase","title_typography_letter_spacing":{"unit":"px","size":0.4},"description_color":"#939393","description_typography_typography":"custom","description_typography_font_size":{"unit":"px","size":16},"description_typography_font_family":"Catamaran","description_typography_font_weight":"400","description_typography_line_height":{"unit":"em","size":1.5},"description_typography_letter_spacing":{"unit":"px","size":0},"_padding":{"unit":"px","top":"40","right":"40","bottom":"40","left":"40","isLinked":true},"_border_radius":{"unit":"px","top":"4","right":"4","bottom":"4","left":"4","isLinked":true},"_box_shadow_box_shadow_type":"yes","_box_shadow_box_shadow":{"horizontal":0,"vertical":0,"blur":26,"spread":3,"color":"rgba(0,0,0,0)"},"_border_radius_hover":{"unit":"px","top":"4","right":"4","bottom":"4","left":"4","isLinked":true},"_box_shadow_hover_box_shadow_type":"yes","_box_shadow_hover_box_shadow":{"horizontal":0,"vertical":0,"blur":26,"spread":3,"color":"#e8e8e8"},"hover_animation":"grow","description_typography_font_size_tablet":{"unit":"px","size":14},"_padding_tablet":{"unit":"px","top":"30","right":"15","bottom":"30","left":"15","isLinked":false},"title_size":"h4","_padding_mobile":{"unit":"px","top":"40","right":"40","bottom":"40","left":"40","isLinked":true}},"elements":[],"isInner":false,"widgetType":"icon-box","elType":"widget"}],"isInner":false,"elType":"column"},{"id":"a843878","settings":{"_column_size":33,"_inline_size":null},"elements":[{"id":"28fecd19","settings":{"icon":"fa fa-phone","title_text":"phone","description_text":"Resort Reservations<br>\n(123) 456-7890 ","primary_color":"#db1529","icon_space":{"unit":"px","size":23},"icon_size":{"unit":"px","size":50},"title_bottom_space":{"unit":"px","size":14},"title_color":"#151515","title_typography_typography":"custom","title_typography_font_size":{"unit":"px","size":19},"title_typography_font_family":"Catamaran","title_typography_font_weight":"600","title_typography_text_transform":"uppercase","title_typography_letter_spacing":{"unit":"px","size":0.4},"description_color":"#939393","description_typography_typography":"custom","description_typography_font_size":{"unit":"px","size":16},"description_typography_font_family":"Catamaran","description_typography_font_weight":"400","description_typography_line_height":{"unit":"em","size":1.5},"description_typography_letter_spacing":{"unit":"px","size":0},"_padding":{"unit":"px","top":"40","right":"40","bottom":"40","left":"40","isLinked":false},"_border_radius":{"unit":"px","top":"4","right":"4","bottom":"4","left":"4","isLinked":true},"_box_shadow_box_shadow_type":"yes","_box_shadow_box_shadow":{"horizontal":0,"vertical":0,"blur":26,"spread":3,"color":"rgba(0,0,0,0)"},"_border_radius_hover":{"unit":"px","top":"4","right":"4","bottom":"4","left":"4","isLinked":true},"_box_shadow_hover_box_shadow_type":"yes","_box_shadow_hover_box_shadow":{"horizontal":0,"vertical":0,"blur":26,"spread":3,"color":"#e8e8e8"},"hover_animation":"grow","description_typography_font_size_tablet":{"unit":"px","size":14},"title_size":"h4","_padding_tablet":{"unit":"px","top":"30","right":"15","bottom":"30","left":"15","isLinked":false},"_padding_mobile":{"unit":"px","top":"40","right":"40","bottom":"40","left":"40","isLinked":true}},"elements":[],"isInner":false,"widgetType":"icon-box","elType":"widget"}],"isInner":false,"elType":"column"}],"isInner":false,"elType":"section"},{"id":"320952a7","settings":{"padding":{"unit":"px","top":"0","right":"0","bottom":"140","left":"0","isLinked":false},"background_background":"gradient","background_position":"center center","background_repeat":"no-repeat","background_size":"cover","margin_mobile":{"unit":"px","top":"0","right":0,"bottom":"0","left":0,"isLinked":true},"padding_mobile":{"unit":"px","top":"0","right":"0","bottom":"40","left":"0","isLinked":false},"margin":{"unit":"px","top":"0","right":0,"bottom":"0","left":0,"isLinked":false},"margin_tablet":{"unit":"px","top":"0","right":0,"bottom":"0","left":0,"isLinked":false},"padding_tablet":{"unit":"px","top":"0","right":"0","bottom":"50","left":"0","isLinked":false},"background_color":"#ffffff","background_color_b":"#1d95c1","background_overlay_background":"classic","background_overlay_color_b":"#4b6f93","background_overlay_image":{"id":"340","url":"http:\/\/localhost\/test\/wp-content\/uploads\/2018\/09\/Snow.png"},"background_overlay_opacity":{"unit":"px","size":1}},"elements":[{"id":"35553df7","settings":{"_column_size":100,"margin_mobile":{"unit":"px","top":"0","right":"0","bottom":"0","left":"0","isLinked":true},"padding_mobile":{"unit":"px","top":"0","right":"0","bottom":"0","left":"0","isLinked":true}},"elements":[{"id":"111821d2","settings":{"title":"Clients <span1 style=color:#4b6f93;>say<\/span1>","typography_typography":"custom","typography_font_size":{"unit":"px","size":57},"typography_font_family":"Catamaran","typography_font_weight":"900","typography_text_transform":"uppercase","typography_font_style":"italic","typography_letter_spacing":{"unit":"px","size":-2.5},"title_color":"#151515","_margin":{"unit":"px","top":"140","right":"0","bottom":"0","left":"0","isLinked":false},"custom_css":"span1{\n    color:#4b6f93;\n}","align":"center","typography_font_size_mobile":{"unit":"px","size":34},"_margin_mobile":{"unit":"px","top":"60","right":"0","bottom":"0","left":"0","isLinked":false},"_padding_mobile":{"unit":"px","top":"0","right":"0","bottom":"0","left":"0","isLinked":true},"header_size":"h3","typography_font_size_tablet":{"unit":"px","size":44},"_margin_tablet":{"unit":"px","top":"80","right":"0","bottom":"0","left":"0","isLinked":false}},"elements":[],"isInner":false,"widgetType":"heading","elType":"widget"},{"id":"4867f47e","settings":{"slides":[{"content":"I now know why it\u2019s the leader of the pack in the pow board revolution.","name":"JEREMY SLADEN","title":"Bergen, Norway","image":{"id":"351","url":"http:\/\/localhost\/test\/wp-content\/uploads\/2018\/09\/1a.png"},"_id":"hlpp19l"},{"content":"When a community comes together and stands behind the individuals who shape our sport.","name":"STEVE HARRIS","title":"Squamish, BC","image":{"id":"352","url":"http:\/\/localhost\/test\/wp-content\/uploads\/2018\/09\/1c.png"},"_id":"bhwyja5"},{"content":"Nothing short of inspirational. We love you guys, we are snowboarding.","name":"silvia snow","title":"Seattle, WA","image":{"id":"353","url":"http:\/\/localhost\/test\/wp-content\/uploads\/2018\/09\/1b.png"},"_id":"vvr5bev"}],"layout":"image_above","slides_per_view":"1","width":{"unit":"%","size":55},"arrows_size":{"unit":"px","size":38},"content_gap":{"unit":"px","size":21},"content_color":"#000000","content_typography_typography":"custom","content_typography_font_size":{"unit":"px","size":18},"content_typography_font_family":"Catamaran","content_typography_font_weight":"400","content_typography_text_transform":"none","content_typography_font_style":"italic","content_typography_line_height":{"unit":"em","size":1.5},"content_typography_letter_spacing":{"unit":"px","size":0.5},"name_color":"#191919","name_typography_typography":"custom","name_typography_font_size":{"unit":"px","size":18},"name_typography_font_family":"Catamaran","name_typography_font_weight":"900","name_typography_text_transform":"uppercase","name_typography_font_style":"normal","name_typography_line_height":{"unit":"em","size":0.4},"name_typography_letter_spacing":{"unit":"px","size":0.4},"title_color":"#db1529","title_typography_typography":"custom","title_typography_font_size":{"unit":"px","size":18},"title_typography_font_family":"Catamaran","title_typography_font_weight":"400","title_typography_text_transform":"capitalize","title_typography_font_style":"normal","title_typography_line_height":{"unit":"em","size":2.2},"title_typography_letter_spacing":{"unit":"px","size":0.5},"image_size":{"unit":"px","size":90},"image_gap":{"unit":"px","size":0},"image_border":"yes","image_border_color":"rgba(75,111,147,0.29)","image_border_width":{"unit":"px","size":4},"image_border_radius":{"unit":"px","size":100},"arrows_color":"#db1529","pagination_size":{"unit":"px","size":7},"pagination_color":"#db1529","_margin":{"unit":"px","top":"60","right":"0","bottom":"0","left":"0","isLinked":false},"width_mobile":{"unit":"px","size":327},"space_between_mobile":{"unit":"px","size":13},"content_gap_mobile":{"unit":"px","size":14},"content_typography_font_size_mobile":{"unit":"px","size":16},"name_typography_font_size_mobile":{"unit":"px","size":17},"title_typography_font_size_mobile":{"unit":"px","size":17},"_margin_mobile":{"unit":"px","top":"40","right":"0","bottom":"0","left":"0","isLinked":false},"_padding_mobile":{"unit":"px","top":"0","right":"0","bottom":"0","left":"0","isLinked":true}},"elements":[],"isInner":false,"widgetType":"testimonial-carousel","elType":"widget"}],"isInner":false,"elType":"column"}],"isInner":false,"elType":"section"},{"id":"652faa45","settings":{"structure":"30","background_background":"classic","background_color":"#151515","padding":{"unit":"px","top":"100","right":"0","bottom":"100","left":"0","isLinked":false},"margin":{"unit":"px","top":"0","right":0,"bottom":"0","left":0,"isLinked":false},"background_overlay_background":"classic","background_color_b":"#151515","background_gradient_type":"radial","background_overlay_image":{"id":"354","url":"http:\/\/localhost\/test\/wp-content\/uploads\/2018\/09\/8522.png"},"background_overlay_position":"center right","background_overlay_opacity":{"unit":"px","size":0.11},"margin_mobile":{"unit":"px","top":"0","right":0,"bottom":"0","left":0,"isLinked":false},"padding_mobile":{"unit":"px","top":"60","right":"0","bottom":"20","left":"0","isLinked":false},"gap":"no","background_overlay_repeat":"no-repeat","height":"min-height","custom_height":{"unit":"px","size":167},"margin_tablet":{"unit":"px","top":"-1","right":0,"bottom":"0","left":0,"isLinked":false}},"elements":[{"id":"77791cd5","settings":{"_column_size":33,"_inline_size":49.75,"content_position":"center","_inline_size_tablet":100,"margin_tablet":{"unit":"px","top":"00","right":"80","bottom":"40","left":"80","isLinked":false},"margin_mobile":{"unit":"px","top":"0","right":"0","bottom":"0","left":"0","isLinked":true},"padding_mobile":{"unit":"px","top":"0","right":"0","bottom":"0","left":"0","isLinked":true}},"elements":[{"id":"1f5a876e","settings":{"form_name":"New Form","form_fields":[{"_id":"email","field_type":"email","required":"true","field_label":"Email","placeholder":"Sign up for special deals","width":"66","field_value":"","field_options":"","inline_list":"","width_tablet":"","width_mobile":"","rows":4,"recaptcha_size":"normal","recaptcha_style":"light","css_classes":"","file_sizes":"","file_types":"","allow_multiple_upload":"","max_files":"","acceptance_text":"","checked_by_default":"","field_min":"","field_max":"","min_date":"","max_date":"","use_native_date":"","use_native_time":"","allow_multiple":"","select_size":"","field_html":""}],"input_size":"lg","show_labels":"","button_text":"sign up","button_size":"lg","button_width":"33","email_content":"[all-fields]","email_content_2":"[all-fields]","success_message":"The form was sent successfully!","error_message":"There's something wrong... Please fill in the required fields.","required_field_message":"Required","invalid_message":"There's something wrong... The form is invalid.","subscriber_already_exists_message":"Subscriber already exist.","column_gap":{"unit":"px","size":0},"field_text_color":"#ffffff","field_typography_typography":"custom","field_typography_font_size":{"unit":"px","size":18},"field_typography_font_family":"Catamaran","field_typography_font_weight":"500","field_background_color":"rgba(255,255,255,0.14)","field_border_width":{"unit":"px","top":"0","right":"0","bottom":"0","left":"0","isLinked":true},"button_text_color":"#ffffff","button_typography_typography":"custom","button_typography_font_family":"Catamaran","button_background_color":"#db1529","button_typography_font_size":{"unit":"px","size":18},"button_typography_font_weight":"600","button_typography_text_transform":"uppercase","button_typography_font_style":"italic","field_typography_letter_spacing":{"unit":"px","size":0.4},"button_typography_letter_spacing":{"unit":"px","size":0.4},"button_background_hover_color":"#db1529","button_hover_animation":"grow","field_border_radius":{"unit":"px","top":"4","right":"0","bottom":"0","left":"4","isLinked":false},"button_border_radius":{"unit":"px","top":"0","right":"4","bottom":"4","left":"0","isLinked":false},"_padding_mobile":{"unit":"px","top":"0","right":"20","bottom":"0","left":"20","isLinked":false}},"elements":[],"isInner":false,"widgetType":"form","elType":"widget"}],"isInner":false,"elType":"column"},{"id":"21c4bf47","settings":{"_column_size":33,"_inline_size":26.333,"content_position":"center","_inline_size_tablet":100},"elements":[{"id":"2536e5e7","settings":{"title":"get social:","title_color":"#ffffff","typography_typography":"custom","typography_font_size":{"unit":"px","size":19},"typography_font_family":"Catamaran","typography_font_weight":"400","typography_text_transform":"uppercase","typography_letter_spacing":{"unit":"px","size":0.4},"_margin":{"unit":"px","top":"0","right":"0","bottom":"0","left":"0","isLinked":false},"align":"right","align_mobile":"center","_margin_mobile":{"unit":"px","top":"40","right":"0","bottom":"0","left":"0","isLinked":false},"align_tablet":"center"},"elements":[],"isInner":false,"widgetType":"heading","elType":"widget"}],"isInner":false,"elType":"column"},{"id":"61669af6","settings":{"_column_size":33,"_inline_size":23.913,"content_position":"center","_inline_size_tablet":100},"elements":[{"id":"17d8ff65","settings":{"social_icon_list":[{"social":"fa fa-facebook","_id":"tygvwhy","link":{"url":"","is_external":"true","nofollow":""}},{"social":"fa fa-twitter","_id":"d3gf3n8","link":{"url":"","is_external":"true","nofollow":""}},{"social":"fa fa-google-plus","_id":"us7irc8","link":{"url":"","is_external":"true","nofollow":""}},{"social":"fa fa-youtube","link":{"url":"","is_external":"true","nofollow":""},"_id":"pgz2qq0"},{"social":"fa fa-instagram","link":{"url":"","is_external":"true","nofollow":""},"_id":"szpior4"}],"shape":"circle","align":"right","icon_color":"custom","icon_primary_color":"rgba(219,21,41,0)","icon_secondary_color":"#ffffff","icon_size":{"unit":"px","size":17},"icon_padding":{"unit":"em","size":0.5},"icon_spacing":{"unit":"px","size":20},"image_border_border":"solid","image_border_width":{"unit":"px","top":"1","right":"1","bottom":"1","left":"1","isLinked":true},"image_border_color":"#db1529","hover_primary_color":"#db1529","hover_animation":"grow","align_mobile":"center","icon_size_mobile":{"unit":"px","size":16},"_margin_mobile":{"unit":"px","top":"20","right":"20","bottom":"20","left":"20","isLinked":true},"align_tablet":"center","_margin_tablet":{"unit":"px","top":"20","right":"0","bottom":"0","left":"0","isLinked":false}},"elements":[],"isInner":false,"widgetType":"social-icons","elType":"widget"}],"isInner":false,"elType":"column"}],"isInner":false,"elType":"section"}]}