{"version":"0.4","title":"Contact-Restaurant-Site-page","type":"page","content":[{"id":"3a86a7a1","settings":{"height":"min-height","background_background":"classic","background_image":{"id":1012,"url":"http:\/\/localhost\/test\/wp-content\/uploads\/2018\/09\/wineglass7.png"},"background_position":"center center","background_size":"cover","custom_height":{"unit":"px","size":353},"background_overlay_background":"classic","background_overlay_color":"rgba(0,0,0,0.7)","background_overlay_position":"bottom center","background_overlay_repeat":"no-repeat","background_overlay_opacity":{"unit":"px","size":1},"background_overlay_size":"contain","custom_height_mobile":{"unit":"px","size":250},"background_overlay_image":{"id":1013,"url":"http:\/\/localhost\/test\/wp-content\/uploads\/2018\/09\/Brushoverlay07.png"},"padding":{"unit":"px","top":"0","right":"0","bottom":"80","left":"0","isLinked":false}},"elements":[{"id":"72c3a885","settings":{"_column_size":100,"content_position":"center"},"elements":[{"id":"71d39bba","settings":{"title":"Contact","header_size":"h3","align":"center","title_color":"#ffffff","typography_typography":"custom","typography_font_size":{"unit":"px","size":60},"typography_font_family":"Lora","typography_font_weight":"100","typography_letter_spacing":{"unit":"px","size":0.1},"typography_line_height":{"unit":"px","size":""},"typography_font_size_mobile":{"unit":"px","size":42}},"elements":[],"isInner":false,"widgetType":"heading","elType":"widget"},{"id":"4d3173bf","settings":{"style":"double","weight":{"unit":"px","size":4},"color":"#9b1f1a","width":{"unit":"px","size":75},"gap":{"unit":"px","size":5},"_margin":{"unit":"px","top":"-10","right":"0","bottom":"0","left":"0","isLinked":false},"align":"center"},"elements":[],"isInner":false,"widgetType":"divider","elType":"widget"}],"isInner":false,"elType":"column"}],"isInner":false,"elType":"section"},{"id":"1a20d9eb","settings":{"height":"min-height","custom_height":{"unit":"px","size":""},"structure":"20","background_position":"top left","background_repeat":"no-repeat","background_size":"auto","margin":{"unit":"px","top":"","right":0,"bottom":"","left":0,"isLinked":true},"padding":{"unit":"px","top":"80","right":"0","bottom":"180","left":"0","isLinked":false},"background_background":"classic","background_color":"#f7f3ed","background_overlay_image":{"id":"269","url":"http:\/\/localhost\/test\/wp-content\/uploads\/2018\/09\/Brushoverlay03.png"},"background_overlay_position":"bottom right","background_overlay_repeat":"no-repeat","background_overlay_size":"auto","background_overlay_opacity":{"unit":"px","size":1},"background_overlay_background":"classic","margin_mobile":{"unit":"px","top":"0","right":0,"bottom":"0","left":0,"isLinked":true},"padding_tablet":{"unit":"px","top":"0","right":"30","bottom":"80","left":"30","isLinked":false},"padding_mobile":{"unit":"px","top":"30","right":"0","bottom":"120","left":"0","isLinked":false}},"elements":[{"id":"5f8add33","settings":{"_column_size":50,"_inline_size":24,"space_between_widgets":0,"background_background":"classic","background_position":"bottom center","background_size":"cover","margin":{"unit":"px","top":"-280","right":"0","bottom":"0","left":"0","isLinked":false},"padding":{"unit":"px","top":"0","right":"0","bottom":"0","left":"0","isLinked":false},"_inline_size_tablet":30,"margin_tablet":{"unit":"px","top":"-118","right":"0","bottom":"0","left":"0","isLinked":false},"margin_mobile":{"unit":"px","top":"0","right":"30","bottom":"0","left":"30","isLinked":false}},"elements":[{"id":"30fe345c","settings":{"image":{"id":"276","url":"http:\/\/localhost\/test\/wp-content\/uploads\/2018\/09\/045erotu.png"},"image_size":"full","_box_shadow_box_shadow":{"horizontal":0,"vertical":0,"blur":30,"spread":-9,"color":"rgba(0,0,0,0.5)"},"image_border_radius":{"unit":"px","top":"2","right":"2","bottom":"0","left":"0","isLinked":false}},"elements":[],"isInner":false,"widgetType":"image","elType":"widget"},{"id":"79d04ecb","settings":{"gap":"no","border_radius":{"unit":"px","top":"0","right":"0","bottom":"2","left":"2","isLinked":false},"box_shadow_box_shadow":{"horizontal":0,"vertical":0,"blur":40,"spread":-2,"color":"rgba(0,0,0,0.29)"},"margin":{"unit":"px","top":"0","right":0,"bottom":"0","left":0,"isLinked":false},"background_background":"gradient","background_color":"#770f0f","padding":{"unit":"px","top":"70","right":"50","bottom":"60","left":"50","isLinked":false},"background_color_b":"#9b1f1a","background_gradient_type":"radial","background_gradient_position":"bottom left","padding_tablet":{"unit":"px","top":"40","right":"30","bottom":"40","left":"30","isLinked":false}},"elements":[{"id":"709f87af","settings":{"_column_size":100,"_inline_size":null,"space_between_widgets":0},"elements":[{"id":"75ee4cba","settings":{"title":"Boudoir","header_size":"h3","align":"left","title_color":"#ffffff","typography_typography":"custom","typography_font_size":{"unit":"px","size":45},"typography_font_family":"Lora","typography_font_weight":"100","typography_line_height":{"unit":"px","size":35},"_background_background":"classic","typography_font_size_tablet":{"unit":"px","size":38},"typography_font_size_mobile":{"unit":"px","size":34}},"elements":[],"isInner":false,"widgetType":"heading","elType":"widget"},{"id":"523d2685","settings":{"title":"Turnip greens","title_color":"#ffffff","typography_typography":"custom","typography_font_family":"Josefin Sans","typography_font_size":{"unit":"px","size":22},"typography_font_weight":"300","typography_text_transform":"capitalize","typography_line_height":{"unit":"px","size":35},"typography_letter_spacing":{"unit":"px","size":0.4},"_margin":{"unit":"px","top":"30","right":"0","bottom":"0","left":"0","isLinked":false}},"elements":[],"isInner":false,"widgetType":"heading","elType":"widget"},{"id":"742b1b5a","settings":{"title":"Praesent  ipsum dolor sit amet, consectetur \n<br><br>\nPosuere leo, eu aliquam tortor posuere in. ","header_size":"p","align":"left","title_color":"#ffffff","typography_typography":"custom","typography_font_size":{"unit":"px","size":17},"typography_font_family":"Josefin Sans","typography_font_weight":"200","typography_line_height":{"unit":"em","size":1.6},"typography_letter_spacing":{"unit":"px","size":0.4},"_margin":{"unit":"px","top":"20","right":"0","bottom":"0","left":"0","isLinked":false}},"elements":[],"isInner":false,"widgetType":"heading","elType":"widget"}],"isInner":true,"elType":"column"}],"isInner":true,"elType":"section"}],"isInner":false,"elType":"column"},{"id":"c7bd2b","settings":{"_column_size":50,"_inline_size":76,"background_background":"classic","padding":{"unit":"px","top":"0","right":"40","bottom":"40","left":"100","isLinked":false},"_inline_size_tablet":70,"margin_tablet":{"unit":"px","top":"0","right":"0","bottom":"0","left":"0","isLinked":true},"padding_tablet":{"unit":"px","top":"0","right":"0","bottom":"0","left":"50","isLinked":false},"padding_mobile":{"unit":"px","top":"60","right":"30","bottom":"0","left":"30","isLinked":false}},"elements":[{"id":"2e02792","settings":{"title":"Send us a message","header_size":"h3","align":"left","title_color":"#191919","typography_typography":"custom","typography_font_size":{"unit":"px","size":45},"typography_font_family":"Lora","typography_font_weight":"100","typography_letter_spacing":{"unit":"px","size":0},"typography_line_height":{"unit":"px","size":55},"align_mobile":"center","typography_font_size_tablet":{"unit":"px","size":34},"typography_font_size_mobile":{"unit":"px","size":34},"_margin_tablet":{"unit":"px","top":"0","right":"0","bottom":"40","left":"0","isLinked":false},"_margin_mobile":{"unit":"px","top":"0","right":"0","bottom":"040","left":"0","isLinked":false}},"elements":[],"isInner":false,"widgetType":"heading","elType":"widget"},{"id":"5a7a0ebe","settings":{"form_name":"New Form","form_fields":[{"_id":"name","field_type":"text","field_label":"Name","placeholder":"Name","width":"50","field_value":"","required":"","field_options":"","inline_list":"","width_tablet":"","width_mobile":"","rows":4,"recaptcha_size":"normal","recaptcha_style":"light","css_classes":"","file_sizes":"","file_types":"","allow_multiple_upload":"","max_files":"","checked_by_default":"","custom_validity":"","acceptance_text":"","field_min":"","field_max":"","min_date":"","max_date":"","use_native_date":"","use_native_time":"","allow_multiple":"","select_size":"","field_html":""},{"_id":"email","field_type":"email","required":"true","field_label":"Email","placeholder":"Email","width":"50","field_value":"","field_options":"","inline_list":"","width_tablet":"","width_mobile":"","rows":4,"recaptcha_size":"normal","recaptcha_style":"light","css_classes":"","file_sizes":"","file_types":"","allow_multiple_upload":"","max_files":"","checked_by_default":"","custom_validity":"","acceptance_text":"","field_min":"","field_max":"","min_date":"","max_date":"","use_native_date":"","use_native_time":"","allow_multiple":"","select_size":"","field_html":""},{"_id":"field_1","field_type":"text","required":"true","field_label":"Subject","placeholder":"Subject","width":"100","field_value":"","field_options":"","inline_list":"","width_tablet":"","width_mobile":"","rows":4,"recaptcha_size":"normal","recaptcha_style":"light","css_classes":"","file_sizes":"","file_types":"","allow_multiple_upload":"","max_files":"","checked_by_default":"","custom_validity":"","acceptance_text":"","field_min":"","field_max":"","min_date":"","max_date":"","use_native_date":"","use_native_time":"","allow_multiple":"","select_size":"","field_html":""},{"_id":"message","field_type":"textarea","field_label":"Message","placeholder":"Message","width":"100","field_value":"","required":"","field_options":"","inline_list":"","width_tablet":"","width_mobile":"","rows":6,"recaptcha_size":"normal","recaptcha_style":"light","css_classes":"","file_sizes":"","file_types":"","allow_multiple_upload":"","max_files":"","checked_by_default":"","custom_validity":"","acceptance_text":"","field_min":"","field_max":"","min_date":"","max_date":"","use_native_date":"","use_native_time":"","allow_multiple":"","select_size":"","field_html":""}],"input_size":"md","show_labels":"","button_text":"Send a message","button_size":"md","email_content":"[all-fields]","email_content_2":"[all-fields]","mailpoet3_fields_map":[{"remote_id":"first_name","remote_label":"First Name","remote_type":"text","_id":"aa0d146","local_id":""},{"remote_id":"last_name","remote_label":"Last Name","remote_type":"text","_id":"a53b35e","local_id":""},{"remote_id":"email","remote_label":"Email","remote_type":"email","remote_required":true,"_id":"bb40be8","local_id":""}],"success_message":"The form was sent successfully!","error_message":"There's something wrong... Please fill in the required fields.","required_field_message":"Required","invalid_message":"There's something wrong... The form is invalid.","subscriber_already_exists_message":"Subscriber already exist.","column_gap":{"unit":"px","size":16},"row_gap":{"unit":"px","size":20},"field_text_color":"#000000","field_typography_typography":"custom","field_typography_font_size":{"unit":"px","size":15},"field_typography_font_family":"Josefin Sans","field_typography_font_weight":"300","field_typography_line_height":{"unit":"em","size":2},"field_typography_letter_spacing":{"unit":"px","size":0.1},"field_border_color":"rgba(0,0,0,0.04)","field_border_width":{"unit":"px","top":"1","right":"1","bottom":"1","left":"1","isLinked":true},"field_border_radius":{"unit":"px","top":"2","right":"2","bottom":"2","left":"2","isLinked":true},"button_text_color":"#ffffff","button_typography_typography":"custom","button_typography_font_size":{"unit":"px","size":15},"button_typography_font_family":"Josefin Sans","button_typography_font_weight":"300","button_typography_text_transform":"uppercase","button_typography_letter_spacing":{"unit":"px","size":2},"button_background_color":"#191919","button_border_width":{"unit":"px","top":"2","right":"2","bottom":"2","left":"2","isLinked":true},"button_border_color":"#000000","button_border_radius":{"unit":"px","top":"2","right":"2","bottom":"2","left":"2","isLinked":true},"button_text_padding":{"unit":"px","top":"18","right":"0","bottom":"18","left":"0","isLinked":false},"_margin":{"unit":"px","top":"40","right":"0","bottom":"0","left":"0","isLinked":false},"label_typography_typography":"custom","button_hover_color":"#ffffff","button_background_hover_color":"#770f0f","button_hover_animation":"shrink"},"elements":[],"isInner":false,"widgetType":"form","elType":"widget"}],"isInner":false,"elType":"column"}],"isInner":false,"elType":"section"},{"id":"5905dc1d","settings":{"content_width":{"unit":"px","size":1020},"height":"min-height","custom_height":{"unit":"px","size":399},"structure":"30","background_background":"classic","background_image":{"id":1017,"url":"http:\/\/localhost\/test\/wp-content\/uploads\/2018\/09\/Brushoverlay05.png"},"background_position":"top left","background_repeat":"no-repeat","margin":{"unit":"px","top":"","right":0,"bottom":"","left":0,"isLinked":true},"padding":{"unit":"px","top":"0","right":"0","bottom":"100","left":"0","isLinked":false},"padding_tablet":{"unit":"px","top":"0","right":"0","bottom":"120","left":"0","isLinked":false},"padding_mobile":{"unit":"px","top":"0","right":"0","bottom":"0","left":"0","isLinked":false}},"elements":[{"id":"61257f44","settings":{"_column_size":33,"_inline_size":null,"padding":{"unit":"px","top":"70","right":"70","bottom":"70","left":"70","isLinked":true},"border_border":"solid","border_color":"rgba(0,0,0,0.13)","padding_tablet":{"unit":"px","top":"30","right":"30","bottom":"30","left":"30","isLinked":true},"padding_mobile":{"unit":"px","top":"80","right":"80","bottom":"80","left":"80","isLinked":true}},"elements":[{"id":"19b9091c","settings":{"image":{"id":1014,"url":"http:\/\/localhost\/test\/wp-content\/uploads\/2018\/09\/houseicon2.png"},"title_text":"Visit Us","description_text":"Level 12, 6 Croiasure St, Melbourne ,Society 1234","image_space":{"unit":"px","size":10},"title_bottom_space":{"unit":"px","size":25},"title_color":"#000000","title_typography_typography":"custom","title_typography_font_family":"Lora","title_typography_font_size":{"unit":"px","size":28},"title_typography_font_weight":"100","title_typography_letter_spacing":{"unit":"px","size":0.1},"description_color":"#7f7f7f","description_typography_typography":"custom","description_typography_font_family":"Josefin Sans","description_typography_font_size":{"unit":"px","size":17},"description_typography_font_weight":"300","description_typography_line_height":{"unit":"em","size":1.8},"description_typography_letter_spacing":{"unit":"px","size":0.5},"title_typography_font_size_tablet":{"unit":"px","size":24},"description_typography_font_size_tablet":{"unit":"px","size":15}},"elements":[],"isInner":false,"widgetType":"image-box","elType":"widget"}],"isInner":false,"elType":"column"},{"id":"4222e67","settings":{"_column_size":33,"_inline_size":null,"padding":{"unit":"px","top":"70","right":"70","bottom":"70","left":"70","isLinked":true},"border_border":"solid","border_width":{"unit":"px","top":"0","right":"1","bottom":"0","left":"1","isLinked":false},"border_color":"rgba(155,155,155,0.11)","padding_tablet":{"unit":"px","top":"30","right":"30","bottom":"30","left":"30","isLinked":true},"padding_mobile":{"unit":"px","top":"0","right":"80","bottom":"80","left":"80","isLinked":false}},"elements":[{"id":"27eb904f","settings":{"image":{"id":1015,"url":"http:\/\/localhost\/test\/wp-content\/uploads\/2018\/09\/envelopeicon2.png"},"title_text":"Contact Us","description_text":"","image_space":{"unit":"px","size":10},"title_bottom_space":{"unit":"px","size":16},"title_color":"#000000","title_typography_typography":"custom","title_typography_font_family":"Lora","title_typography_font_size":{"unit":"px","size":28},"title_typography_font_weight":"100","title_typography_letter_spacing":{"unit":"px","size":0.1},"description_color":"#000000","description_typography_typography":"custom","description_typography_font_family":"Josefin Sans","description_typography_font_size":{"unit":"px","size":15},"description_typography_font_weight":"300","description_typography_line_height":{"unit":"em","size":2},"description_typography_letter_spacing":{"unit":"px","size":0.5},"title_typography_font_size_tablet":{"unit":"px","size":24}},"elements":[],"isInner":false,"widgetType":"image-box","elType":"widget"},{"id":"593b9765","settings":{"icon_list":[{"text":"noreply@nowhere.com","icon":"fa fa-envelope","_id":"8406a0d","link":{"url":"","is_external":"","nofollow":""}},{"text":"615 (0) 38 123 4567","icon":"fa fa-phone","_id":"105dcd0","link":{"url":"","is_external":"","nofollow":""}}],"space_between":{"unit":"px","size":-7},"icon_align":"center","icon_color":"#020202","text_color":"#7f7f7f","icon_typography_typography":"custom","icon_typography_font_size":{"unit":"px","size":17},"icon_typography_font_family":"Josefin Sans","icon_typography_font_weight":"300","icon_typography_line_height":{"unit":"em","size":2},"icon_typography_letter_spacing":{"unit":"px","size":0.5},"text_indent":{"unit":"px","size":12},"_margin":{"unit":"px","top":"20","right":"0","bottom":"0","left":"0","isLinked":false},"icon_typography_font_size_tablet":{"unit":"px","size":15}},"elements":[],"isInner":false,"widgetType":"icon-list","elType":"widget"}],"isInner":false,"elType":"column"},{"id":"46f9ad3d","settings":{"_column_size":33,"_inline_size":null,"padding":{"unit":"px","top":"70","right":"70","bottom":"70","left":"70","isLinked":true},"padding_tablet":{"unit":"px","top":"30","right":"30","bottom":"30","left":"30","isLinked":true},"padding_mobile":{"unit":"px","top":"0","right":"80","bottom":"80","left":"80","isLinked":false}},"elements":[{"id":"13c69c7a","settings":{"image":{"id":1016,"url":"http:\/\/localhost\/test\/wp-content\/uploads\/2018\/09\/globeicon2.png"},"title_text":"Find Us Online","description_text":"","image_space":{"unit":"px","size":10},"title_bottom_space":{"unit":"px","size":16},"title_color":"#000000","title_typography_typography":"custom","title_typography_font_family":"Lora","title_typography_font_size":{"unit":"px","size":28},"title_typography_font_weight":"100","title_typography_letter_spacing":{"unit":"px","size":0.1},"description_color":"#000000","description_typography_typography":"custom","description_typography_font_family":"Josefin Sans","description_typography_font_size":{"unit":"px","size":15},"description_typography_font_weight":"300","description_typography_line_height":{"unit":"em","size":2},"description_typography_letter_spacing":{"unit":"px","size":0.5},"title_typography_font_size_tablet":{"unit":"px","size":24}},"elements":[],"isInner":false,"widgetType":"image-box","elType":"widget"},{"id":"7c3b67ef","settings":{"social_icon_list":[{"social":"fa fa-facebook","_id":"540fa57","link":{"url":"","is_external":"true","nofollow":""}},{"social":"fa fa-twitter","_id":"8eec57d","link":{"url":"","is_external":"true","nofollow":""}},{"social":"fa fa-instagram","_id":"225c9fe","link":{"url":"","is_external":"true","nofollow":""}},{"social":"fa fa-youtube","link":{"url":"","is_external":"true","nofollow":""},"_id":"912cd20"}],"icon_color":"custom","icon_primary_color":"#f7f7f7","icon_secondary_color":"#000000","icon_size":{"unit":"px","size":14},"icon_padding":{"unit":"em","size":0.6},"icon_spacing":{"unit":"px","size":12},"border_radius":{"unit":"px","top":"4","right":"4","bottom":"4","left":"4","isLinked":true},"hover_primary_color":"#020202","hover_secondary_color":"#ffffff","hover_animation":"grow","_margin":{"unit":"px","top":"25","right":"0","bottom":"0","left":"0","isLinked":false}},"elements":[],"isInner":false,"widgetType":"social-icons","elType":"widget"}],"isInner":false,"elType":"column"}],"isInner":false,"elType":"section"}]}