{"version":"0.4","title":"LandingPage-MobileApp4-page","type":"page","content":[{"id":"4ef62c95","settings":{"background_background":"classic","background_image":{"id":670,"url":"http:\/\/localhost\/test\/wp-content\/uploads\/2018\/09\/FD.png"},"background_overlay_background":"classic","background_overlay_color":"#000000","background_overlay_opacity":{"unit":"px","size":"0.8"},"padding":{"unit":"px","top":"0","right":"100","bottom":"0","left":"100","isLinked":false},"height":"min-height","background_size":"cover","padding_tablet":{"unit":"px","top":"0","right":"0","bottom":"0","left":"0","isLinked":true},"padding_mobile":{"unit":"px","top":"0","right":"0","bottom":"0","left":"0","isLinked":false},"custom_height":{"unit":"vh","size":100},"content_width":{"unit":"px","size":"860"}},"elements":[{"id":"5026b10b","settings":{"_column_size":100,"_inline_size":null,"padding_mobile":{"unit":"px","top":"0","right":"0","bottom":"0","left":"0","isLinked":true}},"elements":[{"id":"36f40919","settings":{"image":{"id":668,"url":"http:\/\/localhost\/test\/wp-content\/uploads\/2018\/09\/d-3.png"},"space":{"unit":"%","size":"70"},"_padding":{"unit":"px","top":"0","right":"0","bottom":"40","left":"0","isLinked":false},"_margin":{"unit":"px","top":"0","right":"450","bottom":"0","left":"450","isLinked":false},"_margin_tablet":{"unit":"px","top":"0","right":"270","bottom":"0","left":"270","isLinked":false},"_margin_mobile":{"unit":"px","top":"0","right":"130","bottom":"0","left":"130","isLinked":false},"_padding_mobile":{"unit":"px","top":"20","right":"0","bottom":"20","left":"0","isLinked":false},"hide_tablet":"hidden-tablet","hide_mobile":"hidden-phone"},"elements":[],"isInner":false,"widgetType":"image","elType":"widget"},{"id":"14d1749","settings":{"title":"Get your projects sorted","align":"center","title_color":"#ffffff","typography_typography":"custom","typography_font_size":{"unit":"px","size":"40"},"typography_font_family":"Roboto","typography_font_weight":"500","typography_text_transform":"capitalize","typography_font_size_tablet":{"unit":"px","size":"50"},"typography_font_size_mobile":{"unit":"px","size":"37"},"header_size":"h1","_padding_mobile":{"unit":"px","top":"0","right":"40","bottom":"0","left":"40","isLinked":false}},"elements":[],"isInner":false,"widgetType":"heading","elType":"widget"},{"id":"3b3e63ac","settings":{"title":"You need your team to work together. Do it with Nano CRM","align":"center","title_color":"#ffffff","typography_typography":"custom","typography_font_size":{"unit":"px","size":"20"},"typography_font_family":"Roboto","typography_font_weight":"300","typography_line_height_tablet":{"unit":"em","size":"1.6"},"_padding_tablet":{"unit":"px","top":"0","right":"70","bottom":"0","left":"70","isLinked":false},"_padding_mobile":{"unit":"px","top":"0","right":"40","bottom":"0","left":"40","isLinked":false},"header_size":"h3","_margin_mobile":{"unit":"px","top":"-5","right":"0","bottom":"0","left":"0","isLinked":false},"typography_font_size_mobile":{"unit":"px","size":"16"}},"elements":[],"isInner":false,"widgetType":"heading","elType":"widget"},{"id":"64b7f680","settings":{"link":"https:\/\/youtu.be\/kB4U67tiQLA","vimeo_link":"https:\/\/vimeo.com\/170933924","show_image_overlay":"yes","image_overlay":{"id":669,"url":"http:\/\/localhost\/test\/wp-content\/uploads\/2018\/09\/nswcrlbt_74-cathryn-lavery.png"},"_padding":{"unit":"px","top":"50","right":"50","bottom":"50","left":"50","isLinked":true},"_padding_mobile":{"unit":"px","top":"20","right":"20","bottom":"20","left":"20","isLinked":true},"youtube_url":"https:\/\/www.youtube.com\/watch?v=9uOETcuFjbE","vimeo_url":"https:\/\/vimeo.com\/235215203","dailymotion_url":"https:\/\/www.dailymotion.com\/video\/x6tqhqb"},"elements":[],"isInner":false,"widgetType":"video","elType":"widget"},{"id":"2c5afab8","settings":{"structure":"20"},"elements":[{"id":"1c692b1d","settings":{"_column_size":50,"_inline_size":null,"screen_sm":"custom","screen_sm_width":"50"},"elements":[{"id":"2de03963","settings":{"text":"AppStore","size":"lg","icon":"fa fa-apple","icon_indent":{"unit":"px","size":16},"background_color":"#4a4659","typography_typography":"custom","typography_font_family":"Roboto","typography_font_weight":"200","align":"right","typography_font_size":{"unit":"px","size":"16"},"button_text_color":"#ffffff","border_radius":{"unit":"px","top":"50","right":"50","bottom":"50","left":"50","isLinked":true},"text_padding":{"unit":"px","top":"15","right":"30","bottom":"15","left":"30","isLinked":false},"typography_font_size_mobile":{"unit":"px","size":"15"},"hover_color":"#ffffff","button_background_hover_color":"rgba(0,0,0,0)","button_hover_border_color":"#ffffff","border_border":"solid","border_width":{"unit":"px","top":"1","right":"1","bottom":"1","left":"1","isLinked":true},"border_color":"#4a4659"},"elements":[],"isInner":false,"widgetType":"button","elType":"widget"}],"isInner":true,"elType":"column"},{"id":"78910804","settings":{"_column_size":50,"_inline_size":null,"screen_sm":"custom","screen_sm_width":"50"},"elements":[{"id":"8221b81","settings":{"text":"PlayStore","size":"lg","icon":"fa fa-android","icon_indent":{"unit":"px","size":16},"background_color":"#fddc5b","typography_typography":"custom","typography_font_family":"Roboto","typography_font_weight":"200","typography_font_size":{"unit":"px","size":"16"},"button_text_color":"#4a4659","border_radius":{"unit":"px","top":"50","right":"50","bottom":"50","left":"50","isLinked":true},"text_padding":{"unit":"px","top":"15","right":"30","bottom":"15","left":"30","isLinked":false},"typography_font_size_mobile":{"unit":"px","size":"15"},"hover_color":"#ffffff","button_background_hover_color":"rgba(0,0,0,0)","button_hover_border_color":"#ffffff","border_border":"solid","border_width":{"unit":"px","top":"1","right":"1","bottom":"1","left":"1","isLinked":true}},"elements":[],"isInner":false,"widgetType":"button","elType":"widget"}],"isInner":true,"elType":"column"}],"isInner":true,"elType":"section"}],"isInner":false,"elType":"column"}],"isInner":false,"elType":"section"},{"id":"5ba5c700","settings":{"gap":"no","content_position":"middle","structure":"20","padding":{"unit":"px","top":"80","right":"0","bottom":"0","left":"0","isLinked":false},"padding_mobile":{"unit":"px","top":"50","right":"0","bottom":"0","left":"0","isLinked":false},"reverse_order_mobile":"reverse-mobile"},"elements":[{"id":"5bc5b6be","settings":{"_column_size":50,"_inline_size":null,"content_position":"bottom"},"elements":[{"id":"74a2b433","settings":{"image":{"id":671,"url":"http:\/\/localhost\/test\/wp-content\/uploads\/2018\/09\/s-1.png"}},"elements":[],"isInner":false,"widgetType":"image","elType":"widget"}],"isInner":false,"elType":"column"},{"id":"b764ea8","settings":{"_column_size":50,"_inline_size":null,"margin_tablet":{"unit":"px","top":"0","right":"0","bottom":"0","left":"0","isLinked":false},"padding_tablet":{"unit":"px","top":"0","right":"20","bottom":"50","left":"10","isLinked":false},"padding_mobile":{"unit":"px","top":"0","right":"30","bottom":"80","left":"30","isLinked":false}},"elements":[{"id":"1ba88b50","settings":{"title":"your team on the same page","align":"left","title_color":"#4a4659","typography_typography":"custom","typography_font_size":{"unit":"px","size":"33"},"typography_font_family":"Roboto","typography_font_weight":"600","typography_text_transform":"capitalize","_padding":{"unit":"px","top":"0","right":"0","bottom":"10","left":"0","isLinked":false},"typography_font_size_tablet":{"unit":"px","size":"25"},"typography_font_size_mobile":{"unit":"px","size":"20"}},"elements":[],"isInner":false,"widgetType":"heading","elType":"widget"},{"id":"4e4d913d","settings":{"icon_list":[{"text":"Lorem ipsum dolor etiam aliquet ex consequat lacus","icon":"fa fa-circle","_id":"trkz3bc","link":{"url":"","is_external":"","nofollow":""}},{"text":"Etiam aliquet ex elit, at consequat onsectetur adipiscing elit.","icon":"fa fa-circle","_id":"0noqbnw","link":{"url":"","is_external":"","nofollow":""}},{"text":"Fusce odio magna, faucibus vitae tincidunt ut, placerat nec ligula. ","icon":"fa fa-circle","_id":"mzb86gb","link":{"url":"","is_external":"","nofollow":""}},{"text":"Etiam aliquet ex elit, at consequat onsectetur adipiscing elit.","icon":"fa fa-circle","_id":"yle37z6","link":{"url":"","is_external":"","nofollow":""}},{"text":"Praesent dignissim feugiat felis et tempus. Aliquam bibendum.","icon":"fa fa-circle","_id":"zff1p2x","link":{"url":"","is_external":"","nofollow":""}}],"space_between":{"unit":"px","size":"11"},"icon_color":"#fddc5b","icon_size":{"unit":"px","size":"8"},"text_indent":{"unit":"px","size":15},"icon_typography_typography":"custom","icon_typography_font_size":{"unit":"px","size":"16"},"icon_typography_font_family":"Roboto","icon_typography_font_weight":"400","icon_typography_font_size_tablet":{"unit":"px","size":"16"},"icon_typography_line_height_tablet":{"unit":"em","size":"1.6"}},"elements":[],"isInner":false,"widgetType":"icon-list","elType":"widget"}],"isInner":false,"elType":"column"}],"isInner":false,"elType":"section"},{"id":"2a591eda","settings":{"content_width":{"unit":"px","size":"900"},"structure":"30","background_background":"classic","background_color":"#f2f2f2","background_image":{"id":675,"url":"http:\/\/localhost\/test\/wp-content\/uploads\/2018\/09\/Group-35.png"},"padding":{"unit":"px","top":"120","right":"0","bottom":"120","left":"0","isLinked":false},"padding_tablet":{"unit":"px","top":"50","right":"50","bottom":"50","left":"50","isLinked":false},"padding_mobile":{"unit":"px","top":"80","right":"50","bottom":"80","left":"50","isLinked":false}},"elements":[{"id":"258f1482","settings":{"_column_size":33,"_inline_size":null,"border_border":"solid","border_width":{"unit":"px","top":"1","right":"1","bottom":"1","left":"1","isLinked":true},"margin":{"unit":"%","top":"0","right":"10","bottom":"0","left":"0","isLinked":false},"padding":{"unit":"px","top":"40","right":"0","bottom":"40","left":"0","isLinked":false},"margin_mobile":{"unit":"px","top":"0","right":"32","bottom":"0","left":"30","isLinked":false}},"elements":[{"id":"3d64a8ff","settings":{"title":"Nano Setup","align":"center","title_color":"#4a4659","typography_typography":"custom","typography_font_size":{"unit":"px","size":"25"},"typography_font_family":"Roboto","typography_font_weight":"600","typography_text_transform":"capitalize","_padding":{"unit":"px","top":"0","right":"0","bottom":"20","left":"0","isLinked":false},"typography_font_size_tablet":{"unit":"px","size":"21"},"_padding_tablet":{"unit":"px","top":"0","right":"0","bottom":"0","left":"0","isLinked":true}},"elements":[],"isInner":false,"widgetType":"heading","elType":"widget"},{"id":"11a88d43","settings":{"image":{"id":672,"url":"http:\/\/localhost\/test\/wp-content\/uploads\/2018\/09\/Group-9.png"},"_margin_tablet":{"unit":"px","top":"0","right":"75","bottom":"0","left":"75","isLinked":false}},"elements":[],"isInner":false,"widgetType":"image","elType":"widget"}],"isInner":false,"elType":"column"},{"id":"62893b6","settings":{"_column_size":33,"_inline_size":null,"border_border":"solid","border_width":{"unit":"px","top":"1","right":"1","bottom":"1","left":"1","isLinked":true},"margin":{"unit":"%","top":"0","right":"5","bottom":"0","left":"5","isLinked":false},"padding":{"unit":"px","top":"40","right":"0","bottom":"40","left":"0","isLinked":false},"margin_mobile":{"unit":"px","top":"30","right":"30","bottom":"30","left":"30","isLinked":false}},"elements":[{"id":"79a37ad5","settings":{"title":"create team","align":"center","title_color":"#4a4659","typography_typography":"custom","typography_font_size":{"unit":"px","size":"25"},"typography_font_family":"Roboto","typography_font_weight":"600","typography_text_transform":"capitalize","_padding":{"unit":"px","top":"0","right":"0","bottom":"20","left":"0","isLinked":false},"typography_font_size_tablet":{"unit":"px","size":"21"},"_padding_tablet":{"unit":"px","top":"0","right":"0","bottom":"0","left":"0","isLinked":true}},"elements":[],"isInner":false,"widgetType":"heading","elType":"widget"},{"id":"215b7f2","settings":{"image":{"id":673,"url":"http:\/\/localhost\/test\/wp-content\/uploads\/2018\/09\/Group-9-Copy.png"},"_margin_tablet":{"unit":"px","top":"0","right":"75","bottom":"0","left":"75","isLinked":false}},"elements":[],"isInner":false,"widgetType":"image","elType":"widget"}],"isInner":false,"elType":"column"},{"id":"8cd8aca","settings":{"_column_size":33,"_inline_size":null,"background_background":"classic","background_color":"#fddc5b","border_width":{"unit":"px","top":"2","right":"2","bottom":"2","left":"2","isLinked":true},"margin":{"unit":"%","top":"0","right":"0","bottom":"0","left":"10","isLinked":false},"padding":{"unit":"px","top":"40","right":"0","bottom":"40","left":"0","isLinked":false},"margin_mobile":{"unit":"px","top":"0","right":"30","bottom":"0","left":"30","isLinked":false}},"elements":[{"id":"62ad1c11","settings":{"title":"view stats","align":"center","title_color":"#4a4659","typography_typography":"custom","typography_font_size":{"unit":"px","size":"25"},"typography_font_family":"Roboto","typography_font_weight":"600","typography_text_transform":"capitalize","_padding":{"unit":"px","top":"0","right":"0","bottom":"20","left":"0","isLinked":false},"typography_font_size_tablet":{"unit":"px","size":"21"},"_padding_tablet":{"unit":"px","top":"0","right":"0","bottom":"0","left":"0","isLinked":true}},"elements":[],"isInner":false,"widgetType":"heading","elType":"widget"},{"id":"2f683f4b","settings":{"image":{"id":674,"url":"http:\/\/localhost\/test\/wp-content\/uploads\/2018\/09\/Group-7.png"},"_margin_tablet":{"unit":"px","top":"0","right":"75","bottom":"0","left":"75","isLinked":false}},"elements":[],"isInner":false,"widgetType":"image","elType":"widget"}],"isInner":false,"elType":"column"}],"isInner":false,"elType":"section"},{"id":"4f2c6cfe","settings":{"gap":"no","padding":{"unit":"px","top":"80","right":"0","bottom":"100","left":"0","isLinked":false}},"elements":[{"id":"6c8bfa22","settings":{"_column_size":100,"_inline_size":null},"elements":[{"id":"40dd9d04","settings":{"title":"Maximum productivity","align":"center","title_color":"#4a4659","typography_typography":"custom","typography_font_size":{"unit":"px","size":"33"},"typography_font_family":"Roboto","typography_font_weight":"600","typography_text_transform":"capitalize","_padding":{"unit":"px","top":"0","right":"0","bottom":"60","left":"0","isLinked":false},"header_size":"h3"},"elements":[],"isInner":false,"widgetType":"heading","elType":"widget"},{"id":"4a984fc","settings":{"gap":"no","content_position":"middle","structure":"20","padding_tablet":{"unit":"px","top":"0","right":"0","bottom":"0","left":"0","isLinked":true}},"elements":[{"id":"76608f37","settings":{"_column_size":50,"_inline_size":null,"background_background":"classic","background_color":"#4a4659","padding":{"unit":"px","top":"70","right":"0","bottom":"70","left":"0","isLinked":false}},"elements":[{"id":"381a42a0","settings":{"image":{"id":676,"url":"http:\/\/localhost\/test\/wp-content\/uploads\/2018\/09\/ss.png"}},"elements":[],"isInner":false,"widgetType":"image","elType":"widget"}],"isInner":true,"elType":"column"},{"id":"186c319b","settings":{"_column_size":50,"_inline_size":null,"border_border":"solid","border_width":{"unit":"px","top":"1","right":"1","bottom":"0","left":"0","isLinked":false},"padding":{"unit":"px","top":"0","right":"40","bottom":"0","left":"40","isLinked":false},"padding_mobile":{"unit":"px","top":"60","right":"30","bottom":"40","left":"30","isLinked":false}},"elements":[{"id":"53dc81f4","settings":{"title":"Team starts communicating","align":"left","title_color":"#4a4659","typography_typography":"custom","typography_font_size":{"unit":"px","size":"25"},"typography_font_family":"Roboto","typography_font_weight":"600","typography_text_transform":"capitalize","typography_font_size_tablet":{"unit":"px","size":"22"},"header_size":"h4"},"elements":[],"isInner":false,"widgetType":"heading","elType":"widget"},{"id":"27234527","settings":{"editor":"<p class=\"p1\">After being featured in too many magazines to mention and having created an online stir, we know that Nano is going to be big. You may have seen us in the Dinosaurs\u2019 Den where we were we told that we didn\u2019t need them.<\/p>","typography_typography":"custom","typography_font_size":{"unit":"px","size":"16"},"typography_font_family":"Roboto","typography_font_weight":"400","_padding":{"unit":"px","top":"10","right":"0","bottom":"5","left":"0","isLinked":false},"_margin_mobile":{"unit":"px","top":"-10","right":"0","bottom":"0","left":"0","isLinked":false}},"elements":[],"isInner":false,"widgetType":"text-editor","elType":"widget"},{"id":"e9bf18a","settings":{"text":"Get started","size":"lg","icon":"fa fa-angle-double-right","icon_indent":{"unit":"px","size":16},"background_color":"#fddc5b","typography_typography":"custom","typography_font_family":"Roboto","typography_font_weight":"500","icon_align":"right","typography_font_size":{"unit":"px","size":"18"},"button_text_color":"#3b4656","border_radius":{"unit":"px","top":"50","right":"50","bottom":"50","left":"50","isLinked":true},"text_padding":{"unit":"px","top":"15","right":"40","bottom":"15","left":"40","isLinked":false},"hover_color":"#fddc5b","button_background_hover_color":"#4a4659"},"elements":[],"isInner":false,"widgetType":"button","elType":"widget"}],"isInner":true,"elType":"column"}],"isInner":true,"elType":"section"},{"id":"1fa166f","settings":{"gap":"no","content_position":"middle","structure":"20","background_background":"classic","padding_tablet":{"unit":"px","top":"0","right":"0","bottom":"0","left":"0","isLinked":false},"reverse_order_mobile":"reverse-mobile"},"elements":[{"id":"70141ffd","settings":{"_column_size":50,"_inline_size":null,"border_border":"solid","border_width":{"unit":"px","top":"0","right":"0","bottom":"1","left":"1","isLinked":false},"padding":{"unit":"px","top":"0","right":"40","bottom":"0","left":"40","isLinked":false},"padding_mobile":{"unit":"px","top":"60","right":"30","bottom":"60","left":"30","isLinked":false}},"elements":[{"id":"3742bf59","settings":{"title":"Design on all channels","align":"left","title_color":"#4a4659","typography_typography":"custom","typography_font_size":{"unit":"px","size":"25"},"typography_font_family":"Roboto","typography_font_weight":"600","typography_text_transform":"capitalize","_padding":{"unit":"px","top":"0","right":"0","bottom":"0","left":"0","isLinked":false},"typography_font_size_tablet":{"unit":"px","size":"22"},"header_size":"h3"},"elements":[],"isInner":false,"widgetType":"heading","elType":"widget"},{"id":"388abbd5","settings":{"editor":"<p class=\"p1\">We were we told that we didn\u2019t need them because we were already doing it so well ourselves, so that\u2019s what we have continued to do. We also hope to win Startup Fictional Business of the Year this Year. This changes everything.<\/p>","typography_typography":"custom","typography_font_size":{"unit":"px","size":"16"},"typography_font_family":"Roboto","typography_font_weight":"400","_padding":{"unit":"px","top":"10","right":"0","bottom":"5","left":"0","isLinked":false},"_margin_mobile":{"unit":"px","top":"-10","right":"0","bottom":"0","left":"0","isLinked":false}},"elements":[],"isInner":false,"widgetType":"text-editor","elType":"widget"},{"id":"3d780de8","settings":{"text":"Start trial","size":"lg","icon":"fa fa-angle-double-right","icon_indent":{"unit":"px","size":16},"background_color":"#fddc5b","typography_typography":"custom","typography_font_family":"Roboto","typography_font_weight":"500","icon_align":"right","typography_font_size":{"unit":"px","size":"18"},"button_text_color":"#3b4656","border_radius":{"unit":"px","top":"50","right":"50","bottom":"50","left":"50","isLinked":true},"text_padding":{"unit":"px","top":"15","right":"40","bottom":"15","left":"40","isLinked":false},"hover_color":"#fddc5b","button_background_hover_color":"#4a4659"},"elements":[],"isInner":false,"widgetType":"button","elType":"widget"}],"isInner":true,"elType":"column"},{"id":"731b3d30","settings":{"_column_size":50,"_inline_size":null,"background_background":"classic","background_color":"#fddc5b","padding":{"unit":"px","top":"95","right":"0","bottom":"95","left":"0","isLinked":false},"padding_tablet":{"unit":"px","top":"120","right":"0","bottom":"120","left":"0","isLinked":false}},"elements":[{"id":"25384974","settings":{"image":{"id":677,"url":"http:\/\/localhost\/test\/wp-content\/uploads\/2018\/09\/xx.png"},"_margin_tablet":{"unit":"px","top":"0","right":"50","bottom":"0","left":"50","isLinked":false}},"elements":[],"isInner":false,"widgetType":"image","elType":"widget"}],"isInner":true,"elType":"column"}],"isInner":true,"elType":"section"}],"isInner":false,"elType":"column"}],"isInner":false,"elType":"section"},{"id":"3c1300f4","settings":{"background_background":"classic","background_color":"#f2f2f2","background_image":{"id":675,"url":"http:\/\/localhost\/test\/wp-content\/uploads\/2018\/09\/Group-35.png"},"padding":{"unit":"px","top":"80","right":"0","bottom":"80","left":"0","isLinked":false},"margin_mobile":{"unit":"px","top":"-100","right":0,"bottom":"0","left":0,"isLinked":false},"padding_mobile":{"unit":"px","top":"60","right":"0","bottom":"60","left":"0","isLinked":false}},"elements":[{"id":"77d101d6","settings":{"_column_size":100,"_inline_size":null},"elements":[{"id":"10ba16e","settings":{"title":"Our users reviews","align":"center","title_color":"#4a4659","typography_typography":"custom","typography_font_size":{"unit":"px","size":"33"},"typography_font_family":"Roboto","typography_font_weight":"600","typography_text_transform":"capitalize","_padding":{"unit":"px","top":"0","right":"0","bottom":"60","left":"0","isLinked":false},"_padding_tablet":{"unit":"px","top":"0","right":"0","bottom":"20","left":"0","isLinked":false},"header_size":"h4"},"elements":[],"isInner":false,"widgetType":"heading","elType":"widget"},{"id":"6b834d94","settings":{"structure":"30","padding_tablet":{"unit":"px","top":"0","right":"20","bottom":"0","left":"20","isLinked":false}},"elements":[{"id":"123ccd1f","settings":{"_column_size":33,"_inline_size":null,"margin":{"unit":"%","top":"0","right":"12","bottom":"0","left":"0","isLinked":false},"padding_mobile":{"unit":"px","top":"0","right":"0","bottom":"0","left":"0","isLinked":true}},"elements":[{"id":"f20fd0","settings":{"icon":"fa fa-quote-left","align":"left","primary_color":"#fddc5b","size":{"unit":"px","size":"40"},"align_mobile":"left"},"elements":[],"isInner":false,"widgetType":"icon","elType":"widget"},{"id":"7c840cef","settings":{"testimonial_content":"Lorem ipsum dolor sit amet, consectetur adipiscing elit. Ut elit tellus, luctus nec ullamcorper mattis, pulvinar dapibus leo.","testimonial_image":{"id":678,"url":"http:\/\/localhost\/test\/wp-content\/uploads\/2018\/09\/07p7aip5dmc-cagatay-orhan-1.png"},"testimonial_name":"Martha Unger","testimonial_job":"Designer","testimonial_alignment":"left","content_typography_typography":"custom","content_typography_font_size":{"unit":"px","size":"16"},"content_typography_font_family":"Roboto","content_typography_font_weight":"400","image_size":{"unit":"px","size":"90"},"image_border_border":"solid","image_border_width":{"unit":"px","top":"2","right":"2","bottom":"2","left":"2","isLinked":false},"image_border_color":"#fddc5b","name_text_color":"#4a4659","name_typography_typography":"custom","name_typography_font_size":{"unit":"px","size":"18"},"name_typography_font_family":"Roboto","job_typography_typography":"custom","job_typography_font_size":{"unit":"px","size":"14"},"job_typography_font_family":"Roboto","content_typography_font_size_tablet":{"unit":"px","size":"14"}},"elements":[],"isInner":false,"widgetType":"testimonial","elType":"widget"}],"isInner":true,"elType":"column"},{"id":"6477cdf5","settings":{"_column_size":33,"_inline_size":null,"margin":{"unit":"%","top":"0","right":"6","bottom":"0","left":"6","isLinked":false},"padding_mobile":{"unit":"px","top":"80","right":"0","bottom":"80","left":"0","isLinked":false}},"elements":[{"id":"2327e393","settings":{"icon":"fa fa-quote-left","align":"left","primary_color":"#fddc5b","size":{"unit":"px","size":"40"},"align_mobile":"left"},"elements":[],"isInner":false,"widgetType":"icon","elType":"widget"},{"id":"948b79f","settings":{"testimonial_content":"Lorem ipsum dolor sit amet, consectetur adipiscing elit. Ut elit tellus, luctus nec ullamcorper mattis, pulvinar dapibus leo.","testimonial_image":{"id":679,"url":"http:\/\/localhost\/test\/wp-content\/uploads\/2018\/09\/https-hd.unsplash.comphoto-1463104264350-ec39e9ccd74b-1-1.png"},"testimonial_name":"Mike Choo","testimonial_job":"UI Designer","testimonial_alignment":"left","content_typography_typography":"custom","content_typography_font_size":{"unit":"px","size":"16"},"content_typography_font_family":"Roboto","content_typography_font_weight":"400","image_size":{"unit":"px","size":"90"},"image_border_border":"solid","image_border_width":{"unit":"px","top":"2","right":"2","bottom":"2","left":"2","isLinked":false},"image_border_color":"#fddc5b","name_text_color":"#4a4659","name_typography_typography":"custom","name_typography_font_size":{"unit":"px","size":"18"},"name_typography_font_family":"Roboto","job_typography_typography":"custom","job_typography_font_size":{"unit":"px","size":"14"},"job_typography_font_family":"Roboto","content_typography_font_size_tablet":{"unit":"px","size":"14"}},"elements":[],"isInner":false,"widgetType":"testimonial","elType":"widget"}],"isInner":true,"elType":"column"},{"id":"4878662d","settings":{"_column_size":33,"_inline_size":null,"margin":{"unit":"%","top":"0","right":"0","bottom":"0","left":"12","isLinked":false},"padding_mobile":{"unit":"px","top":"0","right":"0","bottom":"0","left":"0","isLinked":true}},"elements":[{"id":"55ddcbe3","settings":{"icon":"fa fa-quote-left","align":"left","primary_color":"#fddc5b","size":{"unit":"px","size":"40"},"align_mobile":"left"},"elements":[],"isInner":false,"widgetType":"icon","elType":"widget"},{"id":"21a30023","settings":{"testimonial_content":"Lorem ipsum dolor sit amet, consectetur adipiscing elit. Ut elit tellus, luctus nec ullamcorper mattis, pulvinar dapibus leo.","testimonial_image":{"id":680,"url":"http:\/\/localhost\/test\/wp-content\/uploads\/2018\/09\/7omhughhmz0-aatik-tasneem.png"},"testimonial_name":"Joachim Philipe","testimonial_job":"CDO","testimonial_alignment":"left","content_typography_typography":"custom","content_typography_font_size":{"unit":"px","size":"16"},"content_typography_font_family":"Roboto","content_typography_font_weight":"400","image_size":{"unit":"px","size":"90"},"image_border_border":"solid","image_border_width":{"unit":"px","top":"2","right":"2","bottom":"2","left":"2","isLinked":false},"image_border_color":"#fddc5b","name_text_color":"#4a4659","name_typography_typography":"custom","name_typography_font_size":{"unit":"px","size":"18"},"name_typography_font_family":"Roboto","job_typography_typography":"custom","job_typography_font_size":{"unit":"px","size":"14"},"job_typography_font_family":"Roboto","content_typography_font_size_tablet":{"unit":"px","size":"14"}},"elements":[],"isInner":false,"widgetType":"testimonial","elType":"widget"}],"isInner":true,"elType":"column"}],"isInner":true,"elType":"section"}],"isInner":false,"elType":"column"}],"isInner":false,"elType":"section"},{"id":"11c4d810","settings":{"background_background":"classic","background_image":{"id":670,"url":"http:\/\/localhost\/test\/wp-content\/uploads\/2018\/09\/FD.png"},"background_overlay_background":"classic","background_overlay_color":"#000000","background_overlay_opacity":{"unit":"px","size":"0.8"},"padding":{"unit":"px","top":"100","right":"100","bottom":"100","left":"100","isLinked":true},"background_size":"cover","content_width":{"unit":"px","size":"750"},"padding_tablet":{"unit":"px","top":"80","right":"30","bottom":"80","left":"30","isLinked":false},"padding_mobile":{"unit":"px","top":"60","right":"30","bottom":"60","left":"30","isLinked":false}},"elements":[{"id":"262ba68b","settings":{"_column_size":100,"_inline_size":null},"elements":[{"id":"35c4a362","settings":{"image":{"id":668,"url":"http:\/\/localhost\/test\/wp-content\/uploads\/2018\/09\/d-3.png"},"space":{"unit":"%","size":"70"},"_padding":{"unit":"px","top":"0","right":"0","bottom":"40","left":"0","isLinked":false},"_margin_tablet":{"unit":"px","top":"0","right":"250","bottom":"0","left":"250","isLinked":false},"_margin_mobile":{"unit":"px","top":"0","right":"70","bottom":"0","left":"70","isLinked":false}},"elements":[],"isInner":false,"widgetType":"image","elType":"widget"},{"id":"676df704","settings":{"title":"An App doesn't make a team, but can help it work better.","align":"center","title_color":"#ffffff","typography_typography":"custom","typography_font_size":{"unit":"px","size":"40"},"typography_font_family":"Roboto","typography_font_weight":"500","typography_text_transform":"capitalize","typography_line_height":{"unit":"em","size":"1.2"},"typography_font_size_tablet":{"unit":"px","size":"32"},"typography_line_height_tablet":{"unit":"em","size":1.5},"typography_font_size_mobile":{"unit":"px","size":"23"}},"elements":[],"isInner":false,"widgetType":"heading","elType":"widget"},{"id":"54258197","settings":{"icon_list":[{"text":"Works with Slack, SalesForce and other integrated CRMs","icon":"fa fa-check-circle","_id":"mzb86gb","link":{"url":"","is_external":"","nofollow":""}}],"space_between":{"unit":"px","size":"11"},"icon_align":"center","icon_color":"#fddc5b","icon_size":{"unit":"px","size":"25"},"text_indent":{"unit":"px","size":9},"text_color":"#ffffff","icon_typography_typography":"custom","icon_typography_font_size":{"unit":"px","size":"20"},"icon_typography_font_family":"Roboto","icon_typography_font_weight":"300","icon_typography_font_size_mobile":{"unit":"px","size":"16"}},"elements":[],"isInner":false,"widgetType":"icon-list","elType":"widget"},{"id":"244d2010","settings":{"text":"Get started","size":"lg","icon":"fa fa-angle-double-right","icon_indent":{"unit":"px","size":16},"background_color":"#fddc5b","typography_typography":"custom","typography_font_family":"Roboto","typography_font_weight":"500","align":"center","icon_align":"right","typography_font_size":{"unit":"px","size":"18"},"button_text_color":"#4a4659","border_radius":{"unit":"px","top":"50","right":"50","bottom":"50","left":"50","isLinked":true},"text_padding":{"unit":"px","top":"15","right":"40","bottom":"15","left":"40","isLinked":false},"_padding":{"unit":"px","top":"50","right":"0","bottom":"0","left":"0","isLinked":false},"hover_color":"#fddc5b","button_background_hover_color":"rgba(0,0,0,0)","button_hover_border_color":"#fddc5b","border_border":"solid","border_color":"#fddc5b","_padding_mobile":{"unit":"px","top":"30","right":"0","bottom":"0","left":"0","isLinked":false}},"elements":[],"isInner":false,"widgetType":"button","elType":"widget"}],"isInner":false,"elType":"column"}],"isInner":false,"elType":"section"}]}