{"version":"0.4","title":"LandingPage-Fashion-page","type":"page","content":[{"id":"76d073ce","settings":{"section_layout":"","height":"full","column_position":"bottom","content_position":"bottom","section_background":"","background_background":"classic","background_image":{"id":875,"url":"http:\/\/localhost\/test\/wp-content\/uploads\/2018\/09\/8.jpg"},"background_position":"top center","background_size":"cover","background_overlay_section":"","section_border":"","box_shadow_box_shadow":{"horizontal":0,"vertical":0,"blur":10,"spread":0,"inset":"","color":"rgba(0,0,0,0.5)"},"section_typo":"","section_advanced":"","margin_tablet":{"unit":"px","top":"","right":0,"bottom":"","left":0,"isLinked":true},"padding":{"unit":"px","top":"0","right":"0","bottom":"60","left":"0","isLinked":false},"padding_tablet":{"unit":"%","top":"","right":"","bottom":"","left":"","isLinked":true},"padding_mobile":{"unit":"px","top":"250","right":"0","bottom":"30","left":"0","isLinked":false},"_section_responsive":"","heading_visibility":"","responsive_description":"","section_custom_css":"","custom_css_description":"","section_custom_css_pro":"","custom_css_pro":""},"elements":[{"id":"5d978742","settings":{"_column_size":100,"_inline_size":null,"section_style":"","box_shadow_box_shadow":{"horizontal":0,"vertical":0,"blur":10,"spread":0,"inset":"","color":"rgba(0,0,0,0.5)"},"section_typo":"","section_advanced":"","margin_tablet":{"unit":"px","top":"0","right":"0","bottom":"0","left":"0","isLinked":true},"padding_tablet":{"unit":"px","top":"0","right":"0","bottom":"0","left":"0","isLinked":true},"section_responsive":"","screen_sm":"default","screen_sm_width":"100","screen_xs":"default","screen_xs_width":"100","section_custom_css":"","custom_css_description":"","section_custom_css_pro":"","custom_css_pro":"","section_background_overlay":""},"elements":[{"id":"5c04a60f","settings":{"section_title":"","title":"It\u2019s time to role up your sleeves!","link":{"is_external":"","url":""},"header_size":"h1","align":"center","align_tablet":"center","section_title_style":"","title_color":"#ffffff","typography_typography":"custom","typography_font_size":{"unit":"px","size":"45"},"typography_font_size_tablet":{"unit":"px","size":"35"},"typography_font_size_mobile":{"unit":"px","size":"16"},"typography_font_family":"Playfair Display","typography_font_weight":"bold","_section_style":"","_margin":{"unit":"%","top":"0","right":"19","bottom":"0","left":"19","isLinked":false},"_margin_tablet":{"unit":"%","top":"0","right":"14","bottom":"0","left":"14","isLinked":false},"_margin_mobile":{"unit":"%","top":"0","right":"12","bottom":"0","left":"12","isLinked":false},"_padding":{"unit":"px","top":"10","right":"0","bottom":"12","left":"0","isLinked":false},"_padding_mobile":{"unit":"px","top":"10","right":"0","bottom":"10","left":"0","isLinked":false},"_section_background":"","_background_background":"classic","_background_color":"#000000","_box_shadow_box_shadow":{"horizontal":0,"vertical":0,"blur":10,"spread":0,"inset":"","color":"rgba(0,0,0,0.5)"},"_section_responsive":"","responsive_description":"","section_custom_css":"","custom_css_description":"","section_custom_css_pro":"","custom_css_pro":""},"elements":[],"isInner":false,"widgetType":"heading","elType":"widget"},{"id":"760f9e97","settings":{"section_editor":"","editor":"<p><span style=\"color: #ff0091;\">SALE<\/span> season is here. Are you ready?<\/p>","section_style":"","align":"center","align_tablet":"center","text_color":"#ffffff","typography_typography":"custom","typography_font_size":{"unit":"px","size":"45"},"typography_font_size_tablet":{"unit":"px","size":"35"},"typography_font_size_mobile":{"unit":"px","size":"16"},"typography_font_family":"Playfair Display","typography_font_weight":"bold","_section_style":"","_margin":{"unit":"%","top":"-2","right":"15","bottom":"0","left":"15","isLinked":false},"_margin_tablet":{"unit":"%","top":"-3","right":"10","bottom":"0","left":"10","isLinked":false},"_margin_mobile":{"unit":"%","top":"-6","right":"8","bottom":"0","left":"8","isLinked":false},"_padding":{"unit":"px","top":"2","right":"0","bottom":"0","left":"0","isLinked":false},"_padding_tablet":{"unit":"px","top":"10","right":"10","bottom":"5","left":"10","isLinked":false},"_padding_mobile":{"unit":"px","top":"5","right":"0","bottom":"1","left":"0","isLinked":false},"_section_background":"","_background_background":"classic","_background_color":"#000000","_box_shadow_box_shadow":{"horizontal":0,"vertical":0,"blur":10,"spread":0,"inset":"","color":"rgba(0,0,0,0.5)"},"_section_responsive":"","responsive_description":"","section_custom_css":"","custom_css_description":"","section_custom_css_pro":"","custom_css_pro":""},"elements":[],"isInner":false,"widgetType":"text-editor","elType":"widget"},{"id":"55dafc6c","settings":{"section_button":"","text":"Shop the hottest sales!","link":{"is_external":"","url":"#"},"align":"center","size":"md","section_style":"","typography_typography":"custom","typography_font_size":{"unit":"px","size":"18"},"typography_font_size_mobile":{"unit":"px","size":"11"},"typography_font_family":"Roboto Condensed","typography_text_transform":"uppercase","typography_letter_spacing":{"unit":"px","size":"1"},"background_color":"#ff0091","border_border":"solid","border_width":{"unit":"px","top":"3","right":"3","bottom":"3","left":"3","isLinked":true},"border_color":"#ff0091","border_radius":{"unit":"px","top":"0","right":"0","bottom":"0","left":"0","isLinked":true},"text_padding":{"unit":"px","top":"20","right":"40","bottom":"20","left":"40","isLinked":false},"section_hover":"","hover_color":"#ff0091","button_background_hover_color":"#ffffff","_section_style":"","_section_background":"","_box_shadow_box_shadow":{"horizontal":0,"vertical":0,"blur":10,"spread":0,"inset":"","color":"rgba(0,0,0,0.5)"},"_section_responsive":"","responsive_description":"","section_custom_css":"","custom_css_description":"","section_custom_css_pro":"","custom_css_pro":""},"elements":[],"isInner":false,"widgetType":"button","elType":"widget"}],"isInner":false,"elType":"column"}],"isInner":false,"elType":"section"},{"id":"7f576b05","settings":{"section_layout":"","section_background":"","background_overlay_section":"","section_border":"","box_shadow_box_shadow":{"horizontal":0,"vertical":0,"blur":10,"spread":0,"inset":"","color":"rgba(0,0,0,0.5)"},"section_typo":"","section_advanced":"","margin":{"unit":"px","top":"","right":0,"bottom":"","left":0,"isLinked":true},"padding":{"unit":"px","top":"100","right":"0","bottom":"100","left":"0","isLinked":false},"padding_tablet":{"unit":"px","top":"60","right":"20","bottom":"60","left":"20","isLinked":false},"_section_responsive":"","heading_visibility":"","responsive_description":"","section_custom_css":"","custom_css_description":"","section_custom_css_pro":"","custom_css_pro":""},"elements":[{"id":"1d467caf","settings":{"_column_size":100,"section_style":"","box_shadow_box_shadow":{"horizontal":0,"vertical":0,"blur":10,"spread":0,"inset":"","color":"rgba(0,0,0,0.5)"},"section_typo":"","section_advanced":"","section_responsive":"","screen_sm":"default","screen_sm_width":"100","screen_xs":"default","screen_xs_width":"100","section_custom_css":"","custom_css_description":"","section_custom_css_pro":"","custom_css_pro":"","section_background_overlay":""},"elements":[{"id":"3aa507e0","settings":{"section_title":"","title":"your favorite brands are now on sale","link":{"is_external":"","url":""},"align":"center","section_title_style":"","title_color":"#ff0091","typography_typography":"custom","typography_font_size":{"unit":"px","size":"25"},"typography_font_size_mobile":{"unit":"px","size":"23"},"typography_font_family":"Playfair Display","typography_font_weight":"bold","typography_text_transform":"uppercase","typography_line_height_mobile":{"unit":"em","size":1.4},"_section_style":"","_padding":{"unit":"px","top":"0","right":"0","bottom":"80","left":"0","isLinked":false},"_padding_tablet":{"unit":"%","top":"0","right":"0","bottom":"5","left":"0","isLinked":false},"_section_background":"","_box_shadow_box_shadow":{"horizontal":0,"vertical":0,"blur":10,"spread":0,"inset":"","color":"rgba(0,0,0,0.5)"},"_section_responsive":"","responsive_description":"","section_custom_css":"","custom_css_description":"","section_custom_css_pro":"","custom_css_pro":""},"elements":[],"isInner":false,"widgetType":"heading","elType":"widget"},{"id":"45b2ea24","settings":{"section_layout":"","structure":"40","section_background":"","background_overlay_section":"","section_border":"","box_shadow_box_shadow":{"horizontal":0,"vertical":0,"blur":10,"spread":0,"inset":"","color":"rgba(0,0,0,0.5)"},"section_typo":"","section_advanced":"","padding":{"unit":"px","top":"0","right":"0","bottom":"80","left":"0","isLinked":false},"padding_tablet":{"unit":"%","top":"0","right":"0","bottom":"7","left":"0","isLinked":false},"_section_responsive":"","heading_visibility":"","responsive_description":"","section_custom_css":"","custom_css_description":"","section_custom_css_pro":"","custom_css_pro":""},"elements":[{"id":"353740b5","settings":{"_column_size":25,"_inline_size":null,"section_style":"","box_shadow_box_shadow":{"horizontal":0,"vertical":0,"blur":10,"spread":0,"inset":"","color":"rgba(0,0,0,0.5)"},"section_typo":"","section_advanced":"","section_responsive":"","screen_sm":"default","screen_sm_width":"100","screen_xs":"default","screen_xs_width":"100","section_custom_css":"","custom_css_description":"","section_custom_css_pro":"","custom_css_pro":"","section_background_overlay":""},"elements":[{"id":"6b09d77","settings":{"section_image":"","image":{"id":876,"url":"http:\/\/localhost\/test\/wp-content\/uploads\/2018\/09\/12-2.jpg"},"align":"center","align_tablet":"center","align_mobile":"center","link":{"is_external":"","url":""},"section_style_image":"","space":{"unit":"%","size":100},"opacity":{"unit":"px","size":1},"image_box_shadow_box_shadow":{"horizontal":0,"vertical":0,"blur":10,"spread":0,"inset":"","color":"rgba(0,0,0,0.5)"},"section_style_caption":"","_section_style":"","_section_background":"","_box_shadow_box_shadow":{"horizontal":0,"vertical":0,"blur":10,"spread":0,"inset":"","color":"rgba(0,0,0,0.5)"},"_section_responsive":"","responsive_description":"","section_custom_css":"","custom_css_description":"","section_custom_css_pro":"","custom_css_pro":""},"elements":[],"isInner":false,"widgetType":"image","elType":"widget"},{"id":"3c0415f","settings":{"section_title":"","title":"Littele Lorena","link":{"is_external":"","url":""},"header_size":"h4","align":"center","section_title_style":"","title_color":"#bcbcbc","typography_typography":"custom","typography_font_size":{"unit":"px","size":"14"},"typography_font_family":"Roboto Condensed","_section_style":"","_section_background":"","_box_shadow_box_shadow":{"horizontal":0,"vertical":0,"blur":10,"spread":0,"inset":"","color":"rgba(0,0,0,0.5)"},"_section_responsive":"","responsive_description":"","section_custom_css":"","custom_css_description":"","section_custom_css_pro":"","custom_css_pro":""},"elements":[],"isInner":false,"widgetType":"heading","elType":"widget"},{"id":"2c13bee4","settings":{"section_title":"","title":"up to 50% off","link":{"is_external":"","url":""},"header_size":"h3","align":"center","section_title_style":"","title_color":"#000000","typography_typography":"custom","typography_font_size":{"unit":"px","size":"22"},"typography_font_size_tablet":{"unit":"px","size":"18"},"typography_font_size_mobile":{"unit":"px","size":"20"},"typography_font_family":"Playfair Display","typography_font_weight":"bold","typography_text_transform":"uppercase","_section_style":"","_margin_tablet":{"unit":"%","top":"-5","right":"0","bottom":"0","left":"0","isLinked":false},"_margin_mobile":{"unit":"%","top":"","right":"","bottom":"","left":"","isLinked":false},"_section_background":"","_box_shadow_box_shadow":{"horizontal":0,"vertical":0,"blur":10,"spread":0,"inset":"","color":"rgba(0,0,0,0.5)"},"_section_responsive":"","responsive_description":"","section_custom_css":"","custom_css_description":"","section_custom_css_pro":"","custom_css_pro":""},"elements":[],"isInner":false,"widgetType":"heading","elType":"widget"}],"isInner":true,"elType":"column"},{"id":"6b122e3e","settings":{"_column_size":25,"_inline_size":null,"section_style":"","box_shadow_box_shadow":{"horizontal":0,"vertical":0,"blur":10,"spread":0,"inset":"","color":"rgba(0,0,0,0.5)"},"section_typo":"","section_advanced":"","section_responsive":"","screen_sm":"default","screen_sm_width":"100","screen_xs":"default","screen_xs_width":"100","section_custom_css":"","custom_css_description":"","section_custom_css_pro":"","custom_css_pro":"","section_background_overlay":""},"elements":[{"id":"bef3165","settings":{"section_image":"","image":{"id":877,"url":"http:\/\/localhost\/test\/wp-content\/uploads\/2018\/09\/11-2.jpg"},"align":"center","align_tablet":"center","align_mobile":"center","link":{"is_external":"","url":""},"section_style_image":"","space":{"unit":"%","size":100},"opacity":{"unit":"px","size":1},"image_box_shadow_box_shadow":{"horizontal":0,"vertical":0,"blur":10,"spread":0,"inset":"","color":"rgba(0,0,0,0.5)"},"section_style_caption":"","_section_style":"","_section_background":"","_box_shadow_box_shadow":{"horizontal":0,"vertical":0,"blur":10,"spread":0,"inset":"","color":"rgba(0,0,0,0.5)"},"_section_responsive":"","responsive_description":"","section_custom_css":"","custom_css_description":"","section_custom_css_pro":"","custom_css_pro":""},"elements":[],"isInner":false,"widgetType":"image","elType":"widget"},{"id":"778780ec","settings":{"section_title":"","title":"Sharona","link":{"is_external":"","url":""},"header_size":"h4","align":"center","section_title_style":"","title_color":"#bcbcbc","typography_typography":"custom","typography_font_size":{"unit":"px","size":"14"},"typography_font_family":"Roboto Condensed","_section_style":"","_section_background":"","_box_shadow_box_shadow":{"horizontal":0,"vertical":0,"blur":10,"spread":0,"inset":"","color":"rgba(0,0,0,0.5)"},"_section_responsive":"","responsive_description":"","section_custom_css":"","custom_css_description":"","section_custom_css_pro":"","custom_css_pro":""},"elements":[],"isInner":false,"widgetType":"heading","elType":"widget"},{"id":"2579d945","settings":{"section_title":"","title":"up to 30% off","link":{"is_external":"","url":""},"header_size":"h3","align":"center","section_title_style":"","title_color":"#000000","typography_typography":"custom","typography_font_size":{"unit":"px","size":"22"},"typography_font_size_tablet":{"unit":"px","size":"18"},"typography_font_family":"Playfair Display","typography_font_weight":"bold","typography_text_transform":"uppercase","_section_style":"","_margin_tablet":{"unit":"%","top":"-5","right":"0","bottom":"0","left":"0","isLinked":false},"_section_background":"","_box_shadow_box_shadow":{"horizontal":0,"vertical":0,"blur":10,"spread":0,"inset":"","color":"rgba(0,0,0,0.5)"},"_section_responsive":"","responsive_description":"","section_custom_css":"","custom_css_description":"","section_custom_css_pro":"","custom_css_pro":""},"elements":[],"isInner":false,"widgetType":"heading","elType":"widget"}],"isInner":true,"elType":"column"},{"id":"35cc7886","settings":{"_column_size":25,"_inline_size":null,"section_style":"","box_shadow_box_shadow":{"horizontal":0,"vertical":0,"blur":10,"spread":0,"inset":"","color":"rgba(0,0,0,0.5)"},"section_typo":"","section_advanced":"","section_responsive":"","screen_sm":"default","screen_sm_width":"100","screen_xs":"default","screen_xs_width":"100","section_custom_css":"","custom_css_description":"","section_custom_css_pro":"","custom_css_pro":"","section_background_overlay":""},"elements":[{"id":"7250d141","settings":{"section_image":"","image":{"id":878,"url":"http:\/\/localhost\/test\/wp-content\/uploads\/2018\/09\/10-1.jpg"},"align":"center","align_tablet":"center","align_mobile":"center","link":{"is_external":"","url":""},"section_style_image":"","space":{"unit":"%","size":100},"opacity":{"unit":"px","size":1},"image_box_shadow_box_shadow":{"horizontal":0,"vertical":0,"blur":10,"spread":0,"inset":"","color":"rgba(0,0,0,0.5)"},"section_style_caption":"","_section_style":"","_section_background":"","_box_shadow_box_shadow":{"horizontal":0,"vertical":0,"blur":10,"spread":0,"inset":"","color":"rgba(0,0,0,0.5)"},"_section_responsive":"","responsive_description":"","section_custom_css":"","custom_css_description":"","section_custom_css_pro":"","custom_css_pro":""},"elements":[],"isInner":false,"widgetType":"image","elType":"widget"},{"id":"2599bc1e","settings":{"section_title":"","title":"Chop Chop","link":{"is_external":"","url":""},"header_size":"h4","align":"center","section_title_style":"","title_color":"#bcbcbc","typography_typography":"custom","typography_font_size":{"unit":"px","size":"14"},"typography_font_family":"Roboto Condensed","_section_style":"","_section_background":"","_box_shadow_box_shadow":{"horizontal":0,"vertical":0,"blur":10,"spread":0,"inset":"","color":"rgba(0,0,0,0.5)"},"_section_responsive":"","responsive_description":"","section_custom_css":"","custom_css_description":"","section_custom_css_pro":"","custom_css_pro":""},"elements":[],"isInner":false,"widgetType":"heading","elType":"widget"},{"id":"2dfd4820","settings":{"section_title":"","title":"up to 70% off","link":{"is_external":"","url":""},"header_size":"h3","align":"center","section_title_style":"","title_color":"#000000","typography_typography":"custom","typography_font_size":{"unit":"px","size":"22"},"typography_font_size_tablet":{"unit":"px","size":"18"},"typography_font_family":"Playfair Display","typography_font_weight":"bold","typography_text_transform":"uppercase","_section_style":"","_margin_tablet":{"unit":"%","top":"-5","right":"0","bottom":"0","left":"0","isLinked":false},"_section_background":"","_box_shadow_box_shadow":{"horizontal":0,"vertical":0,"blur":10,"spread":0,"inset":"","color":"rgba(0,0,0,0.5)"},"_section_responsive":"","responsive_description":"","section_custom_css":"","custom_css_description":"","section_custom_css_pro":"","custom_css_pro":""},"elements":[],"isInner":false,"widgetType":"heading","elType":"widget"}],"isInner":true,"elType":"column"},{"id":"2f93406d","settings":{"_column_size":25,"_inline_size":null,"section_style":"","box_shadow_box_shadow":{"horizontal":0,"vertical":0,"blur":10,"spread":0,"inset":"","color":"rgba(0,0,0,0.5)"},"section_typo":"","section_advanced":"","section_responsive":"","screen_sm":"default","screen_sm_width":"100","screen_xs":"default","screen_xs_width":"100","section_custom_css":"","custom_css_description":"","section_custom_css_pro":"","custom_css_pro":"","section_background_overlay":""},"elements":[{"id":"76ab33","settings":{"section_image":"","image":{"id":879,"url":"http:\/\/localhost\/test\/wp-content\/uploads\/2018\/09\/9.jpg"},"align":"center","align_tablet":"center","align_mobile":"center","link":{"is_external":"","url":""},"section_style_image":"","space":{"unit":"%","size":100},"opacity":{"unit":"px","size":1},"image_box_shadow_box_shadow":{"horizontal":0,"vertical":0,"blur":10,"spread":0,"inset":"","color":"rgba(0,0,0,0.5)"},"section_style_caption":"","_section_style":"","_section_background":"","_box_shadow_box_shadow":{"horizontal":0,"vertical":0,"blur":10,"spread":0,"inset":"","color":"rgba(0,0,0,0.5)"},"_section_responsive":"","responsive_description":"","section_custom_css":"","custom_css_description":"","section_custom_css_pro":"","custom_css_pro":""},"elements":[],"isInner":false,"widgetType":"image","elType":"widget"},{"id":"60aae87d","settings":{"section_title":"","title":"Urbanlour","link":{"is_external":"","url":""},"header_size":"h4","align":"center","section_title_style":"","title_color":"#bcbcbc","typography_typography":"custom","typography_font_size":{"unit":"px","size":"14"},"typography_font_family":"Roboto Condensed","_section_style":"","_section_background":"","_box_shadow_box_shadow":{"horizontal":0,"vertical":0,"blur":10,"spread":0,"inset":"","color":"rgba(0,0,0,0.5)"},"_section_responsive":"","responsive_description":"","section_custom_css":"","custom_css_description":"","section_custom_css_pro":"","custom_css_pro":""},"elements":[],"isInner":false,"widgetType":"heading","elType":"widget"},{"id":"4f32e33a","settings":{"section_title":"","title":"up to 40% off","link":{"is_external":"","url":""},"header_size":"h3","align":"center","section_title_style":"","title_color":"#000000","typography_typography":"custom","typography_font_size":{"unit":"px","size":"22"},"typography_font_size_tablet":{"unit":"px","size":"18"},"typography_font_family":"Playfair Display","typography_font_weight":"bold","typography_text_transform":"uppercase","_section_style":"","_margin_tablet":{"unit":"%","top":"-5","right":"0","bottom":"0","left":"0","isLinked":false},"_section_background":"","_box_shadow_box_shadow":{"horizontal":0,"vertical":0,"blur":10,"spread":0,"inset":"","color":"rgba(0,0,0,0.5)"},"_section_responsive":"","responsive_description":"","section_custom_css":"","custom_css_description":"","section_custom_css_pro":"","custom_css_pro":""},"elements":[],"isInner":false,"widgetType":"heading","elType":"widget"}],"isInner":true,"elType":"column"}],"isInner":true,"elType":"section"},{"id":"d6ada67","settings":{"section_button":"","text":"Watch all sales","link":{"is_external":"","url":"#"},"align":"center","size":"md","section_style":"","button_text_color":"#ff0091","typography_typography":"custom","typography_font_size":{"unit":"px","size":"13"},"typography_font_family":"Roboto Condensed","typography_text_transform":"uppercase","typography_letter_spacing":{"unit":"px","size":"1"},"background_color":"rgba(255,0,145,0)","border_border":"solid","border_width":{"unit":"px","top":"2","right":"2","bottom":"2","left":"2","isLinked":true},"border_color":"#ff0091","border_radius":{"unit":"px","top":"0","right":"0","bottom":"0","left":"0","isLinked":true},"text_padding":{"unit":"px","top":"20","right":"40","bottom":"20","left":"40","isLinked":false},"section_hover":"","hover_color":"#ffffff","button_background_hover_color":"#ff0091","_section_style":"","_padding_tablet":{"unit":"px","top":"0","right":"0","bottom":"0","left":"0","isLinked":true},"_padding_mobile":{"unit":"px","top":"30","right":"0","bottom":"0","left":"0","isLinked":false},"_section_background":"","_box_shadow_box_shadow":{"horizontal":0,"vertical":0,"blur":10,"spread":0,"inset":"","color":"rgba(0,0,0,0.5)"},"_section_responsive":"","responsive_description":"","section_custom_css":"","custom_css_description":"","section_custom_css_pro":"","custom_css_pro":""},"elements":[],"isInner":false,"widgetType":"button","elType":"widget"}],"isInner":false,"elType":"column"}],"isInner":false,"elType":"section"},{"id":"724f2740","settings":{"section_layout":"","layout":"full_width","height":"min-height","custom_height":{"unit":"px","size":"800"},"column_position":"stretch","content_position":"middle","structure":"20","section_background":"","background_background":"none","background_size":"cover","background_overlay_section":"","section_border":"","box_shadow_box_shadow":{"horizontal":0,"vertical":0,"blur":10,"spread":0,"inset":"","color":"rgba(0,0,0,0.5)"},"section_typo":"","section_advanced":"","padding_mobile":{"unit":"%","top":"0","right":"0","bottom":"0","left":"0","isLinked":false},"_section_responsive":"","heading_visibility":"","responsive_description":"","section_custom_css":"","custom_css_description":"","section_custom_css_pro":"","custom_css_pro":""},"elements":[{"id":"3e34bbe","settings":{"_column_size":50,"_inline_size":null,"section_style":"","background_background":"classic","background_image":{"id":880,"url":"http:\/\/localhost\/test\/wp-content\/uploads\/2018\/09\/13-2.jpg"},"background_size":"cover","box_shadow_box_shadow":{"horizontal":0,"vertical":0,"blur":10,"spread":0,"inset":"","color":"rgba(0,0,0,0.5)"},"section_typo":"","section_advanced":"","section_responsive":"","screen_sm":"default","screen_sm_width":"100","screen_xs":"default","screen_xs_width":"100","section_custom_css":"","custom_css_description":"","section_custom_css_pro":"","custom_css_pro":"","section_background_overlay":""},"elements":[{"id":"50477193","settings":{"section_spacer":"","space_tablet":{"unit":"px","size":50},"space_mobile":{"unit":"px","size":213},"_section_style":"","_section_background":"","_box_shadow_box_shadow":{"horizontal":0,"vertical":0,"blur":10,"spread":0,"inset":"","color":"rgba(0,0,0,0.5)"},"_section_responsive":"","responsive_description":"","section_custom_css":"","custom_css_description":"","section_custom_css_pro":"","custom_css_pro":""},"elements":[],"isInner":false,"widgetType":"spacer","elType":"widget"}],"isInner":false,"elType":"column"},{"id":"64fd4f48","settings":{"_column_size":50,"_inline_size":null,"section_style":"","background_background":"classic","background_color":"#ff0091","box_shadow_box_shadow":{"horizontal":0,"vertical":0,"blur":10,"spread":0,"inset":"","color":"rgba(0,0,0,0.5)"},"section_typo":"","section_advanced":"","padding":{"unit":"%","top":"15","right":"15","bottom":"15","left":"15","isLinked":true},"padding_tablet":{"unit":"%","top":"20","right":"10","bottom":"20","left":"10","isLinked":false},"padding_mobile":{"unit":"%","top":"20","right":"0","bottom":"20","left":"0","isLinked":false},"section_responsive":"","screen_sm":"default","screen_sm_width":"100","screen_xs":"default","screen_xs_width":"100","section_custom_css":"","custom_css_description":"","section_custom_css_pro":"","custom_css_pro":"","section_background_overlay":""},"elements":[{"id":"189411f9","settings":{"section_title":"","title":"We always make sure\nto provide you with goodies","link":{"is_external":"","url":""},"align":"center","section_title_style":"","title_color":"#ffffff","typography_typography":"custom","typography_font_size":{"unit":"px","size":"55"},"typography_font_size_tablet":{"unit":"px","size":"25"},"typography_font_family":"Playfair Display","typography_font_weight":"bold","typography_line_height":{"unit":"em","size":"1.2"},"_section_style":"","_section_background":"","_box_shadow_box_shadow":{"horizontal":0,"vertical":0,"blur":10,"spread":0,"inset":"","color":"rgba(0,0,0,0.5)"},"_section_responsive":"","responsive_description":"","section_custom_css":"","custom_css_description":"","section_custom_css_pro":"","custom_css_pro":""},"elements":[],"isInner":false,"widgetType":"heading","elType":"widget"},{"id":"78f99538","settings":{"section_title":"","title":"Don\u2019t miss a thing! Subscribe to our newsletter ","link":{"is_external":"","url":""},"header_size":"h5","align":"center","section_title_style":"","title_color":"#ffffff","typography_typography":"custom","typography_font_size":{"unit":"px","size":"22"},"typography_font_size_tablet":{"unit":"px","size":"11"},"typography_font_family":"Roboto Condensed","typography_font_weight":"500","typography_text_transform":"uppercase","typography_letter_spacing":{"unit":"px","size":0.8},"_section_style":"","_padding":{"unit":"px","top":"30","right":"0","bottom":"30","left":"0","isLinked":false},"_padding_tablet":{"unit":"%","top":"5","right":"0","bottom":"5","left":"0","isLinked":false},"_padding_mobile":{"unit":"%","top":"0","right":"0","bottom":"5","left":"0","isLinked":false},"_section_background":"","_box_shadow_box_shadow":{"horizontal":0,"vertical":0,"blur":10,"spread":0,"inset":"","color":"rgba(0,0,0,0.5)"},"_section_responsive":"","responsive_description":"","section_custom_css":"","custom_css_description":"","section_custom_css_pro":"","custom_css_pro":""},"elements":[],"isInner":false,"widgetType":"heading","elType":"widget"},{"id":"5958a7e2","settings":{"section_form_fields":"","form_name":"New Form","form_fields":[{"field_type":"email","field_label":"Enter your email","placeholder":"Enter your email","width":"66","_id":"bogu8mm","required":"","field_options":"","inline_list":"","rows":4,"recaptcha_size":"normal","recaptcha_style":"light","css_classes":"","width_tablet":"","width_mobile":"","field_value":"","file_sizes":"","file_types":"","allow_multiple_upload":"","max_files":"","acceptance_text":"","checked_by_default":"","field_min":"","field_max":"","min_date":"","max_date":"","use_native_date":"","use_native_time":"","allow_multiple":"","select_size":"","field_html":""}],"input_size":"md","show_labels":"","section_submit_button":"","button_text":"send","button_size":"md","button_width":"33","button_align_tablet":"stretch","button_align_mobile":"stretch","section_form_options":"","success_message":"The message was sent successfully!","error_message":"There's something wrong... Please fill in the required fields.","required_field_message":"Required","invalid_message":"There's something wrong... The form is invalid.","section_form_style":"","column_gap":{"unit":"px","size":0},"heading_label":"","section_field_style":"","field_text_color":"#ffffff","field_typography_typography":"custom","field_typography_font_family":"Roboto Condensed","field_typography_text_transform":"uppercase","field_typography_letter_spacing":{"unit":"px","size":0.6},"field_background_color":"rgba(255,255,255,0.3)","field_border_color":"#ffffff","field_border_width":{"unit":"px","top":"0","right":"0","bottom":"0","left":"0","isLinked":true},"field_border_radius":{"unit":"px","top":"0","right":"0","bottom":"0","left":"0","isLinked":true},"section_button_style":"","tabs_button_style":"","tab_button_normal":"","button_typography_typography":"custom","button_typography_font_family":"Roboto Condensed","button_typography_font_weight":"bold","button_typography_text_transform":"uppercase","button_typography_letter_spacing":{"unit":"px","size":2.7},"button_background_color":"#000000","button_border_radius":{"unit":"px","top":"0","right":"0","bottom":"0","left":"0","isLinked":true},"tab_button_hover":"","_section_style":"","_padding_mobile":{"unit":"%","top":"0","right":"5","bottom":"0","left":"5","isLinked":false},"_section_background":"","_box_shadow_box_shadow":{"horizontal":0,"vertical":0,"blur":10,"spread":0,"inset":"","color":"rgba(0,0,0,0.5)"},"_section_responsive":"","responsive_description":"","section_custom_css":"","custom_css_description":"","section_custom_css_pro":"","custom_css_pro":"","send_html":"","email_content":"[all-fields]","email_content_2":"[all-fields]"},"elements":[],"isInner":false,"widgetType":"form","elType":"widget"},{"id":"7aaaafcd","settings":{"section_title":"","title":"follow us","link":{"is_external":"","url":""},"header_size":"h3","align":"center","section_title_style":"","title_color":"#ffffff","typography_typography":"custom","typography_font_size":{"unit":"px","size":"30"},"typography_font_size_tablet":{"unit":"px","size":"15"},"typography_font_family":"Playfair Display","typography_font_weight":"bold","typography_text_transform":"uppercase","typography_letter_spacing":{"unit":"px","size":1.1},"_section_style":"","_padding":{"unit":"px","top":"90","right":"0","bottom":"0","left":"0","isLinked":false},"_padding_tablet":{"unit":"%","top":"20","right":"0","bottom":"0","left":"0","isLinked":false},"_section_background":"","_box_shadow_box_shadow":{"horizontal":0,"vertical":0,"blur":10,"spread":0,"inset":"","color":"rgba(0,0,0,0.5)"},"_section_responsive":"","responsive_description":"","section_custom_css":"","custom_css_description":"","section_custom_css_pro":"","custom_css_pro":""},"elements":[],"isInner":false,"widgetType":"heading","elType":"widget"},{"id":"1bab6ecb","settings":{"section_social_icon":"","social_icon_list":[{"social":"fa fa-facebook","_id":"13v09lr","link":{"url":"","is_external":"true","nofollow":""}},{"social":"fa fa-twitter","_id":"bdbnm95","link":{"url":"","is_external":"true","nofollow":""}},{"social":"fa fa-instagram","_id":"07mbyxk","link":{"url":"","is_external":"true","nofollow":""}},{"social":"fa fa-pinterest","_id":"xdiuldd","link":{"url":"","is_external":"true","nofollow":""}},{"social":"fa fa-tumblr","link":{"url":"","is_external":"true","nofollow":""},"_id":"v39dzfu"}],"align_tablet":"center","align_mobile":"center","section_social_style":"","icon_color":"custom","icon_primary_color":"rgba(255,255,255,0)","icon_secondary_color":"#000000","icon_size":{"unit":"px","size":"35"},"icon_spacing":{"unit":"px","size":0},"_section_style":"","_margin_tablet":{"unit":"%","top":"0","right":"10","bottom":"0","left":"10","isLinked":false},"_padding_tablet":{"unit":"%","top":"","right":"","bottom":"","left":"","isLinked":true},"_padding_mobile":{"unit":"%","top":"0","right":"8","bottom":"0","left":"8","isLinked":false},"_section_background":"","_box_shadow_box_shadow":{"horizontal":0,"vertical":0,"blur":10,"spread":0,"inset":"","color":"rgba(0,0,0,0.5)"},"_section_responsive":"","responsive_description":"","section_custom_css":"","custom_css_description":"","section_custom_css_pro":"","custom_css_pro":""},"elements":[],"isInner":false,"widgetType":"social-icons","elType":"widget"}],"isInner":false,"elType":"column"}],"isInner":false,"elType":"section"}]}