{"version":"0.4","title":"LandingPage-Coupon4-page","type":"page","content":[{"id":"86e15df","settings":{"content_width":{"unit":"px","size":"850"},"height":"min-height","content_position":"middle","structure":"20","background_background":"classic","background_image":{"id":999,"url":"http:\/\/localhost\/test\/wp-content\/uploads\/2018\/09\/https-images.unsplash.com-photo-1470274307695-febe05a6dd3d-ixlibrb-0.3.5q80fmjpgcropentropycstinysrgbsaec2fe915729277b5cc7d2f02e7bf40a.png"},"gap":"no","background_size":"cover","custom_height":{"unit":"vh","size":100},"padding_tablet":{"unit":"px","top":"0","right":"30","bottom":"0","left":"30","isLinked":false},"padding_mobile":{"unit":"px","top":"50","right":"30","bottom":"50","left":"30","isLinked":false}},"elements":[{"id":"1f139a4d","settings":{"_column_size":50,"_inline_size":"28.500","background_background":"classic","background_color":"#000000","content_position":"top"},"elements":[{"id":"4795cd0c","settings":{"image":{"id":998,"url":"http:\/\/localhost\/test\/wp-content\/uploads\/2018\/09\/Group-149.png"},"space":{"unit":"%","size":"55"},"_padding":{"unit":"px","top":"58","right":"0","bottom":"58","left":"0","isLinked":false},"_padding_mobile":{"unit":"px","top":"30","right":"0","bottom":"30","left":"0","isLinked":false}},"elements":[],"isInner":false,"widgetType":"image","elType":"widget"},{"id":"3587bd5a","settings":{"title":"Sale","title_color":"#ffffff","typography_typography":"custom","typography_font_family":"Roboto","align":"center","typography_font_size":{"unit":"px","size":"65"},"typography_text_transform":"uppercase","typography_letter_spacing":{"unit":"px","size":"3.6"},"_margin":{"unit":"px","top":"-17","right":"-17","bottom":"-17","left":"-17","isLinked":true},"_padding":{"unit":"px","top":"50","right":"50","bottom":"50","left":"50","isLinked":true},"_background_background":"classic","_background_color":"#f04670","_margin_mobile":{"unit":"px","top":"-17","right":"0","bottom":"-17","left":"0","isLinked":false},"_box_shadow_box_shadow_type":"yes","_box_shadow_box_shadow":{"horizontal":-6,"vertical":0,"blur":53,"spread":0,"inset":"","color":"rgba(0,0,0,0.5)"},"typography_font_size_tablet":{"unit":"px","size":50}},"elements":[],"isInner":false,"widgetType":"heading","elType":"widget"},{"id":"7809b88a","settings":{"title":"www.leshnik.com","title_color":"rgba(255,255,255,0.86)","typography_typography":"custom","typography_font_family":"Roboto","typography_font_size":{"unit":"px","size":"14"},"typography_font_weight":"300","typography_line_height":{"unit":"em","size":"1.2"},"align":"center","typography_letter_spacing":{"unit":"px","size":"1"},"_padding":{"unit":"px","top":"110","right":"0","bottom":"0","left":"0","isLinked":false},"_padding_tablet":{"unit":"px","top":"60","right":"0","bottom":"0","left":"0","isLinked":false},"_padding_mobile":{"unit":"px","top":"10","right":"0","bottom":"10","left":"0","isLinked":false}},"elements":[],"isInner":false,"widgetType":"heading","elType":"widget"}],"isInner":false,"elType":"column"},{"id":"7bc98d0b","settings":{"_column_size":50,"_inline_size":"71.500","background_background":"classic","background_color":"#ffffff","padding":{"unit":"px","top":"60","right":"60","bottom":"60","left":"90","isLinked":false},"padding_tablet":{"unit":"px","top":"50","right":"30","bottom":"50","left":"50","isLinked":false},"padding_mobile":{"unit":"px","top":"30","right":"25","bottom":"30","left":"25","isLinked":false}},"elements":[{"id":"5bf3ba0e","settings":{"title":"Get ready to rumble<br>\nwith this year's MEGA sale","title_color":"#444444","typography_typography":"custom","typography_font_family":"Roboto","typography_font_size":{"unit":"px","size":"31"},"typography_font_weight":"600","typography_line_height":{"unit":"em","size":"1.2"},"typography_letter_spacing":{"unit":"px","size":"0.5"},"align_mobile":"center","typography_font_size_tablet":{"unit":"px","size":"30"},"typography_font_size_mobile":{"unit":"px","size":"24"}},"elements":[],"isInner":false,"widgetType":"heading","elType":"widget"},{"id":"28f31c45","settings":{"icon_list":[{"text":"Top brand shops. From Gap to Prada, we have your back.","icon":"fa fa-circle","_id":"5o5125f","link":{"url":"","is_external":"","nofollow":""}},{"text":"Double discounts on all items, including wedding dresses","icon":"fa fa-circle","_id":"ghtfl4k","link":{"url":"","is_external":"","nofollow":""}},{"text":"Sit back, get free coffee, do some shopping with a friend","icon":"fa fa-circle","_id":"v26ml6k","link":{"url":"","is_external":"","nofollow":""}}],"space_between":{"unit":"px","size":7},"icon_color":"#444444","icon_size":{"unit":"px","size":"10"},"text_indent":{"unit":"px","size":9},"icon_typography_typography":"custom","icon_typography_font_size":{"unit":"px","size":"16"},"icon_typography_font_family":"Roboto","icon_typography_font_weight":"300","_padding":{"unit":"px","top":"15","right":"0","bottom":"15","left":"0","isLinked":false},"icon_typography_font_size_tablet":{"unit":"px","size":"15"},"_padding_mobile":{"unit":"px","top":"0","right":"0","bottom":"0","left":"0","isLinked":true}},"elements":[],"isInner":false,"widgetType":"icon-list","elType":"widget"},{"id":"1923dfc7","settings":{"title":"Offer ends October 25, 2018","title_color":"#444444","typography_typography":"custom","typography_font_family":"Roboto","typography_font_size":{"unit":"px","size":"16"},"typography_font_weight":"600","typography_line_height":{"unit":"em","size":"1.2"},"_padding":{"unit":"px","top":"0","right":"0","bottom":"20","left":"0","isLinked":false},"align_mobile":"center"},"elements":[],"isInner":false,"widgetType":"heading","elType":"widget"},{"id":"644dcd07","settings":{"form_name":"New Form","form_fields":[{"field_type":"email","required":true,"field_label":"Email","placeholder":"Email","width":"60","_id":"bq7pgtj","field_options":"","inline_list":"","width_tablet":"","width_mobile":"","rows":4,"recaptcha_size":"normal","recaptcha_style":"light","css_classes":"","form_fields_tabs":"","form_fields_content_tab":"","form_fields_advanced_tab":"","shortcode":"","field_value":"","file_sizes":"","file_types":"","allow_multiple_upload":"","max_files":"","acceptance_text":"","checked_by_default":"","field_min":"","field_max":"","min_date":"","max_date":"","use_native_date":"","use_native_time":"","allow_multiple":"","select_size":"","field_html":""}],"input_size":"md","show_labels":"","button_text":"Get coupon code","button_size":"md","button_width":"40","success_message":"The message was sent successfully!","error_message":"There's something wrong... Please fill in the required fields.","required_field_message":"Required","invalid_message":"There's something wrong... The form is invalid.","column_gap":{"unit":"px","size":0},"field_text_color":"#444444","field_typography_typography":"custom","field_typography_font_size":{"unit":"px","size":"15"},"field_typography_font_family":"Roboto","field_background_color":"#f4f4f4","field_border_width":{"unit":"px","top":"0","right":"0","bottom":"0","left":"0","isLinked":true},"field_border_radius":{"unit":"px","top":"0","right":"0","bottom":"0","left":"0","isLinked":true},"button_typography_typography":"custom","button_typography_font_size":{"unit":"px","size":"15"},"button_typography_font_family":"Roboto","button_typography_letter_spacing":{"unit":"px","size":"1.2"},"button_background_color":"#f04670","button_border_radius":{"unit":"px","top":"0","right":"0","bottom":"0","left":"0","isLinked":true},"button_text_padding":{"unit":"px","top":"0","right":"0","bottom":"0","left":"0","isLinked":true},"submit_actions":[],"field_typography_font_size_tablet":{"unit":"px","size":"14"},"button_typography_font_size_tablet":{"unit":"px","size":"14"},"button_typography_letter_spacing_tablet":{"unit":"px","size":"0.9"},"email_content":"[all-fields]","email_content_2":"[all-fields]"},"elements":[],"isInner":false,"widgetType":"form","elType":"widget"}],"isInner":false,"elType":"column"}],"isInner":false,"elType":"section"}]}