{"version":"0.4","title":"LandingPage-Tourism3-page","type":"page","content":[{"id":"36e20054","settings":{"gap":"no","custom_height":{"unit":"vh","size":0},"structure":"20","background_background":"classic","background_image":{"id":895,"url":"http:\/\/localhost\/test\/wp-content\/uploads\/2018\/09\/d-1-1.png"},"background_size":"cover","padding_tablet":{"unit":"px","top":"0","right":"25","bottom":"0","left":"25","isLinked":false}},"elements":[{"id":"6bc52fbe","settings":{"_column_size":50,"_inline_size":"42.544","background_background":"classic","background_color":"#ffffff","margin":{"unit":"px","top":"0","right":"70","bottom":"220","left":"0","isLinked":false},"margin_tablet":{"unit":"px","top":"0","right":"20","bottom":"50","left":"0","isLinked":false},"padding_tablet":{"unit":"px","top":"30","right":"20","bottom":"30","left":"20","isLinked":false},"margin_mobile":{"unit":"px","top":"0","right":"0","bottom":"50","left":"0","isLinked":false}},"elements":[{"id":"74b4c0b3","settings":{"title":"Your next vacation<br>\nis waiting for you!","align":"center","title_color":"#3a3a3a","typography_typography":"custom","typography_font_family":"Poppins","typography_line_height":{"unit":"em","size":1.2},"_margin":{"unit":"px","top":"0","right":"0","bottom":"0","left":"0","isLinked":true},"_padding":{"unit":"px","top":"30","right":"0","bottom":"10","left":"0","isLinked":false},"_background_background":"classic","typography_font_weight":"600","typography_font_size_tablet":{"unit":"px","size":"20"},"_padding_tablet":{"unit":"px","top":"0","right":"0","bottom":"0","left":"0","isLinked":true},"header_size":"h1","typography_font_size_mobile":{"unit":"px","size":"24"}},"elements":[],"isInner":false,"widgetType":"heading","elType":"widget"},{"id":"3ae3c846","settings":{"form_name":"New Form","form_fields":[{"field_type":"text","field_label":"Name","placeholder":"Name","width":"100","_id":"cf3ry8k","required":"","field_options":"","inline_list":"","width_tablet":"","width_mobile":"","rows":4,"recaptcha_size":"normal","recaptcha_style":"light","css_classes":"","form_fields_tabs":"","form_fields_content_tab":"","form_fields_advanced_tab":"","shortcode":"","field_value":"","file_sizes":"","file_types":"","allow_multiple_upload":"","max_files":"","acceptance_text":"","checked_by_default":"","field_min":"","field_max":"","min_date":"","max_date":"","use_native_date":"","use_native_time":"","allow_multiple":"","select_size":"","field_html":""},{"field_type":"email","required":true,"field_label":"Email","placeholder":"Email","width":"100","_id":"ztoj10u","field_options":"","inline_list":"","width_tablet":"","width_mobile":"","rows":4,"recaptcha_size":"normal","recaptcha_style":"light","css_classes":"","form_fields_tabs":"","form_fields_content_tab":"","form_fields_advanced_tab":"","shortcode":"","field_value":"","file_sizes":"","file_types":"","allow_multiple_upload":"","max_files":"","acceptance_text":"","checked_by_default":"","field_min":"","field_max":"","min_date":"","max_date":"","use_native_date":"","use_native_time":"","allow_multiple":"","select_size":"","field_html":""},{"field_type":"text","field_label":"Phone","placeholder":"Phone","width":"100","_id":"dvrkn7w","required":"","field_options":"","inline_list":"","width_tablet":"","width_mobile":"","rows":4,"recaptcha_size":"normal","recaptcha_style":"light","css_classes":"","form_fields_tabs":"","form_fields_content_tab":"","form_fields_advanced_tab":"","shortcode":"","field_value":"","file_sizes":"","file_types":"","allow_multiple_upload":"","max_files":"","acceptance_text":"","checked_by_default":"","field_min":"","field_max":"","min_date":"","max_date":"","use_native_date":"","use_native_time":"","allow_multiple":"","select_size":"","field_html":""},{"field_type":"number","field_label":"How many persons?","placeholder":"How many persons?","width":"100","_id":"gfcufwj","required":"","field_options":"","inline_list":"","width_tablet":"","width_mobile":"","rows":4,"recaptcha_size":"normal","recaptcha_style":"light","css_classes":"","form_fields_tabs":"","form_fields_content_tab":"","form_fields_advanced_tab":"","shortcode":"","field_value":"","file_sizes":"","file_types":"","allow_multiple_upload":"","max_files":"","acceptance_text":"","checked_by_default":"","field_min":"","field_max":"","min_date":"","max_date":"","use_native_date":"","use_native_time":"","allow_multiple":"","select_size":"","field_html":""}],"show_labels":"","button_text":"Bring On Deals","success_message":"The message was sent successfully!","error_message":"There's something wrong... Please fill in the required fields.","required_field_message":"Required","invalid_message":"There's something wrong... The form is invalid.","field_text_color":"#3a3a3a","button_background_color":"#7ed321","_margin":{"unit":"px","top":"0","right":"0","bottom":"0","left":"0","isLinked":false},"_padding":{"unit":"px","top":"0","right":"30","bottom":"30","left":"30","isLinked":false},"_background_background":"classic","row_gap":{"unit":"px","size":16},"field_typography_typography":"custom","field_typography_font_size":{"unit":"px","size":"15"},"field_typography_line_height":{"unit":"em","size":"2.5"},"field_background_color":"#e8e7e7","field_border_width":{"unit":"px","top":"0","right":"0","bottom":"0","left":"0","isLinked":true},"field_border_radius":{"unit":"px","top":"8","right":"8","bottom":"8","left":"8","isLinked":true},"button_typography_typography":"custom","button_typography_font_size":{"unit":"px","size":"19"},"button_typography_font_weight":"600","button_typography_text_transform":"capitalize","button_typography_line_height":{"unit":"em","size":"1.6"},"button_typography_letter_spacing":{"unit":"px","size":"2"},"button_border_radius":{"unit":"px","top":"8","right":"8","bottom":"8","left":"8","isLinked":true},"field_typography_font_size_tablet":{"unit":"px","size":"12"},"button_typography_font_size_tablet":{"unit":"px","size":"16"},"_padding_tablet":{"unit":"px","top":"0","right":"0","bottom":"0","left":"0","isLinked":true},"button_border_border":"solid","button_border_width":{"unit":"px","top":"2","right":"2","bottom":"2","left":"2","isLinked":true},"button_border_color":"#7ed321","button_hover_color":"#7ed321","button_background_hover_color":"rgba(0,0,0,0)","button_hover_border_color":"#7ed321","email_content":"[all-fields]","email_content_2":"[all-fields]"},"elements":[],"isInner":false,"widgetType":"form","elType":"widget"}],"isInner":false,"elType":"column"},{"id":"3f074e78","settings":{"_column_size":50,"_inline_size":"57.457","content_position":"bottom","margin_mobile":{"unit":"px","top":"-30","right":"0","bottom":"0","left":"0","isLinked":false},"screen_sm":"custom","padding_mobile":{"unit":"px","top":"0","right":"0","bottom":"0","left":"0","isLinked":true}},"elements":[{"id":"67b7d231","settings":{"image":{"id":894,"url":"http:\/\/localhost\/test\/wp-content\/uploads\/2018\/09\/3-2-4.png"},"_margin":{"unit":"px","top":"80","right":"0","bottom":"0","left":"40","isLinked":false},"_margin_tablet":{"unit":"px","top":"0","right":"0","bottom":"0","left":"20","isLinked":false},"_margin_mobile":{"unit":"px","top":"0","right":"0","bottom":"0","left":"0","isLinked":false}},"elements":[],"isInner":false,"widgetType":"image","elType":"widget"}],"isInner":false,"elType":"column"}],"isInner":false,"elType":"section"},{"id":"20fa17f5","settings":{"gap":"no","content_position":"middle","structure":"20","padding":{"unit":"px","top":"100","right":"0","bottom":"100","left":"0","isLinked":false},"padding_tablet":{"unit":"px","top":"80","right":"25","bottom":"80","left":"25","isLinked":false},"padding_mobile":{"unit":"px","top":"50","right":"25","bottom":"25","left":"25","isLinked":false},"reverse_order_mobile":"reverse-mobile"},"elements":[{"id":"308788c0","settings":{"_column_size":50,"_inline_size":"32.018","content_position":"top","padding_mobile":{"unit":"px","top":"80","right":"0","bottom":"40","left":"0","isLinked":false}},"elements":[{"id":"7b3d14a9","settings":{"image":{"id":896,"url":"http:\/\/localhost\/test\/wp-content\/uploads\/2018\/09\/462123_Stockyimages_hot_air_balloon1_-m.png"},"space":{"unit":"%","size":"80"},"align_tablet":"left"},"elements":[],"isInner":false,"widgetType":"image","elType":"widget"}],"isInner":false,"elType":"column"},{"id":"3b9e2aee","settings":{"_column_size":50,"_inline_size":"67.982","margin_mobile":{"unit":"px","top":"0","right":"0","bottom":"0","left":"0","isLinked":true},"padding_mobile":{"unit":"px","top":"0","right":"0","bottom":"0","left":"0","isLinked":true},"screen_sm_width":"50"},"elements":[{"id":"7908ba1c","settings":{"gap":"no","structure":"20","margin":{"unit":"%","top":"","right":0,"bottom":"","left":0,"isLinked":true},"padding":{"unit":"%","top":"0","right":"0","bottom":"0","left":"10","isLinked":false},"padding_tablet":{"unit":"px","top":"0","right":"0","bottom":"0","left":"0","isLinked":true},"padding_mobile":{"unit":"px","top":"0","right":"0","bottom":"0","left":"0","isLinked":true}},"elements":[{"id":"2eb8ceda","settings":{"_column_size":50,"_inline_size":null,"margin":{"unit":"%","top":"0","right":"3","bottom":"0","left":"0","isLinked":false},"padding_tablet":{"unit":"px","top":"0","right":"21","bottom":"0","left":"0","isLinked":false},"margin_mobile":{"unit":"px","top":"0","right":"0","bottom":"0","left":"0","isLinked":true},"screen_sm":"custom","screen_sm_width":"50"},"elements":[{"id":"36ba273a","settings":{"view":"stacked","icon":"fa fa-plane","title_text":"Affordable airfare","description_text":"Pellentesque imperdiet ultricies interdum. Etiam metus tortor","position":"left","primary_color":"#7ed321","icon_space":{"unit":"px","size":"20"},"icon_size":{"unit":"px","size":"30"},"border_radius":{"unit":"px","top":"8","right":"8","bottom":"8","left":"8","isLinked":true},"text_align":"left","title_bottom_space":{"unit":"px","size":"6"},"title_color":"#3a3a3a","title_typography_typography":"custom","title_typography_font_size":{"unit":"px","size":"21"},"title_typography_font_family":"Poppins","description_color":"#636363","description_typography_typography":"custom","description_typography_font_size":{"unit":"px","size":"15"},"description_typography_font_family":"Poppins","description_typography_font_weight":"300","description_typography_line_height":{"unit":"em","size":"1.7"},"title_typography_font_size_tablet":{"unit":"px","size":"19"},"description_typography_font_size_tablet":{"unit":"px","size":"12"},"hover_primary_color":"#ffffff","hover_secondary_color":"#7ed321","text_align_mobile":"center","title_typography_font_size_mobile":{"unit":"px","size":"13"}},"elements":[],"isInner":false,"widgetType":"icon-box","elType":"widget"},{"id":"3bc4b1cd","settings":{"view":"stacked","icon":"fa fa-camera-retro","title_text":"1M+ properties","description_text":"Pellentesque imperdiet ultricies interdum. Etiam metus tortor","position":"left","primary_color":"#7ed321","icon_space":{"unit":"px","size":"20"},"icon_size":{"unit":"px","size":"30"},"border_radius":{"unit":"px","top":"8","right":"8","bottom":"8","left":"8","isLinked":true},"text_align":"left","title_bottom_space":{"unit":"px","size":"6"},"title_color":"#3a3a3a","title_typography_typography":"custom","title_typography_font_size":{"unit":"px","size":"21"},"title_typography_font_family":"Poppins","description_color":"#636363","description_typography_typography":"custom","description_typography_font_size":{"unit":"px","size":"15"},"description_typography_font_family":"Poppins","description_typography_font_weight":"300","description_typography_line_height":{"unit":"em","size":"1.7"},"_padding":{"unit":"px","top":"80","right":"0","bottom":"0","left":"0","isLinked":false},"title_typography_font_size_tablet":{"unit":"px","size":"18"},"description_typography_font_size_tablet":{"unit":"px","size":"12"},"_padding_tablet":{"unit":"px","top":"20","right":"0","bottom":"0","left":"0","isLinked":false},"hover_primary_color":"#ffffff","hover_secondary_color":"#7ed321","text_align_mobile":"center","title_typography_font_size_mobile":{"unit":"px","size":"13"},"_margin_mobile":{"unit":"px","top":"0","right":"0","bottom":"0","left":"0","isLinked":true}},"elements":[],"isInner":false,"widgetType":"icon-box","elType":"widget"}],"isInner":true,"elType":"column"},{"id":"a35beac","settings":{"_column_size":50,"_inline_size":null,"margin":{"unit":"%","top":"0","right":"0","bottom":"0","left":"3","isLinked":false},"padding_tablet":{"unit":"px","top":"0","right":"0","bottom":"0","left":"10","isLinked":false},"margin_mobile":{"unit":"px","top":"0","right":"0","bottom":"0","left":"21","isLinked":false},"padding_mobile":{"unit":"px","top":"0","right":"0","bottom":"0","left":"0","isLinked":true},"screen_sm":"custom","screen_sm_width":"50"},"elements":[{"id":"47bcc52f","settings":{"view":"stacked","icon":"fa fa-car","title_text":"Flexible car rental","description_text":"Pellentesque imperdiet ultricies interdum. Etiam metus tortor","position":"left","primary_color":"#7ed321","icon_space":{"unit":"px","size":"20"},"icon_size":{"unit":"px","size":"30"},"border_radius":{"unit":"px","top":"8","right":"8","bottom":"8","left":"8","isLinked":true},"text_align":"left","title_bottom_space":{"unit":"px","size":"6"},"title_color":"#3a3a3a","title_typography_typography":"custom","title_typography_font_size":{"unit":"px","size":"21"},"title_typography_font_family":"Poppins","description_color":"#636363","description_typography_typography":"custom","description_typography_font_size":{"unit":"px","size":"15"},"description_typography_font_family":"Poppins","description_typography_font_weight":"300","description_typography_line_height":{"unit":"em","size":"1.7"},"title_typography_font_size_tablet":{"unit":"px","size":"18"},"description_typography_font_size_tablet":{"unit":"px","size":"12"},"hover_primary_color":"#ffffff","hover_secondary_color":"#7ed321","text_align_mobile":"center","title_typography_font_size_mobile":{"unit":"px","size":"13"},"_margin_mobile":{"unit":"px","top":"0","right":"0","bottom":"0","left":"0","isLinked":true},"_padding_mobile":{"unit":"px","top":"0","right":"0","bottom":"0","left":"0","isLinked":true}},"elements":[],"isInner":false,"widgetType":"icon-box","elType":"widget"},{"id":"72dc9189","settings":{"view":"stacked","icon":"fa fa-bath","title_text":"Best deatinations","description_text":"Pellentesque imperdiet ultricies interdum. Etiam metus tortor","position":"left","primary_color":"#7ed321","icon_space":{"unit":"px","size":"20"},"icon_size":{"unit":"px","size":"30"},"border_radius":{"unit":"px","top":"8","right":"8","bottom":"8","left":"8","isLinked":true},"text_align":"left","title_bottom_space":{"unit":"px","size":"6"},"title_color":"#3a3a3a","title_typography_typography":"custom","title_typography_font_size":{"unit":"px","size":"21"},"title_typography_font_family":"Poppins","description_color":"#636363","description_typography_typography":"custom","description_typography_font_size":{"unit":"px","size":"15"},"description_typography_font_family":"Poppins","description_typography_font_weight":"300","description_typography_line_height":{"unit":"em","size":"1.7"},"_padding":{"unit":"px","top":"80","right":"0","bottom":"0","left":"0","isLinked":false},"title_typography_font_size_tablet":{"unit":"px","size":"18"},"description_typography_font_size_tablet":{"unit":"px","size":"12"},"_padding_tablet":{"unit":"px","top":"20","right":"0","bottom":"0","left":"0","isLinked":false},"hover_primary_color":"#ffffff","hover_secondary_color":"#7ed321","text_align_mobile":"center","title_bottom_space_mobile":{"unit":"px","size":"0"},"title_typography_font_size_mobile":{"unit":"px","size":"13"}},"elements":[],"isInner":false,"widgetType":"icon-box","elType":"widget"}],"isInner":true,"elType":"column"}],"isInner":true,"elType":"section"}],"isInner":false,"elType":"column"}],"isInner":false,"elType":"section"},{"id":"62aef4e7","settings":{"background_background":"classic","background_color":"#e8e7e7","padding":{"unit":"px","top":"80","right":"0","bottom":"0","left":"0","isLinked":false},"padding_tablet":{"unit":"px","top":"60","right":"0","bottom":"40","left":"0","isLinked":false},"padding_mobile":{"unit":"px","top":"50","right":"20","bottom":"20","left":"20","isLinked":false}},"elements":[{"id":"2617a8ea","settings":{"_column_size":100,"_inline_size":null},"elements":[{"id":"5b89eca3","settings":{"title":"Best deals of the week","align":"center","title_color":"#3a3a3a","typography_typography":"custom","typography_font_family":"Poppins","typography_line_height":{"unit":"em","size":1.2},"_margin":{"unit":"%","top":"","right":"","bottom":"","left":"","isLinked":true},"_padding":{"unit":"%","top":"","right":"","bottom":"","left":"","isLinked":true},"_background_background":"classic","typography_font_weight":"600","typography_font_size_tablet":{"unit":"px","size":"30"},"typography_font_size_mobile":{"unit":"px","size":"24"},"typography_text_transform":"capitalize"},"elements":[],"isInner":false,"widgetType":"heading","elType":"widget"},{"id":"35f6f5af","settings":{"weight":{"unit":"px","size":"5"},"color":"#7ed321","width":{"unit":"%","size":"6"},"align":"center","gap":{"unit":"px","size":2}},"elements":[],"isInner":false,"widgetType":"divider","elType":"widget"}],"isInner":false,"elType":"column"}],"isInner":false,"elType":"section"},{"id":"5b75a907","settings":{"gap":"no","structure":"30","background_background":"classic","background_color":"#e8e7e7","padding":{"unit":"px","top":"30","right":"0","bottom":"0","left":"0","isLinked":false},"padding_tablet":{"unit":"px","top":"20","right":"20","bottom":"20","left":"20","isLinked":true},"padding_mobile":{"unit":"px","top":"0","right":"25","bottom":"25","left":"25","isLinked":false}},"elements":[{"id":"5e576e2d","settings":{"_column_size":33,"_inline_size":null,"margin":{"unit":"%","top":"0","right":"10","bottom":"0","left":"0","isLinked":false},"margin_tablet":{"unit":"%","top":"0","right":"4","bottom":"0","left":"0","isLinked":false},"margin_mobile":{"unit":"px","top":"0","right":"0","bottom":"0","left":"0","isLinked":true}},"elements":[{"id":"32989adb","settings":{"gap":"no","content_position":"middle","structure":"20","background_background":"classic","background_color":"#ffffff","margin":{"unit":"px","top":"","right":0,"bottom":"","left":0,"isLinked":true},"padding":{"unit":"px","top":"20","right":"20","bottom":"20","left":"20","isLinked":true},"padding_tablet":{"unit":"px","top":"20","right":"20","bottom":"20","left":"20","isLinked":true}},"elements":[{"id":"322ce575","settings":{"_column_size":50,"_inline_size":null,"screen_sm":"custom","screen_sm_width":"50"},"elements":[{"id":"6a64dea7","settings":{"title":"New York ","align":"left","title_color":"#3a3a3a","typography_typography":"custom","typography_font_family":"Poppins","typography_line_height":{"unit":"em","size":1.2},"_margin":{"unit":"%","top":"","right":"","bottom":"","left":"","isLinked":true},"_padding":{"unit":"%","top":"","right":"","bottom":"","left":"","isLinked":true},"_background_background":"classic","typography_font_weight":"600","typography_font_size":{"unit":"px","size":"19"},"typography_font_size_tablet":{"unit":"px","size":"14"},"_margin_tablet":{"unit":"px","top":"0","right":"0","bottom":"0","left":"0","isLinked":true},"_padding_tablet":{"unit":"px","top":"0","right":"0","bottom":"0","left":"0","isLinked":true},"header_size":"h4"},"elements":[],"isInner":false,"widgetType":"heading","elType":"widget"}],"isInner":true,"elType":"column"},{"id":"7fd99991","settings":{"_column_size":50,"_inline_size":null,"screen_sm":"custom","screen_sm_width":"50"},"elements":[{"id":"36ff428b","settings":{"title":"Only $750","align":"right","title_color":"#7ed321","typography_typography":"custom","typography_font_family":"Poppins","typography_line_height":{"unit":"em","size":1.2},"_margin":{"unit":"%","top":"","right":"","bottom":"","left":"","isLinked":true},"_padding":{"unit":"%","top":"","right":"","bottom":"","left":"","isLinked":true},"_background_background":"classic","typography_font_weight":"600","typography_font_size":{"unit":"px","size":"25"},"align_tablet":"right","typography_font_size_tablet":{"unit":"px","size":"17"},"typography_line_height_tablet":{"unit":"em","size":"1.2"},"_margin_tablet":{"unit":"px","top":"0","right":"0","bottom":"0","left":"0","isLinked":true},"_padding_tablet":{"unit":"px","top":"0","right":"0","bottom":"0","left":"0","isLinked":true},"header_size":"h4"},"elements":[],"isInner":false,"widgetType":"heading","elType":"widget"}],"isInner":true,"elType":"column"}],"isInner":true,"elType":"section"},{"id":"634a7d46","settings":{"icon":"","title_text_a":"","description_text_a":"","background_a_background":"classic","background_a_image":{"id":898,"url":"http:\/\/localhost\/test\/wp-content\/uploads\/2018\/09\/hfiheoejp9m-namphuong-van.png"},"title_text_b":"7\/10 - 12\/10","description_text_b":"Lorem ipsum dolor sit amet consectetur adipiscing elit ","button_text":"View details ","background_b_background":"classic","background_b_color":"#ffffff","background_b_color_b":"#0800f9","background_b_gradient_angle":{"unit":"deg","size":100},"flip_effect":"fade","title_color_a":"#7ed321","title_typography_a_typography":"custom","title_typography_a_font_size":{"unit":"px","size":"80"},"title_typography_a_font_family":"Poppins","title_typography_a_text_transform":"uppercase","title_color_b":"#ffffff","title_typography_b_typography":"custom","title_typography_b_font_family":"Poppins","description_color_b":"#ffffff","description_typography_b_typography":"custom","description_typography_b_font_size":{"unit":"px","size":"15"},"description_typography_b_font_weight":"300","button_typography_typography":"custom","button_typography_font_size":{"unit":"px","size":"14"},"button_typography_font_weight":"600","button_typography_text_transform":"capitalize","button_typography_letter_spacing":{"unit":"px","size":"2"},"button_background_color":"#7ed321","button_border_radius":{"unit":"px","size":"8"},"background_b_image":{"id":898,"url":"http:\/\/localhost\/test\/wp-content\/uploads\/2018\/09\/hfiheoejp9m-namphuong-van.png"},"background_overlay_b":"rgba(58,58,58,0.9)","height":{"unit":"px","size":261},"title_spacing_b":{"unit":"px","size":"20"},"title_typography_b_font_size":{"unit":"px","size":28},"description_spacing_b":{"unit":"px","size":"20"},"button_border_color":"#7ed321","button_border_width":{"unit":"px","size":"3"},"_margin":{"unit":"px","top":"0","right":"0","bottom":"0","left":"0","isLinked":false},"padding_b_tablet":{"unit":"px","top":"15","right":"15","bottom":"15","left":"15","isLinked":true},"title_typography_b_font_size_tablet":{"unit":"px","size":"20"},"description_typography_b_font_size_tablet":{"unit":"px","size":"14"},"button_typography_font_size_tablet":{"unit":"px","size":"14"},"button_typography_letter_spacing_tablet":{"unit":"px","size":"0.8"},"padding_b_mobile":{"unit":"px","top":"30","right":"30","bottom":"30","left":"30","isLinked":true},"button_hover_text_color":"#7ed321","button_hover_background_color":"rgba(0,0,0,0)","button_hover_border_color":"#7ed321","image":{"id":897,"url":"http:\/\/localhost\/test\/wp-content\/uploads\/2018\/09\/placeholder-1-1.png"}},"elements":[],"isInner":false,"widgetType":"flip-box","elType":"widget"}],"isInner":false,"elType":"column"},{"id":"55e07829","settings":{"_column_size":33,"_inline_size":null,"margin":{"unit":"%","top":"0","right":"5","bottom":"0","left":"5","isLinked":false},"margin_tablet":{"unit":"%","top":"0","right":"2","bottom":"0","left":"2","isLinked":false},"margin_mobile":{"unit":"px","top":"0","right":"0","bottom":"0","left":"0","isLinked":true},"padding_mobile":{"unit":"px","top":"20","right":"0","bottom":"20","left":"0","isLinked":false}},"elements":[{"id":"15c30d84","settings":{"gap":"no","content_position":"middle","structure":"20","background_background":"classic","background_color":"#ffffff","margin":{"unit":"px","top":"","right":0,"bottom":"","left":0,"isLinked":true},"padding":{"unit":"px","top":"20","right":"20","bottom":"20","left":"20","isLinked":true},"padding_tablet":{"unit":"px","top":"20","right":"20","bottom":"20","left":"20","isLinked":true}},"elements":[{"id":"6e12d8c9","settings":{"_column_size":50,"_inline_size":null,"screen_sm":"custom","screen_sm_width":"50"},"elements":[{"id":"2db23ea8","settings":{"title":"Italy","align":"left","title_color":"#3a3a3a","typography_typography":"custom","typography_font_family":"Poppins","typography_line_height":{"unit":"em","size":1.2},"_margin":{"unit":"%","top":"","right":"","bottom":"","left":"","isLinked":true},"_padding":{"unit":"%","top":"","right":"","bottom":"","left":"","isLinked":true},"_background_background":"classic","typography_font_weight":"600","typography_font_size":{"unit":"px","size":"19"},"align_tablet":"left","typography_font_size_tablet":{"unit":"px","size":"14"},"_padding_tablet":{"unit":"px","top":"0","right":"0","bottom":"0","left":"0","isLinked":true},"header_size":"h4"},"elements":[],"isInner":false,"widgetType":"heading","elType":"widget"}],"isInner":true,"elType":"column"},{"id":"300948a2","settings":{"_column_size":50,"_inline_size":null,"margin_mobile":{"unit":"px","top":"0","right":"0","bottom":"0","left":"0","isLinked":true},"padding_mobile":{"unit":"px","top":"0","right":"0","bottom":"0","left":"0","isLinked":true},"screen_sm":"custom","screen_sm_width":"50"},"elements":[{"id":"6a073244","settings":{"title":"Only $239","align":"right","title_color":"#7ed321","typography_typography":"custom","typography_font_family":"Poppins","typography_line_height":{"unit":"em","size":1.2},"_margin":{"unit":"%","top":"","right":"","bottom":"","left":"","isLinked":true},"_padding":{"unit":"%","top":"","right":"","bottom":"","left":"","isLinked":true},"_background_background":"classic","typography_font_weight":"600","typography_font_size":{"unit":"px","size":"25"},"align_tablet":"right","typography_font_size_tablet":{"unit":"px","size":"17"},"typography_line_height_tablet":{"unit":"em","size":"1.2"},"_padding_tablet":{"unit":"px","top":"0","right":"0","bottom":"0","left":"0","isLinked":true},"header_size":"h4"},"elements":[],"isInner":false,"widgetType":"heading","elType":"widget"}],"isInner":true,"elType":"column"}],"isInner":true,"elType":"section"},{"id":"3a82b6bd","settings":{"icon":"","title_text_a":"","description_text_a":"","background_a_background":"classic","background_a_image":{"id":899,"url":"http:\/\/localhost\/test\/wp-content\/uploads\/2018\/09\/https-visualhunt.comphoto16030tower-against-clouds-in-sky.png"},"title_text_b":"3\/10 - 7\/10","description_text_b":"Lorem ipsum dolor sit amet consectetur adipiscing elit ","button_text":"View details ","background_b_background":"classic","background_b_color":"#ffffff","background_b_color_b":"#0800f9","background_b_gradient_angle":{"unit":"deg","size":100},"flip_effect":"fade","title_color_a":"#7ed321","title_typography_a_typography":"custom","title_typography_a_font_size":{"unit":"px","size":"80"},"title_typography_a_font_family":"Poppins","title_typography_a_text_transform":"uppercase","title_color_b":"#ffffff","title_typography_b_typography":"custom","title_typography_b_font_family":"Poppins","description_color_b":"#ffffff","description_typography_b_typography":"custom","description_typography_b_font_size":{"unit":"px","size":"15"},"description_typography_b_font_weight":"300","button_typography_typography":"custom","button_typography_font_size":{"unit":"px","size":"14"},"button_typography_font_weight":"600","button_typography_text_transform":"capitalize","button_typography_letter_spacing":{"unit":"px","size":"2"},"button_background_color":"#7ed321","button_border_radius":{"unit":"px","size":"8"},"background_b_image":{"id":899,"url":"http:\/\/localhost\/test\/wp-content\/uploads\/2018\/09\/https-visualhunt.comphoto16030tower-against-clouds-in-sky.png"},"background_overlay_b":"rgba(58,58,58,0.9)","height":{"unit":"px","size":261},"title_spacing_b":{"unit":"px","size":"20"},"title_typography_b_font_size":{"unit":"px","size":28},"description_spacing_b":{"unit":"px","size":"20"},"button_border_color":"#7ed321","button_border_width":{"unit":"px","size":"3"},"_margin":{"unit":"px","top":"0","right":"0","bottom":"0","left":"0","isLinked":false},"padding_b_tablet":{"unit":"px","top":"15","right":"15","bottom":"15","left":"15","isLinked":true},"title_typography_b_font_size_tablet":{"unit":"px","size":"20"},"description_typography_b_font_size_tablet":{"unit":"px","size":"14"},"button_typography_font_size_tablet":{"unit":"px","size":"14"},"button_typography_letter_spacing_tablet":{"unit":"px","size":"0.8"},"button_hover_text_color":"#7ed321","button_hover_background_color":"rgba(0,0,0,0)","button_hover_border_color":"#7ed321","image":{"id":897,"url":"http:\/\/localhost\/test\/wp-content\/uploads\/2018\/09\/placeholder-1-1.png"}},"elements":[],"isInner":false,"widgetType":"flip-box","elType":"widget"}],"isInner":false,"elType":"column"},{"id":"7e0cff77","settings":{"_column_size":33,"_inline_size":null,"margin":{"unit":"%","top":"0","right":"0","bottom":"0","left":"10","isLinked":false},"margin_tablet":{"unit":"%","top":"0","right":"0","bottom":"0","left":"04","isLinked":false},"margin_mobile":{"unit":"px","top":"0","right":"0","bottom":"0","left":"0","isLinked":true},"padding_mobile":{"unit":"px","top":"0","right":"0","bottom":"0","left":"0","isLinked":true}},"elements":[{"id":"1257d380","settings":{"gap":"no","content_position":"middle","structure":"20","background_background":"classic","background_color":"#ffffff","margin":{"unit":"px","top":"","right":0,"bottom":"","left":0,"isLinked":true},"padding":{"unit":"px","top":"20","right":"20","bottom":"20","left":"20","isLinked":true},"padding_tablet":{"unit":"px","top":"20","right":"20","bottom":"20","left":"20","isLinked":true}},"elements":[{"id":"3c0c67c4","settings":{"_column_size":50,"_inline_size":null,"screen_sm":"custom","screen_sm_width":"50"},"elements":[{"id":"12153beb","settings":{"title":"Disney World ","align":"left","title_color":"#3a3a3a","typography_typography":"custom","typography_font_family":"Poppins","typography_line_height":{"unit":"em","size":1.2},"_margin":{"unit":"%","top":"","right":"","bottom":"","left":"","isLinked":true},"_padding":{"unit":"%","top":"","right":"","bottom":"","left":"","isLinked":true},"_background_background":"classic","typography_font_weight":"600","typography_font_size":{"unit":"px","size":"19"},"align_tablet":"left","typography_font_size_tablet":{"unit":"px","size":"14"},"_padding_tablet":{"unit":"px","top":"0","right":"0","bottom":"0","left":"0","isLinked":true},"header_size":"h4"},"elements":[],"isInner":false,"widgetType":"heading","elType":"widget"}],"isInner":true,"elType":"column"},{"id":"2b07f2c1","settings":{"_column_size":50,"_inline_size":null,"screen_sm":"custom","screen_sm_width":"50"},"elements":[{"id":"18220918","settings":{"title":"Only $1290","align":"right","title_color":"#7ed321","typography_typography":"custom","typography_font_family":"Poppins","typography_line_height":{"unit":"em","size":1.2},"_margin":{"unit":"%","top":"","right":"","bottom":"","left":"","isLinked":true},"_padding":{"unit":"%","top":"","right":"","bottom":"","left":"","isLinked":true},"_background_background":"classic","typography_font_weight":"600","typography_font_size":{"unit":"px","size":"25"},"align_tablet":"right","typography_font_size_tablet":{"unit":"px","size":"17"},"typography_line_height_tablet":{"unit":"em","size":"1.2"},"_padding_tablet":{"unit":"px","top":"0","right":"0","bottom":"0","left":"0","isLinked":true},"header_size":"h4"},"elements":[],"isInner":false,"widgetType":"heading","elType":"widget"}],"isInner":true,"elType":"column"}],"isInner":true,"elType":"section"},{"id":"219acef7","settings":{"icon":"","title_text_a":"","description_text_a":"","background_a_background":"classic","background_a_image":{"id":900,"url":"http:\/\/localhost\/test\/wp-content\/uploads\/2018\/09\/5ytjgrntli4-thomas-kelley.png"},"title_text_b":"1\/10 - 18\/10","description_text_b":"Lorem ipsum dolor sit amet consectetur adipiscing elit ","button_text":"View details ","background_b_background":"classic","background_b_color":"#ffffff","background_b_color_b":"#0800f9","background_b_gradient_angle":{"unit":"deg","size":100},"flip_effect":"fade","title_color_a":"#7ed321","title_typography_a_typography":"custom","title_typography_a_font_size":{"unit":"px","size":"80"},"title_typography_a_font_family":"Poppins","title_typography_a_text_transform":"uppercase","title_color_b":"#ffffff","title_typography_b_typography":"custom","title_typography_b_font_family":"Poppins","description_color_b":"#ffffff","description_typography_b_typography":"custom","description_typography_b_font_size":{"unit":"px","size":"15"},"description_typography_b_font_weight":"300","button_typography_typography":"custom","button_typography_font_size":{"unit":"px","size":"14"},"button_typography_font_weight":"600","button_typography_text_transform":"capitalize","button_typography_letter_spacing":{"unit":"px","size":"2"},"button_background_color":"#7ed321","button_border_radius":{"unit":"px","size":"8"},"background_b_image":{"id":900,"url":"http:\/\/localhost\/test\/wp-content\/uploads\/2018\/09\/5ytjgrntli4-thomas-kelley.png"},"background_overlay_b":"rgba(58,58,58,0.9)","height":{"unit":"px","size":261},"title_spacing_b":{"unit":"px","size":"20"},"title_typography_b_font_size":{"unit":"px","size":28},"description_spacing_b":{"unit":"px","size":"20"},"button_border_color":"#7ed321","button_border_width":{"unit":"px","size":"3"},"_margin":{"unit":"px","top":"0","right":"0","bottom":"0","left":"0","isLinked":false},"padding_b_tablet":{"unit":"px","top":"15","right":"15","bottom":"15","left":"15","isLinked":true},"title_typography_b_font_size_tablet":{"unit":"px","size":"20"},"description_typography_b_font_size_tablet":{"unit":"px","size":"14"},"button_typography_font_size_tablet":{"unit":"px","size":"14"},"button_typography_letter_spacing_tablet":{"unit":"px","size":"0.8"},"button_hover_text_color":"#7ed321","button_hover_background_color":"rgba(0,0,0,0)","button_hover_border_color":"#7ed321","image":{"id":897,"url":"http:\/\/localhost\/test\/wp-content\/uploads\/2018\/09\/placeholder-1-1.png"}},"elements":[],"isInner":false,"widgetType":"flip-box","elType":"widget"}],"isInner":false,"elType":"column"}],"isInner":false,"elType":"section"},{"id":"44e48791","settings":{"gap":"no","structure":"30","background_background":"classic","background_color":"#e8e7e7","padding":{"unit":"px","top":"40","right":"0","bottom":"100","left":"0","isLinked":false},"padding_tablet":{"unit":"px","top":"0","right":"20","bottom":"70","left":"20","isLinked":false},"padding_mobile":{"unit":"px","top":"0","right":"25","bottom":"90","left":"25","isLinked":false}},"elements":[{"id":"4278f5e9","settings":{"_column_size":33,"_inline_size":null,"margin":{"unit":"%","top":"0","right":"10","bottom":"0","left":"0","isLinked":false},"margin_tablet":{"unit":"%","top":"0","right":"4","bottom":"0","left":"0","isLinked":false},"margin_mobile":{"unit":"px","top":"0","right":"0","bottom":"0","left":"0","isLinked":true}},"elements":[{"id":"312b01e9","settings":{"gap":"no","content_position":"middle","structure":"20","background_background":"classic","background_color":"#ffffff","margin":{"unit":"px","top":"","right":0,"bottom":"","left":0,"isLinked":true},"padding":{"unit":"px","top":"20","right":"20","bottom":"20","left":"20","isLinked":true},"padding_tablet":{"unit":"px","top":"20","right":"20","bottom":"20","left":"20","isLinked":true}},"elements":[{"id":"5c9c85f8","settings":{"_column_size":50,"_inline_size":null},"elements":[{"id":"52ff19b0","settings":{"title":"florence","align":"left","title_color":"#3a3a3a","typography_typography":"custom","typography_font_family":"Poppins","typography_line_height":{"unit":"em","size":1.2},"_margin":{"unit":"%","top":"","right":"","bottom":"","left":"","isLinked":true},"_padding":{"unit":"%","top":"","right":"","bottom":"","left":"","isLinked":true},"_background_background":"classic","typography_font_weight":"600","typography_font_size":{"unit":"px","size":"19"},"typography_font_size_tablet":{"unit":"px","size":"14"},"header_size":"h4"},"elements":[],"isInner":false,"widgetType":"heading","elType":"widget"}],"isInner":true,"elType":"column"},{"id":"5c375ca6","settings":{"_column_size":50,"_inline_size":null},"elements":[{"id":"64142736","settings":{"title":"Only $379","align":"right","title_color":"#7ed321","typography_typography":"custom","typography_font_family":"Poppins","typography_line_height":{"unit":"em","size":1.2},"_margin":{"unit":"%","top":"","right":"","bottom":"","left":"","isLinked":true},"_padding":{"unit":"%","top":"","right":"","bottom":"","left":"","isLinked":true},"_background_background":"classic","typography_font_weight":"600","typography_font_size":{"unit":"px","size":"25"},"typography_font_size_tablet":{"unit":"px","size":"17"},"header_size":"h4"},"elements":[],"isInner":false,"widgetType":"heading","elType":"widget"}],"isInner":true,"elType":"column"}],"isInner":true,"elType":"section"},{"id":"7b803a7f","settings":{"icon":"","title_text_a":"","description_text_a":"","background_a_background":"classic","background_a_image":{"id":901,"url":"http:\/\/localhost\/test\/wp-content\/uploads\/2018\/09\/pru-vnbvjmq-jonathan-korner-copy.png"},"title_text_b":"19\/10 - 22\/10","description_text_b":"Lorem ipsum dolor sit amet consectetur adipiscing elit ","button_text":"View details ","background_b_background":"classic","background_b_color":"#ffffff","background_b_color_b":"#0800f9","background_b_gradient_angle":{"unit":"deg","size":100},"flip_effect":"fade","title_color_a":"#7ed321","title_typography_a_typography":"custom","title_typography_a_font_size":{"unit":"px","size":"80"},"title_typography_a_font_family":"Poppins","title_typography_a_text_transform":"uppercase","title_color_b":"#ffffff","title_typography_b_typography":"custom","title_typography_b_font_family":"Poppins","description_color_b":"#ffffff","description_typography_b_typography":"custom","description_typography_b_font_size":{"unit":"px","size":"15"},"description_typography_b_font_weight":"300","button_typography_typography":"custom","button_typography_font_size":{"unit":"px","size":"14"},"button_typography_font_weight":"600","button_typography_text_transform":"capitalize","button_typography_letter_spacing":{"unit":"px","size":"2"},"button_background_color":"#7ed321","button_border_radius":{"unit":"px","size":"8"},"background_b_image":{"id":901,"url":"http:\/\/localhost\/test\/wp-content\/uploads\/2018\/09\/pru-vnbvjmq-jonathan-korner-copy.png"},"background_overlay_b":"rgba(58,58,58,0.9)","height":{"unit":"px","size":261},"title_spacing_b":{"unit":"px","size":"20"},"title_typography_b_font_size":{"unit":"px","size":28},"description_spacing_b":{"unit":"px","size":"20"},"button_border_color":"#7ed321","button_border_width":{"unit":"px","size":"3"},"_margin":{"unit":"px","top":"0","right":"0","bottom":"0","left":"0","isLinked":false},"padding_b_tablet":{"unit":"px","top":"0","right":"15","bottom":"0","left":"15","isLinked":false},"title_typography_b_font_size_tablet":{"unit":"px","size":"20"},"description_typography_b_font_size_tablet":{"unit":"px","size":"14"},"button_typography_font_size_tablet":{"unit":"px","size":"14"},"button_typography_letter_spacing_tablet":{"unit":"px","size":"0.8"},"button_hover_text_color":"#7ed321","button_hover_background_color":"rgba(0,0,0,0)","button_hover_border_color":"#7ed321","image":{"id":897,"url":"http:\/\/localhost\/test\/wp-content\/uploads\/2018\/09\/placeholder-1-1.png"}},"elements":[],"isInner":false,"widgetType":"flip-box","elType":"widget"}],"isInner":false,"elType":"column"},{"id":"5ba3b301","settings":{"_column_size":33,"_inline_size":null,"margin":{"unit":"%","top":"0","right":"5","bottom":"0","left":"5","isLinked":false},"margin_tablet":{"unit":"%","top":"0","right":"2","bottom":"0","left":"2","isLinked":false},"margin_mobile":{"unit":"px","top":"0","right":"0","bottom":"0","left":"0","isLinked":true},"padding_mobile":{"unit":"px","top":"20","right":"0","bottom":"20","left":"0","isLinked":false}},"elements":[{"id":"75bc491","settings":{"gap":"no","content_position":"middle","structure":"20","background_background":"classic","background_color":"#ffffff","margin":{"unit":"px","top":"","right":0,"bottom":"","left":0,"isLinked":true},"padding":{"unit":"px","top":"20","right":"20","bottom":"20","left":"20","isLinked":true},"padding_tablet":{"unit":"px","top":"20","right":"20","bottom":"20","left":"20","isLinked":true}},"elements":[{"id":"382cfe78","settings":{"_column_size":50,"_inline_size":null,"margin":{"unit":"%","top":"0","right":"0","bottom":"0","left":"0","isLinked":false},"screen_sm":"custom","screen_sm_width":"50"},"elements":[{"id":"7c862209","settings":{"title":"Paris","align":"left","title_color":"#3a3a3a","typography_typography":"custom","typography_font_family":"Poppins","typography_line_height":{"unit":"em","size":1.2},"_margin":{"unit":"%","top":"","right":"","bottom":"","left":"","isLinked":true},"_padding":{"unit":"%","top":"","right":"","bottom":"","left":"","isLinked":true},"_background_background":"classic","typography_font_weight":"600","typography_font_size":{"unit":"px","size":"19"},"typography_font_size_tablet":{"unit":"px","size":"14"},"header_size":"h4"},"elements":[],"isInner":false,"widgetType":"heading","elType":"widget"}],"isInner":true,"elType":"column"},{"id":"9ba272f","settings":{"_column_size":50,"_inline_size":null,"screen_sm":"custom","screen_sm_width":"50"},"elements":[{"id":"270aa710","settings":{"title":"Only $239","align":"right","title_color":"#7ed321","typography_typography":"custom","typography_font_family":"Poppins","typography_line_height":{"unit":"em","size":1.2},"_margin":{"unit":"%","top":"","right":"","bottom":"","left":"","isLinked":true},"_padding":{"unit":"%","top":"","right":"","bottom":"","left":"","isLinked":true},"_background_background":"classic","typography_font_weight":"600","typography_font_size":{"unit":"px","size":"25"},"typography_font_size_tablet":{"unit":"px","size":"17"},"header_size":"h4"},"elements":[],"isInner":false,"widgetType":"heading","elType":"widget"}],"isInner":true,"elType":"column"}],"isInner":true,"elType":"section"},{"id":"2f8a5fcd","settings":{"icon":"","title_text_a":"","description_text_a":"","background_a_background":"classic","background_a_image":{"id":902,"url":"http:\/\/localhost\/test\/wp-content\/uploads\/2018\/09\/https-hd.unsplash.comphoto-1449265614232-03dfc33163a0.png"},"title_text_b":"15\/10 - 17\/10","description_text_b":"Lorem ipsum dolor sit amet consectetur adipiscing elit ","button_text":"View details ","background_b_background":"classic","background_b_color":"#ffffff","background_b_color_b":"#0800f9","background_b_gradient_angle":{"unit":"deg","size":100},"flip_effect":"fade","title_color_a":"#7ed321","title_typography_a_typography":"custom","title_typography_a_font_size":{"unit":"px","size":"80"},"title_typography_a_font_family":"Poppins","title_typography_a_text_transform":"uppercase","title_color_b":"#ffffff","title_typography_b_typography":"custom","title_typography_b_font_family":"Poppins","description_color_b":"#ffffff","description_typography_b_typography":"custom","description_typography_b_font_size":{"unit":"px","size":"15"},"description_typography_b_font_weight":"300","button_typography_typography":"custom","button_typography_font_size":{"unit":"px","size":"14"},"button_typography_font_weight":"600","button_typography_text_transform":"capitalize","button_typography_letter_spacing":{"unit":"px","size":"2"},"button_background_color":"#7ed321","button_border_radius":{"unit":"px","size":"8"},"background_b_image":{"id":902,"url":"http:\/\/localhost\/test\/wp-content\/uploads\/2018\/09\/https-hd.unsplash.comphoto-1449265614232-03dfc33163a0.png"},"background_overlay_b":"rgba(58,58,58,0.9)","height":{"unit":"px","size":261},"title_spacing_b":{"unit":"px","size":"20"},"title_typography_b_font_size":{"unit":"px","size":28},"description_spacing_b":{"unit":"px","size":"20"},"button_border_color":"#7ed321","button_border_width":{"unit":"px","size":"3"},"_margin":{"unit":"px","top":"0","right":"0","bottom":"0","left":"0","isLinked":false},"padding_b_tablet":{"unit":"px","top":"0","right":"15","bottom":"0","left":"15","isLinked":false},"title_typography_b_font_size_tablet":{"unit":"px","size":"20"},"description_typography_b_font_size_tablet":{"unit":"px","size":"14"},"button_typography_font_size_tablet":{"unit":"px","size":"14"},"button_typography_letter_spacing_tablet":{"unit":"px","size":"0.8"},"button_hover_text_color":"#7ed321","button_hover_background_color":"rgba(0,0,0,0)","button_hover_border_color":"#7ed321","image":{"id":897,"url":"http:\/\/localhost\/test\/wp-content\/uploads\/2018\/09\/placeholder-1-1.png"}},"elements":[],"isInner":false,"widgetType":"flip-box","elType":"widget"}],"isInner":false,"elType":"column"},{"id":"643b83f5","settings":{"_column_size":33,"_inline_size":null,"margin":{"unit":"%","top":"0","right":"0","bottom":"0","left":"10","isLinked":false},"margin_tablet":{"unit":"%","top":"0","right":"0","bottom":"0","left":"4","isLinked":false},"margin_mobile":{"unit":"px","top":"0","right":"0","bottom":"0","left":"0","isLinked":true}},"elements":[{"id":"65901e17","settings":{"gap":"no","content_position":"middle","structure":"20","background_background":"classic","background_color":"#ffffff","margin":{"unit":"px","top":"","right":0,"bottom":"","left":0,"isLinked":true},"padding":{"unit":"px","top":"20","right":"20","bottom":"20","left":"20","isLinked":true},"padding_tablet":{"unit":"px","top":"20","right":"20","bottom":"20","left":"20","isLinked":true}},"elements":[{"id":"594b9b98","settings":{"_column_size":50,"_inline_size":null,"screen_sm":"custom","screen_sm_width":"50"},"elements":[{"id":"7486afdb","settings":{"title":"Greece","align":"left","title_color":"#3a3a3a","typography_typography":"custom","typography_font_family":"Poppins","typography_line_height":{"unit":"em","size":1.2},"_margin":{"unit":"%","top":"","right":"","bottom":"","left":"","isLinked":true},"_padding":{"unit":"%","top":"","right":"","bottom":"","left":"","isLinked":true},"_background_background":"classic","typography_font_weight":"600","typography_font_size":{"unit":"px","size":"19"},"typography_font_size_tablet":{"unit":"px","size":"14"}},"elements":[],"isInner":false,"widgetType":"heading","elType":"widget"}],"isInner":true,"elType":"column"},{"id":"69539f2c","settings":{"_column_size":50,"_inline_size":null,"screen_sm":"custom","screen_sm_width":"50"},"elements":[{"id":"1918414b","settings":{"title":"Only $229","align":"right","title_color":"#7ed321","typography_typography":"custom","typography_font_family":"Poppins","typography_line_height":{"unit":"em","size":1.2},"_margin":{"unit":"%","top":"","right":"","bottom":"","left":"","isLinked":true},"_padding":{"unit":"%","top":"","right":"","bottom":"","left":"","isLinked":true},"_background_background":"classic","typography_font_weight":"600","typography_font_size":{"unit":"px","size":"25"},"typography_font_size_tablet":{"unit":"px","size":"17"},"header_size":"h4"},"elements":[],"isInner":false,"widgetType":"heading","elType":"widget"}],"isInner":true,"elType":"column"}],"isInner":true,"elType":"section"},{"id":"25fdb629","settings":{"icon":"","title_text_a":"","description_text_a":"","background_a_background":"classic","background_a_image":{"id":895,"url":"http:\/\/localhost\/test\/wp-content\/uploads\/2018\/09\/d-1-1.png"},"title_text_b":"18\/10 - 21\/10","description_text_b":"Lorem ipsum dolor sit amet consectetur adipiscing elit ","button_text":"View details ","background_b_background":"classic","background_b_color":"#ffffff","background_b_color_b":"#0800f9","background_b_gradient_angle":{"unit":"deg","size":100},"flip_effect":"fade","title_color_a":"#7ed321","title_typography_a_typography":"custom","title_typography_a_font_size":{"unit":"px","size":"80"},"title_typography_a_font_family":"Poppins","title_typography_a_text_transform":"uppercase","title_color_b":"#ffffff","title_typography_b_typography":"custom","title_typography_b_font_family":"Poppins","description_color_b":"#ffffff","description_typography_b_typography":"custom","description_typography_b_font_size":{"unit":"px","size":"15"},"description_typography_b_font_weight":"300","button_typography_typography":"custom","button_typography_font_size":{"unit":"px","size":"14"},"button_typography_font_weight":"600","button_typography_text_transform":"capitalize","button_typography_letter_spacing":{"unit":"px","size":"2"},"button_background_color":"#7ed321","button_border_radius":{"unit":"px","size":"8"},"background_b_image":{"id":895,"url":"http:\/\/localhost\/test\/wp-content\/uploads\/2018\/09\/d-1-1.png"},"background_overlay_b":"rgba(58,58,58,0.9)","height":{"unit":"px","size":261},"title_spacing_b":{"unit":"px","size":"20"},"title_typography_b_font_size":{"unit":"px","size":28},"description_spacing_b":{"unit":"px","size":"20"},"button_border_color":"#7ed321","button_border_width":{"unit":"px","size":"3"},"_margin":{"unit":"px","top":"0","right":"0","bottom":"0","left":"0","isLinked":false},"background_a_position":"center center","background_b_position":"center center","padding_a_tablet":{"unit":"px","top":"0","right":"0","bottom":"0","left":"0","isLinked":true},"padding_b_tablet":{"unit":"px","top":"0","right":"15","bottom":"0","left":"15","isLinked":false},"title_typography_b_font_size_tablet":{"unit":"px","size":"20"},"description_typography_b_font_size_tablet":{"unit":"px","size":"14"},"button_typography_font_size_tablet":{"unit":"px","size":"14"},"button_typography_letter_spacing_tablet":{"unit":"px","size":"0.8"},"button_hover_text_color":"#7ed321","button_hover_background_color":"rgba(0,0,0,0)","button_hover_border_color":"#7ed321","image":{"id":897,"url":"http:\/\/localhost\/test\/wp-content\/uploads\/2018\/09\/placeholder-1-1.png"}},"elements":[],"isInner":false,"widgetType":"flip-box","elType":"widget"}],"isInner":false,"elType":"column"}],"isInner":false,"elType":"section"},{"id":"b1f86cd","settings":{"background_background":"classic","background_image":{"id":905,"url":"http:\/\/localhost\/test\/wp-content\/uploads\/2018\/09\/5-4.png"},"background_size":"cover","padding":{"unit":"px","top":"100","right":"0","bottom":"100","left":"0","isLinked":false},"padding_tablet":{"unit":"px","top":"60","right":"0","bottom":"60","left":"0","isLinked":false}},"elements":[{"id":"31d5d5db","settings":{"_column_size":100,"_inline_size":null},"elements":[{"id":"635c328c","settings":{"title":"What our clients say","align":"center","title_color":"#ffffff","typography_typography":"custom","typography_font_family":"Poppins","typography_line_height":{"unit":"em","size":1.2},"_margin":{"unit":"%","top":"","right":"","bottom":"","left":"","isLinked":true},"_padding":{"unit":"%","top":"","right":"","bottom":"","left":"","isLinked":true},"_background_background":"classic","typography_font_weight":"600","typography_font_size_tablet":{"unit":"px","size":"30"},"header_size":"h3","typography_font_size_mobile":{"unit":"px","size":"25"},"typography_text_transform":"capitalize"},"elements":[],"isInner":false,"widgetType":"heading","elType":"widget"},{"id":"1f2f998","settings":{"weight":{"unit":"px","size":"5"},"color":"#7ed321","width":{"unit":"%","size":"6"},"align":"center","gap":{"unit":"px","size":2},"_margin_tablet":{"unit":"px","top":"0","right":"0","bottom":"0","left":"0","isLinked":false}},"elements":[],"isInner":false,"widgetType":"divider","elType":"widget"},{"id":"7ec16da0","settings":{"structure":"20","margin_tablet":{"unit":"px","top":"0","right":0,"bottom":"0","left":0,"isLinked":false},"padding_tablet":{"unit":"px","top":"0","right":"0","bottom":"0","left":"0","isLinked":true}},"elements":[{"id":"19f460f","settings":{"_column_size":50,"_inline_size":null,"background_background":"classic","border_radius":{"unit":"px","top":"8","right":"8","bottom":"8","left":"8","isLinked":true},"margin":{"unit":"%","top":"0","right":"5","bottom":"0","left":"0","isLinked":false},"padding":{"unit":"px","top":"10","right":"10","bottom":"10","left":"10","isLinked":true},"margin_tablet":{"unit":"%","top":"0","right":"0","bottom":"0","left":"0","isLinked":false},"padding_mobile":{"unit":"px","top":"25","right":"25","bottom":"25","left":"25","isLinked":true}},"elements":[{"id":"4669ea62","settings":{"icon":"fa fa-quote-left","align":"left","primary_color":"#7ed321","size":{"unit":"px","size":"35"},"align_tablet":"left","align_mobile":"left","hide_mobile":"hidden-phone"},"elements":[],"isInner":false,"widgetType":"icon","elType":"widget"},{"id":"4cd3c402","settings":{"image":{"id":903,"url":"http:\/\/localhost\/test\/wp-content\/uploads\/2018\/09\/https-d3iw72m71ie81c.cloudfront.netfemale-72.png"},"title_text":"It really was the vacation of our dreams. A lovely condo in Greece, view of the ocean. Everything I always imagined.","description_text":"Emma Cohen","position":"left","image_space":{"unit":"px","size":5},"title_color":"#636363","title_typography_typography":"custom","title_typography_font_size":{"unit":"px","size":"16"},"title_typography_font_family":"Poppins","title_typography_font_weight":"300","description_color":"#7ed321","description_typography_typography":"custom","description_typography_font_size":{"unit":"px","size":"21"},"description_typography_font_weight":"bold","_padding":{"unit":"px","top":"30","right":"30","bottom":"30","left":"30","isLinked":true},"_background_background":"classic","_background_color":"#ffffff","_border_radius":{"unit":"px","top":"8","right":"8","bottom":"8","left":"8","isLinked":true},"title_typography_font_size_tablet":{"unit":"px","size":"14"},"description_typography_font_size_tablet":{"unit":"px","size":"18"},"text_align_mobile":"center"},"elements":[],"isInner":false,"widgetType":"image-box","elType":"widget"}],"isInner":true,"elType":"column"},{"id":"2158e3f6","settings":{"_column_size":50,"_inline_size":null,"background_background":"classic","border_radius":{"unit":"px","top":"8","right":"8","bottom":"8","left":"8","isLinked":true},"margin":{"unit":"%","top":"0","right":"0","bottom":"0","left":"5","isLinked":false},"padding":{"unit":"px","top":"10","right":"10","bottom":"10","left":"10","isLinked":true},"margin_tablet":{"unit":"px","top":"0","right":"0","bottom":"0","left":"0","isLinked":true},"padding_mobile":{"unit":"px","top":"25","right":"25","bottom":"0","left":"25","isLinked":false}},"elements":[{"id":"28d99ffc","settings":{"icon":"fa fa-quote-left","align":"right","primary_color":"#7ed321","size":{"unit":"px","size":"35"},"align_tablet":"right","align_mobile":"right","hide_mobile":"hidden-phone"},"elements":[],"isInner":false,"widgetType":"icon","elType":"widget"},{"id":"256548f3","settings":{"image":{"id":904,"url":"http:\/\/localhost\/test\/wp-content\/uploads\/2018\/09\/https-d3iw72m71ie81c.cloudfront.netmale-17.png"},"title_text":"As a business traveler, I care about perversion in my booking. This is why I loved working with this professional company ","description_text":"\tRafael Alonso","position":"right","image_space":{"unit":"px","size":5},"title_color":"#636363","title_typography_typography":"custom","title_typography_font_size":{"unit":"px","size":"16"},"title_typography_font_family":"Poppins","title_typography_font_weight":"300","description_color":"#7ed321","description_typography_typography":"custom","description_typography_font_size":{"unit":"px","size":"21"},"description_typography_font_weight":"bold","_padding":{"unit":"px","top":"30","right":"30","bottom":"30","left":"30","isLinked":true},"_background_background":"classic","_background_color":"#ffffff","_border_radius":{"unit":"px","top":"8","right":"8","bottom":"8","left":"8","isLinked":true},"title_typography_font_size_tablet":{"unit":"px","size":"14"},"description_typography_font_size_tablet":{"unit":"px","size":"18"},"text_align_mobile":"center"},"elements":[],"isInner":false,"widgetType":"image-box","elType":"widget"}],"isInner":true,"elType":"column"}],"isInner":true,"elType":"section"}],"isInner":false,"elType":"column"}],"isInner":false,"elType":"section"}]}