{"version":"0.4","title":"LandingPage-Law-Convention-page","type":"page","content":[{"id":"2dedb960","settings":{"gap":"no","height":"min-height","custom_height":{"unit":"vh","size":80},"background_background":"classic","background_image":{"id":600,"url":"http:\/\/localhost\/test\/wp-content\/uploads\/2018\/09\/36-4.png"},"background_position":"center center","background_size":"cover"},"elements":[{"id":"68adcc8c","settings":{"_column_size":100,"_inline_size":null},"elements":[{"id":"e697068","settings":{"title":"June 15, 2018 9:30AM","align":"center","title_color":"#ffffff","typography_typography":"custom","typography_font_size":{"unit":"px","size":40},"typography_font_family":"Playfair Display","typography_font_weight":"600","typography_font_style":"italic","typography_letter_spacing":{"unit":"px","size":0},"_margin":{"unit":"%","top":"","right":"","bottom":"","left":"","isLinked":true},"_background_background":"classic","typography_font_size_tablet":{"unit":"px","size":35},"typography_font_size_mobile":{"unit":"px","size":22},"text_shadow_text_shadow_type":"yes"},"elements":[],"isInner":false,"widgetType":"heading","elType":"widget"},{"id":"28b52416","settings":{"title":"justice today","align":"center","title_color":"#ffffff","typography_typography":"custom","typography_font_size":{"unit":"px","size":87},"typography_font_family":"Playfair Display","typography_font_weight":"700","typography_text_transform":"uppercase","typography_letter_spacing":{"unit":"px","size":2},"_margin":{"unit":"px","top":"0","right":"150","bottom":"0","left":"150","isLinked":false},"_padding":{"unit":"px","top":"40","right":"40","bottom":"40","left":"40","isLinked":true},"_background_background":"classic","_background_color":"#010720","typography_font_size_tablet":{"unit":"px","size":60},"typography_font_size_mobile":{"unit":"px","size":32},"_margin_tablet":{"unit":"px","top":"0","right":"100","bottom":"0","left":"100","isLinked":false},"_margin_mobile":{"unit":"px","top":"0","right":"15","bottom":"0","left":"15","isLinked":false},"_padding_tablet":{"unit":"px","top":"30","right":"0","bottom":"30","left":"0","isLinked":false},"_padding_mobile":{"unit":"px","top":"20","right":"0","bottom":"20","left":"0","isLinked":false},"header_size":"h1"},"elements":[],"isInner":false,"widgetType":"heading","elType":"widget"},{"id":"5f6bd66d","settings":{"title":"Law Practice Talks","align":"center","title_color":"#010720","typography_typography":"custom","typography_font_size":{"unit":"px","size":53},"typography_font_family":"Playfair Display","typography_font_weight":"600","typography_font_style":"oblique","typography_letter_spacing":{"unit":"px","size":1},"_margin":{"unit":"px","top":"-20","right":"280","bottom":"0","left":"280","isLinked":false},"_padding":{"unit":"px","top":"30","right":"30","bottom":"30","left":"30","isLinked":true},"_background_background":"classic","_background_color":"#ffffff","typography_font_size_tablet":{"unit":"px","size":35},"typography_font_size_mobile":{"unit":"px","size":25},"_margin_tablet":{"unit":"px","top":"-20","right":"180","bottom":"0","left":"180","isLinked":false},"_margin_mobile":{"unit":"px","top":"-20","right":"40","bottom":"0","left":"40","isLinked":false},"_padding_tablet":{"unit":"px","top":"30","right":"0","bottom":"30","left":"0","isLinked":false},"_padding_mobile":{"unit":"px","top":"20","right":"0","bottom":"20","left":"0","isLinked":false}},"elements":[],"isInner":false,"widgetType":"heading","elType":"widget"}],"isInner":false,"elType":"column"}],"isInner":false,"elType":"section"},{"id":"4f0870f3","settings":{"padding":{"unit":"px","top":"30","right":"0","bottom":"30","left":"0","isLinked":false},"padding_mobile":{"unit":"px","top":"20","right":"0","bottom":"20","left":"0","isLinked":false},"content_width":{"unit":"px","size":1300}},"elements":[{"id":"5c25563f","settings":{"_column_size":100,"_inline_size":null},"elements":[{"id":"6bdf3f41","settings":{"slides":[{"image":{"id":"556","url":"http:\/\/localhost\/test\/wp-content\/uploads\/2018\/09\/x.venox_-1.png"},"_id":"nmg7eo0","type":"image","image_link_to_type":"","image_link_to":{"url":"","is_external":"","nofollow":""},"video":{"url":"","is_external":"","nofollow":""}},{"image":{"id":"317","url":"http:\/\/localhost\/test\/wp-content\/uploads\/2018\/09\/madrin-1-2.png"},"_id":"kn2sope","type":"image","image_link_to_type":"","image_link_to":{"url":"","is_external":"","nofollow":""},"video":{"url":"","is_external":"","nofollow":""}},{"image":{"id":601,"url":"http:\/\/localhost\/test\/wp-content\/uploads\/2018\/09\/fifthflour-1-1.png"},"_id":"uez6jow","type":"image","image_link_to_type":"","image_link_to":{"url":"","is_external":"","nofollow":""},"video":{"url":"","is_external":"","nofollow":""}},{"image":{"id":"321","url":"http:\/\/localhost\/test\/wp-content\/uploads\/2018\/09\/zusman-1-1.png"},"_id":"3hpoxzh","type":"image","image_link_to_type":"","image_link_to":{"url":"","is_external":"","nofollow":""},"video":{"url":"","is_external":"","nofollow":""}},{"image":{"id":"319","url":"http:\/\/localhost\/test\/wp-content\/uploads\/2018\/09\/larozse.png"},"_id":"o0ep19d","type":"image","image_link_to_type":"","image_link_to":{"url":"","is_external":"","nofollow":""},"video":{"url":"","is_external":"","nofollow":""}},{"type":"image","image":{"id":"318","url":"http:\/\/localhost\/test\/wp-content\/uploads\/2018\/09\/quest-1.png"},"image_link_to_type":"","image_link_to":{"url":"","is_external":"","nofollow":""},"video":{"url":"","is_external":"","nofollow":""},"_id":"gsp753l"},{"type":"image","image":{"id":602,"url":"http:\/\/localhost\/test\/wp-content\/uploads\/2018\/09\/darkside-1-2.png"},"image_link_to_type":"","image_link_to":{"url":"","is_external":"","nofollow":""},"video":{"url":"","is_external":"","nofollow":""},"_id":"2ns4ic1"}],"slides_per_view":"5","show_arrows":"","pagination":"","image_size_custom_dimension":{"width":"50","height":""},"image_fit":"contain","space_between":{"unit":"px","size":50},"slide_padding":{"unit":"px","top":"10","right":"10","bottom":"10","left":"10","isLinked":true}},"elements":[],"isInner":false,"widgetType":"media-carousel","elType":"widget"}],"isInner":false,"elType":"column"}],"isInner":false,"elType":"section"},{"id":"27df4377","settings":{"layout":"full_width","structure":"20","background_background":"classic","padding_mobile":{"unit":"px","top":"0","right":"0","bottom":"0","left":"0","isLinked":true},"reverse_order_mobile":"reverse-mobile"},"elements":[{"id":"3f7af215","settings":{"_column_size":50,"_inline_size":null,"background_background":"classic","background_color":"#444d6e","padding":{"unit":"px","top":"200","right":"200","bottom":"200","left":"200","isLinked":false},"padding_tablet":{"unit":"px","top":"50","right":"50","bottom":"50","left":"50","isLinked":true},"padding_mobile":{"unit":"px","top":"60","right":"30","bottom":"60","left":"30","isLinked":false}},"elements":[{"id":"184ebd49","settings":{"title":"About Justice Today","align":"left","title_color":"#ffffff","typography_typography":"custom","typography_font_size":{"unit":"px","size":40},"typography_font_family":"Playfair Display","typography_font_weight":"600","typography_letter_spacing":{"unit":"px","size":0},"_margin":{"unit":"%","top":"","right":"","bottom":"","left":"","isLinked":true},"_background_background":"classic","align_mobile":"center","typography_font_size_tablet":{"unit":"px","size":30},"header_size":"h3"},"elements":[],"isInner":false,"widgetType":"heading","elType":"widget"},{"id":"129e7f55","settings":{"color":"#ffffff"},"elements":[],"isInner":false,"widgetType":"divider","elType":"widget"},{"id":"6a39625c","settings":{"title":"How We Contribute to Your Practice","align":"left","title_color":"#ffffff","typography_typography":"custom","typography_font_size":{"unit":"px","size":25},"typography_font_family":"Roboto","typography_font_weight":"400","typography_letter_spacing":{"unit":"px","size":0},"_margin":{"unit":"%","top":"","right":"","bottom":"","left":"","isLinked":true},"_background_background":"classic","align_mobile":"center","typography_font_size_tablet":{"unit":"px","size":17},"typography_font_size_mobile":{"unit":"px","size":18},"typography_font_style":"italic","_padding":{"unit":"px","top":"10","right":"0","bottom":"10","left":"0","isLinked":false}},"elements":[],"isInner":false,"widgetType":"heading","elType":"widget"},{"id":"371d9085","settings":{"title":"Mauris eget ornare nibh. Nam venenatis porta diam scelerisque suscipit. Donec in vehicula ligula. Etiam efficitur quam ex, at consectetur magna porttitor at. Nullam convallis, eros a vulputate tincidunt, mauris lorem tincidunt sem, sed cursus neque sem a est. Nam malesuada ipsum orci, et congue ligula fringilla vitae. Praesent vitae molestie elit. Phasellus non felis sit amet massa fermentum aliquam. ","align":"left","title_color":"#ffffff","typography_typography":"custom","typography_font_size":{"unit":"px","size":18},"typography_font_family":"Playfair Display","typography_font_weight":"300","typography_letter_spacing":{"unit":"px","size":0},"_margin":{"unit":"%","top":"","right":"","bottom":"","left":"","isLinked":true},"_background_background":"classic","align_mobile":"center","typography_font_size_tablet":{"unit":"px","size":16},"typography_line_height":{"unit":"em","size":1.8}},"elements":[],"isInner":false,"widgetType":"heading","elType":"widget"}],"isInner":false,"elType":"column"},{"id":"4ec2ae40","settings":{"_column_size":50,"_inline_size":null,"background_background":"classic","background_image":{"id":603,"url":"http:\/\/localhost\/test\/wp-content\/uploads\/2018\/09\/0.png"},"background_size":"cover","padding_mobile":{"unit":"px","top":"150","right":"0","bottom":"150","left":"0","isLinked":false}},"elements":[{"id":"9177589","settings":[],"elements":[],"isInner":false,"widgetType":"spacer","elType":"widget"}],"isInner":false,"elType":"column"}],"isInner":false,"elType":"section"},{"id":"60b65f77","settings":{"content_width":{"unit":"px","size":1300},"gap":"no","background_background":"classic","background_color":"#010720","padding":{"unit":"px","top":"100","right":"0","bottom":"100","left":"0","isLinked":false},"padding_tablet":{"unit":"px","top":"70","right":"30","bottom":"70","left":"30","isLinked":false},"padding_mobile":{"unit":"px","top":"60","right":"30","bottom":"60","left":"30","isLinked":false}},"elements":[{"id":"2eb11656","settings":{"_column_size":100,"_inline_size":null},"elements":[{"id":"166adb73","settings":{"title":"Schedule ","align":"center","title_color":"#ffffff","typography_typography":"custom","typography_font_size":{"unit":"px","size":40},"typography_font_family":"Playfair Display","typography_font_weight":"600","typography_letter_spacing":{"unit":"px","size":0},"_margin":{"unit":"%","top":"","right":"","bottom":"","left":"","isLinked":true},"_background_background":"classic","typography_font_size_tablet":{"unit":"px","size":35},"_padding":{"unit":"px","top":"0","right":"0","bottom":"80","left":"0","isLinked":false},"_padding_tablet":{"unit":"px","top":"0","right":"0","bottom":"30","left":"0","isLinked":false}},"elements":[],"isInner":false,"widgetType":"heading","elType":"widget"},{"id":"254182d8","settings":{"content_width":{"unit":"px","size":1300},"gap":"extended","structure":"50"},"elements":[{"id":"7cbbe82e","settings":{"_column_size":20,"_inline_size":null,"border_border":"solid","border_width":{"unit":"px","top":"1","right":"1","bottom":"1","left":"1","isLinked":true},"border_color":"#ffffff"},"elements":[{"id":"9334d14","settings":{"title":"9:30-11AM","align":"center","title_color":"#ffffff","typography_typography":"custom","typography_font_size":{"unit":"px","size":25},"typography_font_family":"Roboto","typography_font_weight":"700","typography_letter_spacing":{"unit":"px","size":0},"_margin":{"unit":"%","top":"","right":"","bottom":"","left":"","isLinked":true},"_background_background":"classic","typography_font_size_tablet":{"unit":"px","size":21},"_padding":{"unit":"px","top":"10","right":"0","bottom":"10","left":"0","isLinked":false}},"elements":[],"isInner":false,"widgetType":"heading","elType":"widget"},{"id":"455a28cd","settings":{"title":"Phasellus non felis sit amet masfermentum aliquam","align":"center","title_color":"#ffffff","typography_typography":"custom","typography_font_size":{"unit":"px","size":15},"typography_font_family":"Playfair Display","typography_font_weight":"300","typography_letter_spacing":{"unit":"px","size":0},"_margin":{"unit":"%","top":"","right":"","bottom":"","left":"","isLinked":true},"_background_background":"classic","typography_line_height":{"unit":"em","size":1.8},"_padding_mobile":{"unit":"px","top":"0","right":"0","bottom":"10","left":"0","isLinked":false}},"elements":[],"isInner":false,"widgetType":"heading","elType":"widget"}],"isInner":true,"elType":"column"},{"id":"49058363","settings":{"_column_size":20,"_inline_size":null,"border_border":"solid","border_width":{"unit":"px","top":"1","right":"1","bottom":"1","left":"1","isLinked":true},"border_color":"#ffffff"},"elements":[{"id":"43535d92","settings":{"title":"11-1:30AM","align":"center","title_color":"#ffffff","typography_typography":"custom","typography_font_size":{"unit":"px","size":25},"typography_font_family":"Roboto","typography_font_weight":"700","typography_letter_spacing":{"unit":"px","size":0},"_margin":{"unit":"%","top":"","right":"","bottom":"","left":"","isLinked":true},"_background_background":"classic","typography_font_size_tablet":{"unit":"px","size":21},"_padding":{"unit":"px","top":"10","right":"0","bottom":"10","left":"0","isLinked":false}},"elements":[],"isInner":false,"widgetType":"heading","elType":"widget"},{"id":"44621435","settings":{"title":"Mauris eget ornare nibh. Nam venenatis porta diam","align":"center","title_color":"#ffffff","typography_typography":"custom","typography_font_size":{"unit":"px","size":15},"typography_font_family":"Playfair Display","typography_font_weight":"300","typography_letter_spacing":{"unit":"px","size":0},"_margin":{"unit":"%","top":"","right":"","bottom":"","left":"","isLinked":true},"_background_background":"classic","typography_line_height":{"unit":"em","size":1.8},"_padding_mobile":{"unit":"px","top":"0","right":"0","bottom":"10","left":"0","isLinked":false}},"elements":[],"isInner":false,"widgetType":"heading","elType":"widget"}],"isInner":true,"elType":"column"},{"id":"4014db8e","settings":{"_column_size":20,"_inline_size":null,"border_border":"solid","border_width":{"unit":"px","top":"1","right":"1","bottom":"1","left":"1","isLinked":true},"border_color":"#ffffff"},"elements":[{"id":"5421538e","settings":{"title":"1:30-3AM","align":"center","title_color":"#ffffff","typography_typography":"custom","typography_font_size":{"unit":"px","size":25},"typography_font_family":"Roboto","typography_font_weight":"700","typography_letter_spacing":{"unit":"px","size":0},"_margin":{"unit":"%","top":"","right":"","bottom":"","left":"","isLinked":true},"_background_background":"classic","typography_font_size_tablet":{"unit":"px","size":21},"_padding":{"unit":"px","top":"10","right":"0","bottom":"10","left":"0","isLinked":false}},"elements":[],"isInner":false,"widgetType":"heading","elType":"widget"},{"id":"2aafbd73","settings":{"title":"Donec in vehicula ligula. Etiam efficitur quam ex","align":"center","title_color":"#ffffff","typography_typography":"custom","typography_font_size":{"unit":"px","size":15},"typography_font_family":"Playfair Display","typography_font_weight":"300","typography_letter_spacing":{"unit":"px","size":0},"_margin":{"unit":"%","top":"","right":"","bottom":"","left":"","isLinked":true},"_background_background":"classic","typography_line_height":{"unit":"em","size":1.8},"_padding_mobile":{"unit":"px","top":"0","right":"0","bottom":"10","left":"0","isLinked":false}},"elements":[],"isInner":false,"widgetType":"heading","elType":"widget"}],"isInner":true,"elType":"column"},{"id":"da35d4d","settings":{"_column_size":20,"_inline_size":null,"border_border":"solid","border_width":{"unit":"px","top":"1","right":"1","bottom":"1","left":"1","isLinked":true},"border_color":"#ffffff"},"elements":[{"id":"a91afd8","settings":{"title":"3-4:30AM","align":"center","title_color":"#ffffff","typography_typography":"custom","typography_font_size":{"unit":"px","size":25},"typography_font_family":"Roboto","typography_font_weight":"700","typography_letter_spacing":{"unit":"px","size":0},"_margin":{"unit":"%","top":"","right":"","bottom":"","left":"","isLinked":true},"_background_background":"classic","typography_font_size_tablet":{"unit":"px","size":21},"_padding":{"unit":"px","top":"10","right":"0","bottom":"10","left":"0","isLinked":false}},"elements":[],"isInner":false,"widgetType":"heading","elType":"widget"},{"id":"74c3f531","settings":{"title":"Phasellus non felis sit amet masfermentum aliquam. ","align":"center","title_color":"#ffffff","typography_typography":"custom","typography_font_size":{"unit":"px","size":15},"typography_font_family":"Playfair Display","typography_font_weight":"300","typography_letter_spacing":{"unit":"px","size":0},"_margin":{"unit":"%","top":"","right":"","bottom":"","left":"","isLinked":true},"_background_background":"classic","typography_line_height":{"unit":"em","size":1.8},"_padding_mobile":{"unit":"px","top":"0","right":"0","bottom":"10","left":"0","isLinked":false}},"elements":[],"isInner":false,"widgetType":"heading","elType":"widget"}],"isInner":true,"elType":"column"},{"id":"48805bc8","settings":{"_column_size":20,"_inline_size":null,"border_border":"solid","border_width":{"unit":"px","top":"1","right":"1","bottom":"1","left":"1","isLinked":true},"border_color":"#ffffff"},"elements":[{"id":"6358ebb7","settings":{"title":"4:30-6AM","align":"center","title_color":"#ffffff","typography_typography":"custom","typography_font_size":{"unit":"px","size":25},"typography_font_family":"Roboto","typography_font_weight":"700","typography_letter_spacing":{"unit":"px","size":0},"_margin":{"unit":"%","top":"","right":"","bottom":"","left":"","isLinked":true},"_background_background":"classic","typography_font_size_tablet":{"unit":"px","size":21},"_padding":{"unit":"px","top":"10","right":"0","bottom":"10","left":"0","isLinked":false}},"elements":[],"isInner":false,"widgetType":"heading","elType":"widget"},{"id":"4249a9ee","settings":{"title":"Nam venenatis porta diam scelerisque suscipit. ","align":"center","title_color":"#ffffff","typography_typography":"custom","typography_font_size":{"unit":"px","size":15},"typography_font_family":"Playfair Display","typography_font_weight":"300","typography_letter_spacing":{"unit":"px","size":0},"_margin":{"unit":"%","top":"","right":"","bottom":"","left":"","isLinked":true},"_background_background":"classic","typography_line_height":{"unit":"em","size":1.8},"_padding_mobile":{"unit":"px","top":"0","right":"0","bottom":"10","left":"0","isLinked":false}},"elements":[],"isInner":false,"widgetType":"heading","elType":"widget"}],"isInner":true,"elType":"column"}],"isInner":true,"elType":"section"}],"isInner":false,"elType":"column"}],"isInner":false,"elType":"section"},{"id":"78f8518b","settings":{"content_width":{"unit":"px","size":1300},"padding":{"unit":"px","top":"100","right":"0","bottom":"100","left":"0","isLinked":false},"padding_tablet":{"unit":"px","top":"60","right":"30","bottom":"60","left":"30","isLinked":false}},"elements":[{"id":"624d9aba","settings":{"_column_size":100,"_inline_size":null},"elements":[{"id":"ef69f6","settings":{"title":"Speakers","align":"left","title_color":"#010720","typography_typography":"custom","typography_font_size":{"unit":"px","size":40},"typography_font_family":"Playfair Display","typography_font_weight":"600","typography_letter_spacing":{"unit":"px","size":0},"_margin":{"unit":"%","top":"","right":"","bottom":"","left":"","isLinked":true},"_background_background":"classic","align_mobile":"center","typography_font_size_tablet":{"unit":"px","size":35}},"elements":[],"isInner":false,"widgetType":"heading","elType":"widget"},{"id":"1df81542","settings":{"color":"#010720"},"elements":[],"isInner":false,"widgetType":"divider","elType":"widget"},{"id":"7a263dfc","settings":{"content_width":{"unit":"px","size":1300},"structure":"40"},"elements":[{"id":"3e625689","settings":{"_column_size":25,"_inline_size":null,"padding_mobile":{"unit":"px","top":"0","right":"0","bottom":"0","left":"0","isLinked":true}},"elements":[{"id":"7f404d9e","settings":{"image":{"id":"565","url":"http:\/\/localhost\/test\/wp-content\/uploads\/2018\/09\/1-1-5.png"},"title_text":"Eric Carmen","description_text":"Partner at MMV","image_size":{"unit":"%","size":100},"title_bottom_space":{"unit":"px","size":0},"title_color":"#000000","title_typography_typography":"custom","title_typography_font_size":{"unit":"px","size":30},"title_typography_font_size_tablet":{"unit":"px","size":23},"title_typography_font_size_mobile":{"unit":"px","size":30},"title_typography_font_family":"Roboto","description_color":"rgba(0,0,0,0.69)","description_typography_typography":"custom","description_typography_font_size":{"unit":"px","size":18},"description_typography_font_size_tablet":{"unit":"px","size":16},"description_typography_font_size_mobile":{"unit":"px","size":18},"description_typography_font_family":"Playfair Display","_padding_mobile":{"unit":"px","top":"0","right":"0","bottom":"0","left":"0","isLinked":false}},"elements":[],"isInner":false,"widgetType":"image-box","elType":"widget"}],"isInner":true,"elType":"column"},{"id":"8592ebd","settings":{"_column_size":25,"_inline_size":null,"padding_mobile":{"unit":"px","top":"60","right":"0","bottom":"60","left":"0","isLinked":false}},"elements":[{"id":"72c92037","settings":{"image":{"id":604,"url":"http:\/\/localhost\/test\/wp-content\/uploads\/2018\/09\/breather-181282-485939_PR_129_SI_17_06_14_009-m-Mask.png"},"title_text":"Jennifer Grey","description_text":"Partner at BOL","image_size":{"unit":"%","size":100},"title_bottom_space":{"unit":"px","size":0},"title_color":"#000000","title_typography_typography":"custom","title_typography_font_size":{"unit":"px","size":30},"title_typography_font_size_tablet":{"unit":"px","size":23},"title_typography_font_size_mobile":{"unit":"px","size":30},"title_typography_font_family":"Roboto","description_color":"rgba(0,0,0,0.69)","description_typography_typography":"custom","description_typography_font_size":{"unit":"px","size":18},"description_typography_font_size_tablet":{"unit":"px","size":16},"description_typography_font_size_mobile":{"unit":"px","size":18},"description_typography_font_family":"Playfair Display"},"elements":[],"isInner":false,"widgetType":"image-box","elType":"widget"}],"isInner":true,"elType":"column"},{"id":"64fd28b1","settings":{"_column_size":25,"_inline_size":null,"padding_mobile":{"unit":"px","top":"0","right":"0","bottom":"60","left":"0","isLinked":false}},"elements":[{"id":"7fe92545","settings":{"image":{"id":605,"url":"http:\/\/localhost\/test\/wp-content\/uploads\/2018\/09\/4-4.png"},"title_text":"Kelly Bishop","description_text":"Partner at PMA","image_size":{"unit":"%","size":100},"title_bottom_space":{"unit":"px","size":0},"title_color":"#000000","title_typography_typography":"custom","title_typography_font_size":{"unit":"px","size":30},"title_typography_font_size_tablet":{"unit":"px","size":23},"title_typography_font_size_mobile":{"unit":"px","size":30},"title_typography_font_family":"Roboto","description_color":"rgba(0,0,0,0.69)","description_typography_typography":"custom","description_typography_font_size":{"unit":"px","size":18},"description_typography_font_size_tablet":{"unit":"px","size":16},"description_typography_font_size_mobile":{"unit":"px","size":18},"description_typography_font_family":"Playfair Display"},"elements":[],"isInner":false,"widgetType":"image-box","elType":"widget"}],"isInner":true,"elType":"column"},{"id":"5939e2f0","settings":{"_column_size":25,"_inline_size":null,"padding_mobile":{"unit":"px","top":"0","right":"0","bottom":"0","left":"0","isLinked":true}},"elements":[{"id":"76205f4f","settings":{"image":{"id":"563","url":"http:\/\/localhost\/test\/wp-content\/uploads\/2018\/09\/5-1-5.png"},"title_text":"Neal Jones","description_text":"Parthner at LVR","image_size":{"unit":"%","size":100},"title_bottom_space":{"unit":"px","size":0},"title_color":"#000000","title_typography_typography":"custom","title_typography_font_size":{"unit":"px","size":30},"title_typography_font_size_tablet":{"unit":"px","size":23},"title_typography_font_size_mobile":{"unit":"px","size":30},"title_typography_font_family":"Roboto","description_color":"rgba(0,0,0,0.69)","description_typography_typography":"custom","description_typography_font_size":{"unit":"px","size":18},"description_typography_font_size_tablet":{"unit":"px","size":16},"description_typography_font_size_mobile":{"unit":"px","size":18},"description_typography_font_family":"Playfair Display"},"elements":[],"isInner":false,"widgetType":"image-box","elType":"widget"}],"isInner":true,"elType":"column"}],"isInner":true,"elType":"section"}],"isInner":false,"elType":"column"}],"isInner":false,"elType":"section"},{"id":"7c0b2a5f","settings":{"content_width":{"unit":"px","size":1300},"gap":"no","background_background":"classic","background_color":"#010720","padding":{"unit":"px","top":"100","right":"0","bottom":"100","left":"0","isLinked":false},"padding_tablet":{"unit":"px","top":"80","right":"30","bottom":"80","left":"30","isLinked":false}},"elements":[{"id":"45516d31","settings":{"_column_size":100,"_inline_size":null},"elements":[{"id":"5ca3e7f9","settings":{"title":"Past Events ","align":"center","title_color":"#ffffff","typography_typography":"custom","typography_font_size":{"unit":"px","size":40},"typography_font_family":"Playfair Display","typography_font_weight":"600","typography_letter_spacing":{"unit":"px","size":0},"_margin":{"unit":"%","top":"","right":"","bottom":"","left":"","isLinked":true},"_background_background":"classic","typography_font_size_tablet":{"unit":"px","size":35},"_padding":{"unit":"px","top":"0","right":"0","bottom":"80","left":"0","isLinked":false},"_padding_tablet":{"unit":"px","top":"0","right":"0","bottom":"30","left":"0","isLinked":false},"header_size":"h4"},"elements":[],"isInner":false,"widgetType":"heading","elType":"widget"},{"id":"625e5db","settings":{"content_width":{"unit":"px","size":1300},"gap":"no","structure":"20"},"elements":[{"id":"3ba6f54e","settings":{"_column_size":50,"_inline_size":null,"margin":{"unit":"px","top":"0","right":"20","bottom":"0","left":"0","isLinked":false},"margin_mobile":{"unit":"px","top":"0","right":"0","bottom":"0","left":"0","isLinked":true},"padding_mobile":{"unit":"px","top":"0","right":"0","bottom":"60","left":"0","isLinked":false}},"elements":[{"id":"b8dfb41","settings":{"title":"2017 Convention","align":"left","title_color":"#ffffff","typography_typography":"custom","typography_font_size":{"unit":"px","size":30},"typography_font_family":"Roboto","typography_font_weight":"400","typography_letter_spacing":{"unit":"px","size":0},"_margin":{"unit":"%","top":"","right":"","bottom":"","left":"","isLinked":true},"_background_background":"classic","align_mobile":"center","typography_font_size_tablet":{"unit":"px","size":25}},"elements":[],"isInner":false,"widgetType":"heading","elType":"widget"},{"id":"5e225b86","settings":{"image":{"id":606,"url":"http:\/\/localhost\/test\/wp-content\/uploads\/2018\/09\/6-1-2.png"},"_padding":{"unit":"px","top":"20","right":"0","bottom":"20","left":"0","isLinked":false}},"elements":[],"isInner":false,"widgetType":"image","elType":"widget"},{"id":"3f6151be","settings":{"title":"Consectetur adipiscing elit. Vestibulum ultricies sollicitudin ante nec mattis. Mauris eget ornare nibh. Nam venenatis porta diam scelerisque suscipit. Donec in vehicula ligula. Etiam efficitur, at consectetur magna.","align":"left","title_color":"#ffffff","typography_typography":"custom","typography_font_size":{"unit":"px","size":18},"typography_font_family":"Playfair Display","typography_font_weight":"300","typography_letter_spacing":{"unit":"px","size":0},"_margin":{"unit":"%","top":"","right":"","bottom":"","left":"","isLinked":true},"_background_background":"classic","align_mobile":"center","typography_font_size_tablet":{"unit":"px","size":16},"typography_line_height":{"unit":"em","size":1.8},"_padding":{"unit":"px","top":"0","right":"0","bottom":"20","left":"0","isLinked":false}},"elements":[],"isInner":false,"widgetType":"heading","elType":"widget"},{"id":"171431c3","settings":{"text":"Read More","align_mobile":"center","typography_typography":"custom","typography_font_size":{"unit":"px","size":18},"typography_font_style":"italic","background_color":"#444d6e"},"elements":[],"isInner":false,"widgetType":"button","elType":"widget"}],"isInner":true,"elType":"column"},{"id":"7f943f6c","settings":{"_column_size":50,"_inline_size":null,"margin":{"unit":"px","top":"0","right":"0","bottom":"0","left":"20","isLinked":false},"margin_mobile":{"unit":"px","top":"0","right":"0","bottom":"0","left":"0","isLinked":true},"padding_mobile":{"unit":"px","top":"0","right":"0","bottom":"60","left":"0","isLinked":false}},"elements":[{"id":"312a36dd","settings":{"title":"2016 Convention","align":"left","title_color":"#ffffff","typography_typography":"custom","typography_font_size":{"unit":"px","size":30},"typography_font_family":"Roboto","typography_font_weight":"400","typography_letter_spacing":{"unit":"px","size":0},"_margin":{"unit":"%","top":"","right":"","bottom":"","left":"","isLinked":true},"_background_background":"classic","align_mobile":"center","typography_font_size_tablet":{"unit":"px","size":25}},"elements":[],"isInner":false,"widgetType":"heading","elType":"widget"},{"id":"15265024","settings":{"image":{"id":607,"url":"http:\/\/localhost\/test\/wp-content\/uploads\/2018\/09\/7-3.png"},"_padding":{"unit":"px","top":"20","right":"0","bottom":"20","left":"0","isLinked":false}},"elements":[],"isInner":false,"widgetType":"image","elType":"widget"},{"id":"1af5070a","settings":{"title":"Lorem ipsum dolor sit amet, consectetur adipiscing elit. Mauris eget ornare nibh. Nam venenatis porta diam scelerisque suscipit. Donec in vehicula ligula. Etiam efficitur quam ex, at consectetur magna porttitor.","align":"left","title_color":"#ffffff","typography_typography":"custom","typography_font_size":{"unit":"px","size":18},"typography_font_family":"Playfair Display","typography_font_weight":"300","typography_letter_spacing":{"unit":"px","size":0},"_margin":{"unit":"%","top":"","right":"","bottom":"","left":"","isLinked":true},"_background_background":"classic","align_mobile":"center","typography_font_size_tablet":{"unit":"px","size":16},"typography_line_height":{"unit":"em","size":1.8},"_padding":{"unit":"px","top":"0","right":"0","bottom":"20","left":"0","isLinked":false}},"elements":[],"isInner":false,"widgetType":"heading","elType":"widget"},{"id":"10106d75","settings":{"text":"Read More","align_mobile":"center","typography_typography":"custom","typography_font_size":{"unit":"px","size":18},"typography_font_style":"italic","background_color":"#444d6e"},"elements":[],"isInner":false,"widgetType":"button","elType":"widget"}],"isInner":true,"elType":"column"}],"isInner":true,"elType":"section"},{"id":"241bef2e","settings":{"content_width":{"unit":"px","size":1300},"gap":"no","structure":"20","padding":{"unit":"px","top":"100","right":"0","bottom":"0","left":"0","isLinked":false}},"elements":[{"id":"11679dbe","settings":{"_column_size":50,"_inline_size":null,"margin":{"unit":"px","top":"0","right":"20","bottom":"0","left":"0","isLinked":false},"margin_mobile":{"unit":"px","top":"0","right":"0","bottom":"0","left":"0","isLinked":true},"padding_mobile":{"unit":"px","top":"0","right":"0","bottom":"60","left":"0","isLinked":false}},"elements":[{"id":"70e7cc48","settings":{"title":"2015 Convention","align":"left","title_color":"#ffffff","typography_typography":"custom","typography_font_size":{"unit":"px","size":30},"typography_font_family":"Roboto","typography_font_weight":"400","typography_letter_spacing":{"unit":"px","size":0},"_margin":{"unit":"%","top":"","right":"","bottom":"","left":"","isLinked":true},"_background_background":"classic","align_mobile":"center","typography_font_size_tablet":{"unit":"px","size":25}},"elements":[],"isInner":false,"widgetType":"heading","elType":"widget"},{"id":"38285653","settings":{"image":{"id":608,"url":"http:\/\/localhost\/test\/wp-content\/uploads\/2018\/09\/9.png"},"_padding":{"unit":"px","top":"20","right":"0","bottom":"20","left":"0","isLinked":false}},"elements":[],"isInner":false,"widgetType":"image","elType":"widget"},{"id":"7bf15b44","settings":{"title":"Mauris eget ornare nibh. Nam venenatis porta diam scelerisque suscipit. Donec in vehicula ligula. Etiam efficitur quam ex, at consectetur magna porttitor. Lorem ipsum dolor sit amet, consectetur adipiscing elit. ","align":"left","title_color":"#ffffff","typography_typography":"custom","typography_font_size":{"unit":"px","size":18},"typography_font_family":"Playfair Display","typography_font_weight":"300","typography_letter_spacing":{"unit":"px","size":0},"_margin":{"unit":"%","top":"","right":"","bottom":"","left":"","isLinked":true},"_background_background":"classic","align_mobile":"center","typography_font_size_tablet":{"unit":"px","size":16},"typography_line_height":{"unit":"em","size":1.8},"_padding":{"unit":"px","top":"0","right":"0","bottom":"20","left":"0","isLinked":false}},"elements":[],"isInner":false,"widgetType":"heading","elType":"widget"},{"id":"16a74b6c","settings":{"text":"Read More","align_mobile":"center","typography_typography":"custom","typography_font_size":{"unit":"px","size":18},"typography_font_style":"italic","background_color":"#444d6e"},"elements":[],"isInner":false,"widgetType":"button","elType":"widget"}],"isInner":true,"elType":"column"},{"id":"42dc396a","settings":{"_column_size":50,"_inline_size":null,"margin":{"unit":"px","top":"0","right":"0","bottom":"0","left":"20","isLinked":false}},"elements":[{"id":"1d5aae81","settings":{"title":"2014 Convention","align":"left","title_color":"#ffffff","typography_typography":"custom","typography_font_size":{"unit":"px","size":30},"typography_font_family":"Roboto","typography_font_weight":"400","typography_letter_spacing":{"unit":"px","size":0},"_margin":{"unit":"%","top":"","right":"","bottom":"","left":"","isLinked":true},"_background_background":"classic","align_mobile":"center","typography_font_size_tablet":{"unit":"px","size":25}},"elements":[],"isInner":false,"widgetType":"heading","elType":"widget"},{"id":"661e2ddd","settings":{"image":{"id":609,"url":"http:\/\/localhost\/test\/wp-content\/uploads\/2018\/09\/10.png"},"_padding":{"unit":"px","top":"20","right":"0","bottom":"20","left":"0","isLinked":false}},"elements":[],"isInner":false,"widgetType":"image","elType":"widget"},{"id":"3708f91e","settings":{"title":"Nam venenatis porta diam scelerisque suscipit. Donec in vehicula ligula. Etiam efficitur quam ex, at consectetur magna porttitor. Lorem ipsum dolor sit amet, consectetur adipiscing elit. ","align":"left","title_color":"#ffffff","typography_typography":"custom","typography_font_size":{"unit":"px","size":18},"typography_font_family":"Playfair Display","typography_font_weight":"300","typography_letter_spacing":{"unit":"px","size":0},"_margin":{"unit":"%","top":"","right":"","bottom":"","left":"","isLinked":true},"_background_background":"classic","align_mobile":"center","typography_font_size_tablet":{"unit":"px","size":16},"typography_line_height":{"unit":"em","size":1.8},"_padding":{"unit":"px","top":"0","right":"0","bottom":"20","left":"0","isLinked":false}},"elements":[],"isInner":false,"widgetType":"heading","elType":"widget"},{"id":"36231375","settings":{"text":"Read More","align_mobile":"center","typography_typography":"custom","typography_font_size":{"unit":"px","size":18},"typography_font_style":"italic","background_color":"#444d6e"},"elements":[],"isInner":false,"widgetType":"button","elType":"widget"}],"isInner":true,"elType":"column"}],"isInner":true,"elType":"section"}],"isInner":false,"elType":"column"}],"isInner":false,"elType":"section"},{"id":"2f1d3447","settings":{"background_background":"classic","content_width":{"unit":"px","size":1300},"background_color":"#444d6e","padding":{"unit":"px","top":"0","right":"0","bottom":"0","left":"0","isLinked":false},"padding_tablet":{"unit":"px","top":"60","right":"30","bottom":"60","left":"30","isLinked":false}},"elements":[{"id":"107460dd","settings":{"_column_size":100,"_inline_size":null,"background_background":"classic","padding":{"unit":"px","top":"100","right":"0","bottom":"120","left":"0","isLinked":false},"padding_tablet":{"unit":"px","top":"0","right":"0","bottom":"0","left":"0","isLinked":true}},"elements":[{"id":"712a8bc1","settings":{"title":"RSVP","align":"left","title_color":"#ffffff","typography_typography":"custom","typography_font_size":{"unit":"px","size":40},"typography_font_family":"Playfair Display","typography_font_weight":"600","typography_letter_spacing":{"unit":"px","size":0},"_margin":{"unit":"%","top":"","right":"","bottom":"","left":"","isLinked":true},"_background_background":"classic","align_mobile":"center"},"elements":[],"isInner":false,"widgetType":"heading","elType":"widget"},{"id":"1b9be71a","settings":{"color":"#ffffff","width":{"unit":"%","size":50},"width_mobile":{"unit":"%","size":100}},"elements":[],"isInner":false,"widgetType":"divider","elType":"widget"},{"id":"16742c27","settings":{"form_name":"New Form","form_fields":[{"_id":"name","field_type":"text","field_label":"Full Name","placeholder":"Full Name","width":"25","required":"","field_options":"","inline_list":"","width_tablet":"","width_mobile":"","rows":4,"recaptcha_size":"normal","recaptcha_style":"light","css_classes":"","field_value":"","file_sizes":"","file_types":"","allow_multiple_upload":"","max_files":"","acceptance_text":"","checked_by_default":"","field_min":"","field_max":"","min_date":"","max_date":"","use_native_date":"","use_native_time":"","allow_multiple":"","select_size":"","field_html":""},{"field_type":"tel","field_label":"Phone Number","placeholder":"Phone Number","required":"","field_options":"","inline_list":"","width":"25","width_tablet":"","width_mobile":"","rows":4,"recaptcha_size":"normal","recaptcha_style":"light","css_classes":"","_id":"field_1","field_value":"","file_sizes":"","file_types":"","allow_multiple_upload":"","max_files":"","acceptance_text":"","checked_by_default":"","field_min":"","field_max":"","min_date":"","max_date":"","use_native_date":"","use_native_time":"","allow_multiple":"","select_size":"","field_html":""},{"_id":"email","field_type":"email","required":"true","field_label":"Email Address","placeholder":"Email Address","width":"25","field_options":"","inline_list":"","width_tablet":"","width_mobile":"","rows":4,"recaptcha_size":"normal","recaptcha_style":"light","css_classes":"","field_value":"","file_sizes":"","file_types":"","allow_multiple_upload":"","max_files":"","acceptance_text":"","checked_by_default":"","field_min":"","field_max":"","min_date":"","max_date":"","use_native_date":"","use_native_time":"","allow_multiple":"","select_size":"","field_html":""}],"show_labels":"","button_text":"Register now","button_width":"25","email_content":"[all-fields]","email_content_2":"[all-fields]","success_message":"The form was sent successfully!","error_message":"There's something wrong... Please fill in the required fields.","required_field_message":"Required","invalid_message":"There's something wrong... The form is invalid.","field_text_color":"#000000","field_typography_typography":"custom","field_typography_font_size":{"unit":"px","size":16},"field_typography_line_height":{"unit":"em","size":2.5},"field_border_width":{"unit":"px","top":"0","right":"0","bottom":"0","left":"0","isLinked":true},"field_border_radius":{"unit":"px","top":"0","right":"0","bottom":"0","left":"0","isLinked":true},"button_typography_typography":"custom","button_typography_font_size":{"unit":"px","size":17},"button_typography_font_size_tablet":{"unit":"px","size":16},"button_typography_text_transform":"uppercase","button_typography_letter_spacing":{"unit":"px","size":4},"button_typography_letter_spacing_tablet":{"unit":"px","size":1.5},"button_background_color":"#000000","button_border_border":"solid","button_border_width":{"unit":"px","top":"3","right":"3","bottom":"3","left":"3","isLinked":true},"button_border_color":"#000000","button_text_padding":{"unit":"px","top":"15","right":"15","bottom":"15","left":"15","isLinked":true},"button_hover_color":"#000000","button_background_hover_color":"rgba(255,255,255,0.53)","subscriber_already_exists_message":"Subscriber already exist."},"elements":[],"isInner":false,"widgetType":"form","elType":"widget"}],"isInner":false,"elType":"column"}],"isInner":false,"elType":"section"},{"id":"3ef00afd","settings":{"layout":"full_width","gap":"no"},"elements":[{"id":"2dbbfb53","settings":{"_column_size":100,"_inline_size":null},"elements":[{"id":"4c986515","settings":{"address":"London Eye, London, United Kingdom","height":{"unit":"px","size":500}},"elements":[],"isInner":false,"widgetType":"google_maps","elType":"widget"}],"isInner":false,"elType":"column"}],"isInner":false,"elType":"section"}]}