{"version":"0.4","title":"LandingPage-Personal-Trainer-page","type":"page","content":[{"id":"33b23d23","settings":{"gap":"no","custom_height":{"unit":"px","size":0},"column_position":"top","content_position":"bottom","structure":"20","background_background":"classic","background_image":{"id":809,"url":"http:\/\/localhost\/test\/wp-content\/uploads\/2018\/09\/556.png"},"background_position":"center center","background_size":"cover","padding":{"unit":"px","top":"0","right":"0","bottom":"0","left":"0","isLinked":false},"padding_tablet":{"unit":"px","top":"0","right":"30","bottom":"0","left":"30","isLinked":false},"padding_mobile":{"unit":"px","top":"0","right":"20","bottom":"0","left":"20","isLinked":false}},"elements":[{"id":"5af39362","settings":{"_column_size":50,"_inline_size":null,"background_background":"gradient","background_color":"#5b43d0","background_color_b":"#8102ce","background_color_b_stop":{"unit":"%","size":63},"content_position":"top","margin":{"unit":"px","top":"0","right":"100","bottom":"150","left":"0","isLinked":false},"margin_tablet":{"unit":"px","top":"0","right":"0","bottom":"150","left":"0","isLinked":false},"margin_mobile":{"unit":"px","top":"0","right":"0","bottom":"0","left":"0","isLinked":false},"padding":{"unit":"px","top":"70","right":"45","bottom":"0","left":"45","isLinked":false},"padding_tablet":{"unit":"px","top":"040","right":"30","bottom":"30","left":"30","isLinked":false},"padding_mobile":{"unit":"px","top":"35","right":"22","bottom":"35","left":"22","isLinked":false}},"elements":[{"id":"5caed07d","settings":{"title":"Kim Salsberg, \nPersonal trainer","header_size":"h1","align_mobile":"center","title_color":"#ffffff","typography_typography":"custom","typography_font_size":{"unit":"px","size":"48"},"typography_font_size_tablet":{"unit":"px","size":"39"},"typography_font_size_mobile":{"unit":"px","size":"33"},"typography_text_transform":"capitalize","typography_line_height":{"unit":"em","size":1.1}},"elements":[],"isInner":false,"widgetType":"heading","elType":"widget"},{"id":"2933fb8a","settings":{"editor":"<p>Great results don't just happen, they happen because you make them happen<\/p>","align_mobile":"center","text_color":"#e0e6ec","typography_typography":"custom","typography_font_size":{"unit":"px","size":"19"},"typography_font_size_tablet":{"unit":"px","size":"16"},"typography_font_size_mobile":{"unit":"px","size":"14"},"typography_font_weight":"300","typography_line_height":{"unit":"em","size":1.6},"_margin":{"unit":"px","top":"-5","right":"0","bottom":"0","left":"0","isLinked":false},"_margin_mobile":{"unit":"px","top":"-10","right":"0","bottom":"-10","left":"0","isLinked":false}},"elements":[],"isInner":false,"widgetType":"text-editor","elType":"widget"},{"id":"38570a71","settings":{"form_name":"New Form","form_fields":[{"field_type":"text","field_label":"Name","placeholder":"Name","width":"100","_id":"ws2hbkk","required":"","field_options":"","inline_list":"","width_tablet":"","width_mobile":"","rows":4,"recaptcha_size":"normal","recaptcha_style":"light","css_classes":"","field_value":"","file_sizes":"","file_types":"","allow_multiple_upload":"","max_files":"","acceptance_text":"","checked_by_default":"","field_min":"","field_max":"","min_date":"","max_date":"","use_native_date":"","use_native_time":"","allow_multiple":"","select_size":"","field_html":""},{"field_type":"email","required":true,"field_label":"Email","placeholder":"Email","width":"100","_id":"13k7qic","field_options":"","inline_list":"","width_tablet":"","width_mobile":"","rows":4,"recaptcha_size":"normal","recaptcha_style":"light","css_classes":"","field_value":"","file_sizes":"","file_types":"","allow_multiple_upload":"","max_files":"","acceptance_text":"","checked_by_default":"","field_min":"","field_max":"","min_date":"","max_date":"","use_native_date":"","use_native_time":"","allow_multiple":"","select_size":"","field_html":""},{"field_type":"text","field_label":"Phone","placeholder":"Phone","width":"100","_id":"9qvq9sb","required":"","field_options":"","inline_list":"","width_tablet":"","width_mobile":"","rows":"1","recaptcha_size":"normal","recaptcha_style":"light","css_classes":"","field_value":"","file_sizes":"","file_types":"","allow_multiple_upload":"","max_files":"","acceptance_text":"","checked_by_default":"","field_min":"","field_max":"","min_date":"","max_date":"","use_native_date":"","use_native_time":"","allow_multiple":"","select_size":"","field_html":""}],"show_labels":"","button_text":"Get free session now! ","success_message":"The message was sent successfully!","error_message":"There's something wrong... Please fill in the required fields.","required_field_message":"Required","invalid_message":"There's something wrong... The form is invalid.","column_gap":{"unit":"px","size":"10"},"row_gap":{"unit":"px","size":"12"},"field_typography_typography":"custom","field_typography_font_size_tablet":{"unit":"px","size":"14"},"field_typography_font_family":"Roboto","field_typography_line_height":{"unit":"em","size":2.7},"field_border_width":{"unit":"px","top":"0","right":"0","bottom":"0","left":"0","isLinked":true},"field_border_radius":{"unit":"px","top":"30","right":"30","bottom":"30","left":"30","isLinked":true},"button_typography_typography":"custom","button_typography_font_size":{"unit":"px","size":"22"},"button_typography_font_size_tablet":{"unit":"px","size":"17"},"button_typography_text_transform":"capitalize","button_typography_line_height":{"unit":"em","size":"1.5"},"button_background_color":"#02aece","button_border_radius":{"unit":"px","top":"50","right":"50","bottom":"50","left":"50","isLinked":true},"button_hover_animation":"wobble-skew","email_content":"[all-fields]","email_content_2":"[all-fields]"},"elements":[],"isInner":false,"widgetType":"form","elType":"widget"}],"isInner":false,"elType":"column"},{"id":"51e91909","settings":{"_column_size":50,"_inline_size":null,"background_background":"classic","content_position":"bottom"},"elements":[{"id":"4d7b7783","settings":{"image":{"id":808,"url":"http:\/\/localhost\/test\/wp-content\/uploads\/2018\/09\/5-3.png"},"_margin":{"unit":"px","top":"0","right":"0","bottom":"0","left":"0","isLinked":false},"_margin_tablet":{"unit":"px","top":"0","right":"0","bottom":"0","left":"80","isLinked":false},"_padding":{"unit":"px","top":"120","right":"0","bottom":"0","left":"0","isLinked":false},"_padding_mobile":{"unit":"px","top":"40","right":"20","bottom":"0","left":"20","isLinked":false},"image_size":"full"},"elements":[],"isInner":false,"widgetType":"image","elType":"widget"}],"isInner":false,"elType":"column"}],"isInner":false,"elType":"section"},{"id":"15b0c533","settings":{"background_background":"classic","background_image":{"id":811,"url":"http:\/\/localhost\/test\/wp-content\/uploads\/2018\/09\/paula-borowska-1498.png"},"background_size":"cover","padding":{"unit":"px","top":"100","right":"100","bottom":"300","left":"100","isLinked":false},"padding_tablet":{"unit":"px","top":"80","right":"30","bottom":"150","left":"30","isLinked":false},"padding_mobile":{"unit":"px","top":"50","right":"25","bottom":"180","left":"25","isLinked":false},"shape_divider_bottom":"triangle-asymmetrical","shape_divider_bottom_color":"#5b43d0","shape_divider_bottom_width":{"unit":"%","size":165},"shape_divider_bottom_width_tablet":{"unit":"%","size":170},"shape_divider_bottom_width_mobile":{"unit":"%","size":164},"shape_divider_bottom_height":{"unit":"px","size":230},"shape_divider_bottom_height_tablet":{"unit":"px","size":156},"shape_divider_bottom_height_mobile":{"unit":"px","size":118},"content_width":{"unit":"px","size":"940"}},"elements":[{"id":"5232fc1d","settings":{"_column_size":100,"_inline_size":null},"elements":[{"id":"4baef6a6","settings":{"title":"There\u2019s no better time than the present!","align":"center","title_color":"#ffffff","typography_typography":"custom","typography_font_size":{"unit":"px","size":"35"},"typography_font_size_tablet":{"unit":"px","size":"30"},"typography_text_transform":"capitalize","typography_line_height_mobile":{"unit":"em","size":"1.3"}},"elements":[],"isInner":false,"widgetType":"heading","elType":"widget"},{"id":"3c7fcd9","settings":{"weight":{"unit":"px","size":"4"},"color":"#02aece","width":{"unit":"%","size":"7"},"align":"center","_margin_mobile":{"unit":"px","top":"-10","right":"0","bottom":"-10","left":"0","isLinked":false}},"elements":[],"isInner":false,"widgetType":"divider","elType":"widget"},{"id":"76768d0c","settings":{"editor":"<p>No matter what your goal is, I will do whatever in my powers to help it occur. Watch the video to see the process<\/p>","align":"center","text_color":"#e0e6ec","typography_typography":"custom","typography_font_size":{"unit":"px","size":"17"},"typography_font_size_mobile":{"unit":"px","size":"15"},"typography_font_weight":"300","typography_line_height":{"unit":"em","size":1.6},"_margin":{"unit":"px","top":"-5","right":"0","bottom":"0","left":"0","isLinked":false},"_padding":{"unit":"%","top":"0","right":"18","bottom":"0","left":"18","isLinked":false},"_padding_tablet":{"unit":"px","top":"0","right":"50","bottom":"0","left":"50","isLinked":false},"_padding_mobile":{"unit":"px","top":"0","right":"0","bottom":"10","left":"0","isLinked":false}},"elements":[],"isInner":false,"widgetType":"text-editor","elType":"widget"},{"id":"33be3d08","settings":{"link":"https:\/\/www.youtube.com\/watch?v=9uOETcuFjbE","vimeo_link":"https:\/\/vimeo.com\/170933924","show_image_overlay":"yes","image_overlay":{"id":810,"url":"http:\/\/localhost\/test\/wp-content\/uploads\/2018\/09\/john-towner-188594.png"},"_padding":{"unit":"px","top":"50","right":"0","bottom":"50","left":"0","isLinked":false},"_padding_mobile":{"unit":"px","top":"0","right":"0","bottom":"0","left":"0","isLinked":true},"youtube_url":"https:\/\/www.youtube.com\/watch?v=9uOETcuFjbE","vimeo_url":"https:\/\/vimeo.com\/235215203","dailymotion_url":"https:\/\/www.dailymotion.com\/video\/x6tqhqb"},"elements":[],"isInner":false,"widgetType":"video","elType":"widget"}],"isInner":false,"elType":"column"}],"isInner":false,"elType":"section"},{"id":"1ac11a39","settings":{"gap":"no","background_background":"gradient","background_color":"#5b43d0","background_color_b":"#8102ce","padding":{"unit":"px","top":"100","right":"100","bottom":"100","left":"100","isLinked":true},"padding_tablet":{"unit":"px","top":"20","right":"45","bottom":"80","left":"45","isLinked":false},"padding_mobile":{"unit":"px","top":"25","right":"25","bottom":"50","left":"25","isLinked":false}},"elements":[{"id":"198fb2a8","settings":{"_column_size":100,"_inline_size":null},"elements":[{"id":"f0c95f7","settings":{"title":"The six things that happen when you meet me","header_size":"h3","align":"center","title_color":"#ffffff","typography_typography":"custom","typography_font_size":{"unit":"px","size":"35"},"typography_font_size_tablet":{"unit":"px","size":"30"},"typography_line_height_tablet":{"unit":"em","size":1.3},"typography_letter_spacing_mobile":{"unit":"px","size":"0"},"_padding":{"unit":"px","top":"0","right":"0","bottom":"80","left":"0","isLinked":false},"_padding_tablet":{"unit":"px","top":"0","right":"80","bottom":"50","left":"80","isLinked":false},"_padding_mobile":{"unit":"px","top":"0","right":"0","bottom":"0","left":"0","isLinked":true},"typography_text_transform":"capitalize"},"elements":[],"isInner":false,"widgetType":"heading","elType":"widget"},{"id":"678848df","settings":{"gap":"no","structure":"30","padding":{"unit":"px","top":"0","right":"0","bottom":"0","left":"0","isLinked":false},"padding_mobile":{"unit":"px","top":"50","right":"30","bottom":"30","left":"30","isLinked":false}},"elements":[{"id":"11d3e6bf","settings":{"_column_size":33,"_inline_size":null,"margin":{"unit":"px","top":"0","right":"16","bottom":"0","left":"0","isLinked":false},"margin_tablet":{"unit":"px","top":"0","right":"30","bottom":"0","left":"0","isLinked":false},"margin_mobile":{"unit":"px","top":"0","right":"0","bottom":"0","left":"0","isLinked":true}},"elements":[{"id":"5df0fd8b","settings":{"image":{"id":812,"url":"http:\/\/localhost\/test\/wp-content\/uploads\/2018\/09\/Group-26.png"},"title_text":"Building strength","description_text":"Lorem ipsum dolor sit amet, consectetur adipiscing elit. Ut elit tellus luctus.","position":"left","title_color":"#ffffff","title_typography_typography":"custom","title_typography_font_size":{"unit":"px","size":"18"},"title_typography_font_size_tablet":{"unit":"px","size":"16"},"title_typography_font_size_mobile":{"unit":"px","size":"21"},"title_typography_font_weight":"500","title_typography_line_height":{"unit":"em","size":2.4},"description_color":"#e0e6ec","description_typography_typography":"custom","description_typography_font_size":{"unit":"px","size":"15"},"description_typography_font_size_tablet":{"unit":"px","size":"14"},"description_typography_font_size_mobile":{"unit":"px","size":"15"},"description_typography_font_weight":"300","description_typography_line_height":{"unit":"em","size":1.5}},"elements":[],"isInner":false,"widgetType":"image-box","elType":"widget"}],"isInner":true,"elType":"column"},{"id":"611a312d","settings":{"_column_size":33,"_inline_size":null,"margin":{"unit":"px","top":"0","right":"8","bottom":"0","left":"8","isLinked":false},"margin_tablet":{"unit":"px","top":"0","right":"15","bottom":"0","left":"15","isLinked":false},"margin_mobile":{"unit":"px","top":"40","right":"0","bottom":"40","left":"0","isLinked":false},"padding_mobile":{"unit":"px","top":"0","right":"0","bottom":"0","left":"0","isLinked":true}},"elements":[{"id":"6743e5fb","settings":{"image":{"id":813,"url":"http:\/\/localhost\/test\/wp-content\/uploads\/2018\/09\/Group-23.png"},"title_text":"Learning on the go","description_text":"Lorem ipsum dolor sit amet, consectetur adipiscing elit. Ut elit  nec ullamcorper tis.","position":"left","title_color":"#ffffff","title_typography_typography":"custom","title_typography_font_size":{"unit":"px","size":"18"},"title_typography_font_size_tablet":{"unit":"px","size":"16"},"title_typography_font_size_mobile":{"unit":"px","size":"21"},"title_typography_font_weight":"500","title_typography_line_height":{"unit":"em","size":2.4},"description_color":"#e0e6ec","description_typography_typography":"custom","description_typography_font_size":{"unit":"px","size":"15"},"description_typography_font_size_tablet":{"unit":"px","size":"14"},"description_typography_font_size_mobile":{"unit":"px","size":"15"},"description_typography_font_weight":"300","description_typography_line_height":{"unit":"em","size":1.5}},"elements":[],"isInner":false,"widgetType":"image-box","elType":"widget"}],"isInner":true,"elType":"column"},{"id":"7f2ea9a3","settings":{"_column_size":33,"_inline_size":null,"margin":{"unit":"px","top":"0","right":"0","bottom":"0","left":"16","isLinked":false},"margin_tablet":{"unit":"px","top":"0","right":"0","bottom":"0","left":"30","isLinked":false},"margin_mobile":{"unit":"px","top":"0","right":"0","bottom":"0","left":"0","isLinked":true},"padding_mobile":{"unit":"px","top":"0","right":"0","bottom":"0","left":"0","isLinked":true}},"elements":[{"id":"4bbf830","settings":{"image":{"id":814,"url":"http:\/\/localhost\/test\/wp-content\/uploads\/2018\/09\/Group-24.png"},"title_text":"Fixing the mindset","description_text":"Lorem ipsum dolor sit amet, consectetur. Ut elit tellus, luctus nec ullamcorper mattis.","position":"left","title_color":"#ffffff","title_typography_typography":"custom","title_typography_font_size":{"unit":"px","size":"18"},"title_typography_font_size_tablet":{"unit":"px","size":"16"},"title_typography_font_size_mobile":{"unit":"px","size":"21"},"title_typography_font_weight":"500","title_typography_line_height":{"unit":"em","size":2.4},"description_color":"#e0e6ec","description_typography_typography":"custom","description_typography_font_size":{"unit":"px","size":"15"},"description_typography_font_size_tablet":{"unit":"px","size":"14"},"description_typography_font_size_mobile":{"unit":"px","size":"15"},"description_typography_font_weight":"300","description_typography_line_height":{"unit":"em","size":1.5}},"elements":[],"isInner":false,"widgetType":"image-box","elType":"widget"}],"isInner":true,"elType":"column"}],"isInner":true,"elType":"section"},{"id":"1f3bf7bc","settings":{"gap":"no","structure":"30","padding":{"unit":"px","top":"50","right":"0","bottom":"0","left":"0","isLinked":false},"padding_mobile":{"unit":"px","top":"0","right":"30","bottom":"30","left":"30","isLinked":false}},"elements":[{"id":"626c6720","settings":{"_column_size":33,"_inline_size":null,"margin":{"unit":"px","top":"0","right":"16","bottom":"0","left":"0","isLinked":false},"margin_tablet":{"unit":"px","top":"0","right":"30","bottom":"0","left":"0","isLinked":false},"margin_mobile":{"unit":"px","top":"0","right":"0","bottom":"0","left":"0","isLinked":true},"padding_mobile":{"unit":"px","top":"0","right":"0","bottom":"0","left":"0","isLinked":true}},"elements":[{"id":"5837cf95","settings":{"image":{"id":815,"url":"http:\/\/localhost\/test\/wp-content\/uploads\/2018\/09\/Group-25.png"},"title_text":"Improve your lungs","description_text":"Lorem ipsum dolor sit amet, consectetur. Ut elit tellus, luctus nec ullamcorper mattis.","position":"left","title_color":"#ffffff","title_typography_typography":"custom","title_typography_font_size":{"unit":"px","size":"18"},"title_typography_font_size_tablet":{"unit":"px","size":"16"},"title_typography_font_size_mobile":{"unit":"px","size":"21"},"title_typography_font_weight":"500","title_typography_line_height":{"unit":"em","size":2.4},"description_color":"#e0e6ec","description_typography_typography":"custom","description_typography_font_size":{"unit":"px","size":"15"},"description_typography_font_size_tablet":{"unit":"px","size":"14"},"description_typography_font_size_mobile":{"unit":"px","size":"15"},"description_typography_font_weight":"300","description_typography_line_height":{"unit":"em","size":1.5}},"elements":[],"isInner":false,"widgetType":"image-box","elType":"widget"}],"isInner":true,"elType":"column"},{"id":"f04e0bd","settings":{"_column_size":33,"_inline_size":null,"margin":{"unit":"px","top":"0","right":"8","bottom":"0","left":"8","isLinked":false},"margin_tablet":{"unit":"px","top":"0","right":"15","bottom":"0","left":"15","isLinked":false},"margin_mobile":{"unit":"px","top":"30","right":"0","bottom":"30","left":"0","isLinked":false}},"elements":[{"id":"7777b0cc","settings":{"image":{"id":816,"url":"http:\/\/localhost\/test\/wp-content\/uploads\/2018\/09\/Group-22.png"},"title_text":"Flexible manuvers","description_text":"Lorem ipsum dolor sit amet, consectetur adipiscing elit. Ut elit  nec ullamcorper tis.","position":"left","title_color":"#ffffff","title_typography_typography":"custom","title_typography_font_size":{"unit":"px","size":"18"},"title_typography_font_size_tablet":{"unit":"px","size":"16"},"title_typography_font_size_mobile":{"unit":"px","size":"21"},"title_typography_font_weight":"500","title_typography_line_height":{"unit":"em","size":2.4},"description_color":"#e0e6ec","description_typography_typography":"custom","description_typography_font_size":{"unit":"px","size":"15"},"description_typography_font_size_tablet":{"unit":"px","size":"14"},"description_typography_font_size_mobile":{"unit":"px","size":"15"},"description_typography_font_weight":"300","description_typography_line_height":{"unit":"em","size":1.5},"_margin_mobile":{"unit":"px","top":"30","right":"0","bottom":"30","left":"0","isLinked":false},"_padding_mobile":{"unit":"px","top":"0","right":"0","bottom":"0","left":"0","isLinked":true}},"elements":[],"isInner":false,"widgetType":"image-box","elType":"widget"}],"isInner":true,"elType":"column"},{"id":"49ada1c2","settings":{"_column_size":33,"_inline_size":null,"margin":{"unit":"px","top":"0","right":"0","bottom":"0","left":"16","isLinked":false},"margin_tablet":{"unit":"px","top":"0","right":"0","bottom":"0","left":"30","isLinked":false},"margin_mobile":{"unit":"px","top":"0","right":"0","bottom":"0","left":"0","isLinked":false},"padding_mobile":{"unit":"px","top":"0","right":"0","bottom":"0","left":"0","isLinked":true}},"elements":[{"id":"422a473","settings":{"image":{"id":817,"url":"http:\/\/localhost\/test\/wp-content\/uploads\/2018\/09\/Group-20.png"},"title_text":"Great heart pace","description_text":"Lorem ipsum dolor sit amet, consectetur adipiscing elit. Ut elit tellus luctus.","position":"left","title_color":"#ffffff","title_typography_typography":"custom","title_typography_font_size":{"unit":"px","size":"18"},"title_typography_font_size_tablet":{"unit":"px","size":"16"},"title_typography_font_size_mobile":{"unit":"px","size":"21"},"title_typography_font_weight":"500","title_typography_line_height":{"unit":"em","size":2.4},"description_color":"#e0e6ec","description_typography_typography":"custom","description_typography_font_size":{"unit":"px","size":"15"},"description_typography_font_size_tablet":{"unit":"px","size":"14"},"description_typography_font_size_mobile":{"unit":"px","size":"15"},"description_typography_font_weight":"300","description_typography_line_height":{"unit":"em","size":1.5},"_margin_mobile":{"unit":"px","top":"0","right":"0","bottom":"0","left":"0","isLinked":true},"_padding_mobile":{"unit":"px","top":"0","right":"0","bottom":"0","left":"0","isLinked":true}},"elements":[],"isInner":false,"widgetType":"image-box","elType":"widget"}],"isInner":true,"elType":"column"}],"isInner":true,"elType":"section"}],"isInner":false,"elType":"column"}],"isInner":false,"elType":"section"},{"id":"192bc63c","settings":{"gap":"no","background_background":"classic","background_color":"#ddeff9","padding":{"unit":"px","top":"100","right":"100","bottom":"50","left":"100","isLinked":false},"padding_tablet":{"unit":"px","top":"60","right":"20","bottom":"20","left":"20","isLinked":false},"padding_mobile":{"unit":"px","top":"50","right":"20","bottom":"0","left":"20","isLinked":false}},"elements":[{"id":"4eae2c0b","settings":{"_column_size":100,"_inline_size":null},"elements":[{"id":"62e7b48c","settings":{"title":"My trainees say","header_size":"h4","align":"center","title_color":"#000000","typography_typography":"custom","typography_font_size":{"unit":"px","size":"35"},"typography_font_size_tablet":{"unit":"px","size":"30"},"_padding":{"unit":"px","top":"0","right":"0","bottom":"80","left":"0","isLinked":false},"_padding_tablet":{"unit":"px","top":"0","right":"0","bottom":"30","left":"0","isLinked":false},"typography_text_transform":"capitalize"},"elements":[],"isInner":false,"widgetType":"heading","elType":"widget"},{"id":"37f8078b","settings":{"structure":"40","padding_mobile":{"unit":"px","top":"0","right":"15","bottom":"0","left":"15","isLinked":false}},"elements":[{"id":"5d2890a6","settings":{"_column_size":25,"_inline_size":null,"background_background":"classic","background_color":"#ffffff","margin":{"unit":"px","top":"0","right":"08","bottom":"0","left":"8","isLinked":false},"margin_mobile":{"unit":"px","top":"0","right":"0","bottom":"40","left":"0","isLinked":false},"padding":{"unit":"px","top":"30","right":"30","bottom":"30","left":"30","isLinked":true},"padding_tablet":{"unit":"px","top":"20","right":"10","bottom":"20","left":"10","isLinked":false},"padding_mobile":{"unit":"px","top":"20","right":"20","bottom":"20","left":"20","isLinked":true}},"elements":[{"id":"2a20a360","settings":{"image":{"id":818,"url":"http:\/\/localhost\/test\/wp-content\/uploads\/2018\/09\/xlk1czdb8aa-brooke-cagle.png"},"space":{"unit":"%","size":"50"},"_padding":{"unit":"px","top":"0","right":"0","bottom":"20","left":"0","isLinked":false},"_padding_tablet":{"unit":"px","top":"0","right":"0","bottom":"0","left":"0","isLinked":true},"_padding_mobile":{"unit":"px","top":"10","right":"0","bottom":"10","left":"0","isLinked":false}},"elements":[],"isInner":false,"widgetType":"image","elType":"widget"},{"id":"23ef435","settings":{"icon":"fa fa-quote-left","title_text":"I just love you Kim, you fixed my life and made me a better person. How did you do it?","description_text":"Dora Handle","primary_color":"#02aece","icon_space":{"unit":"px","size":"10"},"icon_size":{"unit":"px","size":"28"},"title_bottom_space":{"unit":"px","size":"10"},"title_color":"#7a7a7a","title_typography_typography":"custom","title_typography_font_size":{"unit":"px","size":"13"},"title_typography_font_size_mobile":{"unit":"px","size":"15"},"title_typography_font_weight":"300","title_typography_line_height":{"unit":"em","size":1.6},"description_color":"#54595f","description_typography_typography":"custom","description_typography_font_size":{"unit":"px","size":"18"},"description_typography_font_weight":"700"},"elements":[],"isInner":false,"widgetType":"icon-box","elType":"widget"}],"isInner":true,"elType":"column"},{"id":"4b7446de","settings":{"_column_size":25,"_inline_size":null,"background_background":"classic","background_color":"#ffffff","margin":{"unit":"px","top":"0","right":"08","bottom":"0","left":"8","isLinked":false},"margin_mobile":{"unit":"px","top":"0","right":"0","bottom":"40","left":"0","isLinked":false},"padding":{"unit":"px","top":"30","right":"30","bottom":"30","left":"30","isLinked":true},"padding_tablet":{"unit":"px","top":"20","right":"10","bottom":"20","left":"10","isLinked":false},"padding_mobile":{"unit":"px","top":"20","right":"20","bottom":"20","left":"20","isLinked":true}},"elements":[{"id":"3765d4d","settings":{"image":{"id":819,"url":"http:\/\/localhost\/test\/wp-content\/uploads\/2018\/09\/iegyacy101s-angello-lopez.png"},"space":{"unit":"%","size":"50"},"_padding":{"unit":"px","top":"0","right":"0","bottom":"20","left":"0","isLinked":false},"_padding_tablet":{"unit":"px","top":"0","right":"0","bottom":"0","left":"0","isLinked":true},"_padding_mobile":{"unit":"px","top":"10","right":"0","bottom":"10","left":"0","isLinked":false}},"elements":[],"isInner":false,"widgetType":"image","elType":"widget"},{"id":"7fcc4e34","settings":{"icon":"fa fa-quote-left","title_text":"I'm someone who struggled with weight. Kim helped me get in better shape.","description_text":"David Shlemer","primary_color":"#02aece","icon_space":{"unit":"px","size":"10"},"icon_size":{"unit":"px","size":"28"},"title_bottom_space":{"unit":"px","size":"10"},"title_color":"#7a7a7a","title_typography_typography":"custom","title_typography_font_size":{"unit":"px","size":"13"},"title_typography_font_size_mobile":{"unit":"px","size":"15"},"title_typography_font_weight":"300","title_typography_line_height":{"unit":"em","size":1.6},"description_color":"#54595f","description_typography_typography":"custom","description_typography_font_size":{"unit":"px","size":"18"},"description_typography_font_weight":"700"},"elements":[],"isInner":false,"widgetType":"icon-box","elType":"widget"}],"isInner":true,"elType":"column"},{"id":"c8fdaf4","settings":{"_column_size":25,"_inline_size":null,"background_background":"classic","background_color":"#ffffff","margin":{"unit":"px","top":"0","right":"08","bottom":"0","left":"8","isLinked":false},"margin_mobile":{"unit":"px","top":"0","right":"0","bottom":"40","left":"0","isLinked":false},"padding":{"unit":"px","top":"30","right":"30","bottom":"30","left":"30","isLinked":true},"padding_tablet":{"unit":"px","top":"20","right":"10","bottom":"20","left":"10","isLinked":false},"padding_mobile":{"unit":"px","top":"20","right":"20","bottom":"20","left":"20","isLinked":true}},"elements":[{"id":"60067d38","settings":{"image":{"id":820,"url":"http:\/\/localhost\/test\/wp-content\/uploads\/2018\/09\/https-www.pexels.com-photo-fashion-person-woman-girl-1654-.png"},"space":{"unit":"%","size":"50"},"_padding":{"unit":"px","top":"0","right":"0","bottom":"20","left":"0","isLinked":false},"_padding_tablet":{"unit":"px","top":"0","right":"0","bottom":"0","left":"0","isLinked":true},"_padding_mobile":{"unit":"px","top":"10","right":"0","bottom":"10","left":"0","isLinked":false}},"elements":[],"isInner":false,"widgetType":"image","elType":"widget"},{"id":"63a601d0","settings":{"icon":"fa fa-quote-left","title_text":"Now I am fit like the girls you see on MTV. While that wasn't my initial goal, now I'm really into it.","description_text":"Tara Malnic","primary_color":"#02aece","icon_space":{"unit":"px","size":"10"},"icon_size":{"unit":"px","size":"28"},"title_bottom_space":{"unit":"px","size":"10"},"title_color":"#7a7a7a","title_typography_typography":"custom","title_typography_font_size":{"unit":"px","size":"13"},"title_typography_font_size_mobile":{"unit":"px","size":"15"},"title_typography_font_weight":"300","title_typography_line_height":{"unit":"em","size":1.6},"description_color":"#54595f","description_typography_typography":"custom","description_typography_font_size":{"unit":"px","size":"18"},"description_typography_font_weight":"700"},"elements":[],"isInner":false,"widgetType":"icon-box","elType":"widget"}],"isInner":true,"elType":"column"},{"id":"529c78af","settings":{"_column_size":25,"_inline_size":null,"background_background":"classic","background_color":"#ffffff","margin":{"unit":"px","top":"0","right":"08","bottom":"0","left":"8","isLinked":false},"margin_mobile":{"unit":"px","top":"0","right":"0","bottom":"40","left":"0","isLinked":false},"padding":{"unit":"px","top":"30","right":"30","bottom":"30","left":"30","isLinked":true},"padding_tablet":{"unit":"px","top":"20","right":"10","bottom":"20","left":"10","isLinked":false},"padding_mobile":{"unit":"px","top":"20","right":"20","bottom":"20","left":"20","isLinked":false}},"elements":[{"id":"4be73551","settings":{"image":{"id":821,"url":"http:\/\/localhost\/test\/wp-content\/uploads\/2018\/09\/https-www.pexels.com-photo-portrait-black-and-white-girl-wondering-28251-.png"},"space":{"unit":"%","size":"50"},"_padding":{"unit":"px","top":"0","right":"0","bottom":"20","left":"0","isLinked":false},"_padding_tablet":{"unit":"px","top":"0","right":"0","bottom":"0","left":"0","isLinked":true},"_padding_mobile":{"unit":"px","top":"10","right":"0","bottom":"10","left":"0","isLinked":false}},"elements":[],"isInner":false,"widgetType":"image","elType":"widget"},{"id":"2dcdcf5b","settings":{"icon":"fa fa-quote-left","title_text":"The workout helped with my depression and low self esteem, as well as with my abs.","description_text":"Mika Sumner","primary_color":"#02aece","icon_space":{"unit":"px","size":"10"},"icon_size":{"unit":"px","size":"28"},"title_bottom_space":{"unit":"px","size":"10"},"title_color":"#7a7a7a","title_typography_typography":"custom","title_typography_font_size":{"unit":"px","size":"13"},"title_typography_font_size_mobile":{"unit":"px","size":"15"},"title_typography_font_weight":"300","title_typography_line_height":{"unit":"em","size":1.6},"description_color":"#54595f","description_typography_typography":"custom","description_typography_font_size":{"unit":"px","size":"18"},"description_typography_font_weight":"700"},"elements":[],"isInner":false,"widgetType":"icon-box","elType":"widget"}],"isInner":true,"elType":"column"}],"isInner":true,"elType":"section"}],"isInner":false,"elType":"column"}],"isInner":false,"elType":"section"},{"id":"f7d7232","settings":{"content_position":"bottom","structure":"20","background_background":"classic","background_image":{"id":822,"url":"http:\/\/localhost\/test\/wp-content\/uploads\/2018\/09\/joseph-barrientos-82309.png"},"background_size":"cover","padding":{"unit":"px","top":"270","right":"100","bottom":"100","left":"100","isLinked":false},"padding_tablet":{"unit":"px","top":"200","right":"30","bottom":"80","left":"30","isLinked":false},"padding_mobile":{"unit":"px","top":"150","right":"20","bottom":"50","left":"20","isLinked":false},"shape_divider_top":"triangle-asymmetrical","shape_divider_top_color":"#ddeff9","shape_divider_top_width":{"unit":"%","size":"165"},"shape_divider_top_width_tablet":{"unit":"%","size":"170"},"shape_divider_top_width_mobile":{"unit":"%","size":"164"},"shape_divider_top_height":{"unit":"px","size":"230"},"shape_divider_top_height_tablet":{"unit":"px","size":"165"},"shape_divider_top_height_mobile":{"unit":"px","size":"118"}},"elements":[{"id":"79c5c2d5","settings":{"_column_size":50,"_inline_size":"69.238"},"elements":[{"id":"357c6105","settings":{"title":"Why wait? Put on your \nrunning shoes and let\u2019s rock it!","align":"left","align_mobile":"center","title_color":"#ffffff","typography_typography":"custom","typography_font_size":{"unit":"px","size":"48"},"typography_font_size_tablet":{"unit":"px","size":"31"},"typography_line_height":{"unit":"em","size":"1.2"},"typography_line_height_mobile":{"unit":"em","size":"1.3"},"_padding":{"unit":"px","top":"0","right":"0","bottom":"10","left":"0","isLinked":false},"typography_text_transform":"capitalize"},"elements":[],"isInner":false,"widgetType":"heading","elType":"widget"},{"id":"5248b3ec","settings":{"title":"free first session this month only","header_size":"h5","align":"left","align_mobile":"center","title_color":"#02aece","typography_typography":"custom","typography_font_size":{"unit":"px","size":"25"},"typography_font_size_tablet":{"unit":"px","size":"20"},"typography_font_size_mobile":{"unit":"px","size":"18"},"typography_font_weight":"500","typography_line_height":{"unit":"em","size":"1.2"},"_padding":{"unit":"px","top":"0","right":"0","bottom":"0","left":"0","isLinked":false}},"elements":[],"isInner":false,"widgetType":"heading","elType":"widget"}],"isInner":false,"elType":"column"},{"id":"77c15df4","settings":{"_column_size":50,"_inline_size":"30.762"},"elements":[{"id":"18f56034","settings":{"text":"hell yeah...","align":"right","align_mobile":"justify","typography_typography":"custom","typography_font_size":{"unit":"px","size":"22"},"typography_font_size_tablet":{"unit":"px","size":"18"},"typography_font_size_mobile":{"unit":"px","size":"22"},"typography_letter_spacing":{"unit":"px","size":"1"},"background_color":"#02aece","hover_color":"#ffffff","button_background_hover_color":"rgba(0,0,0,0)","button_hover_border_color":"#ffffff","border_border":"solid","border_color":"#02aece","border_radius":{"unit":"px","top":"50","right":"50","bottom":"50","left":"50","isLinked":true},"text_padding":{"unit":"px","top":"15","right":"50","bottom":"15","left":"50","isLinked":false},"_padding_mobile":{"unit":"px","top":"20","right":"0","bottom":"0","left":"0","isLinked":false}},"elements":[],"isInner":false,"widgetType":"button","elType":"widget"}],"isInner":false,"elType":"column"}],"isInner":false,"elType":"section"}]}