{"version":"0.4","title":"LandingPage-MobileApp2-page","type":"page","content":[{"id":"68009bf9","settings":{"gap":"no","structure":"20","background_background":"gradient","background_color":"#c96dd8","background_color_b":"#3023ae","background_gradient_angle":{"unit":"deg","size":40},"shape_divider_bottom":"waves","shape_divider_bottom_width":{"unit":"%","size":111},"shape_divider_bottom_height":{"unit":"px","size":280},"shape_divider_bottom_above_content":"yes","padding":{"unit":"px","top":"130","right":"0","bottom":"0","left":"0","isLinked":false},"margin":{"unit":"px","top":"0","right":0,"bottom":"0","left":0,"isLinked":false},"shape_divider_bottom_width_mobile":{"unit":"%","size":138},"shape_divider_bottom_height_mobile":{"unit":"px","size":111},"margin_mobile":{"unit":"px","top":"0","right":0,"bottom":"0","left":0,"isLinked":true},"padding_mobile":{"unit":"px","top":"120","right":"0","bottom":"0","left":"0","isLinked":false},"reverse_order_mobile":"reverse-mobile","shape_divider_bottom_width_tablet":{"unit":"%","size":100},"shape_divider_bottom_height_tablet":{"unit":"px","size":144}},"elements":[{"id":"35e2dc4a","settings":{"_column_size":50,"_inline_size":"45.526","margin_mobile":{"unit":"px","top":"0","right":"0","bottom":"0","left":"0","isLinked":true},"padding_mobile":{"unit":"px","top":"0","right":"0","bottom":"0","left":"0","isLinked":true}},"elements":[{"id":"4f5fc9ce","settings":{"image":{"id":647,"url":"http:\/\/localhost\/test\/wp-content\/uploads\/2018\/09\/f.png"},"align":"left","space":{"unit":"%","size":"80"},"_margin":{"unit":"px","top":"0","right":"0","bottom":"-5","left":"0","isLinked":false},"_margin_mobile":{"unit":"px","top":"0","right":"0","bottom":"130","left":"10","isLinked":false},"image_size":"full"},"elements":[],"isInner":false,"widgetType":"image","elType":"widget"}],"isInner":false,"elType":"column"},{"id":"6ea849cc","settings":{"_column_size":50,"_inline_size":"54.474","padding":{"unit":"%","top":"0","right":"10","bottom":"0","left":"0","isLinked":false},"border_radius":{"unit":"px","top":"0","right":"0","bottom":"0","left":"0","isLinked":false},"padding_mobile":{"unit":"px","top":"0","right":"30","bottom":"0","left":"30","isLinked":false}},"elements":[{"id":"2991c6a7","settings":{"image":{"id":648,"url":"http:\/\/localhost\/test\/wp-content\/uploads\/2018\/09\/ds-1.png"},"align":"left","space":{"unit":"%","size":"30"},"_padding":{"unit":"px","top":"20","right":"0","bottom":"20","left":"0","isLinked":false},"align_tablet":"left","_padding_tablet":{"unit":"px","top":"0","right":"0","bottom":"0","left":"0","isLinked":true},"_margin_mobile":{"unit":"px","top":"0","right":"0","bottom":"0","left":"0","isLinked":true},"_padding_mobile":{"unit":"px","top":"0","right":"0","bottom":"0","left":"0","isLinked":true}},"elements":[],"isInner":false,"widgetType":"image","elType":"widget"},{"id":"7755fa5a","settings":{"title":"Never forget an idea again","title_color":"#ffffff","typography_typography":"custom","typography_font_size":{"unit":"px","size":"43"},"typography_font_family":"Ubuntu Condensed","_padding":{"unit":"px","top":"20","right":"0","bottom":"0","left":"0","isLinked":false},"typography_font_size_tablet":{"unit":"px","size":"35"},"align_mobile":"center","typography_font_size_mobile":{"unit":"px","size":"28"}},"elements":[],"isInner":false,"widgetType":"heading","elType":"widget"},{"id":"164d1294","settings":{"editor":"<p>This app does everything you could possibly want it to do and not only that, it is beautifully designed and extremely intuitive to use.\u00a0Download it for FREE in the app store today.<\/p>","text_color":"rgba(255,255,255,0.81)","typography_typography":"custom","typography_font_size":{"unit":"px","size":"16"},"typography_font_family":"Ubuntu","typography_font_weight":"300","typography_line_height":{"unit":"em","size":"1.7"},"align":"left","align_mobile":"center"},"elements":[],"isInner":false,"widgetType":"text-editor","elType":"widget"},{"id":"4ce4d577","settings":{"form_name":"New Form","form_fields":[{"field_type":"email","required":true,"field_label":"Email","placeholder":"Email","width":"75","_id":"difffph","field_options":"","inline_list":"","width_tablet":"","width_mobile":"60","rows":4,"recaptcha_size":"normal","recaptcha_style":"light","css_classes":"","form_fields_tabs":"","form_fields_content_tab":"","form_fields_advanced_tab":"","shortcode":"","field_value":"","file_sizes":"","file_types":"","allow_multiple_upload":"","max_files":"","acceptance_text":"","checked_by_default":"","field_min":"","field_max":"","min_date":"","max_date":"","use_native_date":"","use_native_time":"","allow_multiple":"","select_size":"","field_html":""}],"input_size":"md","show_labels":"","button_text":"get it","button_size":"md","button_width":"25","success_message":"The message was sent successfully!","error_message":"There's something wrong... Please fill in the required fields.","required_field_message":"Required","invalid_message":"There's something wrong... The form is invalid.","column_gap":{"unit":"px","size":0},"field_text_color":"#3a3a3a","field_typography_typography":"custom","field_typography_font_family":"Ubuntu","field_border_width":{"unit":"px","top":"0","right":"0","bottom":"0","left":"0","isLinked":true},"field_border_radius":{"unit":"px","top":"50","right":"0","bottom":"0","left":"50","isLinked":false},"button_typography_typography":"custom","button_typography_font_family":"Ubuntu","button_background_color":"#50d0e3","button_border_radius":{"unit":"px","top":"0","right":"50","bottom":"50","left":"0","isLinked":false},"_padding":{"unit":"px","top":"15","right":"30","bottom":"10","left":"0","isLinked":false},"field_typography_text_transform":"lowercase","button_typography_font_size":{"unit":"px","size":"18"},"button_typography_text_transform":"lowercase","button_typography_letter_spacing":{"unit":"px","size":"1.5"},"submit_actions":[],"field_typography_font_size_tablet":{"unit":"px","size":"17"},"button_typography_font_size_tablet":{"unit":"px","size":"17"},"field_border_color":"#ffffff","_padding_mobile":{"unit":"px","top":"0","right":"0","bottom":"20","left":"0","isLinked":false},"button_width_mobile":"40","field_typography_font_size":{"unit":"px","size":"18"},"button_background_hover_color":"#c96dd8","email_content":"[all-fields]","email_content_2":"[all-fields]","subscriber_already_exists_message":"Subscriber already exist."},"elements":[],"isInner":false,"widgetType":"form","elType":"widget"},{"id":"5fbeee8f","settings":{"gap":"no","structure":"20","padding":{"unit":"px","top":"30","right":"0","bottom":"0","left":"0","isLinked":false},"margin_tablet":{"unit":"px","top":"0","right":0,"bottom":"0","left":0,"isLinked":true},"padding_tablet":{"unit":"px","top":"0","right":"0","bottom":"0","left":"0","isLinked":true},"padding_mobile":{"unit":"px","top":"0","right":"0","bottom":"60","left":"0","isLinked":false},"hide_tablet":"hidden-tablet"},"elements":[{"id":"41a22a8","settings":{"_column_size":50,"_inline_size":"31.306","screen_sm":"custom","screen_sm_width":"50"},"elements":[{"id":"48fd911f","settings":{"text":"PlayStore","size":"lg","icon":"fa fa-android","icon_indent":{"unit":"px","size":16},"background_color":"#000000","typography_typography":"custom","typography_font_family":"Roboto","typography_font_weight":"200","typography_font_size":{"unit":"px","size":"15"},"button_text_color":"#ffffff","text_padding":{"unit":"px","top":"15","right":"25","bottom":"15","left":"25","isLinked":false},"typography_font_size_tablet":{"unit":"px","size":"10"},"typography_font_size_mobile":{"unit":"px","size":"15"},"hover_animation":"grow"},"elements":[],"isInner":false,"widgetType":"button","elType":"widget"}],"isInner":true,"elType":"column"},{"id":"72b9118d","settings":{"_column_size":50,"_inline_size":"68.694","screen_sm":"custom","screen_sm_width":"50"},"elements":[{"id":"454288bd","settings":{"text":"AppStore","size":"lg","icon":"fa fa-apple","icon_indent":{"unit":"px","size":16},"background_color":"#000000","typography_typography":"custom","typography_font_family":"Roboto","typography_font_weight":"200","typography_font_size":{"unit":"px","size":"15"},"text_padding":{"unit":"px","top":"15","right":"25","bottom":"15","left":"25","isLinked":false},"align":"left","align_mobile":"right","typography_font_size_tablet":{"unit":"px","size":"10"},"_padding":{"unit":"%","top":"","right":"","bottom":"","left":"","isLinked":true},"_padding_tablet":{"unit":"%","top":"","right":"","bottom":"","left":"","isLinked":true},"typography_font_size_mobile":{"unit":"px","size":"15"},"hover_animation":"grow"},"elements":[],"isInner":false,"widgetType":"button","elType":"widget"}],"isInner":true,"elType":"column"}],"isInner":true,"elType":"section"}],"isInner":false,"elType":"column"}],"isInner":false,"elType":"section"},{"id":"14a20eef","settings":{"padding":{"unit":"px","top":"150","right":"0","bottom":"0","left":"0","isLinked":false},"padding_tablet":{"unit":"px","top":"100","right":"0","bottom":"0","left":"0","isLinked":false}},"elements":[{"id":"5c7676ae","settings":{"_column_size":100,"_inline_size":null},"elements":[{"id":"79d19141","settings":{"title":"Save your creativity","title_color":"#000000","typography_typography":"custom","typography_font_size":{"unit":"px","size":"40"},"typography_font_family":"Ubuntu Condensed","_padding":{"unit":"px","top":"0","right":"0","bottom":"70","left":"0","isLinked":false},"align":"center","typography_font_size_tablet":{"unit":"px","size":"35"},"_margin_tablet":{"unit":"px","top":"-30","right":"0","bottom":"0","left":"0","isLinked":false},"typography_font_size_mobile":{"unit":"px","size":"33"},"typography_line_height_mobile":{"unit":"em","size":"1.3"},"_margin_mobile":{"unit":"px","top":"0","right":"0","bottom":"0","left":"0","isLinked":false},"_padding_mobile":{"unit":"px","top":"0","right":"0","bottom":"0","left":"0","isLinked":true}},"elements":[],"isInner":false,"widgetType":"heading","elType":"widget"}],"isInner":false,"elType":"column"}],"isInner":false,"elType":"section"},{"id":"2c8af3a7","settings":{"structure":"30","background_background":"gradient","shape_divider_bottom":"mountains","shape_divider_bottom_color":"#3023ae","padding":{"unit":"px","top":"0","right":"0","bottom":"300","left":"0","isLinked":false},"margin_tablet":{"unit":"px","top":"0","right":0,"bottom":"0","left":0,"isLinked":false},"padding_tablet":{"unit":"px","top":"0","right":"20","bottom":"150","left":"20","isLinked":false},"shape_divider_bottom_width_mobile":{"unit":"%","size":200},"shape_divider_bottom_height_mobile":{"unit":"px","size":164},"margin_mobile":{"unit":"px","top":"0","right":0,"bottom":"0","left":0,"isLinked":true},"padding_mobile":{"unit":"px","top":"0","right":"0","bottom":"200","left":"0","isLinked":false}},"elements":[{"id":"551235b","settings":{"_column_size":33,"_inline_size":null,"content_position":"center","margin":{"unit":"%","top":"0","right":"10","bottom":"0","left":"0","isLinked":false},"margin_mobile":{"unit":"px","top":"0","right":"0","bottom":"0","left":"0","isLinked":true},"padding_tablet":{"unit":"px","top":"0","right":"0","bottom":"0","left":"0","isLinked":true},"padding_mobile":{"unit":"%","top":"0","right":"13","bottom":"0","left":"13","isLinked":false}},"elements":[{"id":"72f8414d","settings":{"icon":"fa fa-500px","title_text":"Cloud availability","description_text":"Lorem ipsum dolor sit amet, consectetur adipiscing elit","position":"left","primary_color":"#50d0e3","icon_space":{"unit":"px","size":"20"},"icon_size":{"unit":"px","size":"50"},"icon_padding":{"unit":"px","size":"25"},"hover_secondary_color":"#ffffff","title_bottom_space":{"unit":"px","size":7},"title_color":"#000000","title_typography_typography":"custom","title_typography_font_size":{"unit":"px","size":"25"},"title_typography_font_family":"Ubuntu Condensed","title_typography_font_weight":"600","description_color":"#636363","description_typography_typography":"custom","description_typography_font_size":{"unit":"px","size":"16"},"description_typography_font_family":"Ubuntu","description_typography_font_weight":"300","description_typography_line_height":{"unit":"em","size":"1.5"},"_border_width":{"unit":"px","top":"0","right":"0","bottom":"0","left":"1","isLinked":false},"title_typography_font_size_tablet":{"unit":"px","size":"18"},"description_typography_font_size_tablet":{"unit":"px","size":"14"},"title_typography_font_size_mobile":{"unit":"px","size":"25"},"description_typography_font_size_mobile":{"unit":"px","size":"16"}},"elements":[],"isInner":false,"widgetType":"icon-box","elType":"widget"},{"id":"bc12399","settings":{"icon":"fa fa-codepen","title_text":"Platform integration","description_text":"Lorem ipsum dolor sit amet cursusism sed dolor ","position":"left","primary_color":"#50d0e3","icon_space":{"unit":"px","size":"20"},"icon_size":{"unit":"px","size":"50"},"icon_padding":{"unit":"px","size":"25"},"hover_secondary_color":"#ffffff","title_bottom_space":{"unit":"px","size":7},"title_color":"#000000","title_typography_typography":"custom","title_typography_font_size":{"unit":"px","size":"25"},"title_typography_font_family":"Ubuntu Condensed","title_typography_font_weight":"600","description_color":"#636363","description_typography_typography":"custom","description_typography_font_size":{"unit":"px","size":"16"},"description_typography_font_family":"Ubuntu","description_typography_font_weight":"300","description_typography_line_height":{"unit":"em","size":"1.5"},"_padding":{"unit":"px","top":"50","right":"0","bottom":"50","left":"0","isLinked":false},"_border_width":{"unit":"px","top":"0","right":"0","bottom":"0","left":"1","isLinked":false},"title_typography_font_size_tablet":{"unit":"px","size":"18"},"title_typography_font_size_mobile":{"unit":"px","size":"25"},"description_typography_font_size_tablet":{"unit":"px","size":"14"},"description_typography_font_size_mobile":{"unit":"px","size":"16"},"_padding_tablet":{"unit":"px","top":"20","right":"0","bottom":"20","left":"0","isLinked":false}},"elements":[],"isInner":false,"widgetType":"icon-box","elType":"widget"},{"id":"6e94a2d0","settings":{"icon":"fa fa-assistive-listening-systems","title_text":"Bluetooth access","description_text":"Lorem ipsum dolor sit amet, consectetur adipiscing elit","position":"left","primary_color":"#50d0e3","icon_space":{"unit":"px","size":"20"},"icon_size":{"unit":"px","size":"50"},"icon_padding":{"unit":"px","size":"25"},"hover_secondary_color":"#ffffff","title_bottom_space":{"unit":"px","size":7},"title_color":"#000000","title_typography_typography":"custom","title_typography_font_size":{"unit":"px","size":"25"},"title_typography_font_family":"Ubuntu Condensed","title_typography_font_weight":"600","description_color":"#636363","description_typography_typography":"custom","description_typography_font_size":{"unit":"px","size":"16"},"description_typography_font_family":"Ubuntu","description_typography_font_weight":"300","description_typography_line_height":{"unit":"em","size":"1.5"},"_border_width":{"unit":"px","top":"0","right":"0","bottom":"0","left":"1","isLinked":false},"title_typography_font_size_tablet":{"unit":"px","size":"18"},"title_typography_font_size_mobile":{"unit":"px","size":"25"},"description_typography_font_size_tablet":{"unit":"px","size":"14"},"description_typography_font_size_mobile":{"unit":"px","size":"16"}},"elements":[],"isInner":false,"widgetType":"icon-box","elType":"widget"}],"isInner":false,"elType":"column"},{"id":"55a9bd95","settings":{"_column_size":33,"_inline_size":null,"padding_mobile":{"unit":"px","top":"30","right":"5","bottom":"30","left":"5","isLinked":false}},"elements":[{"id":"36edaac4","settings":{"image":{"id":649,"url":"http:\/\/localhost\/test\/wp-content\/uploads\/2018\/09\/iPhone1-1.png"},"space":{"unit":"%","size":"80"},"image_size":"full"},"elements":[],"isInner":false,"widgetType":"image","elType":"widget"}],"isInner":false,"elType":"column"},{"id":"39744cc7","settings":{"_column_size":33,"_inline_size":null,"content_position":"center","margin":{"unit":"%","top":"0","right":"0","bottom":"0","left":"10","isLinked":false},"margin_mobile":{"unit":"px","top":"0","right":"0","bottom":"0","left":"0","isLinked":true},"padding_tablet":{"unit":"px","top":"0","right":"0","bottom":"0","left":"0","isLinked":true},"padding_mobile":{"unit":"%","top":"0","right":"13","bottom":"0","left":"13","isLinked":false}},"elements":[{"id":"5a5bfc8d","settings":{"icon":"fa fa-flag-checkered","title_text":"Flag notices","description_text":"Lorem ipsum dolor sit amet, consectetur adipiscing elit","position":"right","primary_color":"#50d0e3","icon_space":{"unit":"px","size":"20"},"icon_size":{"unit":"px","size":"50"},"icon_padding":{"unit":"px","size":"25"},"hover_secondary_color":"#ffffff","title_bottom_space":{"unit":"px","size":7},"title_color":"#000000","title_typography_typography":"custom","title_typography_font_size":{"unit":"px","size":"25"},"title_typography_font_family":"Ubuntu Condensed","title_typography_font_weight":"600","description_color":"#636363","description_typography_typography":"custom","description_typography_font_size":{"unit":"px","size":"16"},"description_typography_font_family":"Ubuntu","description_typography_font_weight":"300","description_typography_line_height":{"unit":"em","size":"1.5"},"_border_width":{"unit":"px","top":"0","right":"0","bottom":"0","left":"1","isLinked":false},"title_typography_font_size_tablet":{"unit":"px","size":"18"},"description_typography_font_size_tablet":{"unit":"px","size":"14"},"title_typography_font_size_mobile":{"unit":"px","size":"25"},"description_typography_font_size_mobile":{"unit":"px","size":"16"}},"elements":[],"isInner":false,"widgetType":"icon-box","elType":"widget"},{"id":"575eb764","settings":{"icon":"fa fa-calendar-check-o","title_text":"Edit notifications","description_text":"Lorem ipsum dolor sit amet cursusism sed dolor ","position":"right","primary_color":"#50d0e3","icon_space":{"unit":"px","size":"20"},"icon_size":{"unit":"px","size":"50"},"icon_padding":{"unit":"px","size":"25"},"hover_secondary_color":"#ffffff","title_bottom_space":{"unit":"px","size":7},"title_color":"#000000","title_typography_typography":"custom","title_typography_font_size":{"unit":"px","size":"25"},"title_typography_font_family":"Ubuntu Condensed","title_typography_font_weight":"600","description_color":"#636363","description_typography_typography":"custom","description_typography_font_size":{"unit":"px","size":"16"},"description_typography_font_family":"Ubuntu","description_typography_font_weight":"300","description_typography_line_height":{"unit":"em","size":"1.5"},"_padding":{"unit":"px","top":"50","right":"0","bottom":"50","left":"0","isLinked":false},"_border_width":{"unit":"px","top":"0","right":"0","bottom":"0","left":"1","isLinked":false},"title_typography_font_size_tablet":{"unit":"px","size":"18"},"description_typography_font_size_tablet":{"unit":"px","size":"14"},"title_typography_font_size_mobile":{"unit":"px","size":"25"},"description_typography_font_size_mobile":{"unit":"px","size":"16"},"_padding_tablet":{"unit":"px","top":"20","right":"0","bottom":"20","left":"0","isLinked":false}},"elements":[],"isInner":false,"widgetType":"icon-box","elType":"widget"},{"id":"79200ed2","settings":{"icon":"fa fa-bell-slash-o","title_text":"Silent mode","description_text":"Lorem ipsum dolor sit amet, consectetur adipiscing elit","position":"right","primary_color":"#50d0e3","icon_space":{"unit":"px","size":"20"},"icon_size":{"unit":"px","size":"50"},"icon_padding":{"unit":"px","size":"25"},"hover_secondary_color":"#ffffff","title_bottom_space":{"unit":"px","size":7},"title_color":"#000000","title_typography_typography":"custom","title_typography_font_size":{"unit":"px","size":"25"},"title_typography_font_family":"Ubuntu Condensed","title_typography_font_weight":"600","description_color":"#636363","description_typography_typography":"custom","description_typography_font_size":{"unit":"px","size":"16"},"description_typography_font_family":"Ubuntu","description_typography_font_weight":"300","description_typography_line_height":{"unit":"em","size":"1.5"},"_border_width":{"unit":"px","top":"0","right":"0","bottom":"0","left":"1","isLinked":false},"title_typography_font_size_tablet":{"unit":"px","size":"18"},"title_typography_font_size_mobile":{"unit":"px","size":"25"},"description_typography_font_size_tablet":{"unit":"px","size":"14"},"description_typography_font_size_mobile":{"unit":"px","size":"16"}},"elements":[],"isInner":false,"widgetType":"icon-box","elType":"widget"}],"isInner":false,"elType":"column"}],"isInner":false,"elType":"section"},{"id":"2fcc931a","settings":{"content_width":{"unit":"px","size":715},"background_background":"gradient","background_color":"#3023ae","background_color_b":"#b570e0","padding":{"unit":"px","top":"150","right":"0","bottom":"150","left":"0","isLinked":false},"padding_tablet":{"unit":"px","top":"100","right":"0","bottom":"100","left":"0","isLinked":false},"padding_mobile":{"unit":"px","top":"40","right":"10","bottom":"100","left":"10","isLinked":false}},"elements":[{"id":"27ccbdd9","settings":{"_column_size":100,"_inline_size":null,"padding_tablet":{"unit":"%","top":"0","right":"5","bottom":"0","left":"5","isLinked":false}},"elements":[{"id":"40db6137","settings":{"title":"Become a curator of your own thoughts","title_color":"#ffffff","typography_typography":"custom","typography_font_size":{"unit":"px","size":"43"},"typography_font_family":"Ubuntu Condensed","_padding":{"unit":"px","top":"20","right":"0","bottom":"0","left":"0","isLinked":false},"align":"center","typography_font_size_tablet":{"unit":"px","size":"35"},"typography_font_size_mobile":{"unit":"px","size":"33"},"typography_line_height_mobile":{"unit":"em","size":"1.3"}},"elements":[],"isInner":false,"widgetType":"heading","elType":"widget"},{"id":"17aad1d1","settings":{"editor":"<p>This app does everything you could possibly want it to do and not only that, it is beautifully designed and extremely intuitive to use.\u00a0Use it when on the go.<\/p>","text_color":"rgba(255,255,255,0.81)","typography_typography":"custom","typography_font_size":{"unit":"px","size":"16"},"typography_font_family":"Ubuntu","typography_font_weight":"300","typography_line_height":{"unit":"em","size":"1.7"},"align":"center","_padding":{"unit":"px","top":"0","right":"0","bottom":"20","left":"0","isLinked":false},"_padding_tablet":{"unit":"px","top":"0","right":"0","bottom":"10","left":"0","isLinked":false}},"elements":[],"isInner":false,"widgetType":"text-editor","elType":"widget"},{"id":"30df4395","settings":{"text":"get it for free","align":"center","typography_typography":"custom","typography_font_size":{"unit":"px","size":"20"},"typography_font_family":"Ubuntu","typography_text_transform":"lowercase","background_color":"#50d0e3","typography_letter_spacing":{"unit":"px","size":"1.5"},"border_radius":{"unit":"px","top":"50","right":"50","bottom":"50","left":"50","isLinked":true},"text_padding":{"unit":"px","top":"20","right":"40","bottom":"20","left":"40","isLinked":false},"typography_font_size_tablet":{"unit":"px","size":"16"},"hover_color":"#50d0e3","button_background_hover_color":"#ffffff"},"elements":[],"isInner":false,"widgetType":"button","elType":"widget"}],"isInner":false,"elType":"column"}],"isInner":false,"elType":"section"},{"id":"1ac1fa1c","settings":{"padding":{"unit":"px","top":"50","right":"0","bottom":"50","left":"0","isLinked":false}},"elements":[{"id":"20abc37","settings":{"_column_size":100,"_inline_size":null},"elements":[{"id":"675a378c","settings":{"carousel":[{"id":650,"url":"http:\/\/localhost\/test\/wp-content\/uploads\/2018\/09\/larozse-3.png"},{"id":651,"url":"http:\/\/localhost\/test\/wp-content\/uploads\/2018\/09\/qum-3.png"},{"id":652,"url":"http:\/\/localhost\/test\/wp-content\/uploads\/2018\/09\/madrin-3.png"},{"id":653,"url":"http:\/\/localhost\/test\/wp-content\/uploads\/2018\/09\/darkside-3.png"},{"id":654,"url":"http:\/\/localhost\/test\/wp-content\/uploads\/2018\/09\/masso-2.png"},{"id":655,"url":"http:\/\/localhost\/test\/wp-content\/uploads\/2018\/09\/x.venox_-3.png"},{"id":656,"url":"http:\/\/localhost\/test\/wp-content\/uploads\/2018\/09\/ecocode-1.png"},{"id":657,"url":"http:\/\/localhost\/test\/wp-content\/uploads\/2018\/09\/mapmaster-3.png"},{"id":658,"url":"http:\/\/localhost\/test\/wp-content\/uploads\/2018\/09\/digit-3.png"}],"thumbnail_size":"custom","thumbnail_custom_dimension":{"width":"180","height":"130"},"slides_to_show":"4","image_spacing":"custom","image_spacing_custom":{"unit":"px","size":"60"},"navigation":"none","arrows_position":"outside","arrows_color":"#919191"},"elements":[],"isInner":false,"widgetType":"image-carousel","elType":"widget"}],"isInner":false,"elType":"column"}],"isInner":false,"elType":"section"}]}