{"version":"0.4","title":"LandingPage-Conference2-page","type":"page","content":[{"id":"7d4aff5a","settings":{"gap":"no","structure":"20","background_background":"classic","background_color":"#bbabfa","background_color_b":"#bbabfa","background_color_b_stop":{"unit":"%","size":82},"background_gradient_type":"radial","background_gradient_position":"bottom right","background_overlay_background":"gradient","background_overlay_color":"#bbabfa","background_overlay_color_b":"#ebe6fd","background_overlay_gradient_type":"radial","background_overlay_gradient_position":"bottom left","background_overlay_opacity":{"unit":"px","size":0.79},"padding":{"unit":"px","top":"100","right":"0","bottom":"0","left":"0","isLinked":false},"padding_tablet":{"unit":"px","top":"60","right":"30","bottom":"0","left":"30","isLinked":false},"padding_mobile":{"unit":"px","top":"40","right":"30","bottom":"0","left":"30","isLinked":false}},"elements":[{"id":"d499718","settings":{"_column_size":50,"_inline_size":"54.912"},"elements":[{"id":"294971be","settings":{"title":"International Women's Day Conference \/\/ 2018","title_color":"#fff9b0","typography_typography":"custom","typography_font_size":{"unit":"px","size":"45"},"typography_font_family":"Vidaloka","typography_font_weight":"100","typography_line_height":{"unit":"em","size":"1.2"},"_padding":{"unit":"px","top":"50","right":"0","bottom":"0","left":"0","isLinked":false},"header_size":"h1","align_mobile":"center","typography_font_size_tablet":{"unit":"px","size":"38"},"typography_font_size_mobile":{"unit":"px","size":"41"},"_padding_mobile":{"unit":"px","top":"0","right":"0","bottom":"0","left":"0","isLinked":true}},"elements":[],"isInner":false,"widgetType":"heading","elType":"widget"},{"id":"e99fa8b","settings":{"title":"The City Visitor Center | SF 26 October, 2018","title_color":"#ffffff","typography_typography":"custom","typography_font_size":{"unit":"px","size":"21"},"typography_font_family":"Poppins","typography_font_weight":"600","_padding":{"unit":"px","top":"30","right":"0","bottom":"0","left":"0","isLinked":false},"align_mobile":"center","typography_font_size_tablet":{"unit":"px","size":"16"},"typography_font_size_mobile":{"unit":"px","size":"16"},"typography_line_height_tablet":{"unit":"em","size":1.3},"typography_line_height_mobile":{"unit":"em","size":"1.4"},"_padding_tablet":{"unit":"px","top":"0","right":"0","bottom":"0","left":"0","isLinked":true}},"elements":[],"isInner":false,"widgetType":"heading","elType":"widget"},{"id":"543f924a","settings":{"icon_list":[{"text":"Taking action to challenge discrimination or unconscious bias","icon":"fa fa-check-circle","_id":"zq5j622","link":{"url":"","is_external":"","nofollow":""}},{"text":"The effect of feminism in their workplace and promoting equality","icon":"fa fa-check-circle","_id":"ym97j8i","link":{"url":"","is_external":"","nofollow":""}},{"text":"Making a change toward gender equality in the workplace","icon":"fa fa-check-circle","_id":"0h38vjr","link":{"url":"","is_external":"","nofollow":""}}],"space_between":{"unit":"px","size":"10"},"icon_color":"#fff9b0","icon_size":{"unit":"px","size":"20"},"text_indent":{"unit":"px","size":10},"text_color":"#ffffff","icon_typography_typography":"custom","icon_typography_font_size":{"unit":"px","size":"18"},"icon_typography_font_family":"Poppins","icon_typography_font_weight":"100","_padding":{"unit":"px","top":"30","right":"0","bottom":"30","left":"0","isLinked":false},"icon_typography_font_size_tablet":{"unit":"px","size":"14.5"},"_padding_tablet":{"unit":"px","top":"15","right":"0","bottom":"15","left":"0","isLinked":false},"hide_mobile":"hidden-phone"},"elements":[],"isInner":false,"widgetType":"icon-list","elType":"widget"},{"id":"1f795b6e","settings":{"text":"Get your ticket","typography_typography":"custom","typography_font_size":{"unit":"px","size":"18"},"typography_font_family":"Poppins","typography_font_weight":"600","typography_letter_spacing":{"unit":"px","size":"2"},"button_text_color":"#fff9b0","background_color":"rgba(0,0,0,0)","border_border":"solid","border_width":{"unit":"px","top":"4","right":"4","bottom":"4","left":"4","isLinked":true},"border_radius":{"unit":"px","top":"50","right":"50","bottom":"50","left":"50","isLinked":true},"text_padding":{"unit":"px","top":"20","right":"40","bottom":"20","left":"40","isLinked":false},"align_mobile":"center","typography_font_size_tablet":{"unit":"px","size":"16"},"_padding_tablet":{"unit":"px","top":"0","right":"0","bottom":"80","left":"0","isLinked":false},"_padding_mobile":{"unit":"px","top":"0","right":"0","bottom":"30","left":"0","isLinked":false},"hover_color":"#4f4f4f","button_background_hover_color":"#fff9b0","button_hover_border_color":"#fff9b0"},"elements":[],"isInner":false,"widgetType":"button","elType":"widget"}],"isInner":false,"elType":"column"},{"id":"678c77f5","settings":{"_column_size":50,"_inline_size":"45.088","content_position":"bottom"},"elements":[{"id":"36fc7aa5","settings":{"image":{"id":696,"url":"http:\/\/localhost\/test\/wp-content\/uploads\/2018\/09\/D.png"},"space":{"unit":"%","size":"90"},"align":"left","align_tablet":"right","_margin_tablet":{"unit":"px","top":"-24","right":"-24","bottom":"0","left":"-24","isLinked":false},"_margin_mobile":{"unit":"px","top":"0","right":"0","bottom":"0","left":"0","isLinked":true}},"elements":[],"isInner":false,"widgetType":"image","elType":"widget"}],"isInner":false,"elType":"column"}],"isInner":false,"elType":"section"},{"id":"7adeff2b","settings":{"gap":"no","structure":"30","background_background":"classic","background_color":"#ebe6fd","padding":{"unit":"px","top":"100","right":"0","bottom":"100","left":"0","isLinked":false},"padding_tablet":{"unit":"px","top":"60","right":"30","bottom":"60","left":"30","isLinked":false}},"elements":[{"id":"7f659294","settings":{"_column_size":33,"_inline_size":null,"margin":{"unit":"%","top":"0","right":"10","bottom":"0","left":"0","isLinked":false},"margin_tablet":{"unit":"px","top":"0","right":"8","bottom":"0","left":"0","isLinked":false},"margin_mobile":{"unit":"px","top":"0","right":"0","bottom":"0","left":"0","isLinked":true}},"elements":[{"id":"12105b77","settings":{"icon":"fa fa-search","title_text":"Explore new territories","description_text":"Lorem ipsum dolor sit amet, consectetur adipiscing elit. Ut elit tellus, luctus nec ullamcorper.","primary_color":"#bbabfa","icon_space":{"unit":"px","size":"20"},"icon_size":{"unit":"px","size":"35"},"hover_animation":"shrink","title_bottom_space":{"unit":"px","size":"25"},"title_color":"#4a4a4a","title_typography_typography":"custom","title_typography_font_size":{"unit":"px","size":"26"},"title_typography_font_family":"Vidaloka","title_typography_font_weight":"100","title_typography_line_height":{"unit":"em","size":0.5},"description_color":"#4a4a4a","description_typography_typography":"custom","description_typography_font_size":{"unit":"px","size":"15"},"description_typography_font_weight":"100","text_align":"left","text_align_tablet":"left","title_bottom_space_tablet":{"unit":"px","size":"15"},"title_typography_font_size_tablet":{"unit":"px","size":"18"},"title_typography_font_size_mobile":{"unit":"px","size":"25"},"title_typography_line_height_tablet":{"unit":"em","size":"1.1"},"description_typography_font_size_tablet":{"unit":"px","size":"13"},"description_typography_font_size_mobile":{"unit":"px","size":"14"},"description_typography_line_height_tablet":{"unit":"em","size":"1.6"},"description_typography_line_height_mobile":{"unit":"em","size":"1.8"},"_margin_mobile":{"unit":"px","top":"0","right":"0","bottom":"0","left":"0","isLinked":true}},"elements":[],"isInner":false,"widgetType":"icon-box","elType":"widget"}],"isInner":false,"elType":"column"},{"id":"6ac1fe3e","settings":{"_column_size":33,"_inline_size":null,"margin":{"unit":"%","top":"0","right":"5","bottom":"0","left":"5","isLinked":false},"margin_tablet":{"unit":"px","top":"0","right":"4","bottom":"0","left":"4","isLinked":false},"margin_mobile":{"unit":"px","top":"0","right":"0","bottom":"0","left":"0","isLinked":true},"padding_mobile":{"unit":"px","top":"50","right":"0","bottom":"50","left":"0","isLinked":false}},"elements":[{"id":"1cbd9636","settings":{"icon":"fa fa-send-o","title_text":"Get a fresh perspective","description_text":"Lorem ipsum dolor sit amet, consectetur adipiscing elit. Ut elit tellus, luctus nec ullamcorper.","primary_color":"#bbabfa","icon_space":{"unit":"px","size":"20"},"icon_size":{"unit":"px","size":"35"},"hover_animation":"shrink","title_bottom_space":{"unit":"px","size":"25"},"title_color":"#4a4a4a","title_typography_typography":"custom","title_typography_font_size":{"unit":"px","size":"26"},"title_typography_font_family":"Vidaloka","title_typography_font_weight":"100","title_typography_line_height":{"unit":"em","size":0.5},"description_color":"#4a4a4a","description_typography_typography":"custom","description_typography_font_size":{"unit":"px","size":"15"},"description_typography_font_weight":"100","text_align":"left","text_align_tablet":"left","title_bottom_space_tablet":{"unit":"px","size":"15"},"title_typography_font_size_tablet":{"unit":"px","size":"18"},"title_typography_font_size_mobile":{"unit":"px","size":"25"},"title_typography_line_height_tablet":{"unit":"em","size":"1.1"},"description_typography_font_size_tablet":{"unit":"px","size":"13"},"description_typography_font_size_mobile":{"unit":"px","size":"14"},"description_typography_line_height_tablet":{"unit":"em","size":"1.6"},"description_typography_line_height_mobile":{"unit":"em","size":"1.8"}},"elements":[],"isInner":false,"widgetType":"icon-box","elType":"widget"}],"isInner":false,"elType":"column"},{"id":"329ed2f2","settings":{"_column_size":33,"_inline_size":null,"margin":{"unit":"%","top":"0","right":"0","bottom":"0","left":"10","isLinked":false},"margin_tablet":{"unit":"px","top":"0","right":"8","bottom":"0","left":"0","isLinked":false},"margin_mobile":{"unit":"px","top":"0","right":"0","bottom":"0","left":"0","isLinked":true}},"elements":[{"id":"2dca05a1","settings":{"icon":"fa fa-comments-o","title_text":"Bond with professionals","description_text":"Lorem ipsum dolor sit amet, consectetur adipiscing elit. Ut elit tellus, luctus nec ullamcorper.","primary_color":"#bbabfa","icon_space":{"unit":"px","size":"20"},"icon_size":{"unit":"px","size":"35"},"hover_animation":"shrink","title_bottom_space":{"unit":"px","size":"25"},"title_color":"#4a4a4a","title_typography_typography":"custom","title_typography_font_size":{"unit":"px","size":"26"},"title_typography_font_family":"Vidaloka","title_typography_font_weight":"100","title_typography_line_height":{"unit":"em","size":0.5},"description_color":"#4a4a4a","description_typography_typography":"custom","description_typography_font_size":{"unit":"px","size":"15"},"description_typography_font_weight":"100","text_align":"left","text_align_tablet":"left","title_bottom_space_tablet":{"unit":"px","size":"15"},"title_typography_font_size_tablet":{"unit":"px","size":"18"},"title_typography_font_size_mobile":{"unit":"px","size":"25"},"title_typography_line_height_tablet":{"unit":"em","size":"1.1"},"description_typography_font_size_tablet":{"unit":"px","size":"13"},"description_typography_font_size_mobile":{"unit":"px","size":"14"},"description_typography_line_height_tablet":{"unit":"em","size":"1.6"},"description_typography_line_height_mobile":{"unit":"em","size":"1.8"}},"elements":[],"isInner":false,"widgetType":"icon-box","elType":"widget"}],"isInner":false,"elType":"column"}],"isInner":false,"elType":"section"},{"id":"2d7bf0e2","settings":{"gap":"no","padding":{"unit":"px","top":"70","right":"0","bottom":"100","left":"0","isLinked":false},"padding_tablet":{"unit":"px","top":"60","right":"30","bottom":"60","left":"30","isLinked":false}},"elements":[{"id":"72441ea7","settings":{"_column_size":100,"_inline_size":null},"elements":[{"id":"77693a78","settings":{"title":"Speakers","align":"center","title_color":"#4a4a4a","typography_typography":"custom","typography_font_size":{"unit":"px","size":"45"},"typography_font_family":"Vidaloka","typography_font_weight":"100","typography_line_height":{"unit":"em","size":"1.2"},"_padding":{"unit":"px","top":"0","right":"0","bottom":"60","left":"0","isLinked":false},"header_size":"h3","typography_font_size_tablet":{"unit":"px","size":"40"},"typography_font_size_mobile":{"unit":"px","size":"39"},"_padding_tablet":{"unit":"px","top":"0","right":"0","bottom":"40","left":"0","isLinked":false}},"elements":[],"isInner":false,"widgetType":"heading","elType":"widget"},{"id":"2424d72b","settings":{"gap":"no","structure":"30"},"elements":[{"id":"17a13c53","settings":{"_column_size":33,"_inline_size":null,"background_background":"classic","background_color":"#bbabfa","margin":{"unit":"%","top":"0","right":"10","bottom":"0","left":"0","isLinked":false},"margin_tablet":{"unit":"px","top":"0","right":"10","bottom":"0","left":"0","isLinked":false},"margin_mobile":{"unit":"px","top":"0","right":"0","bottom":"0","left":"0","isLinked":true},"padding_tablet":{"unit":"px","top":"0","right":"0","bottom":"15","left":"0","isLinked":false}},"elements":[{"id":"78954a87","settings":{"image":{"id":697,"url":"http:\/\/localhost\/test\/wp-content\/uploads\/2018\/09\/4-7.png"},"title_text":"Margret Davis","description_text":"Job description","image_space":{"unit":"px","size":"8"},"image_size":{"unit":"%","size":100},"title_bottom_space":{"unit":"px","size":0},"title_color":"#fff9b0","title_typography_typography":"custom","title_typography_font_size":{"unit":"px","size":"25"},"title_typography_font_family":"Vidaloka","title_typography_font_weight":"100","description_color":"#ffffff","description_typography_typography":"custom","description_typography_font_size":{"unit":"px","size":"16"},"_padding":{"unit":"px","top":"0","right":"0","bottom":"20","left":"0","isLinked":false},"title_typography_font_size_tablet":{"unit":"px","size":"21"},"description_typography_font_size_tablet":{"unit":"px","size":"14"},"_padding_tablet":{"unit":"px","top":"0","right":"0","bottom":"0","left":"0","isLinked":true}},"elements":[],"isInner":false,"widgetType":"image-box","elType":"widget"}],"isInner":true,"elType":"column"},{"id":"28eeec08","settings":{"_column_size":33,"_inline_size":null,"background_background":"classic","background_color":"#bbabfa","margin":{"unit":"%","top":"0","right":"5","bottom":"0","left":"5","isLinked":false},"margin_tablet":{"unit":"px","top":"0","right":"5","bottom":"0","left":"5","isLinked":false},"margin_mobile":{"unit":"px","top":"30","right":"0","bottom":"30","left":"0","isLinked":false},"padding_mobile":{"unit":"px","top":"0","right":"0","bottom":"0","left":"0","isLinked":false}},"elements":[{"id":"6c92deea","settings":{"image":{"id":698,"url":"http:\/\/localhost\/test\/wp-content\/uploads\/2018\/09\/55-1.png"},"title_text":"Ann Spotly","description_text":"Job description","image_space":{"unit":"px","size":"8"},"image_size":{"unit":"%","size":100},"title_bottom_space":{"unit":"px","size":0},"title_color":"#fff9b0","title_typography_typography":"custom","title_typography_font_size":{"unit":"px","size":"25"},"title_typography_font_family":"Vidaloka","title_typography_font_weight":"100","description_color":"#ffffff","description_typography_typography":"custom","description_typography_font_size":{"unit":"px","size":"16"},"_padding":{"unit":"px","top":"0","right":"0","bottom":"20","left":"0","isLinked":false},"title_typography_font_size_tablet":{"unit":"px","size":"21"},"description_typography_font_size_tablet":{"unit":"px","size":"14"},"_padding_tablet":{"unit":"px","top":"0","right":"0","bottom":"15","left":"0","isLinked":false}},"elements":[],"isInner":false,"widgetType":"image-box","elType":"widget"}],"isInner":true,"elType":"column"},{"id":"46990c11","settings":{"_column_size":33,"_inline_size":null,"background_background":"classic","background_color":"#bbabfa","margin":{"unit":"%","top":"0","right":"0","bottom":"0","left":"10","isLinked":false},"margin_tablet":{"unit":"px","top":"0","right":"0","bottom":"0","left":"10","isLinked":false},"margin_mobile":{"unit":"px","top":"0","right":"0","bottom":"0","left":"0","isLinked":true}},"elements":[{"id":"ed88e67","settings":{"image":{"id":699,"url":"http:\/\/localhost\/test\/wp-content\/uploads\/2018\/09\/666-1.png"},"title_text":"Miranda House","description_text":"Job description","image_space":{"unit":"px","size":"8"},"image_size":{"unit":"%","size":100},"title_bottom_space":{"unit":"px","size":0},"title_color":"#fff9b0","title_typography_typography":"custom","title_typography_font_size":{"unit":"px","size":"25"},"title_typography_font_family":"Vidaloka","title_typography_font_weight":"100","description_color":"#ffffff","description_typography_typography":"custom","description_typography_font_size":{"unit":"px","size":"16"},"_padding":{"unit":"px","top":"0","right":"0","bottom":"20","left":"0","isLinked":false},"title_typography_font_size_tablet":{"unit":"px","size":"21"},"description_typography_font_size_tablet":{"unit":"px","size":"14"},"_padding_tablet":{"unit":"px","top":"0","right":"0","bottom":"15","left":"0","isLinked":false}},"elements":[],"isInner":false,"widgetType":"image-box","elType":"widget"}],"isInner":true,"elType":"column"}],"isInner":true,"elType":"section"}],"isInner":false,"elType":"column"}],"isInner":false,"elType":"section"},{"id":"4b30435","settings":{"background_background":"classic","background_image":{"id":701,"url":"http:\/\/localhost\/test\/wp-content\/uploads\/2018\/09\/Group-20-3.png"},"padding":{"unit":"px","top":"70","right":"0","bottom":"100","left":"0","isLinked":false},"padding_tablet":{"unit":"px","top":"36","right":"30","bottom":"60","left":"30","isLinked":false},"content_width":{"unit":"px","size":"920"}},"elements":[{"id":"4cabed9b","settings":{"_column_size":100,"_inline_size":null},"elements":[{"id":"4eacede2","settings":{"title":"See last year event highlights","align":"center","title_color":"#4a4a4a","typography_typography":"custom","typography_font_size":{"unit":"px","size":"45"},"typography_font_family":"Vidaloka","typography_font_weight":"100","typography_line_height":{"unit":"em","size":"1.2"},"_padding":{"unit":"px","top":"0","right":"0","bottom":"60","left":"0","isLinked":false},"header_size":"h3","typography_font_size_tablet":{"unit":"px","size":"40"},"typography_font_size_mobile":{"unit":"px","size":"39"},"_padding_tablet":{"unit":"px","top":"0","right":"0","bottom":"30","left":"0","isLinked":false},"_padding_mobile":{"unit":"px","top":"0","right":"0","bottom":"20","left":"0","isLinked":false},"typography_text_transform":"capitalize"},"elements":[],"isInner":false,"widgetType":"heading","elType":"widget"},{"id":"571c6f63","settings":{"link":"https:\/\/www.youtube.com\/watch?v=9uOETcuFjbE","vimeo_link":"https:\/\/vimeo.com\/170933924","show_image_overlay":"yes","image_overlay":{"id":700,"url":"http:\/\/localhost\/test\/wp-content\/uploads\/2018\/09\/N.png"},"youtube_url":"https:\/\/www.youtube.com\/watch?v=9uOETcuFjbE","vimeo_url":"https:\/\/vimeo.com\/235215203","dailymotion_url":"https:\/\/www.dailymotion.com\/video\/x6tqhqb"},"elements":[],"isInner":false,"widgetType":"video","elType":"widget"}],"isInner":false,"elType":"column"}],"isInner":false,"elType":"section"},{"id":"5ee3d0a6","settings":{"gap":"no","structure":"20","padding":{"unit":"px","top":"100","right":"0","bottom":"100","left":"0","isLinked":false},"content_position":"middle","padding_tablet":{"unit":"px","top":"60","right":"30","bottom":"36","left":"30","isLinked":false},"padding_mobile":{"unit":"px","top":"60","right":"30","bottom":"30","left":"30","isLinked":false},"reverse_order_mobile":"reverse-mobile"},"elements":[{"id":"2f1178d2","settings":{"_column_size":50,"_inline_size":"30.000","margin_mobile":{"unit":"px","top":"0","right":"0","bottom":"0","left":"0","isLinked":true},"padding_mobile":{"unit":"px","top":"50","right":"0","bottom":"40","left":"0","isLinked":false}},"elements":[{"id":"4c1b02df","settings":{"image":{"id":702,"url":"http:\/\/localhost\/test\/wp-content\/uploads\/2018\/09\/Group-5.png"},"align":"left","align_mobile":"left","_margin_mobile":{"unit":"px","top":"0","right":"0","bottom":"0","left":"0","isLinked":true},"_padding_mobile":{"unit":"px","top":"0","right":"0","bottom":"0","left":"0","isLinked":true}},"elements":[],"isInner":false,"widgetType":"image","elType":"widget"}],"isInner":false,"elType":"column"},{"id":"3ba01f44","settings":{"_column_size":50,"_inline_size":"70.000","margin_tablet":{"unit":"px","top":"0","right":"0","bottom":"0","left":"20","isLinked":false},"margin_mobile":{"unit":"px","top":"0","right":"0","bottom":"0","left":"0","isLinked":true},"padding_mobile":{"unit":"px","top":"0","right":"0","bottom":"0","left":"0","isLinked":true}},"elements":[{"id":"6c5c55b6","settings":{"title":"Schdule","align":"left","title_color":"#4a4a4a","typography_typography":"custom","typography_font_size":{"unit":"px","size":"45"},"typography_font_family":"Vidaloka","typography_font_weight":"100","typography_line_height":{"unit":"em","size":"1.2"},"_padding":{"unit":"px","top":"0","right":"0","bottom":"30","left":"0","isLinked":false},"typography_font_size_tablet":{"unit":"px","size":"35"},"typography_font_size_mobile":{"unit":"px","size":"38"},"_padding_tablet":{"unit":"px","top":"0","right":"0","bottom":"0","left":"0","isLinked":true},"_padding_mobile":{"unit":"px","top":"0","right":"0","bottom":"30","left":"0","isLinked":false}},"elements":[],"isInner":false,"widgetType":"heading","elType":"widget"},{"id":"16b66ad6","settings":{"gap":"no","structure":"20","margin_mobile":{"unit":"px","top":"0","right":0,"bottom":"0","left":0,"isLinked":true},"padding_mobile":{"unit":"px","top":"0","right":"0","bottom":"0","left":"0","isLinked":true}},"elements":[{"id":"12fb82cb","settings":{"_column_size":50,"_inline_size":null,"margin_mobile":{"unit":"px","top":"0","right":"0","bottom":"0","left":"0","isLinked":true},"padding_mobile":{"unit":"px","top":"0","right":"0","bottom":"0","left":"0","isLinked":true}},"elements":[{"id":"61f28b1a","settings":{"editor":"<p class=\"p1\"><span class=\"s1\" style=\"color: #bbabfa;\"><b>Day 1 \/<\/b><\/span><span class=\"s2\"><b> <\/b>meet &amp; greet<\/span><\/p>","text_color":"#4a4a4a","typography_typography":"custom","typography_font_size":{"unit":"px","size":"28"},"typography_text_transform":"capitalize","_padding":{"unit":"px","top":"0","right":"0","bottom":"10","left":"0","isLinked":false},"typography_font_size_tablet":{"unit":"px","size":"20"},"typography_font_size_mobile":{"unit":"px","size":"25"},"_padding_tablet":{"unit":"px","top":"0","right":"0","bottom":"0","left":"0","isLinked":false},"_padding_mobile":{"unit":"px","top":"0","right":"0","bottom":"0","left":"0","isLinked":false}},"elements":[],"isInner":false,"widgetType":"text-editor","elType":"widget"},{"id":"18b258eb","settings":{"icon_list":[{"text":"9:00 AM - Lorem ipsum dolor","icon":"fa fa-circle","_id":"njk7hwo","link":{"url":"","is_external":"","nofollow":""}},{"text":"10:00 AM - Lorem ipsum dolor","icon":"fa fa-circle","_id":"o659g90","link":{"url":"","is_external":"","nofollow":""}},{"text":"12:00 AM - Lorem ipsum dolor","icon":"fa fa-circle","_id":"7mf1v1a","link":{"url":"","is_external":"","nofollow":""}},{"text":"2:00 AM - Lorem ipsum dolor","icon":"fa fa-circle","_id":"u7uu8i2","link":{"url":"","is_external":"","nofollow":""}},{"text":"3:50 AM - Lorem ipsum dolor","icon":"fa fa-circle","_id":"d46lzkd","link":{"url":"","is_external":"","nofollow":""}},{"text":"5:00 AM - Lorem ipsum dolor","icon":"fa fa-circle","_id":"99c5fo5","link":{"url":"","is_external":"","nofollow":""}}],"space_between":{"unit":"px","size":"12"},"icon_color":"#bbabfa","icon_size":{"unit":"px","size":"10"},"text_indent":{"unit":"px","size":12},"icon_typography_typography":"custom","icon_typography_font_size":{"unit":"px","size":"17"},"icon_align_mobile":"left","icon_typography_font_size_tablet":{"unit":"px","size":"13"},"icon_typography_font_size_mobile":{"unit":"px","size":"16"}},"elements":[],"isInner":false,"widgetType":"icon-list","elType":"widget"}],"isInner":true,"elType":"column"},{"id":"197134b8","settings":{"_column_size":50,"_inline_size":null,"padding_mobile":{"unit":"px","top":"60","right":"0","bottom":"0","left":"0","isLinked":false}},"elements":[{"id":"1e3dfffa","settings":{"editor":"<p class=\"p1\"><span class=\"s1\" style=\"color: #bbabfa;\"><b>Day 2\u00a0\/<\/b><\/span><span class=\"s2\"> workshops<\/span><\/p>","text_color":"#4a4a4a","typography_typography":"custom","typography_font_size":{"unit":"px","size":"28"},"typography_text_transform":"capitalize","_padding":{"unit":"px","top":"0","right":"0","bottom":"10","left":"0","isLinked":false},"typography_font_size_tablet":{"unit":"px","size":"20"},"typography_font_size_mobile":{"unit":"px","size":"25"},"_padding_tablet":{"unit":"px","top":"0","right":"0","bottom":"0","left":"0","isLinked":false}},"elements":[],"isInner":false,"widgetType":"text-editor","elType":"widget"},{"id":"4b0aac18","settings":{"icon_list":[{"text":"9:00 AM - Lorem ipsum dolor","icon":"fa fa-circle","_id":"njk7hwo","link":{"url":"","is_external":"","nofollow":""}},{"text":"10:00 AM - Lorem ipsum dolor","icon":"fa fa-circle","_id":"o659g90","link":{"url":"","is_external":"","nofollow":""}},{"text":"12:00 AM - Lorem ipsum dolor","icon":"fa fa-circle","_id":"7mf1v1a","link":{"url":"","is_external":"","nofollow":""}},{"text":"2:00 AM - Lorem ipsum dolor","icon":"fa fa-circle","_id":"u7uu8i2","link":{"url":"","is_external":"","nofollow":""}},{"text":"3:50 AM - Lorem ipsum dolor","icon":"fa fa-circle","_id":"d46lzkd","link":{"url":"","is_external":"","nofollow":""}},{"text":"5:00 AM - Lorem ipsum dolor","icon":"fa fa-circle","_id":"99c5fo5","link":{"url":"","is_external":"","nofollow":""}}],"space_between":{"unit":"px","size":"12"},"icon_color":"#bbabfa","icon_size":{"unit":"px","size":"10"},"text_indent":{"unit":"px","size":12},"icon_typography_typography":"custom","icon_typography_font_size":{"unit":"px","size":"17"},"icon_typography_font_size_tablet":{"unit":"px","size":"13"},"icon_typography_font_size_mobile":{"unit":"px","size":"16"}},"elements":[],"isInner":false,"widgetType":"icon-list","elType":"widget"}],"isInner":true,"elType":"column"}],"isInner":true,"elType":"section"}],"isInner":false,"elType":"column"}],"isInner":false,"elType":"section"},{"id":"6ba7432a","settings":{"gap":"no","background_background":"classic","background_color":"#bbabfa","background_color_b":"#bbabfa","background_color_b_stop":{"unit":"%","size":82},"background_gradient_type":"radial","background_gradient_position":"bottom right","background_overlay_background":"classic","background_overlay_color_b":"#ebe6fd","background_overlay_gradient_type":"radial","background_overlay_gradient_position":"bottom left","background_overlay_opacity":{"unit":"px","size":0.79},"padding":{"unit":"px","top":"100","right":"0","bottom":"100","left":"0","isLinked":false},"padding_tablet":{"unit":"px","top":"60","right":"30","bottom":"60","left":"30","isLinked":false}},"elements":[{"id":"5c184e7c","settings":{"_column_size":100,"_inline_size":null},"elements":[{"id":"21d81901","settings":{"title":"Save your spot right now","align":"center","title_color":"#fff9b0","typography_typography":"custom","typography_font_size":{"unit":"px","size":"45"},"typography_font_family":"Vidaloka","typography_font_weight":"100","typography_line_height":{"unit":"em","size":"1.2"},"header_size":"h3","typography_font_size_tablet":{"unit":"px","size":"40"},"typography_font_size_mobile":{"unit":"px","size":"38"},"_padding_tablet":{"unit":"px","top":"0","right":"0","bottom":"40","left":"0","isLinked":false},"typography_text_transform":"capitalize"},"elements":[],"isInner":false,"widgetType":"heading","elType":"widget"},{"id":"1692ade6","settings":{"label_days":"Days","label_hours":"Hours","label_minutes":"Minutes","label_seconds":"Seconds","container_width":{"unit":"%","size":"55"},"box_background_color":"#ffffff","box_spacing":{"unit":"px","size":"25"},"box_padding":{"unit":"px","top":"30","right":"0","bottom":"30","left":"0","isLinked":false},"digits_color":"#4a4a4a","digits_typography_typography":"custom","digits_typography_font_size":{"unit":"px","size":"55"},"digits_typography_font_weight":"600","digits_typography_line_height":{"unit":"em","size":"1.1"},"label_color":"#4a4a4a","label_typography_typography":"custom","label_typography_font_weight":"100","label_typography_line_height":{"unit":"em","size":"1.1"},"_padding":{"unit":"px","top":"30","right":"0","bottom":"30","left":"0","isLinked":false},"container_width_tablet":{"unit":"%","size":"80"},"box_spacing_tablet":{"unit":"px","size":"15"},"box_spacing_mobile":{"unit":"px","size":"7"},"box_padding_tablet":{"unit":"px","top":"30","right":"0","bottom":"30","left":"0","isLinked":false},"box_padding_mobile":{"unit":"px","top":"15","right":"0","bottom":"15","left":"0","isLinked":false},"digits_typography_font_size_tablet":{"unit":"px","size":"50"},"digits_typography_font_size_mobile":{"unit":"px","size":"30"},"label_typography_font_size_tablet":{"unit":"px","size":"16"},"label_typography_font_size_mobile":{"unit":"px","size":"13"},"_padding_tablet":{"unit":"px","top":"0","right":"0","bottom":"0","left":"0","isLinked":true}},"elements":[],"isInner":false,"widgetType":"countdown","elType":"widget"},{"id":"1b0653a4","settings":{"text":"Register today","align":"center","typography_typography":"custom","typography_font_size":{"unit":"px","size":"18"},"typography_font_family":"Poppins","typography_font_weight":"600","typography_letter_spacing":{"unit":"px","size":"2"},"button_text_color":"#fff9b0","background_color":"rgba(0,0,0,0)","border_border":"solid","border_width":{"unit":"px","top":"4","right":"4","bottom":"4","left":"4","isLinked":true},"border_radius":{"unit":"px","top":"50","right":"50","bottom":"50","left":"50","isLinked":true},"text_padding":{"unit":"px","top":"20","right":"40","bottom":"20","left":"40","isLinked":false},"_padding_tablet":{"unit":"px","top":"40","right":"0","bottom":"0","left":"0","isLinked":false},"hover_color":"#4f4f4f","button_background_hover_color":"#fff9b0","button_hover_border_color":"#fff9b0"},"elements":[],"isInner":false,"widgetType":"button","elType":"widget"}],"isInner":false,"elType":"column"}],"isInner":false,"elType":"section"}]}