{"version":"0.4","title":"LandingPage-Private-Chef-page","type":"page","content":[{"id":"2c52383f","settings":{"gap":"no","height":"min-height","custom_height":{"unit":"vh","size":"60"},"column_position":"stretch","background_background":"classic","background_image":{"id":790,"url":"http:\/\/localhost\/test\/wp-content\/uploads\/2018\/09\/todd-quackenbush-700.png"},"background_position":"center center","background_size":"cover","padding_tablet":{"unit":"px","top":"0","right":"30","bottom":"0","left":"30","isLinked":false},"padding_mobile":{"unit":"px","top":"40","right":"25","bottom":"40","left":"25","isLinked":false}},"elements":[{"id":"3de29490","settings":{"_column_size":100,"_inline_size":null,"background_background":"classic","background_color":"rgba(255,255,255,0.73)","margin":{"unit":"%","top":"0","right":"63","bottom":"0","left":"0","isLinked":false},"margin_tablet":{"unit":"%","top":"0","right":"53","bottom":"0","left":"0","isLinked":false},"margin_mobile":{"unit":"px","top":"0","right":"0","bottom":"0","left":"0","isLinked":false},"padding_tablet":{"unit":"px","top":"0","right":"0","bottom":"0","left":"0","isLinked":false}},"elements":[{"id":"57648334","settings":{"image":{"id":789,"url":"http:\/\/localhost\/test\/wp-content\/uploads\/2018\/09\/52.png"},"space":{"unit":"%","size":"18"},"_padding":{"unit":"px","top":"30","right":"0","bottom":"30","left":"0","isLinked":false},"_background_background":"classic","_background_color":"#f1d5ad","image_size":"full"},"elements":[],"isInner":false,"widgetType":"image","elType":"widget"},{"id":"28e20d8","settings":{"title":"Your own personal cuisine private chef! ","header_size":"h1","align":"center","title_color":"#40272c","typography_typography":"custom","typography_font_size":{"unit":"px","size":"45"},"typography_font_family":"Damion","typography_font_weight":"100","typography_line_height":{"unit":"em","size":"0.9"},"_padding":{"unit":"px","top":"30","right":"0","bottom":"20","left":"0","isLinked":false},"typography_font_size_tablet":{"unit":"px","size":"38"},"typography_font_size_mobile":{"unit":"px","size":"35"},"_padding_tablet":{"unit":"px","top":"10","right":"0","bottom":"10","left":"0","isLinked":false},"_padding_mobile":{"unit":"px","top":"15","right":"0","bottom":"15","left":"0","isLinked":false}},"elements":[],"isInner":false,"widgetType":"heading","elType":"widget"},{"id":"7b47b91e","settings":{"title":"Get the full course meal for $129","align":"center","title_color":"#40272c","typography_typography":"custom","typography_font_size":{"unit":"px","size":"22"},"typography_font_family":"Dosis","typography_font_weight":"500","typography_font_size_tablet":{"unit":"px","size":"20"},"typography_font_size_mobile":{"unit":"px","size":"18"}},"elements":[],"isInner":false,"widgetType":"heading","elType":"widget"},{"id":"1772c01b","settings":{"form_name":"New Form","form_fields":[{"field_type":"text","field_label":"Name","placeholder":"Name","width":"100","_id":"eovd5tr","required":"","field_options":"","inline_list":"","width_tablet":"","width_mobile":"","rows":4,"recaptcha_size":"normal","recaptcha_style":"light","css_classes":"","field_value":"","file_sizes":"","file_types":"","allow_multiple_upload":"","max_files":"","acceptance_text":"","checked_by_default":"","field_min":"","field_max":"","min_date":"","max_date":"","use_native_date":"","use_native_time":"","allow_multiple":"","select_size":"","field_html":""},{"field_type":"email","required":true,"field_label":"Email","placeholder":"Email","width":"100","_id":"68frv7y","field_options":"","inline_list":"","width_tablet":"","width_mobile":"","rows":4,"recaptcha_size":"normal","recaptcha_style":"light","css_classes":"","field_value":"","file_sizes":"","file_types":"","allow_multiple_upload":"","max_files":"","acceptance_text":"","checked_by_default":"","field_min":"","field_max":"","min_date":"","max_date":"","use_native_date":"","use_native_time":"","allow_multiple":"","select_size":"","field_html":""},{"field_type":"textarea","field_label":"Message","placeholder":"Message","width":"100","_id":"p0rl9g7","required":"","field_options":"","inline_list":"","width_tablet":"","width_mobile":"","rows":4,"recaptcha_size":"normal","recaptcha_style":"light","css_classes":"","field_value":"","file_sizes":"","file_types":"","allow_multiple_upload":"","max_files":"","acceptance_text":"","checked_by_default":"","field_min":"","field_max":"","min_date":"","max_date":"","use_native_date":"","use_native_time":"","allow_multiple":"","select_size":"","field_html":""}],"show_labels":"","button_text":"book dinner","success_message":"The message was sent successfully!","error_message":"There's something wrong... Please fill in the required fields.","required_field_message":"Required","invalid_message":"There's something wrong... The form is invalid.","column_gap":{"unit":"px","size":"10"},"row_gap":{"unit":"px","size":"15"},"field_text_color":"#54595f","field_border_width":{"unit":"px","top":"0","right":"0","bottom":"0","left":"0","isLinked":true},"field_border_radius":{"unit":"px","top":"0","right":"0","bottom":"0","left":"0","isLinked":true},"button_typography_typography":"custom","button_typography_font_weight":"bold","button_typography_letter_spacing":{"unit":"px","size":"3"},"button_background_color":"#5c0011","button_border_radius":{"unit":"px","top":"0","right":"0","bottom":"0","left":"0","isLinked":true},"button_text_padding":{"unit":"px","top":"20","right":"20","bottom":"20","left":"20","isLinked":true},"_padding":{"unit":"px","top":"0","right":"40","bottom":"40","left":"40","isLinked":false},"field_typography_typography":"custom","field_typography_font_size_tablet":{"unit":"px","size":"13"},"button_typography_font_size_tablet":{"unit":"px","size":"14"},"_padding_tablet":{"unit":"px","top":"0","right":"22","bottom":"22","left":"22","isLinked":false},"_padding_mobile":{"unit":"px","top":"0","right":"20","bottom":"20","left":"20","isLinked":false},"button_background_hover_color":"#40272c","email_content":"[all-fields]","email_content_2":"[all-fields]"},"elements":[],"isInner":false,"widgetType":"form","elType":"widget"}],"isInner":false,"elType":"column"}],"isInner":false,"elType":"section"},{"id":"2f7bd988","settings":{"gap":"no","structure":"20","background_background":"classic","background_color":"#e3e0dd","padding":{"unit":"px","top":"100","right":"100","bottom":"100","left":"100","isLinked":true},"padding_tablet":{"unit":"px","top":"70","right":"40","bottom":"40","left":"40","isLinked":false},"padding_mobile":{"unit":"px","top":"70","right":"20","bottom":"70","left":"20","isLinked":false}},"elements":[{"id":"61b07ee9","settings":{"_column_size":50,"_inline_size":"55.702","margin":{"unit":"%","top":"0","right":"12","bottom":"0","left":"0","isLinked":false},"margin_tablet":{"unit":"px","top":"0","right":"0","bottom":"0","left":"0","isLinked":false},"padding_tablet":{"unit":"px","top":"0","right":"0","bottom":"0","left":"0","isLinked":true}},"elements":[{"id":"4d0971e6","settings":{"title":"Unforgettable colinary  <br>\nexperience is guaranteed!","align":"left","title_color":"#40272c","typography_typography":"custom","typography_font_size":{"unit":"px","size":"35"},"typography_font_family":"Damion","typography_font_weight":"100","typography_text_transform":"capitalize","typography_line_height":{"unit":"em","size":"1"},"align_mobile":"center","typography_font_size_tablet":{"unit":"px","size":"31"},"typography_font_size_mobile":{"unit":"px","size":"30"}},"elements":[],"isInner":false,"widgetType":"heading","elType":"widget"},{"id":"26a3f0a2","settings":{"editor":"<p>Welcome to the website of the Cafe on the Corner. We are situated, yes you\u2019ve guessed it, on the corner of This Road and That Street in The Town. We serve freshly brewed tea and coffee, soft drinks and a section of light meals and tasty treats and snacks. We are open for breakfast, lunch and afternoon tea from 8am to 5pm and unlike any other cafe in the town, we are open 7 days per week.<\/p><p>A truly family run business, we aim to create a cosy and friendly atmosphere in the cafe with Mum and Auntie doing the cooking and Dad and the (grown-up) children serving front of house.\u00a0<\/p>","text_color":"#54595f","typography_typography":"custom","typography_font_size":{"unit":"px","size":"18"},"typography_font_family":"Dosis","typography_line_height":{"unit":"em","size":"1.6"},"align_mobile":"center","typography_font_size_tablet":{"unit":"px","size":"14"},"typography_font_size_mobile":{"unit":"px","size":"17"}},"elements":[],"isInner":false,"widgetType":"text-editor","elType":"widget"}],"isInner":false,"elType":"column"},{"id":"32b71f01","settings":{"_column_size":50,"_inline_size":"44.298","margin":{"unit":"%","top":"0","right":"0","bottom":"0","left":"0","isLinked":false},"content_position":"center","margin_tablet":{"unit":"px","top":"60","right":"0","bottom":"0","left":"30","isLinked":false},"margin_mobile":{"unit":"px","top":"0","right":"0","bottom":"0","left":"0","isLinked":true},"padding_mobile":{"unit":"px","top":"10","right":"0","bottom":"0","left":"0","isLinked":false}},"elements":[{"id":"48009b4a","settings":{"link":"https:\/\/www.youtube.com\/watch?v=9uOETcuFjbE","vimeo_link":"https:\/\/vimeo.com\/170933924","aspect_ratio":"32","show_image_overlay":"yes","image_overlay":{"id":791,"url":"http:\/\/localhost\/test\/wp-content\/uploads\/2018\/09\/Group-30-1.png"},"show_play_icon":"no","_background_background":"classic","_border_border":"solid","_border_width":{"unit":"px","top":"6","right":"6","bottom":"6","left":"6","isLinked":true},"_border_color":"#ffffff","youtube_url":"https:\/\/www.youtube.com\/watch?v=9uOETcuFjbE","vimeo_url":"https:\/\/vimeo.com\/235215203","dailymotion_url":"https:\/\/www.dailymotion.com\/video\/x6tqhqb"},"elements":[],"isInner":false,"widgetType":"video","elType":"widget"}],"isInner":false,"elType":"column"}],"isInner":false,"elType":"section"},{"id":"3324c1e6","settings":{"gap":"no","structure":"40","background_background":"classic","background_color":"#ffffff","padding":{"unit":"px","top":"100","right":"100","bottom":"100","left":"100","isLinked":true},"padding_tablet":{"unit":"px","top":"50","right":"25","bottom":"50","left":"25","isLinked":false},"padding_mobile":{"unit":"px","top":"60","right":"20","bottom":"60","left":"20","isLinked":false}},"elements":[{"id":"84e3111","settings":{"_column_size":25,"_inline_size":null,"margin":{"unit":"px","top":"0","right":"20","bottom":"0","left":"0","isLinked":false},"margin_tablet":{"unit":"px","top":"0","right":"24","bottom":"0","left":"24","isLinked":false},"margin_mobile":{"unit":"px","top":"0","right":"15","bottom":"0","left":"0","isLinked":false},"padding_mobile":{"unit":"px","top":"0","right":"0","bottom":"60","left":"0","isLinked":false},"screen_sm":"custom","screen_sm_width":"50"},"elements":[{"id":"3bd2e5d3","settings":{"image":{"id":792,"url":"http:\/\/localhost\/test\/wp-content\/uploads\/2018\/09\/Group-11-1.png"},"title_text":"","description_text":"Pick your favorite meals from our menu","image_space":{"unit":"px","size":30},"image_size":{"unit":"%","size":"75"},"description_color":"#40272c","description_typography_typography":"custom","description_typography_font_size":{"unit":"px","size":"25"},"description_typography_font_family":"Damion","description_typography_line_height":{"unit":"em","size":"1"},"description_typography_font_size_tablet":{"unit":"px","size":"19"},"description_typography_font_size_mobile":{"unit":"px","size":"20"}},"elements":[],"isInner":false,"widgetType":"image-box","elType":"widget"}],"isInner":false,"elType":"column"},{"id":"5e7e8032","settings":{"_column_size":25,"_inline_size":null,"margin":{"unit":"px","top":"0","right":"10","bottom":"0","left":"10","isLinked":false},"margin_tablet":{"unit":"px","top":"0","right":"24","bottom":"0","left":"24","isLinked":false},"margin_mobile":{"unit":"px","top":"0","right":"0","bottom":"0","left":"15","isLinked":false},"padding_mobile":{"unit":"px","top":"0","right":"0","bottom":"60","left":"0","isLinked":false},"screen_sm":"custom","screen_sm_width":"50"},"elements":[{"id":"177726a3","settings":{"image":{"id":793,"url":"http:\/\/localhost\/test\/wp-content\/uploads\/2018\/09\/Group-12-Copy.png"},"title_text":"","description_text":"We'll get the freshest best quality ingredients","image_space":{"unit":"px","size":30},"image_size":{"unit":"%","size":"75"},"description_color":"#40272c","description_typography_typography":"custom","description_typography_font_size":{"unit":"px","size":"25"},"description_typography_font_family":"Damion","description_typography_line_height":{"unit":"em","size":"1"},"description_typography_font_size_tablet":{"unit":"px","size":"19"},"description_typography_font_size_mobile":{"unit":"px","size":"20"}},"elements":[],"isInner":false,"widgetType":"image-box","elType":"widget"}],"isInner":false,"elType":"column"},{"id":"5dd3d27f","settings":{"_column_size":25,"_inline_size":null,"margin":{"unit":"px","top":"0","right":"10","bottom":"0","left":"10","isLinked":false},"margin_tablet":{"unit":"px","top":"0","right":"24","bottom":"0","left":"24","isLinked":false},"margin_mobile":{"unit":"px","top":"0","right":"15","bottom":"0","left":"0","isLinked":false},"padding_mobile":{"unit":"px","top":"0","right":"0","bottom":"0","left":"0","isLinked":false},"screen_sm":"custom","screen_sm_width":"50"},"elements":[{"id":"2747760","settings":{"image":{"id":794,"url":"http:\/\/localhost\/test\/wp-content\/uploads\/2018\/09\/andre-branco-58366.png"},"title_text":"","description_text":"Chef kamsky & staff will be hosting you at your home","image_space":{"unit":"px","size":30},"image_size":{"unit":"%","size":"75"},"description_color":"#40272c","description_typography_typography":"custom","description_typography_font_size":{"unit":"px","size":"25"},"description_typography_font_family":"Damion","description_typography_line_height":{"unit":"em","size":"1"},"description_typography_font_size_tablet":{"unit":"px","size":"19"},"description_typography_font_size_mobile":{"unit":"px","size":"20"}},"elements":[],"isInner":false,"widgetType":"image-box","elType":"widget"}],"isInner":false,"elType":"column"},{"id":"331d1c2c","settings":{"_column_size":25,"_inline_size":null,"margin":{"unit":"px","top":"0","right":"0","bottom":"0","left":"20","isLinked":false},"margin_tablet":{"unit":"px","top":"0","right":"24","bottom":"0","left":"24","isLinked":false},"margin_mobile":{"unit":"px","top":"0","right":"0","bottom":"0","left":"15","isLinked":false},"screen_sm":"custom","screen_sm_width":"50"},"elements":[{"id":"31200b39","settings":{"image":{"id":795,"url":"http:\/\/localhost\/test\/wp-content\/uploads\/2018\/09\/6-4.png"},"title_text":"","description_text":"Eating delicious food we cooked togther","image_space":{"unit":"px","size":30},"image_size":{"unit":"%","size":"75"},"description_color":"#40272c","description_typography_typography":"custom","description_typography_font_size":{"unit":"px","size":"25"},"description_typography_font_family":"Damion","description_typography_line_height":{"unit":"em","size":"1"},"description_typography_font_size_tablet":{"unit":"px","size":"19"},"description_typography_font_size_mobile":{"unit":"px","size":"20"}},"elements":[],"isInner":false,"widgetType":"image-box","elType":"widget"}],"isInner":false,"elType":"column"}],"isInner":false,"elType":"section"},{"id":"3613b860","settings":{"background_background":"classic","background_color":"#e3e0dd","padding":{"unit":"px","top":"100","right":"100","bottom":"100","left":"100","isLinked":true},"padding_tablet":{"unit":"px","top":"40","right":"30","bottom":"60","left":"30","isLinked":false}},"elements":[{"id":"3b656a7b","settings":{"_column_size":100,"_inline_size":null,"margin":{"unit":"%","top":"0","right":"7","bottom":"0","left":"0","isLinked":false}},"elements":[{"id":"74ef5eed","settings":{"title":"Favorite dishes","header_size":"h3","align":"center","title_color":"#40272c","typography_typography":"custom","typography_font_size":{"unit":"px","size":"50"},"typography_font_family":"Damion","typography_font_weight":"100","typography_text_transform":"capitalize","typography_line_height":{"unit":"em","size":"0.9"},"_padding":{"unit":"px","top":"0","right":"0","bottom":"50","left":"0","isLinked":false},"typography_font_size_tablet":{"unit":"px","size":"43"},"typography_font_size_mobile":{"unit":"px","size":"40"},"_padding_tablet":{"unit":"px","top":"0","right":"0","bottom":"20","left":"0","isLinked":false}},"elements":[],"isInner":false,"widgetType":"heading","elType":"widget"},{"id":"2ed207a5","settings":{"carousel":[{"id":796,"url":"http:\/\/localhost\/test\/wp-content\/uploads\/2018\/09\/xobyibymx20-elli-o.png"},{"id":797,"url":"http:\/\/localhost\/test\/wp-content\/uploads\/2018\/09\/https-visualhunt.comphoto61107-copy.png"},{"id":798,"url":"http:\/\/localhost\/test\/wp-content\/uploads\/2018\/09\/https-images.unsplash.comphoto-1468071174046-657d9d351a40ixlibrb-0.3.5q80fmjpgcropentropycstinysrgbsdc3e2483b80b4240305faedd4952a932.png"},{"id":799,"url":"http:\/\/localhost\/test\/wp-content\/uploads\/2018\/09\/toa-heftiba-166015.png"},{"id":800,"url":"http:\/\/localhost\/test\/wp-content\/uploads\/2018\/09\/https-images.unsplash.comphoto-1455853739633-8c94c03d8121ixlibrb-0.3.5q80fmjpgcropentropycstinysrgbs8f821c82a319a0dae63dd5c6678113e1.png"},{"id":801,"url":"http:\/\/localhost\/test\/wp-content\/uploads\/2018\/09\/toa-heftiba-166010.png"},{"id":802,"url":"http:\/\/localhost\/test\/wp-content\/uploads\/2018\/09\/eaters-collective-109596.png"}],"thumbnail_size":"full","navigation":"arrows","arrows_position":"outside","arrows_size":{"unit":"px","size":39},"image_spacing":"custom","image_spacing_custom":{"unit":"px","size":50},"caption_text_color":"#606060"},"elements":[],"isInner":false,"widgetType":"image-carousel","elType":"widget"}],"isInner":false,"elType":"column"}],"isInner":false,"elType":"section"},{"id":"67df8187","settings":{"background_background":"classic","background_image":{"id":804,"url":"http:\/\/localhost\/test\/wp-content\/uploads\/2018\/09\/michael-browning-188999.png"},"background_size":"cover","background_overlay_background":"classic","background_overlay_color":"#190606","background_overlay_opacity":{"unit":"px","size":0.75},"padding":{"unit":"px","top":"100","right":"100","bottom":"100","left":"100","isLinked":true},"padding_tablet":{"unit":"px","top":"60","right":"115","bottom":"50","left":"115","isLinked":false},"padding_mobile":{"unit":"px","top":"50","right":"20","bottom":"40","left":"20","isLinked":false}},"elements":[{"id":"52540dbd","settings":{"_column_size":100,"_inline_size":null},"elements":[{"id":"6162848","settings":{"title":"special occasion magical moments","align":"center","title_color":"#edd0a8","typography_typography":"custom","typography_font_size":{"unit":"px","size":"50"},"typography_font_family":"Damion","typography_font_weight":"100","typography_text_transform":"capitalize","typography_font_size_tablet":{"unit":"px","size":"43"},"typography_font_size_mobile":{"unit":"px","size":"40"}},"elements":[],"isInner":false,"widgetType":"heading","elType":"widget"},{"id":"73a260cd","settings":{"image":{"id":803,"url":"http:\/\/localhost\/test\/wp-content\/uploads\/2018\/09\/ali-inay-9858.png"},"_padding":{"unit":"px","top":"30","right":"0","bottom":"30","left":"0","isLinked":false},"_padding_mobile":{"unit":"px","top":"5","right":"0","bottom":"5","left":"0","isLinked":false}},"elements":[],"isInner":false,"widgetType":"image","elType":"widget"},{"id":"6c715962","settings":{"title":"\nI truly recommend this private chef. Not only is he professional and trustworthy, his frappe is to die for!","align":"center","title_color":"#ffffff","typography_typography":"custom","typography_font_size":{"unit":"px","size":"37"},"typography_font_family":"Damion","typography_font_weight":"100","_padding":{"unit":"%","top":"0","right":"17","bottom":"0","left":"17","isLinked":false},"typography_font_size_tablet":{"unit":"px","size":"25"},"typography_font_size_mobile":{"unit":"px","size":"25"},"_padding_tablet":{"unit":"px","top":"0","right":"20","bottom":"0","left":"20","isLinked":false},"_padding_mobile":{"unit":"px","top":"0","right":"0","bottom":"0","left":"0","isLinked":true}},"elements":[],"isInner":false,"widgetType":"heading","elType":"widget"},{"id":"4c8bec99","settings":{"text":"book dinner","align":"center","typography_typography":"custom","typography_font_size":{"unit":"px","size":"18"},"typography_font_weight":"bold","typography_text_transform":"uppercase","typography_letter_spacing":{"unit":"px","size":"3"},"button_text_color":"#40272c","background_color":"#edd0a8","border_width":{"unit":"px","top":"3","right":"3","bottom":"3","left":"3","isLinked":false},"border_color":"#edd0a8","border_radius":{"unit":"px","top":"0","right":"0","bottom":"0","left":"0","isLinked":true},"text_padding":{"unit":"px","top":"20","right":"50","bottom":"20","left":"50","isLinked":false},"_padding":{"unit":"px","top":"30","right":"0","bottom":"0","left":"0","isLinked":false},"typography_font_size_tablet":{"unit":"px","size":"15"},"hover_color":"#ffffff","button_background_hover_color":"#5c0011"},"elements":[],"isInner":false,"widgetType":"button","elType":"widget"}],"isInner":false,"elType":"column"}],"isInner":false,"elType":"section"}]}