{"version":"0.4","title":"LandingPage-Conference4-page","type":"page","content":[{"id":"7790b014","settings":{"content_width":{"unit":"px","size":"700"},"background_background":"classic","background_image":{"id":722,"url":"http:\/\/localhost\/test\/wp-content\/uploads\/2018\/09\/joshua-earle-183442.jpg"},"background_size":"cover","background_overlay_background":"classic","background_overlay_color":"rgba(0,25,55,0.73)","background_overlay_opacity":{"unit":"px","size":0.74},"shape_divider_bottom_color":"#19c46e","shape_divider_bottom_width":{"unit":"%","size":155},"shape_divider_bottom_height":{"unit":"px","size":110},"padding":{"unit":"px","top":"100","right":"0","bottom":"100","left":"0","isLinked":false},"custom_height":{"unit":"vh","size":100},"content_position":"top","background_position":"bottom center","padding_tablet":{"unit":"px","top":"80","right":"80","bottom":"300","left":"80","isLinked":false},"padding_mobile":{"unit":"px","top":"40","right":"20","bottom":"40","left":"20","isLinked":false}},"elements":[{"id":"3f7e4668","settings":{"_column_size":100,"_inline_size":null},"elements":[{"id":"301a503f","settings":{"icon":"fa fa-globe","primary_color":"#19c46e","size":{"unit":"px","size":"65"},"_padding":{"unit":"px","top":"0","right":"0","bottom":"20","left":"0","isLinked":false}},"elements":[],"isInner":false,"widgetType":"icon","elType":"widget"},{"id":"4123957b","settings":{"title":"Save the Planet","align":"center","title_color":"#ffffff","typography_typography":"custom","typography_font_size":{"unit":"px","size":"80"},"typography_font_family":"Oswald","typography_text_transform":"uppercase","typography_font_size_tablet":{"unit":"px","size":"60"},"typography_font_size_mobile":{"unit":"px","size":"38"},"typography_line_height_mobile":{"unit":"em","size":1.2},"typography_letter_spacing_mobile":{"unit":"px","size":2.9}},"elements":[],"isInner":false,"widgetType":"heading","elType":"widget"},{"id":"30c0b167","settings":{"title":"Environmental Engineering and Pollution Conference","align":"center","title_color":"rgba(255,255,255,0.73)","typography_typography":"custom","typography_font_size":{"unit":"px","size":"25"},"typography_font_family":"Poppins","typography_font_weight":"500","_padding":{"unit":"px","top":"0","right":"0","bottom":"50","left":"0","isLinked":false},"typography_font_size_tablet":{"unit":"px","size":"20"},"typography_line_height_mobile":{"unit":"em","size":"1.5"},"_padding_mobile":{"unit":"px","top":"0","right":"0","bottom":"30","left":"0","isLinked":false}},"elements":[],"isInner":false,"widgetType":"heading","elType":"widget"},{"id":"422d616","settings":{"title":"Eco center, SF 26 October, 2018","align":"center","title_color":"#19c46e","typography_typography":"custom","typography_font_size":{"unit":"px","size":"29"},"typography_font_family":"Playfair Display","_margin":{"unit":"%","top":"0","right":"18","bottom":"0","left":"18","isLinked":false},"_padding":{"unit":"px","top":"20","right":"0","bottom":"20","left":"0","isLinked":false},"_border_border":"solid","_border_width":{"unit":"px","top":"3","right":"0","bottom":"3","left":"0","isLinked":false},"_border_color":"#19c46e","typography_font_size_tablet":{"unit":"px","size":"25"},"typography_font_size_mobile":{"unit":"px","size":"19"},"_margin_mobile":{"unit":"px","top":"0","right":"0","bottom":"0","left":"0","isLinked":true},"_padding_mobile":{"unit":"px","top":"10","right":"0","bottom":"10","left":"0","isLinked":false}},"elements":[],"isInner":false,"widgetType":"heading","elType":"widget"},{"id":"74e2daac","settings":{"form_name":"New Form","form_fields":[{"field_type":"email","field_label":"email","placeholder":"email","width":"80","_id":"5ydf5x1","required":"","field_options":"","inline_list":"","width_tablet":"","width_mobile":"","rows":4,"recaptcha_size":"normal","recaptcha_style":"light","css_classes":"","form_fields_tabs":"","form_fields_content_tab":"","form_fields_advanced_tab":"","shortcode":"","field_value":"","file_sizes":"","file_types":"","allow_multiple_upload":"","max_files":"","acceptance_text":"","checked_by_default":"","field_min":"","field_max":"","min_date":"","max_date":"","use_native_date":"","use_native_time":"","allow_multiple":"","select_size":"","field_html":""}],"input_size":"md","show_labels":"","button_text":"Send","button_size":"md","button_width":"20","success_message":"The message was sent successfully!","error_message":"There's something wrong... Please fill in the required fields.","required_field_message":"Required","invalid_message":"There's something wrong... The form is invalid.","column_gap":{"unit":"px","size":"17"},"row_gap":{"unit":"px","size":"10"},"field_text_color":"#181d24","field_typography_typography":"custom","field_typography_font_family":"Montserrat","field_border_width":{"unit":"px","top":"0","right":"0","bottom":"0","left":"0","isLinked":true},"field_border_radius":{"unit":"px","top":"0","right":"0","bottom":"0","left":"0","isLinked":true},"button_typography_typography":"custom","button_typography_font_size":{"unit":"px","size":"16"},"button_typography_font_family":"Oswald","button_typography_text_transform":"uppercase","button_typography_letter_spacing":{"unit":"px","size":"4"},"button_background_color":"#19c46e","button_border_radius":{"unit":"px","top":"0","right":"0","bottom":"0","left":"0","isLinked":true},"_margin":{"unit":"px","top":"70","right":"0","bottom":"0","left":"0","isLinked":false},"_padding":{"unit":"px","top":"40","right":"40","bottom":"40","left":"40","isLinked":true},"_background_background":"classic","_background_color":"rgba(255,255,255,0.53)","_margin_mobile":{"unit":"px","top":"70","right":"0","bottom":"0","left":"0","isLinked":false},"_padding_mobile":{"unit":"px","top":"20","right":"20","bottom":"20","left":"20","isLinked":true},"email_content":"[all-fields]","email_content_2":"[all-fields]"},"elements":[],"isInner":false,"widgetType":"form","elType":"widget"}],"isInner":false,"elType":"column"}],"isInner":false,"elType":"section"},{"id":"26350d2c","settings":{"structure":"40","background_background":"classic","background_color":"#19c46e","shape_divider_top_height":{"unit":"px","size":0},"shape_divider_top_negative":"yes","shape_divider_bottom_width":{"unit":"%","size":300},"shape_divider_bottom_height":{"unit":"px","size":262},"shape_divider_bottom_negative":"yes","padding":{"unit":"px","top":"080","right":"0","bottom":"80","left":"0","isLinked":false},"padding_tablet":{"unit":"px","top":"50","right":"30","bottom":"50","left":"30","isLinked":false},"padding_mobile":{"unit":"px","top":"60","right":"20","bottom":"60","left":"20","isLinked":false}},"elements":[{"id":"405aa10e","settings":{"_column_size":25,"_inline_size":null,"padding_mobile":{"unit":"px","top":"0","right":"0","bottom":"50","left":"0","isLinked":false},"screen_sm":"custom","screen_sm_width":"50"},"elements":[{"id":"653d4448","settings":{"view":"stacked","icon":"fa fa-500px","primary_color":"#ffffff","secondary_color":"#19c46e","size":{"unit":"px","size":"30"},"icon_padding":{"unit":"px","size":23},"hover_primary_color":"#09183d"},"elements":[],"isInner":false,"widgetType":"icon","elType":"widget"},{"id":"7e8e04c6","settings":{"starting_number":"","ending_number":"22","title":"Guided tour","typography_number_typography":"custom","typography_number_font_size":{"unit":"px","size":"50"},"typography_number_font_size_tablet":{"unit":"px","size":"40"},"typography_number_font_family":"Oswald","title_color":"#09183d","typography_title_typography":"custom","typography_title_font_size":{"unit":"px","size":"17"},"typography_title_font_size_tablet":{"unit":"px","size":"15"},"typography_title_font_family":"Playfair Display","typography_title_font_weight":"700","number_color":"#09183d"},"elements":[],"isInner":false,"widgetType":"counter","elType":"widget"}],"isInner":false,"elType":"column"},{"id":"71b2931e","settings":{"_column_size":25,"_inline_size":null,"padding_mobile":{"unit":"px","top":"0","right":"0","bottom":"05","left":"0","isLinked":false},"screen_sm":"custom","screen_sm_width":"50"},"elements":[{"id":"353eaa0f","settings":{"view":"stacked","icon":"fa fa-500px","primary_color":"#ffffff","secondary_color":"#19c46e","size":{"unit":"px","size":"30"},"icon_padding":{"unit":"px","size":23},"hover_primary_color":"#09183d"},"elements":[],"isInner":false,"widgetType":"icon","elType":"widget"},{"id":"10c23203","settings":{"starting_number":"","ending_number":"300","title":"Registrations","typography_number_typography":"custom","typography_number_font_size":{"unit":"px","size":"50"},"typography_number_font_size_tablet":{"unit":"px","size":"40"},"typography_number_font_family":"Oswald","title_color":"#09183d","typography_title_typography":"custom","typography_title_font_size":{"unit":"px","size":"17"},"typography_title_font_size_tablet":{"unit":"px","size":"15"},"typography_title_font_family":"Playfair Display","typography_title_font_weight":"700","number_color":"#09183d"},"elements":[],"isInner":false,"widgetType":"counter","elType":"widget"}],"isInner":false,"elType":"column"},{"id":"388d665b","settings":{"_column_size":25,"_inline_size":null,"padding_mobile":{"unit":"px","top":"0","right":"0","bottom":"0","left":"0","isLinked":true},"screen_sm":"custom","screen_sm_width":"50"},"elements":[{"id":"77b243e6","settings":{"view":"stacked","icon":"fa fa-500px","primary_color":"#ffffff","secondary_color":"#19c46e","size":{"unit":"px","size":"30"},"icon_padding":{"unit":"px","size":23},"hover_primary_color":"#09183d"},"elements":[],"isInner":false,"widgetType":"icon","elType":"widget"},{"id":"3a43a525","settings":{"starting_number":"","ending_number":"15","title":"Workshops ","typography_number_typography":"custom","typography_number_font_size":{"unit":"px","size":"50"},"typography_number_font_size_tablet":{"unit":"px","size":"40"},"typography_number_font_family":"Oswald","title_color":"#09183d","typography_title_typography":"custom","typography_title_font_size":{"unit":"px","size":"17"},"typography_title_font_size_tablet":{"unit":"px","size":"15"},"typography_title_font_family":"Playfair Display","typography_title_font_weight":"700","number_color":"#09183d"},"elements":[],"isInner":false,"widgetType":"counter","elType":"widget"}],"isInner":false,"elType":"column"},{"id":"203e21ec","settings":{"_column_size":25,"_inline_size":null,"padding_mobile":{"unit":"px","top":"0","right":"0","bottom":"0","left":"0","isLinked":true},"screen_sm":"custom","screen_sm_width":"50"},"elements":[{"id":"6339872e","settings":{"view":"stacked","icon":"fa fa-500px","primary_color":"#ffffff","secondary_color":"#19c46e","size":{"unit":"px","size":"30"},"icon_padding":{"unit":"px","size":23},"hover_primary_color":"#09183d"},"elements":[],"isInner":false,"widgetType":"icon","elType":"widget"},{"id":"3cdf18c3","settings":{"starting_number":"","ending_number":"190","title":"Speakers","typography_number_typography":"custom","typography_number_font_size":{"unit":"px","size":"50"},"typography_number_font_size_tablet":{"unit":"px","size":"40"},"typography_number_font_family":"Oswald","title_color":"#09183d","typography_title_typography":"custom","typography_title_font_size":{"unit":"px","size":"17"},"typography_title_font_size_tablet":{"unit":"px","size":"15"},"typography_title_font_family":"Playfair Display","typography_title_font_weight":"700","number_color":"#09183d"},"elements":[],"isInner":false,"widgetType":"counter","elType":"widget"}],"isInner":false,"elType":"column"}],"isInner":false,"elType":"section"},{"id":"7c1864c4","settings":{"content_width":{"unit":"px","size":"900"},"background_background":"classic","background_color":"#f2f2f2","padding":{"unit":"px","top":"120","right":"0","bottom":"120","left":"0","isLinked":false},"padding_tablet":{"unit":"px","top":"60","right":"30","bottom":"60","left":"30","isLinked":false},"padding_mobile":{"unit":"px","top":"40","right":"20","bottom":"40","left":"20","isLinked":false}},"elements":[{"id":"731dd682","settings":{"_column_size":100,"_inline_size":null},"elements":[{"id":"7fcecaaa","settings":{"image":{"id":723,"url":"http:\/\/localhost\/test\/wp-content\/uploads\/2018\/09\/s.png"},"title_text":"Get the fresh <span style=\"color:#19c46e\">perspective<\/span>","description_text":"Lorem ipsum dolor sit amet, consectetur adipiscing elit. Donec venenatis velit metus. Morbi non augue non sapien ullamcorper volutpat id a libero. Curabitur maximus vel est ac suscipit. Pellentesque imperdiet ultricies interdum. Etiam metus tortor.","position":"left","image_space":{"unit":"px","size":100},"image_size":{"unit":"%","size":"40"},"hover_animation":"shrink","title_bottom_space":{"unit":"px","size":20},"title_color":"#09183d","title_typography_typography":"custom","title_typography_font_size":{"unit":"px","size":"35"},"title_typography_font_family":"Oswald","title_typography_text_transform":"capitalize","description_color":"#414c63","description_typography_typography":"custom","description_typography_font_size":{"unit":"px","size":"17"},"description_typography_font_family":"Poppins","description_typography_font_weight":"300","description_typography_line_height":{"unit":"em","size":"1.6"},"_padding":{"unit":"px","top":"0","right":"0","bottom":"80","left":"0","isLinked":false},"title_typography_font_size_tablet":{"unit":"px","size":"28"},"description_typography_font_size_tablet":{"unit":"px","size":"14"},"description_typography_line_height_tablet":{"unit":"em","size":"1.8"},"text_align_mobile":"left","_padding_mobile":{"unit":"px","top":"0","right":"0","bottom":"20","left":"0","isLinked":false}},"elements":[],"isInner":false,"widgetType":"image-box","elType":"widget"},{"id":"293b6e25","settings":{"image":{"id":724,"url":"http:\/\/localhost\/test\/wp-content\/uploads\/2018\/09\/xc.png"},"title_text":"<span style=\"color:#19c46e\">Explore <\/span> new areas ","description_text":"Duis quis eros ut orci lacinia dapibus. Donec tempor at tellus vitae molestie. Phasellus cursus faucibus orci, nec aliquam lorem pharetra eu. Praesent sit amet mi sed tellus laoreet rhoncus. Duis at varius lacus. Etiam eleifend ullamcorper magna, sed iaculis ante dictum ","position":"right","image_space":{"unit":"px","size":100},"image_size":{"unit":"%","size":"40"},"hover_animation":"shrink","text_align":"left","title_bottom_space":{"unit":"px","size":20},"title_typography_typography":"custom","title_typography_font_size":{"unit":"px","size":"35"},"title_typography_font_family":"Oswald","title_typography_text_transform":"capitalize","description_color":"#414c63","description_typography_typography":"custom","description_typography_font_size":{"unit":"px","size":"17"},"description_typography_font_family":"Poppins","description_typography_font_weight":"300","description_typography_line_height":{"unit":"em","size":"1.6"},"_padding":{"unit":"px","top":"0","right":"0","bottom":"80","left":"0","isLinked":false},"title_color":"#09183d","title_typography_font_size_tablet":{"unit":"px","size":"27"},"description_typography_font_size_tablet":{"unit":"px","size":"14"},"description_typography_line_height_tablet":{"unit":"em","size":"1.8"},"text_align_mobile":"right","_padding_mobile":{"unit":"px","top":"0","right":"0","bottom":"20","left":"0","isLinked":false}},"elements":[],"isInner":false,"widgetType":"image-box","elType":"widget"},{"id":"182b5be","settings":{"image":{"id":725,"url":"http:\/\/localhost\/test\/wp-content\/uploads\/2018\/09\/c-v.png"},"title_text":"<span style=\"color:#19c46e\">Eco center SF <\/span> -  the place to be","description_text":"Duis quis eros ut orci lacinia dapibus. Donec tempor at tellus vitae molestie. Phasellus cursus faucibus orci, nec aliquam lorem pharetra eu. Praesent sit amet mi sed tellus laoreet rhoncus. Duis at varius lacus. Etiam eleifend ullamcorper magna, sed iaculis ante dictum ","position":"left","image_space":{"unit":"px","size":100},"image_size":{"unit":"%","size":"40"},"hover_animation":"shrink","text_align":"left","title_bottom_space":{"unit":"px","size":20},"title_typography_typography":"custom","title_typography_font_size":{"unit":"px","size":"35"},"title_typography_font_family":"Oswald","title_typography_text_transform":"capitalize","description_color":"#414c63","description_typography_typography":"custom","description_typography_font_size":{"unit":"px","size":"17"},"description_typography_font_family":"Poppins","description_typography_font_weight":"300","description_typography_line_height":{"unit":"em","size":"1.6"},"title_typography_font_size_tablet":{"unit":"px","size":"27"},"description_typography_font_size_tablet":{"unit":"px","size":"14"},"description_typography_line_height_tablet":{"unit":"em","size":"1.8"},"title_color":"#09183d"},"elements":[],"isInner":false,"widgetType":"image-box","elType":"widget"}],"isInner":false,"elType":"column"}],"isInner":false,"elType":"section"},{"id":"5242019e","settings":{"structure":"20","background_background":"classic","background_color":"#a7adb4","padding":{"unit":"px","top":"150","right":"0","bottom":"150","left":"0","isLinked":false},"padding_tablet":{"unit":"px","top":"70","right":"20","bottom":"70","left":"20","isLinked":false},"padding_mobile":{"unit":"px","top":"0","right":"0","bottom":"0","left":"0","isLinked":true}},"elements":[{"id":"298d1e6c","settings":{"_column_size":50,"_inline_size":null,"background_background":"classic","background_color":"#ffffff","padding":{"unit":"px","top":"70","right":"0","bottom":"20","left":"0","isLinked":false},"margin":{"unit":"%","top":"0","right":"5","bottom":"0","left":"0","isLinked":false},"margin_tablet":{"unit":"px","top":"0","right":"0","bottom":"0","left":"0","isLinked":true},"padding_tablet":{"unit":"px","top":"40","right":"0","bottom":"10","left":"0","isLinked":false},"margin_mobile":{"unit":"px","top":"0","right":"0","bottom":"0","left":"0","isLinked":true},"padding_mobile":{"unit":"px","top":"60","right":"0","bottom":"60","left":"0","isLinked":false}},"elements":[{"id":"3e08ea5","settings":{"title":"Day 1 schedule <span style=\"color:#19c46e\"> \/\/ <\/span>meet & greet","align":"center","typography_typography":"custom","typography_font_family":"Oswald","typography_text_transform":"uppercase","align_tablet":"center","typography_font_size_tablet":{"unit":"px","size":"20"},"title_color":"#09183d"},"elements":[],"isInner":false,"widgetType":"heading","elType":"widget"},{"id":"3fc80813","settings":{"price_list":[{"title":"Carrie-Anne Moss","item_description":"Lorem ipsum dolor sit amet, consectetur adipiscing elit. Donec venenatis velit.","price":"10 AM","link":{"url":"#","is_external":"","nofollow":""},"_id":"k0nzluc","image":{"id":726,"url":"http:\/\/localhost\/test\/wp-content\/uploads\/2018\/09\/gw4glrgzeeq-christopher-sticha-1.png"}},{"title":"Joel Silver","item_description":"Curabitur maximus vel est ac suscipit. Pellentesque imperdiet ultricies interdum. ","price":"11:30 AM","link":{"url":"#","is_external":"","nofollow":""},"_id":"vny8l1b","image":{"id":727,"url":"http:\/\/localhost\/test\/wp-content\/uploads\/2018\/09\/https-www.pexels.comphotopress-conference-interview-man-person-32976.png"}},{"title":"Gloria Foster","item_description":"Lorem ipsum dolor sit amet, consectetur adipiscing elitvelit metus. ","price":"1:30 AM","link":{"url":"#","is_external":"","nofollow":""},"_id":"db1v4i3","image":{"id":728,"url":"http:\/\/localhost\/test\/wp-content\/uploads\/2018\/09\/https-www.pexels.comphotowoman-in-black-scoop-neck-shirt-smiling-38554.png"}},{"title":"Joe Pantoliano","item_description":"Duis eget consequat nisi. Fusce vel metus consequat, volutpat arcu ut.","price":"4 AM","link":{"url":"#","is_external":"","nofollow":""},"_id":"yukg9kh","image":{"id":"567","url":"http:\/\/localhost\/test\/wp-content\/uploads\/2018\/09\/https-d3iw72m71ie81c.cloudfront.netmale-16.png"}}],"heading_color":"#181d24","heading_typography_typography":"custom","heading_typography_font_size":{"unit":"px","size":"22"},"heading_typography_font_family":"Playfair Display","description_color":"#414c63","description_typography_typography":"custom","description_typography_line_height":{"unit":"em","size":"1.6"},"separator_style":"solid","separator_color":"#19c46e","image_size_size":"custom","image_size_custom_dimension":{"width":"80","height":"80"},"image_spacing":{"unit":"px","size":"30"},"_padding":{"unit":"px","top":"60","right":"60","bottom":"60","left":"60","isLinked":true},"row_gap":{"unit":"px","size":50},"vertical_align":"center","heading_typography_font_size_tablet":{"unit":"px","size":"15"},"description_typography_font_size_tablet":{"unit":"px","size":"13"},"_padding_tablet":{"unit":"px","top":"25","right":"25","bottom":"25","left":"25","isLinked":true},"heading_typography_font_size_mobile":{"unit":"px","size":"16"},"_padding_mobile":{"unit":"px","top":"20","right":"20","bottom":"20","left":"20","isLinked":true}},"elements":[],"isInner":false,"widgetType":"price-list","elType":"widget"}],"isInner":false,"elType":"column"},{"id":"4d3fb3bb","settings":{"_column_size":50,"_inline_size":null,"background_background":"classic","background_color":"#ffffff","padding":{"unit":"px","top":"70","right":"0","bottom":"20","left":"0","isLinked":false},"margin":{"unit":"%","top":"0","right":"0","bottom":"0","left":"5","isLinked":false},"margin_tablet":{"unit":"px","top":"0","right":"0","bottom":"0","left":"0","isLinked":true},"padding_tablet":{"unit":"px","top":"40","right":"0","bottom":"10","left":"0","isLinked":false},"margin_mobile":{"unit":"px","top":"0","right":"0","bottom":"0","left":"0","isLinked":false},"padding_mobile":{"unit":"px","top":"40","right":"0","bottom":"60","left":"0","isLinked":false}},"elements":[{"id":"13deb0fb","settings":{"title":"Day 2 schedule <span style=\"color:#19c46e\"> \/\/ <\/span>closing event","align":"center","typography_typography":"custom","typography_font_family":"Oswald","typography_text_transform":"uppercase","typography_font_size_tablet":{"unit":"px","size":"20"},"title_color":"#09183d"},"elements":[],"isInner":false,"widgetType":"heading","elType":"widget"},{"id":"31950c11","settings":{"price_list":[{"title":" Jean Reno ","item_description":"Lorem ipsum dolor sit amet, consectetur adipiscing elit. Donec venenatis velit metus.\n","price":"10 AM","link":{"url":"#","is_external":"","nofollow":""},"_id":"k0nzluc","image":{"id":729,"url":"http:\/\/localhost\/test\/wp-content\/uploads\/2018\/09\/ctlghjilmue-jake-barford-1.png"}},{"title":"Belinda McClory ","item_description":"Curabitur maximus vel est ac suscipit. Pellentesque imperdiet ultricies interdum. ","price":"11:30 AM","link":{"url":"#","is_external":"","nofollow":""},"_id":"vny8l1b","image":{"id":730,"url":"http:\/\/localhost\/test\/wp-content\/uploads\/2018\/09\/07p7aip5dmc-cagatay-orhan-2.png"}},{"title":"Anthony Ray ","item_description":"Lorem ipsum dolor sit amet, consectetur adipiscing elit. Donec venenatis velit metus. ","price":"2 AM","link":{"url":"#","is_external":"","nofollow":""},"_id":"db1v4i3","image":{"id":"566","url":"http:\/\/localhost\/test\/wp-content\/uploads\/2018\/09\/https-hd.unsplash.comphoto-1463104264350-ec39e9ccd74b-1.png"}},{"title":" Chad Stahelski","item_description":"Duis eget consequat nisi. Fusce vel metus consequat, volutpat arcu ut, egestas mauri","price":"10 AM","link":{"url":"#","is_external":"","nofollow":""},"_id":"yukg9kh","image":{"id":731,"url":"http:\/\/localhost\/test\/wp-content\/uploads\/2018\/09\/https-hd.unsplash.comphoto-1472099645785-5658abf4ff4e.png"}}],"heading_color":"#181d24","heading_typography_typography":"custom","heading_typography_font_size":{"unit":"px","size":"22"},"heading_typography_font_family":"Playfair Display","description_color":"#414c63","description_typography_typography":"custom","description_typography_line_height":{"unit":"em","size":"1.6"},"separator_style":"solid","separator_color":"#19c46e","image_size_size":"custom","image_size_custom_dimension":{"width":"80","height":"80"},"image_spacing":{"unit":"px","size":28},"_padding":{"unit":"px","top":"60","right":"60","bottom":"60","left":"60","isLinked":true},"row_gap":{"unit":"px","size":50},"vertical_align":"center","heading_typography_font_size_tablet":{"unit":"px","size":"15"},"description_typography_font_size_tablet":{"unit":"px","size":"13"},"_padding_tablet":{"unit":"px","top":"25","right":"25","bottom":"25","left":"25","isLinked":true},"heading_typography_font_size_mobile":{"unit":"px","size":"16"},"_padding_mobile":{"unit":"px","top":"20","right":"20","bottom":"20","left":"20","isLinked":true}},"elements":[],"isInner":false,"widgetType":"price-list","elType":"widget"}],"isInner":false,"elType":"column"}],"isInner":false,"elType":"section"},{"id":"6e2c9bdf","settings":{"background_background":"classic","background_color":"#f2f2f2","padding":{"unit":"px","top":"100","right":"0","bottom":"100","left":"0","isLinked":false},"gap":"no","padding_tablet":{"unit":"px","top":"60","right":"20","bottom":"60","left":"20","isLinked":false}},"elements":[{"id":"55f52a7a","settings":{"_column_size":100,"_inline_size":null,"padding_tablet":{"unit":"px","top":"0","right":"0","bottom":"0","left":"0","isLinked":true}},"elements":[{"id":"15868ea6","settings":{"title":"Save your spot","align":"center","typography_typography":"custom","typography_font_family":"Oswald","typography_text_transform":"capitalize","title_color":"#19c46e","typography_font_size":{"unit":"px","size":"45"},"_padding":{"unit":"px","top":"0","right":"0","bottom":"10","left":"0","isLinked":false},"typography_font_size_mobile":{"unit":"px","size":"35"}},"elements":[],"isInner":false,"widgetType":"heading","elType":"widget"},{"id":"53299acf","settings":{"editor":"<p>This is your chance to contribute to the only\u00a0planet we have<\/p>","align":"center","text_color":"#09183d","typography_typography":"custom","typography_font_size":{"unit":"px","size":"17"},"typography_line_height":{"unit":"em","size":"1.6"},"_padding":{"unit":"%","top":"0","right":"17","bottom":"0","left":"17","isLinked":false},"typography_font_size_mobile":{"unit":"px","size":"16"},"_padding_mobile":{"unit":"px","top":"0","right":"0","bottom":"0","left":"0","isLinked":true},"typography_font_family":"Poppins"},"elements":[],"isInner":false,"widgetType":"text-editor","elType":"widget"},{"id":"1bf49ede","settings":{"gap":"no","structure":"30","padding":{"unit":"px","top":"50","right":"0","bottom":"0","left":"0","isLinked":false},"padding_tablet":{"unit":"px","top":"30","right":"0","bottom":"0","left":"0","isLinked":false}},"elements":[{"id":"1bd5897b","settings":{"_column_size":33,"_inline_size":null,"margin":{"unit":"px","top":"0","right":"16","bottom":"0","left":"0","isLinked":false},"margin_tablet":{"unit":"px","top":"0","right":"8","bottom":"0","left":"0","isLinked":false},"margin_mobile":{"unit":"px","top":"0","right":"0","bottom":"0","left":"0","isLinked":true},"padding_mobile":{"unit":"px","top":"0","right":"0","bottom":"0","left":"0","isLinked":true}},"elements":[{"id":"697d0aa9","settings":{"heading":"Standard ","sub_heading":"Personal ","price":"149","period":"","features_list":[{"item_text":"Lorem ipsum dolor sit amet, consectetur adipiscing elit. Etiam aliquet ex elit, at consequat lacus condimentum ut. ","item_icon":"","_id":"6m72zro","item_icon_color":""}],"button_text":"Sign up","footer_additional_info":"","show_ribbon":"","ribbon_title":"Popular","header_bg_color":"#ffffff","heading_color":"#373750","heading_typography_typography":"custom","heading_typography_font_size":{"unit":"px","size":"26"},"heading_typography_line_height":{"unit":"em","size":"1.3"},"sub_heading_color":"#19c46e","sub_heading_typography_typography":"custom","sub_heading_typography_font_size":{"unit":"px","size":"16"},"pricing_element_bg_color":"#a7adb4","pricing_element_padding":{"unit":"px","top":"25","right":"25","bottom":"25","left":"25","isLinked":true},"price_color":"#ffffff","price_typography_typography":"custom","price_typography_font_size":{"unit":"px","size":"55"},"price_typography_font_family":"Poppins","price_typography_font_weight":"600","currency_size":{"unit":"px","size":100},"features_list_bg_color":"#ffffff","features_list_padding":{"unit":"px","top":"30","right":"30","bottom":"0","left":"30","isLinked":false},"features_list_color":"#414c63","features_list_typography_typography":"custom","features_list_typography_font_size":{"unit":"px","size":"15"},"features_list_typography_line_height":{"unit":"em","size":"1.6"},"footer_bg_color":"#ffffff","footer_padding":{"unit":"px","top":"30","right":"0","bottom":"50","left":"0","isLinked":false},"button_text_color":"#ffffff","button_typography_typography":"custom","button_typography_font_size":{"unit":"px","size":"18"},"button_typography_font_weight":"bold","button_typography_letter_spacing":{"unit":"px","size":"3"},"button_background_color":"#19c46e","button_border_border":"solid","button_border_width":{"unit":"px","top":"3","right":"3","bottom":"3","left":"3","isLinked":true},"button_border_color":"#19c46e","button_border_radius":{"unit":"px","top":"50","right":"50","bottom":"50","left":"50","isLinked":true},"button_text_padding":{"unit":"px","top":"13","right":"30","bottom":"13","left":"30","isLinked":false},"button_hover_color":"#ffffff","button_background_hover_color":"#09183d","button_hover_border_color":"#09183d","_box_shadow_box_shadow_type":"yes","_box_shadow_box_shadow":{"horizontal":0,"vertical":0,"blur":"25","spread":0,"inset":"","color":"rgba(0,0,0,0.19)"},"price_typography_font_size_tablet":{"unit":"px","size":"40"},"features_list_padding_tablet":{"unit":"px","top":"30","right":"5","bottom":"0","left":"5","isLinked":false},"features_list_typography_font_size_tablet":{"unit":"px","size":"13"},"footer_padding_tablet":{"unit":"px","top":"20","right":"20","bottom":"30","left":"20","isLinked":false},"button_typography_font_size_tablet":{"unit":"px","size":"16"},"features_list_typography_font_size_mobile":{"unit":"px","size":"15"},"heading_typography_font_family":"Vidaloka","sub_heading_typography_font_family":"Poppins"},"elements":[],"isInner":false,"widgetType":"price-table","elType":"widget"}],"isInner":true,"elType":"column"},{"id":"47ecbb3c","settings":{"_column_size":33,"_inline_size":null,"margin":{"unit":"px","top":"0","right":"8","bottom":"0","left":"8","isLinked":false},"margin_tablet":{"unit":"px","top":"0","right":"4","bottom":"0","left":"4","isLinked":false},"margin_mobile":{"unit":"px","top":"0","right":"0","bottom":"0","left":"0","isLinked":true},"padding_mobile":{"unit":"px","top":"50","right":"0","bottom":"50","left":"0","isLinked":false}},"elements":[{"id":"75d645a6","settings":{"heading":"Premium ","sub_heading":"Personal ","price":"179","period":"","features_list":[{"item_text":"Lorem ipsum dolor sit amet, consectetur adipiscing elit. Etiam aliquet ex elit, at consequat lacus condimentum ut. ","item_icon":"","_id":"6m72zro","item_icon_color":""}],"button_text":"Sign up","footer_additional_info":"","show_ribbon":"","ribbon_title":"Popular","header_bg_color":"#ffffff","heading_color":"#373750","heading_typography_typography":"custom","heading_typography_font_size":{"unit":"px","size":"26"},"heading_typography_line_height":{"unit":"em","size":"1.3"},"sub_heading_color":"#19c46e","sub_heading_typography_typography":"custom","sub_heading_typography_font_size":{"unit":"px","size":"16"},"pricing_element_bg_color":"#a7adb4","pricing_element_padding":{"unit":"px","top":"25","right":"25","bottom":"25","left":"25","isLinked":true},"price_color":"#ffffff","price_typography_typography":"custom","price_typography_font_size":{"unit":"px","size":"55"},"price_typography_font_family":"Poppins","price_typography_font_weight":"600","currency_size":{"unit":"px","size":100},"features_list_bg_color":"#ffffff","features_list_padding":{"unit":"px","top":"30","right":"30","bottom":"0","left":"30","isLinked":false},"features_list_color":"#414c63","features_list_typography_typography":"custom","features_list_typography_font_size":{"unit":"px","size":"15"},"features_list_typography_line_height":{"unit":"em","size":"1.6"},"footer_bg_color":"#ffffff","footer_padding":{"unit":"px","top":"30","right":"0","bottom":"50","left":"0","isLinked":false},"button_text_color":"#ffffff","button_typography_typography":"custom","button_typography_font_size":{"unit":"px","size":"18"},"button_typography_font_weight":"bold","button_typography_letter_spacing":{"unit":"px","size":"3"},"button_background_color":"#19c46e","button_border_border":"solid","button_border_width":{"unit":"px","top":"3","right":"3","bottom":"3","left":"3","isLinked":true},"button_border_color":"#19c46e","button_border_radius":{"unit":"px","top":"50","right":"50","bottom":"50","left":"50","isLinked":true},"button_text_padding":{"unit":"px","top":"13","right":"30","bottom":"13","left":"30","isLinked":false},"button_hover_color":"#ffffff","button_background_hover_color":"#09183d","button_hover_border_color":"#09183d","_box_shadow_box_shadow_type":"yes","_box_shadow_box_shadow":{"horizontal":0,"vertical":0,"blur":"25","spread":0,"inset":"","color":"rgba(0,0,0,0.19)"},"price_typography_font_size_tablet":{"unit":"px","size":"40"},"features_list_padding_tablet":{"unit":"px","top":"30","right":"5","bottom":"0","left":"5","isLinked":false},"features_list_typography_font_size_tablet":{"unit":"px","size":"13"},"footer_padding_tablet":{"unit":"px","top":"20","right":"20","bottom":"30","left":"20","isLinked":false},"button_typography_font_size_tablet":{"unit":"px","size":"16"},"features_list_typography_font_size_mobile":{"unit":"px","size":"15"},"heading_typography_font_family":"Vidaloka","sub_heading_typography_font_family":"Poppins"},"elements":[],"isInner":false,"widgetType":"price-table","elType":"widget"}],"isInner":true,"elType":"column"},{"id":"3bf65cf1","settings":{"_column_size":33,"_inline_size":null,"margin":{"unit":"px","top":"0","right":"0","bottom":"0","left":"16","isLinked":false},"margin_tablet":{"unit":"px","top":"0","right":"0","bottom":"0","left":"8","isLinked":false},"margin_mobile":{"unit":"px","top":"0","right":"0","bottom":"0","left":"0","isLinked":true}},"elements":[{"id":"7d359b46","settings":{"heading":"Team","sub_heading":"Price per person","price":"179","period":"","features_list":[{"item_text":"Lorem ipsum dolor sit amet, consectetur adipiscing elit. Etiam aliquet ex elit, at consequat lacus condimentum ut. ","item_icon":"","_id":"6m72zro","item_icon_color":""}],"button_text":"Sign up","footer_additional_info":"","show_ribbon":"","ribbon_title":"Popular","header_bg_color":"#ffffff","heading_color":"#373750","heading_typography_typography":"custom","heading_typography_font_size":{"unit":"px","size":"26"},"heading_typography_line_height":{"unit":"em","size":"1.3"},"sub_heading_color":"#19c46e","sub_heading_typography_typography":"custom","sub_heading_typography_font_size":{"unit":"px","size":"16"},"pricing_element_bg_color":"#a7adb4","pricing_element_padding":{"unit":"px","top":"25","right":"25","bottom":"25","left":"25","isLinked":true},"price_color":"#ffffff","price_typography_typography":"custom","price_typography_font_size":{"unit":"px","size":"55"},"price_typography_font_family":"Poppins","price_typography_font_weight":"600","currency_size":{"unit":"px","size":100},"features_list_bg_color":"#ffffff","features_list_padding":{"unit":"px","top":"30","right":"30","bottom":"0","left":"30","isLinked":false},"features_list_color":"#414c63","features_list_typography_typography":"custom","features_list_typography_font_size":{"unit":"px","size":"15"},"features_list_typography_line_height":{"unit":"em","size":"1.6"},"footer_bg_color":"#ffffff","footer_padding":{"unit":"px","top":"30","right":"0","bottom":"50","left":"0","isLinked":false},"button_text_color":"#ffffff","button_typography_typography":"custom","button_typography_font_size":{"unit":"px","size":"18"},"button_typography_font_weight":"bold","button_typography_letter_spacing":{"unit":"px","size":"3"},"button_background_color":"#19c46e","button_border_border":"solid","button_border_width":{"unit":"px","top":"3","right":"3","bottom":"3","left":"3","isLinked":true},"button_border_color":"#19c46e","button_border_radius":{"unit":"px","top":"50","right":"50","bottom":"50","left":"50","isLinked":true},"button_text_padding":{"unit":"px","top":"13","right":"30","bottom":"13","left":"30","isLinked":false},"button_hover_color":"#ffffff","button_background_hover_color":"#09183d","button_hover_border_color":"#09183d","_box_shadow_box_shadow_type":"yes","_box_shadow_box_shadow":{"horizontal":0,"vertical":0,"blur":"25","spread":0,"inset":"","color":"rgba(0,0,0,0.19)"},"price_typography_font_size_tablet":{"unit":"px","size":"40"},"features_list_padding_tablet":{"unit":"px","top":"30","right":"5","bottom":"0","left":"5","isLinked":false},"features_list_typography_font_size_tablet":{"unit":"px","size":"13"},"footer_padding_tablet":{"unit":"px","top":"20","right":"20","bottom":"30","left":"20","isLinked":false},"button_typography_font_size_tablet":{"unit":"px","size":"16"},"features_list_typography_font_size_mobile":{"unit":"px","size":"15"},"heading_typography_font_family":"Vidaloka","sub_heading_typography_font_family":"Poppins"},"elements":[],"isInner":false,"widgetType":"price-table","elType":"widget"}],"isInner":true,"elType":"column"}],"isInner":true,"elType":"section"}],"isInner":false,"elType":"column"}],"isInner":false,"elType":"section"},{"id":"2a6f4d02","settings":{"background_background":"classic","background_image":{"id":722,"url":"http:\/\/localhost\/test\/wp-content\/uploads\/2018\/09\/joshua-earle-183442.jpg"},"background_overlay_background":"classic","background_overlay_color":"rgba(0,22,56,0.56)","background_overlay_opacity":{"unit":"px","size":"0.9"},"padding":{"unit":"px","top":"98","right":"0","bottom":"100","left":"0","isLinked":false},"background_size":"cover","padding_tablet":{"unit":"px","top":"60","right":"30","bottom":"60","left":"30","isLinked":false},"padding_mobile":{"unit":"px","top":"60","right":"20","bottom":"60","left":"20","isLinked":false}},"elements":[{"id":"3f9dff65","settings":{"_column_size":100,"_inline_size":null},"elements":[{"id":"77f6dafd","settings":{"title":"What are you waiting for?","align":"center","typography_typography":"custom","typography_font_family":"Oswald","typography_text_transform":"capitalize","title_color":"#ffffff","typography_font_size":{"unit":"px","size":"45"},"_padding":{"unit":"px","top":"0","right":"0","bottom":"10","left":"0","isLinked":false},"typography_font_size_mobile":{"unit":"px","size":"52"},"typography_line_height_mobile":{"unit":"em","size":"1.3"}},"elements":[],"isInner":false,"widgetType":"heading","elType":"widget"},{"id":"4b51c7bf","settings":{"editor":"<p>The world's climate is not getting any better<\/p>","align":"center","text_color":"rgba(255,255,255,0.75)","typography_typography":"custom","typography_font_size":{"unit":"px","size":"17"},"typography_line_height":{"unit":"em","size":"1.6"},"typography_font_size_mobile":{"unit":"px","size":"18"},"typography_font_family":"Poppins"},"elements":[],"isInner":false,"widgetType":"text-editor","elType":"widget"},{"id":"c01a966","settings":{"label_days":"Days","label_hours":"Hours","label_minutes":"Minutes","label_seconds":"Seconds","container_width":{"unit":"%","size":47},"box_background_color":"rgba(0,0,0,0)","digits_color":"#19c46e","digits_typography_typography":"custom","digits_typography_font_size":{"unit":"px","size":"50"},"digits_typography_font_family":"Oswald","digits_typography_font_weight":"bold","digits_typography_line_height":{"unit":"em","size":1.4},"label_color":"rgba(255,255,255,0.71)","label_typography_typography":"custom","label_typography_font_size":{"unit":"px","size":"15"},"_padding":{"unit":"px","top":"10","right":"0","bottom":"20","left":"0","isLinked":false},"container_width_tablet":{"unit":"%","size":"70"},"_padding_tablet":{"unit":"px","top":"0","right":"0","bottom":"0","left":"0","isLinked":true},"digits_typography_font_size_mobile":{"unit":"px","size":"40"},"label_typography_font_size_mobile":{"unit":"px","size":"13"},"container_width_mobile":{"unit":"%","size":91},"label_typography_font_family":"Poppins"},"elements":[],"isInner":false,"widgetType":"countdown","elType":"widget"},{"id":"5c760b62","settings":{"text":"Get your ticket","align":"center","typography_typography":"custom","typography_font_size":{"unit":"px","size":"16"},"typography_font_weight":"600","typography_letter_spacing":{"unit":"px","size":"2"},"background_color":"#19c46e","border_radius":{"unit":"px","top":"50","right":"50","bottom":"50","left":"50","isLinked":true},"text_padding":{"unit":"px","top":"20","right":"40","bottom":"20","left":"40","isLinked":false}},"elements":[],"isInner":false,"widgetType":"button","elType":"widget"}],"isInner":false,"elType":"column"}],"isInner":false,"elType":"section"}]}