{"version":"0.4","title":"LandingPage-Tourism5-page","type":"page","content":[{"id":"3163238e","settings":{"height":"min-height","custom_height":{"unit":"vh","size":100},"background_background":"classic","background_image":{"id":923,"url":"http:\/\/localhost\/test\/wp-content\/uploads\/2018\/09\/3-1-4.png"},"background_size":"cover","custom_height_tablet":{"unit":"vh","size":70},"background_position":"center center","padding_mobile":{"unit":"px","top":"50","right":"0","bottom":"50","left":"0","isLinked":false},"shape_divider_bottom_color":"#fff200","shape_divider_bottom_height":{"unit":"px","size":21},"shape_divider_bottom_negative":"yes"},"elements":[{"id":"10e5e789","settings":{"_column_size":100,"_inline_size":null,"padding":{"unit":"%","top":"0","right":"40","bottom":"0","left":"0","isLinked":false},"margin_mobile":{"unit":"px","top":"25","right":"25","bottom":"25","left":"25","isLinked":true},"padding_tablet":{"unit":"px","top":"0","right":"300","bottom":"0","left":"30","isLinked":false},"padding_mobile":{"unit":"px","top":"0","right":"0","bottom":"0","left":"0","isLinked":true}},"elements":[{"id":"1342c678","settings":{"title":"Summer time<BR>\n<span style=\"color:#fff200\"> Vacation time!","title_color":"#ffffff","typography_typography":"custom","typography_font_size":{"unit":"px","size":80},"typography_font_family":"Raleway","typography_font_weight":"900","typography_text_transform":"uppercase","typography_letter_spacing":{"unit":"px","size":0.5},"typography_font_size_tablet":{"unit":"px","size":45},"typography_font_size_mobile":{"unit":"px","size":35},"_padding_mobile":{"unit":"px","top":"0","right":"0","bottom":"30","left":"0","isLinked":false},"align_mobile":"center","_margin":{"unit":"px","top":"0","right":"0","bottom":"30","left":"0","isLinked":false},"header_size":"h1","align":"center"},"elements":[],"isInner":false,"widgetType":"heading","elType":"widget"},{"id":"7306e595","settings":{"gap":"no","background_background":"classic","background_color":"rgba(19,25,56,0.77)","padding":{"unit":"px","top":"50","right":"50","bottom":"50","left":"50","isLinked":true},"padding_tablet":{"unit":"px","top":"30","right":"30","bottom":"30","left":"30","isLinked":true}},"elements":[{"id":"57c46125","settings":{"_column_size":100,"_inline_size":null},"elements":[{"id":"3d8d1","settings":{"title":"Our representative would love  to help \nyou plan your dream vacation","align":"center","title_color":"#ffffff","typography_typography":"custom","typography_font_size":{"unit":"px","size":17},"typography_font_family":"Raleway","typography_font_weight":"300","typography_letter_spacing":{"unit":"px","size":0.5},"_padding":{"unit":"px","top":"0","right":"0","bottom":"30","left":"0","isLinked":false},"typography_font_size_tablet":{"unit":"px","size":16},"typography_font_size_mobile":{"unit":"px","size":14},"typography_line_height_tablet":{"unit":"px","size":22},"_padding_tablet":{"unit":"px","top":"0","right":"0","bottom":"10","left":"0","isLinked":false},"_padding_mobile":{"unit":"px","top":"0","right":"0","bottom":"0","left":"0","isLinked":false},"header_size":"p"},"elements":[],"isInner":false,"widgetType":"heading","elType":"widget"},{"id":"e07fcb3","settings":{"form_name":"New Form","form_fields":[{"_id":"name","field_type":"text","field_label":"Full Name","placeholder":"Full Name","width":"50","required":"","field_options":"","inline_list":"","width_tablet":"","width_mobile":"","rows":4,"recaptcha_size":"normal","recaptcha_style":"light","css_classes":"","field_value":"","file_sizes":"","file_types":"","allow_multiple_upload":"","max_files":"","acceptance_text":"","checked_by_default":"","field_min":"","field_max":"","min_date":"","max_date":"","use_native_date":"","use_native_time":"","allow_multiple":"","select_size":"","field_html":""},{"_id":"email","field_type":"email","required":"true","field_label":"Email","placeholder":"Email","width":"50","field_options":"","inline_list":"","width_tablet":"","width_mobile":"","rows":4,"recaptcha_size":"normal","recaptcha_style":"light","css_classes":"","field_value":"","file_sizes":"","file_types":"","allow_multiple_upload":"","max_files":"","acceptance_text":"","checked_by_default":"","field_min":"","field_max":"","min_date":"","max_date":"","use_native_date":"","use_native_time":"","allow_multiple":"","select_size":"","field_html":""},{"field_type":"tel","field_label":"Phone Number","placeholder":"Phone Number","required":"","field_options":"","inline_list":"","width":"50","width_tablet":"","width_mobile":"","rows":4,"recaptcha_size":"normal","recaptcha_style":"light","css_classes":"","_id":"field_1","field_value":"","file_sizes":"","file_types":"","allow_multiple_upload":"","max_files":"","acceptance_text":"","checked_by_default":"","field_min":"","field_max":"","min_date":"","max_date":"","use_native_date":"","use_native_time":"","allow_multiple":"","select_size":"","field_html":""},{"field_type":"text","field_label":"Country","placeholder":"Country","required":"","field_options":"","inline_list":"","width":"50","width_tablet":"","width_mobile":"","rows":4,"recaptcha_size":"normal","recaptcha_style":"light","css_classes":"","_id":"field_5","field_value":"","file_sizes":"","file_types":"","allow_multiple_upload":"","max_files":"","acceptance_text":"","checked_by_default":"","field_min":"","field_max":"","min_date":"","max_date":"","use_native_date":"","use_native_time":"","allow_multiple":"","select_size":"","field_html":""},{"field_type":"number","field_label":"Pearsons","placeholder":"Pearsons","required":"","field_options":"","inline_list":"","width":"50","width_tablet":"","width_mobile":"","rows":4,"recaptcha_size":"normal","recaptcha_style":"light","css_classes":"","_id":"field_2","field_value":"","file_sizes":"","file_types":"","allow_multiple_upload":"","max_files":"","acceptance_text":"","checked_by_default":"","field_min":"","field_max":"","min_date":"","max_date":"","use_native_date":"","use_native_time":"","allow_multiple":"","select_size":"","field_html":""},{"field_type":"text","field_label":"Date","placeholder":"Date","required":"","field_options":"","inline_list":"","width":"50","width_tablet":"","width_mobile":"","rows":4,"recaptcha_size":"normal","recaptcha_style":"light","css_classes":"","_id":"field_4","field_value":"","file_sizes":"","file_types":"","allow_multiple_upload":"","max_files":"","acceptance_text":"","checked_by_default":"","field_min":"","field_max":"","min_date":"","max_date":"","use_native_date":"","use_native_time":"","allow_multiple":"","select_size":"","field_html":""},{"_id":"field_3","field_type":"textarea","field_label":"Message","placeholder":"Message","width":"100","required":"","field_options":"","inline_list":"","width_tablet":"","width_mobile":"","rows":5,"recaptcha_size":"normal","recaptcha_style":"light","css_classes":"","field_value":"","file_sizes":"","file_types":"","allow_multiple_upload":"","max_files":"","acceptance_text":"","checked_by_default":"","field_min":"","field_max":"","min_date":"","max_date":"","use_native_date":"","use_native_time":"","allow_multiple":"","select_size":"","field_html":""}],"show_labels":"","button_text":"Contact me","button_width":"","email_content":"[all-fields]","email_content_2":"[all-fields]","success_message":"The form was sent successfully!","error_message":"There's something wrong... Please fill in the required fields.","required_field_message":"Required","invalid_message":"There's something wrong... The form is invalid.","column_gap":{"unit":"px","size":15},"row_gap":{"unit":"px","size":15},"field_text_color":"#000000","field_typography_typography":"custom","field_typography_font_family":"Raleway","field_border_width":{"unit":"px","top":"0","right":"0","bottom":"0","left":"0","isLinked":true},"field_border_radius":{"unit":"px","top":"0","right":"0","bottom":"0","left":"0","isLinked":true},"button_text_color":"#131938","button_typography_typography":"custom","button_typography_font_size":{"unit":"px","size":18},"button_typography_font_family":"Raleway","button_typography_font_weight":"900","button_typography_text_transform":"uppercase","button_typography_letter_spacing":{"unit":"px","size":3.4},"button_background_color":"#fff200","button_border_radius":{"unit":"px","top":"0","right":"0","bottom":"0","left":"0","isLinked":true},"button_text_padding":{"unit":"px","top":"15","right":"30","bottom":"15","left":"30","isLinked":false},"_padding":{"unit":"px","top":"0","right":"0","bottom":"0","left":"0","isLinked":true},"_background_background":"classic","field_typography_font_size_tablet":{"unit":"px","size":13},"button_typography_font_size_tablet":{"unit":"px","size":13},"subscriber_already_exists_message":"Subscriber already exist.","button_border_border":"solid","button_border_width":{"unit":"px","top":"3","right":"3","bottom":"3","left":"3","isLinked":true},"button_border_color":"#fff200","button_hover_color":"#fff200","button_background_hover_color":"rgba(255,255,255,0)"},"elements":[],"isInner":false,"widgetType":"form","elType":"widget"}],"isInner":true,"elType":"column"}],"isInner":true,"elType":"section"}],"isInner":false,"elType":"column"}],"isInner":false,"elType":"section"},{"id":"7a7447ee","settings":{"gap":"no","structure":"40","background_background":"classic","background_color":"#fff200","padding":{"unit":"px","top":"70","right":"0","bottom":"70","left":"0","isLinked":false},"padding_tablet":{"unit":"px","top":"50","right":"100","bottom":"50","left":"100","isLinked":false},"padding_mobile":{"unit":"px","top":"70","right":"10","bottom":"70","left":"10","isLinked":false}},"elements":[{"id":"2afde309","settings":{"_column_size":25,"_inline_size":null,"margin":{"unit":"px","top":"0","right":"20","bottom":"0","left":"0","isLinked":false},"_inline_size_tablet":50,"_inline_size_mobile":50,"margin_tablet":{"unit":"px","top":"0","right":"30","bottom":"0","left":"0","isLinked":false},"margin_mobile":{"unit":"px","top":"0","right":"0","bottom":"0","left":"0","isLinked":true}},"elements":[{"id":"7eefc158","settings":{"view":"stacked","icon":"fa fa-plane","title_text":"Online Booking","description_text":"Lorem ipsum dolor sit amet, consectetur adipiscing elit. ","primary_color":"#131938","secondary_color":"#ffffff","icon_space":{"unit":"px","size":30},"icon_size":{"unit":"px","size":20},"hover_primary_color":"rgba(255,255,255,0.81)","hover_secondary_color":"#131938","title_bottom_space":{"unit":"px","size":15},"title_typography_typography":"custom","title_typography_font_size":{"unit":"px","size":22},"title_typography_font_family":"Raleway","title_typography_font_weight":"700","description_color":"#131938","description_typography_typography":"custom","description_typography_font_size":{"unit":"px","size":15},"description_typography_font_family":"Lora","description_typography_font_weight":"500","icon_padding":{"unit":"px","size":15},"title_typography_font_size_tablet":{"unit":"px","size":20},"title_typography_font_size_mobile":{"unit":"px","size":16},"description_typography_font_size_tablet":{"unit":"px","size":15},"description_typography_font_size_mobile":{"unit":"px","size":13},"title_color":"#000000"},"elements":[],"isInner":false,"widgetType":"icon-box","elType":"widget"}],"isInner":false,"elType":"column"},{"id":"36fd50dd","settings":{"_column_size":25,"_inline_size":null,"margin":{"unit":"px","top":"0","right":"10","bottom":"0","left":"10","isLinked":false},"_inline_size_tablet":50,"_inline_size_mobile":50,"margin_tablet":{"unit":"px","top":"0","right":"0","bottom":"0","left":"20","isLinked":false},"margin_mobile":{"unit":"px","top":"0","right":"0","bottom":"0","left":"0","isLinked":true}},"elements":[{"id":"3c2d1287","settings":{"view":"stacked","icon":"fa fa-map","title_text":"Popular Destinations","description_text":"elit tellus, luctus nec ullamcorper mattis, pulvinar dapibus leo.","primary_color":"#131938","secondary_color":"#ffffff","icon_space":{"unit":"px","size":30},"icon_size":{"unit":"px","size":20},"hover_primary_color":"rgba(255,255,255,0.81)","hover_secondary_color":"#131938","title_typography_typography":"custom","title_typography_font_size":{"unit":"px","size":22},"title_typography_font_family":"Raleway","title_typography_font_weight":"700","description_color":"#131938","description_typography_typography":"custom","description_typography_font_size":{"unit":"px","size":15},"description_typography_font_family":"Lora","description_typography_font_weight":"500","icon_padding":{"unit":"px","size":15},"title_typography_font_size_tablet":{"unit":"px","size":20},"title_typography_font_size_mobile":{"unit":"px","size":16},"description_typography_font_size_tablet":{"unit":"px","size":15},"description_typography_font_size_mobile":{"unit":"px","size":13},"title_color":"#000000"},"elements":[],"isInner":false,"widgetType":"icon-box","elType":"widget"}],"isInner":false,"elType":"column"},{"id":"4e322dfe","settings":{"_column_size":25,"_inline_size":null,"margin":{"unit":"px","top":"0","right":"10","bottom":"0","left":"10","isLinked":false},"_inline_size_tablet":50,"_inline_size_mobile":50,"margin_tablet":{"unit":"px","top":"50","right":"30","bottom":"0","left":"0","isLinked":false},"margin_mobile":{"unit":"px","top":"50","right":"0","bottom":"0","left":"0","isLinked":false}},"elements":[{"id":"5e8ba2a4","settings":{"view":"stacked","icon":"fa fa-ship","title_text":"Fast Connection","description_text":"Lorem ipsum dolor sit amet, consectetur adipiscing elit. ","primary_color":"#131938","secondary_color":"#ffffff","icon_space":{"unit":"px","size":30},"icon_size":{"unit":"px","size":20},"hover_primary_color":"rgba(255,255,255,0.81)","hover_secondary_color":"#131938","title_typography_typography":"custom","title_typography_font_size":{"unit":"px","size":22},"title_typography_font_family":"Raleway","title_typography_font_weight":"700","description_color":"#131938","description_typography_typography":"custom","description_typography_font_size":{"unit":"px","size":15},"description_typography_font_family":"Lora","description_typography_font_weight":"500","icon_padding":{"unit":"px","size":15},"title_typography_font_size_tablet":{"unit":"px","size":20},"title_typography_font_size_mobile":{"unit":"px","size":16},"description_typography_font_size_tablet":{"unit":"px","size":15},"description_typography_font_size_mobile":{"unit":"px","size":13},"title_color":"#000000"},"elements":[],"isInner":false,"widgetType":"icon-box","elType":"widget"}],"isInner":false,"elType":"column"},{"id":"7479f2bb","settings":{"_column_size":25,"_inline_size":null,"margin":{"unit":"px","top":"0","right":"0","bottom":"0","left":"20","isLinked":false},"_inline_size_tablet":50,"_inline_size_mobile":50,"margin_tablet":{"unit":"px","top":"50","right":"0","bottom":"0","left":"30","isLinked":false},"margin_mobile":{"unit":"px","top":"50","right":"0","bottom":"0","left":"0","isLinked":false}},"elements":[{"id":"938bd3","settings":{"view":"stacked","icon":"fa fa-camera-retro","title_text":"Top Amenities","description_text":"elit tellus, luctus nec ullamcorper mattis, pulvinar dapibus leo.","primary_color":"#131938","secondary_color":"#ffffff","icon_space":{"unit":"px","size":30},"icon_size":{"unit":"px","size":20},"hover_primary_color":"rgba(255,255,255,0.81)","hover_secondary_color":"#131938","title_typography_typography":"custom","title_typography_font_size":{"unit":"px","size":22},"title_typography_font_family":"Raleway","title_typography_font_weight":"700","description_color":"#131938","description_typography_typography":"custom","description_typography_font_size":{"unit":"px","size":15},"description_typography_font_family":"Lora","description_typography_font_weight":"500","icon_padding":{"unit":"px","size":15},"title_typography_font_size_tablet":{"unit":"px","size":20},"title_typography_font_size_mobile":{"unit":"px","size":16},"description_typography_font_size_tablet":{"unit":"px","size":15},"description_typography_font_size_mobile":{"unit":"px","size":13},"title_color":"#000000"},"elements":[],"isInner":false,"widgetType":"icon-box","elType":"widget"}],"isInner":false,"elType":"column"}],"isInner":false,"elType":"section"},{"id":"1a37e0ff","settings":{"gap":"no","padding":{"unit":"px","top":"120","right":"0","bottom":"30","left":"0","isLinked":false},"padding_tablet":{"unit":"px","top":"80","right":"0","bottom":"0","left":"0","isLinked":false},"padding_mobile":{"unit":"px","top":"50","right":"30","bottom":"30","left":"30","isLinked":false}},"elements":[{"id":"694a2991","settings":{"_column_size":100,"_inline_size":null},"elements":[{"id":"2cd220f5","settings":{"title":"Relax. Discover. Gain New Experiences!","align":"center","title_color":"#131938","typography_typography":"custom","typography_font_size":{"unit":"px","size":26},"typography_font_family":"Raleway","typography_font_weight":"800","typography_letter_spacing":{"unit":"px","size":0.5},"_padding":{"unit":"px","top":"0","right":"0","bottom":"0","left":"0","isLinked":false},"typography_font_size_mobile":{"unit":"px","size":23},"typography_line_height_mobile":{"unit":"px","size":28}},"elements":[],"isInner":false,"widgetType":"heading","elType":"widget"},{"id":"2454dfd8","settings":{"title":"Lorem ipsum dolor sit amet, consectetur adipiscing elit. Integer orci turpis vestibulum","align":"center","title_color":"#131938","typography_typography":"custom","typography_font_size":{"unit":"px","size":18},"typography_font_family":"Lora","typography_font_weight":"300","typography_letter_spacing":{"unit":"px","size":0},"_padding":{"unit":"px","top":"0","right":"0","bottom":"50","left":"0","isLinked":false},"typography_font_size_tablet":{"unit":"px","size":16},"typography_font_size_mobile":{"unit":"px","size":14},"typography_line_height_mobile":{"unit":"px","size":20},"_padding_tablet":{"unit":"px","top":"0","right":"0","bottom":"10","left":"0","isLinked":false},"_padding_mobile":{"unit":"px","top":"0","right":"0","bottom":"0","left":"0","isLinked":false},"header_size":"p"},"elements":[],"isInner":false,"widgetType":"heading","elType":"widget"}],"isInner":false,"elType":"column"}],"isInner":false,"elType":"section"},{"id":"609870be","settings":{"gap":"no","structure":"30","padding_tablet":{"unit":"px","top":"20","right":"20","bottom":"20","left":"20","isLinked":true}},"elements":[{"id":"40d9d0b3","settings":{"_column_size":33,"_inline_size":null,"background_background":"classic","background_image":{"id":924,"url":"http:\/\/localhost\/test\/wp-content\/uploads\/2018\/09\/653.png"},"background_repeat":"no-repeat","background_size":"contain","box_shadow_box_shadow":{"horizontal":0,"vertical":-38,"blur":100,"spread":32,"color":"rgba(0,0,0,0.09)"},"margin":{"unit":"px","top":"0","right":"30","bottom":"0","left":"0","isLinked":false},"margin_tablet":{"unit":"px","top":"0","right":"10","bottom":"0","left":"0","isLinked":false},"margin_mobile":{"unit":"px","top":"0","right":"0","bottom":"0","left":"0","isLinked":true},"padding_tablet":{"unit":"px","top":"0","right":"0","bottom":"0","left":"0","isLinked":true},"padding_mobile":{"unit":"px","top":"0","right":"0","bottom":"50","left":"0","isLinked":false}},"elements":[{"id":"2b2f27f3","settings":{"gap":"no","structure":"20","padding":{"unit":"px","top":"0","right":"0","bottom":"200","left":"0","isLinked":false},"padding_tablet":{"unit":"px","top":"0","right":"0","bottom":"120","left":"0","isLinked":false},"padding_mobile":{"unit":"px","top":"0","right":"0","bottom":"190","left":"0","isLinked":false}},"elements":[{"id":"195def57","settings":{"_column_size":50,"_inline_size":63.947,"_inline_size_tablet":70,"_inline_size_mobile":60},"elements":[{"id":"3b48f431","settings":{"title":"Save 90$ pay only","align":"left","title_color":"#ffffff","typography_typography":"custom","typography_font_size":{"unit":"px","size":18},"typography_font_family":"Raleway","typography_font_weight":"700","typography_letter_spacing":{"unit":"px","size":0.5},"_padding":{"unit":"px","top":"20","right":"20","bottom":"20","left":"20","isLinked":true},"_background_background":"classic","_background_color":"#131938","typography_font_size_tablet":{"unit":"px","size":13},"header_size":"p"},"elements":[],"isInner":false,"widgetType":"heading","elType":"widget"}],"isInner":true,"elType":"column"},{"id":"e074287","settings":{"_column_size":50,"_inline_size":36.045,"_inline_size_tablet":30,"_inline_size_mobile":40},"elements":[{"id":"13ca197a","settings":{"title":"359$","align":"center","title_color":"#131938","typography_typography":"custom","typography_font_size":{"unit":"px","size":35},"typography_font_family":"Roboto","typography_font_weight":"900","typography_letter_spacing":{"unit":"px","size":0.5},"_padding":{"unit":"px","top":"30","right":"30","bottom":"30","left":"30","isLinked":true},"_background_background":"classic","_background_color":"#fff200","align_tablet":"center","typography_font_size_tablet":{"unit":"px","size":20},"_padding_tablet":{"unit":"px","top":"22","right":"22","bottom":"22","left":"12","isLinked":false},"_padding_mobile":{"unit":"px","top":"30","right":"30","bottom":"30","left":"30","isLinked":true},"_background_hover_background":"classic","_background_hover_color":"#ffffff","header_size":"p"},"elements":[],"isInner":false,"widgetType":"heading","elType":"widget"}],"isInner":true,"elType":"column"}],"isInner":true,"elType":"section"},{"id":"5ffc6397","settings":{"title":"Mykonos","align":"center","title_color":"#131938","typography_typography":"custom","typography_font_size":{"unit":"px","size":20},"typography_font_family":"Raleway","typography_font_weight":"700","typography_letter_spacing":{"unit":"px","size":0.5},"_padding":{"unit":"px","top":"20","right":"0","bottom":"0","left":"0","isLinked":false},"typography_font_size_tablet":{"unit":"px","size":18},"header_size":"h4"},"elements":[],"isInner":false,"widgetType":"heading","elType":"widget"}],"isInner":false,"elType":"column"},{"id":"100cec04","settings":{"_column_size":33,"_inline_size":null,"background_background":"classic","background_image":{"id":925,"url":"http:\/\/localhost\/test\/wp-content\/uploads\/2018\/09\/52-1.png"},"background_repeat":"no-repeat","background_size":"contain","margin":{"unit":"px","top":"0","right":"15","bottom":"0","left":"15","isLinked":false},"margin_tablet":{"unit":"px","top":"0","right":"5","bottom":"0","left":"5","isLinked":false},"margin_mobile":{"unit":"px","top":"0","right":"0","bottom":"0","left":"0","isLinked":true},"padding_mobile":{"unit":"px","top":"0","right":"0","bottom":"0","left":"0","isLinked":false}},"elements":[{"id":"75568977","settings":{"gap":"no","structure":"20","padding":{"unit":"px","top":"0","right":"0","bottom":"200","left":"0","isLinked":false},"padding_tablet":{"unit":"px","top":"0","right":"0","bottom":"120","left":"0","isLinked":false},"padding_mobile":{"unit":"px","top":"0","right":"0","bottom":"190","left":"0","isLinked":false}},"elements":[{"id":"77693362","settings":{"_column_size":50,"_inline_size":63.947,"_inline_size_tablet":70,"_inline_size_mobile":60},"elements":[{"id":"17eacb2f","settings":{"title":"Save 75$ pay only","align":"left","title_color":"#ffffff","typography_typography":"custom","typography_font_size":{"unit":"px","size":18},"typography_font_family":"Raleway","typography_font_weight":"700","typography_letter_spacing":{"unit":"px","size":0.5},"_padding":{"unit":"px","top":"20","right":"20","bottom":"20","left":"20","isLinked":true},"_background_background":"classic","_background_color":"#131938","typography_font_size_tablet":{"unit":"px","size":13},"header_size":"p"},"elements":[],"isInner":false,"widgetType":"heading","elType":"widget"}],"isInner":true,"elType":"column"},{"id":"71720171","settings":{"_column_size":50,"_inline_size":36.045,"_inline_size_tablet":30,"_inline_size_mobile":40},"elements":[{"id":"102d8d3b","settings":{"title":"729$","align":"center","title_color":"#131938","typography_typography":"custom","typography_font_size":{"unit":"px","size":35},"typography_font_family":"Roboto","typography_font_weight":"900","typography_letter_spacing":{"unit":"px","size":0.5},"_padding":{"unit":"px","top":"30","right":"30","bottom":"30","left":"30","isLinked":true},"_background_background":"classic","_background_color":"#fff200","typography_font_size_tablet":{"unit":"px","size":20},"_padding_tablet":{"unit":"px","top":"22","right":"22","bottom":"22","left":"12","isLinked":false},"_padding_mobile":{"unit":"px","top":"30","right":"30","bottom":"30","left":"30","isLinked":true},"_background_hover_background":"classic","_background_hover_color":"#ffffff","header_size":"p"},"elements":[],"isInner":false,"widgetType":"heading","elType":"widget"}],"isInner":true,"elType":"column"}],"isInner":true,"elType":"section"},{"id":"41c72519","settings":{"title":"London","align":"center","title_color":"#131938","typography_typography":"custom","typography_font_size":{"unit":"px","size":20},"typography_font_family":"Raleway","typography_font_weight":"700","typography_letter_spacing":{"unit":"px","size":0.5},"_padding":{"unit":"px","top":"20","right":"0","bottom":"0","left":"0","isLinked":false},"typography_font_size_tablet":{"unit":"px","size":18},"header_size":"h4"},"elements":[],"isInner":false,"widgetType":"heading","elType":"widget"}],"isInner":false,"elType":"column"},{"id":"5dc5aee4","settings":{"_column_size":33,"_inline_size":null,"background_background":"classic","background_image":{"id":926,"url":"http:\/\/localhost\/test\/wp-content\/uploads\/2018\/09\/42-2.png"},"background_repeat":"no-repeat","background_size":"contain","margin":{"unit":"px","top":"0","right":"0","bottom":"0","left":"30","isLinked":false},"margin_tablet":{"unit":"px","top":"0","right":"0","bottom":"0","left":"10","isLinked":false},"margin_mobile":{"unit":"px","top":"50","right":"0","bottom":"0","left":"0","isLinked":false}},"elements":[{"id":"11d45a8b","settings":{"gap":"no","structure":"20","padding":{"unit":"px","top":"0","right":"0","bottom":"200","left":"0","isLinked":false},"padding_tablet":{"unit":"px","top":"0","right":"0","bottom":"120","left":"0","isLinked":false},"padding_mobile":{"unit":"px","top":"0","right":"0","bottom":"190","left":"0","isLinked":false}},"elements":[{"id":"7f8d1159","settings":{"_column_size":50,"_inline_size":63.947,"_inline_size_tablet":70,"_inline_size_mobile":60},"elements":[{"id":"5a3fc92a","settings":{"title":"Save 35$ pay only","align":"left","title_color":"#ffffff","typography_typography":"custom","typography_font_size":{"unit":"px","size":18},"typography_font_family":"Raleway","typography_font_weight":"700","typography_letter_spacing":{"unit":"px","size":0.5},"_padding":{"unit":"px","top":"20","right":"20","bottom":"20","left":"20","isLinked":true},"_background_background":"classic","_background_color":"#131938","typography_font_size_tablet":{"unit":"px","size":13},"header_size":"p"},"elements":[],"isInner":false,"widgetType":"heading","elType":"widget"}],"isInner":true,"elType":"column"},{"id":"e420c14","settings":{"_column_size":50,"_inline_size":36.045,"_inline_size_tablet":30,"_inline_size_mobile":40},"elements":[{"id":"734faeb6","settings":{"title":"519$","align":"center","title_color":"#131938","typography_typography":"custom","typography_font_size":{"unit":"px","size":35},"typography_font_family":"Roboto","typography_font_weight":"900","typography_letter_spacing":{"unit":"px","size":0.5},"_padding":{"unit":"px","top":"30","right":"30","bottom":"30","left":"30","isLinked":true},"_background_background":"classic","_background_color":"#fff200","typography_font_size_tablet":{"unit":"px","size":20},"_padding_tablet":{"unit":"px","top":"22","right":"22","bottom":"22","left":"12","isLinked":false},"_background_hover_background":"classic","_background_hover_color":"#ffffff","header_size":"p"},"elements":[],"isInner":false,"widgetType":"heading","elType":"widget"}],"isInner":true,"elType":"column"}],"isInner":true,"elType":"section"},{"id":"142117ce","settings":{"title":"Dublin","align":"center","title_color":"#131938","typography_typography":"custom","typography_font_size":{"unit":"px","size":20},"typography_font_family":"Raleway","typography_font_weight":"700","typography_letter_spacing":{"unit":"px","size":0.5},"_padding":{"unit":"px","top":"20","right":"20","bottom":"20","left":"20","isLinked":true},"typography_font_size_tablet":{"unit":"px","size":18},"header_size":"h4"},"elements":[],"isInner":false,"widgetType":"heading","elType":"widget"}],"isInner":false,"elType":"column"}],"isInner":false,"elType":"section"},{"id":"54390ffe","settings":{"gap":"no","structure":"30","padding_tablet":{"unit":"px","top":"20","right":"20","bottom":"20","left":"20","isLinked":true},"padding":{"unit":"px","top":"80","right":"0","bottom":"100","left":"0","isLinked":false}},"elements":[{"id":"625c95cb","settings":{"_column_size":33,"_inline_size":null,"background_background":"classic","background_image":{"id":927,"url":"http:\/\/localhost\/test\/wp-content\/uploads\/2018\/09\/201.png"},"background_repeat":"no-repeat","background_size":"contain","box_shadow_box_shadow":{"horizontal":0,"vertical":-38,"blur":100,"spread":32,"color":"rgba(0,0,0,0.09)"},"margin":{"unit":"px","top":"0","right":"30","bottom":"0","left":"0","isLinked":false},"margin_tablet":{"unit":"px","top":"0","right":"10","bottom":"0","left":"0","isLinked":false},"margin_mobile":{"unit":"px","top":"0","right":"0","bottom":"0","left":"0","isLinked":true},"padding_tablet":{"unit":"px","top":"0","right":"0","bottom":"0","left":"0","isLinked":true},"padding_mobile":{"unit":"px","top":"0","right":"0","bottom":"50","left":"0","isLinked":false}},"elements":[{"id":"fdeef92","settings":{"gap":"no","structure":"20","padding":{"unit":"px","top":"0","right":"0","bottom":"200","left":"0","isLinked":false},"padding_tablet":{"unit":"px","top":"0","right":"0","bottom":"120","left":"0","isLinked":false},"padding_mobile":{"unit":"px","top":"0","right":"0","bottom":"190","left":"0","isLinked":false}},"elements":[{"id":"20dcdca2","settings":{"_column_size":50,"_inline_size":63.947,"_inline_size_tablet":70,"_inline_size_mobile":60},"elements":[{"id":"1d45007b","settings":{"title":"Save 65$ pay only","align":"left","title_color":"#ffffff","typography_typography":"custom","typography_font_size":{"unit":"px","size":18},"typography_font_family":"Raleway","typography_font_weight":"700","typography_letter_spacing":{"unit":"px","size":0.5},"_padding":{"unit":"px","top":"20","right":"20","bottom":"20","left":"20","isLinked":true},"_background_background":"classic","_background_color":"#131938","typography_font_size_tablet":{"unit":"px","size":13},"header_size":"p"},"elements":[],"isInner":false,"widgetType":"heading","elType":"widget"}],"isInner":true,"elType":"column"},{"id":"4e2c0d87","settings":{"_column_size":50,"_inline_size":36.045,"_inline_size_tablet":30,"_inline_size_mobile":40},"elements":[{"id":"7f0d4297","settings":{"title":"329$","align":"center","title_color":"#131938","typography_typography":"custom","typography_font_size":{"unit":"px","size":35},"typography_font_family":"Roboto","typography_font_weight":"900","typography_letter_spacing":{"unit":"px","size":0.5},"_padding":{"unit":"px","top":"30","right":"30","bottom":"30","left":"30","isLinked":true},"_background_background":"classic","_background_color":"#fff200","align_tablet":"center","typography_font_size_tablet":{"unit":"px","size":20},"_padding_tablet":{"unit":"px","top":"22","right":"22","bottom":"22","left":"12","isLinked":false},"_padding_mobile":{"unit":"px","top":"30","right":"30","bottom":"30","left":"30","isLinked":true},"_background_hover_background":"classic","_background_hover_color":"#ffffff","header_size":"p"},"elements":[],"isInner":false,"widgetType":"heading","elType":"widget"}],"isInner":true,"elType":"column"}],"isInner":true,"elType":"section"},{"id":"75abfd45","settings":{"title":"Paris","align":"center","title_color":"#131938","typography_typography":"custom","typography_font_size":{"unit":"px","size":20},"typography_font_family":"Raleway","typography_font_weight":"700","typography_letter_spacing":{"unit":"px","size":0.5},"_padding":{"unit":"px","top":"20","right":"0","bottom":"0","left":"0","isLinked":false},"typography_font_size_tablet":{"unit":"px","size":18},"header_size":"h4"},"elements":[],"isInner":false,"widgetType":"heading","elType":"widget"}],"isInner":false,"elType":"column"},{"id":"4dfb2738","settings":{"_column_size":33,"_inline_size":null,"background_background":"classic","background_image":{"id":928,"url":"http:\/\/localhost\/test\/wp-content\/uploads\/2018\/09\/25423.png"},"background_repeat":"no-repeat","background_size":"contain","margin":{"unit":"px","top":"0","right":"15","bottom":"0","left":"15","isLinked":false},"margin_tablet":{"unit":"px","top":"0","right":"5","bottom":"0","left":"5","isLinked":false},"margin_mobile":{"unit":"px","top":"0","right":"0","bottom":"0","left":"0","isLinked":true},"padding_mobile":{"unit":"px","top":"0","right":"0","bottom":"0","left":"0","isLinked":false}},"elements":[{"id":"37d747f0","settings":{"gap":"no","structure":"20","padding":{"unit":"px","top":"0","right":"0","bottom":"200","left":"0","isLinked":false},"padding_tablet":{"unit":"px","top":"0","right":"0","bottom":"120","left":"0","isLinked":false},"padding_mobile":{"unit":"px","top":"0","right":"0","bottom":"190","left":"0","isLinked":false}},"elements":[{"id":"5f173c42","settings":{"_column_size":50,"_inline_size":63.947,"_inline_size_tablet":70,"_inline_size_mobile":60},"elements":[{"id":"2c6ddf81","settings":{"title":"Save 95$ pay only","align":"left","title_color":"#ffffff","typography_typography":"custom","typography_font_size":{"unit":"px","size":18},"typography_font_family":"Raleway","typography_font_weight":"700","typography_letter_spacing":{"unit":"px","size":0.5},"_padding":{"unit":"px","top":"20","right":"20","bottom":"20","left":"20","isLinked":true},"_background_background":"classic","_background_color":"#131938","typography_font_size_tablet":{"unit":"px","size":13},"header_size":"p"},"elements":[],"isInner":false,"widgetType":"heading","elType":"widget"}],"isInner":true,"elType":"column"},{"id":"74fe2e4f","settings":{"_column_size":50,"_inline_size":36.045,"_inline_size_tablet":30,"_inline_size_mobile":40},"elements":[{"id":"66c12982","settings":{"title":"199$","align":"center","title_color":"#131938","typography_typography":"custom","typography_font_size":{"unit":"px","size":35},"typography_font_family":"Roboto","typography_font_weight":"900","typography_letter_spacing":{"unit":"px","size":0.5},"_padding":{"unit":"px","top":"30","right":"30","bottom":"30","left":"30","isLinked":true},"_background_background":"classic","_background_color":"#fff200","typography_font_size_tablet":{"unit":"px","size":20},"_padding_tablet":{"unit":"px","top":"22","right":"22","bottom":"22","left":"12","isLinked":false},"_padding_mobile":{"unit":"px","top":"30","right":"30","bottom":"30","left":"30","isLinked":true},"_background_hover_background":"classic","_background_hover_color":"#ffffff","header_size":"p"},"elements":[],"isInner":false,"widgetType":"heading","elType":"widget"}],"isInner":true,"elType":"column"}],"isInner":true,"elType":"section"},{"id":"5879f348","settings":{"title":"Amsterdam","align":"center","title_color":"#131938","typography_typography":"custom","typography_font_size":{"unit":"px","size":20},"typography_font_family":"Raleway","typography_font_weight":"700","typography_letter_spacing":{"unit":"px","size":0.5},"_padding":{"unit":"px","top":"20","right":"0","bottom":"0","left":"0","isLinked":false},"typography_font_size_tablet":{"unit":"px","size":18},"header_size":"h4"},"elements":[],"isInner":false,"widgetType":"heading","elType":"widget"}],"isInner":false,"elType":"column"},{"id":"6ef1533d","settings":{"_column_size":33,"_inline_size":null,"background_background":"classic","background_image":{"id":929,"url":"http:\/\/localhost\/test\/wp-content\/uploads\/2018\/09\/24.png"},"background_repeat":"no-repeat","background_size":"contain","margin":{"unit":"px","top":"0","right":"0","bottom":"0","left":"30","isLinked":false},"margin_tablet":{"unit":"px","top":"0","right":"0","bottom":"0","left":"10","isLinked":false},"margin_mobile":{"unit":"px","top":"50","right":"0","bottom":"0","left":"0","isLinked":false}},"elements":[{"id":"4dbee548","settings":{"gap":"no","structure":"20","padding":{"unit":"px","top":"0","right":"0","bottom":"200","left":"0","isLinked":false},"padding_tablet":{"unit":"px","top":"0","right":"0","bottom":"120","left":"0","isLinked":false},"padding_mobile":{"unit":"px","top":"0","right":"0","bottom":"190","left":"0","isLinked":false}},"elements":[{"id":"13f24c39","settings":{"_column_size":50,"_inline_size":63.947,"_inline_size_tablet":70,"_inline_size_mobile":60},"elements":[{"id":"67817885","settings":{"title":"Save 50$ pay only","align":"left","title_color":"#ffffff","typography_typography":"custom","typography_font_size":{"unit":"px","size":18},"typography_font_family":"Raleway","typography_font_weight":"700","typography_letter_spacing":{"unit":"px","size":0.5},"_padding":{"unit":"px","top":"20","right":"20","bottom":"20","left":"20","isLinked":true},"_background_background":"classic","_background_color":"#131938","typography_font_size_tablet":{"unit":"px","size":13},"header_size":"p"},"elements":[],"isInner":false,"widgetType":"heading","elType":"widget"}],"isInner":true,"elType":"column"},{"id":"41e85cb1","settings":{"_column_size":50,"_inline_size":36.045,"_inline_size_tablet":30,"_inline_size_mobile":40},"elements":[{"id":"fcb9047","settings":{"title":"659$","align":"center","title_color":"#131938","typography_typography":"custom","typography_font_size":{"unit":"px","size":35},"typography_font_family":"Roboto","typography_font_weight":"900","typography_letter_spacing":{"unit":"px","size":0.5},"_padding":{"unit":"px","top":"30","right":"30","bottom":"30","left":"30","isLinked":true},"_background_background":"classic","_background_color":"#fff200","typography_font_size_tablet":{"unit":"px","size":20},"_padding_tablet":{"unit":"px","top":"22","right":"22","bottom":"22","left":"12","isLinked":false},"_background_hover_background":"classic","_background_hover_color":"#ffffff","header_size":"p"},"elements":[],"isInner":false,"widgetType":"heading","elType":"widget"}],"isInner":true,"elType":"column"}],"isInner":true,"elType":"section"},{"id":"26747ce8","settings":{"title":"Rome","align":"center","title_color":"#131938","typography_typography":"custom","typography_font_size":{"unit":"px","size":20},"typography_font_family":"Raleway","typography_font_weight":"700","typography_letter_spacing":{"unit":"px","size":0.5},"_padding":{"unit":"px","top":"20","right":"20","bottom":"20","left":"20","isLinked":true},"typography_font_size_tablet":{"unit":"px","size":18},"header_size":"h4"},"elements":[],"isInner":false,"widgetType":"heading","elType":"widget"}],"isInner":false,"elType":"column"}],"isInner":false,"elType":"section"},{"id":"43c7bd1","settings":{"structure":"20","background_background":"classic","background_image":{"id":930,"url":"http:\/\/localhost\/test\/wp-content\/uploads\/2018\/09\/35-1-1.png"},"background_size":"cover","padding":{"unit":"px","top":"200","right":"0","bottom":"200","left":"0","isLinked":false},"gap":"no","padding_tablet":{"unit":"px","top":"100","right":"30","bottom":"100","left":"30","isLinked":false},"padding_mobile":{"unit":"px","top":"80","right":"30","bottom":"80","left":"30","isLinked":false}},"elements":[{"id":"79e14e6e","settings":{"_column_size":50,"_inline_size":null},"elements":[{"id":"46cf08de","settings":{"title":"Get Our<span style=\"color:#fff200\"> Special Offers<\/span> \n<br>Directly to Your Email\n","align":"left","title_color":"#ffffff","typography_typography":"custom","typography_font_size":{"unit":"px","size":50},"typography_font_family":"Raleway","typography_font_weight":"900","typography_letter_spacing":{"unit":"px","size":0.5},"align_mobile":"center","typography_font_size_tablet":{"unit":"px","size":30},"typography_font_size_mobile":{"unit":"px","size":42},"typography_line_height":{"unit":"em","size":1.3},"_padding_mobile":{"unit":"px","top":"0","right":"0","bottom":"50","left":"0","isLinked":false},"header_size":"h3"},"elements":[],"isInner":false,"widgetType":"heading","elType":"widget"}],"isInner":false,"elType":"column"},{"id":"6912bca1","settings":{"_column_size":50,"_inline_size":null,"content_position":"center","margin":{"unit":"px","top":"0","right":"0","bottom":"0","left":"80","isLinked":false},"margin_tablet":{"unit":"px","top":"0","right":"0","bottom":"0","left":"20","isLinked":false},"margin_mobile":{"unit":"px","top":"0","right":"0","bottom":"0","left":"0","isLinked":true}},"elements":[{"id":"c57eebc","settings":{"form_name":"New Form","form_fields":[{"field_type":"email","field_label":"Email","placeholder":"Your Email Adress","required":"","field_options":"","inline_list":"","width":"75","width_tablet":"","width_mobile":"75","rows":4,"recaptcha_size":"normal","recaptcha_style":"light","css_classes":"","_id":"field_1","field_value":"","file_sizes":"","file_types":"","allow_multiple_upload":"","max_files":"","acceptance_text":"","checked_by_default":"","field_min":"","field_max":"","min_date":"","max_date":"","use_native_date":"","use_native_time":"","allow_multiple":"","select_size":"","field_html":""}],"show_labels":"","button_text":"Send","button_width":"25","button_width_mobile":"25","email_content":"[all-fields]","email_content_2":"[all-fields]","success_message":"The form was sent successfully!","error_message":"There's something wrong... Please fill in the required fields.","required_field_message":"Required","invalid_message":"There's something wrong... The form is invalid.","column_gap":{"unit":"px","size":0},"row_gap":{"unit":"px","size":0},"field_text_color":"#ffffff","field_typography_typography":"custom","field_typography_font_size":{"unit":"px","size":20},"field_typography_font_size_tablet":{"unit":"px","size":15},"field_typography_font_family":"Lora","field_typography_font_style":"oblique","field_typography_line_height":{"unit":"em","size":2},"field_typography_line_height_tablet":{"unit":"px","size":37},"field_typography_line_height_mobile":{"unit":"px","size":36},"field_background_color":"rgba(255,255,255,0)","field_border_color":"#ffffff","field_border_width":{"unit":"px","top":"1","right":"0","bottom":"1","left":"1","isLinked":false},"field_border_radius":{"unit":"px","top":"0","right":"0","bottom":"0","left":"0","isLinked":true},"button_text_color":"#131938","button_typography_typography":"custom","button_typography_font_size_tablet":{"unit":"px","size":13},"button_typography_font_size_mobile":{"unit":"px","size":12},"button_typography_font_family":"Raleway","button_typography_font_weight":"700","button_typography_text_transform":"uppercase","button_typography_letter_spacing":{"unit":"px","size":1.8},"button_background_color":"#fff200","button_border_radius":{"unit":"px","top":"0","right":"0","bottom":"0","left":"0","isLinked":true},"button_text_padding":{"unit":"px","top":"19","right":"19","bottom":"19","left":"19","isLinked":true},"subscriber_already_exists_message":"Subscriber already exist.","button_border_border":"solid","button_background_hover_color":"#ffffff"},"elements":[],"isInner":false,"widgetType":"form","elType":"widget"}],"isInner":false,"elType":"column"}],"isInner":false,"elType":"section"}]}