{"version":"0.4","title":"LandingPage-Conference1-page","type":"page","content":[{"id":"145d82b","settings":{"section_layout":"","content_width":{"unit":"px","size":"1200"},"gap":"no","height":"min-height","custom_height":{"unit":"vh","size":100},"section_background":"","background_background":"classic","background_image":{"id":684,"url":"http:\/\/localhost\/test\/wp-content\/uploads\/2018\/09\/1-1-1-1.png"},"background_position":"center center","background_size":"cover","background_overlay_section":"","section_border":"","box_shadow_box_shadow":{"horizontal":0,"vertical":0,"blur":10,"spread":0,"inset":"","color":"rgba(0,0,0,0.5)"},"section_typo":"","section_advanced":"","padding_tablet":{"unit":"px","top":"100","right":"30","bottom":"100","left":"30","isLinked":false},"_section_responsive":"","heading_visibility":"","responsive_description":"","section_custom_css":"","custom_css_description":"","section_custom_css_pro":"","custom_css_pro":""},"elements":[{"id":"386905f9","settings":{"_column_size":100,"_inline_size":null,"section_style":"","box_shadow_box_shadow":{"horizontal":0,"vertical":0,"blur":10,"spread":0,"inset":"","color":"rgba(0,0,0,0.5)"},"section_typo":"","section_advanced":"","padding":{"unit":"%","top":"0","right":"30","bottom":"0","left":"0","isLinked":false},"padding_tablet":{"unit":"%","top":"0","right":"0","bottom":"0","left":"0","isLinked":false},"section_responsive":"","screen_sm":"default","screen_sm_width":"100","screen_xs":"default","screen_xs_width":"100","section_custom_css":"","custom_css_description":"","section_custom_css_pro":"","custom_css_pro":"","section_background_overlay":""},"elements":[{"id":"2e9f4eed","settings":{"section_title":"","title":"Melbourne Innovation \nConference 20<span style=\"color:#fe667b;font-size:90px;\">17<\/span>","link":{"is_external":"","url":""},"header_size":"h1","section_title_style":"","title_color":"#ffffff","typography_typography":"custom","typography_font_size":{"unit":"px","size":"70"},"typography_font_size_tablet":{"unit":"px","size":"50"},"typography_font_family":"Playfair Display","typography_font_weight":"bold","typography_line_height":{"unit":"em","size":1},"_section_style":"","_padding":{"unit":"px","top":"0","right":"0","bottom":"30","left":"0","isLinked":false},"_section_background":"","_box_shadow_box_shadow":{"horizontal":0,"vertical":0,"blur":10,"spread":0,"inset":"","color":"rgba(0,0,0,0.5)"},"_section_responsive":"","responsive_description":"","section_custom_css":"","custom_css_description":"","section_custom_css_pro":"","custom_css_pro":""},"elements":[],"isInner":false,"widgetType":"heading","elType":"widget"},{"id":"6477140b","settings":{"section_divider":"","weight":{"unit":"px","size":"5"},"color":"#fe667b","width":{"unit":"%","size":"8"},"_section_style":"","_section_background":"","_box_shadow_box_shadow":{"horizontal":0,"vertical":0,"blur":10,"spread":0,"inset":"","color":"rgba(0,0,0,0.5)"},"_section_responsive":"","responsive_description":"","section_custom_css":"","custom_css_description":"","section_custom_css_pro":"","custom_css_pro":""},"elements":[],"isInner":false,"widgetType":"divider","elType":"widget"},{"id":"384b1dd0","settings":{"section_editor":"","editor":"<p>Attend\u00a0the most influencial live event of the year<\/p>","section_style":"","text_color":"#ffffff","typography_typography":"custom","typography_font_size":{"unit":"px","size":"27"},"typography_font_size_tablet":{"unit":"px","size":"18"},"typography_font_weight":"500","_section_style":"","_padding":{"unit":"px","top":"30","right":"0","bottom":"30","left":"0","isLinked":false},"_section_background":"","_box_shadow_box_shadow":{"horizontal":0,"vertical":0,"blur":10,"spread":0,"inset":"","color":"rgba(0,0,0,0.5)"},"_section_responsive":"","responsive_description":"","section_custom_css":"","custom_css_description":"","section_custom_css_pro":"","custom_css_pro":""},"elements":[],"isInner":false,"widgetType":"text-editor","elType":"widget"},{"id":"18bbfa41","settings":{"section_button":"","text":"Sign up","link":{"is_external":"","url":"#"},"size":"xl","section_style":"","typography_typography":"custom","typography_font_size_tablet":{"unit":"px","size":"15"},"typography_font_weight":"600","typography_text_transform":"uppercase","typography_letter_spacing":{"unit":"px","size":3.5},"background_color":"#fe667b","border_radius":{"unit":"px","top":"50","right":"50","bottom":"50","left":"50","isLinked":true},"section_hover":"","button_background_hover_color":"#4b28fa","_section_style":"","_section_background":"","_box_shadow_box_shadow":{"horizontal":0,"vertical":0,"blur":10,"spread":0,"inset":"","color":"rgba(0,0,0,0.5)"},"_section_responsive":"","responsive_description":"","section_custom_css":"","custom_css_description":"","section_custom_css_pro":"","custom_css_pro":""},"elements":[],"isInner":false,"widgetType":"button","elType":"widget"}],"isInner":false,"elType":"column"}],"isInner":false,"elType":"section"},{"id":"2de0ad76","settings":{"section_layout":"","content_width":{"unit":"px","size":"1200"},"structure":"40","section_background":"","background_background":"classic","background_color":"#4b28fa","background_overlay_section":"","section_border":"","box_shadow_box_shadow":{"horizontal":0,"vertical":0,"blur":10,"spread":0,"inset":"","color":"rgba(0,0,0,0.5)"},"section_typo":"","section_advanced":"","padding":{"unit":"px","top":"70","right":"0","bottom":"70","left":"0","isLinked":false},"padding_tablet":{"unit":"px","top":"50","right":"0","bottom":"50","left":"0","isLinked":false},"padding_mobile":{"unit":"px","top":"55","right":"30","bottom":"55","left":"30","isLinked":false},"_section_responsive":"","heading_visibility":"","responsive_description":"","section_custom_css":"","custom_css_description":"","section_custom_css_pro":"","custom_css_pro":""},"elements":[{"id":"60b2e80e","settings":{"_column_size":25,"_inline_size":null,"section_style":"","box_shadow_box_shadow":{"horizontal":0,"vertical":0,"blur":10,"spread":0,"inset":"","color":"rgba(0,0,0,0.5)"},"section_typo":"","section_advanced":"","section_responsive":"","screen_sm":"default","screen_sm_width":"100","screen_xs":"default","screen_xs_width":"100","section_custom_css":"","custom_css_description":"","section_custom_css_pro":"","custom_css_pro":"","section_background_overlay":""},"elements":[{"id":"59390655","settings":{"section_image":"","image":{"id":685,"url":"http:\/\/localhost\/test\/wp-content\/uploads\/2018\/09\/34-1.png"},"title_text":"Inspiring Talk","description_text":"Lorem ipsum dolor sit amet, consectetur adipiscing elitconsectetur adipiscing elit.","link":{"is_external":"","url":""},"position":"left","section_style_image":"","image_space":{"unit":"px","size":"18"},"image_size":{"unit":"%","size":"13"},"image_opacity":{"unit":"px","size":1},"section_style_content":"","text_align":"left","heading_title":"","title_bottom_space":{"unit":"px","size":33},"title_bottom_space_tablet":{"unit":"px","size":"18"},"title_color":"#fe667b","title_typography_typography":"custom","title_typography_font_size":{"unit":"px","size":"30"},"title_typography_font_size_tablet":{"unit":"px","size":"20"},"title_typography_font_weight":"700","title_typography_line_height":{"unit":"em","size":0.5},"title_typography_line_height_tablet":{"unit":"em","size":"0.7"},"heading_description":"","description_color":"#ffffff","description_typography_typography":"custom","description_typography_font_size":{"unit":"px","size":"15"},"description_typography_font_size_tablet":{"unit":"px","size":"14"},"description_typography_font_weight":"300","description_typography_line_height":{"unit":"em","size":"1.8"},"_section_style":"","_margin_mobile":{"unit":"px","top":"0","right":"0","bottom":"30","left":"0","isLinked":false},"_section_background":"","_box_shadow_box_shadow":{"horizontal":0,"vertical":0,"blur":10,"spread":0,"inset":"","color":"rgba(0,0,0,0.5)"},"_section_responsive":"","responsive_description":"","section_custom_css":"","custom_css_description":"","section_custom_css_pro":"","custom_css_pro":""},"elements":[],"isInner":false,"widgetType":"image-box","elType":"widget"}],"isInner":false,"elType":"column"},{"id":"6488cb20","settings":{"_column_size":25,"_inline_size":null,"section_style":"","box_shadow_box_shadow":{"horizontal":0,"vertical":0,"blur":10,"spread":0,"inset":"","color":"rgba(0,0,0,0.5)"},"section_typo":"","section_advanced":"","section_responsive":"","screen_sm":"default","screen_sm_width":"100","screen_xs":"default","screen_xs_width":"100","section_custom_css":"","custom_css_description":"","section_custom_css_pro":"","custom_css_pro":"","section_background_overlay":""},"elements":[{"id":"7006fb7f","settings":{"section_image":"","image":{"id":686,"url":"http:\/\/localhost\/test\/wp-content\/uploads\/2018\/09\/33-1.png"},"title_text":"Q&A Session","description_text":"Ut elit tellus, luctus nec ullamcorper mattis pulvinar. Quisque quis interdum dolor.","link":{"is_external":"","url":""},"position":"left","section_style_image":"","image_space":{"unit":"px","size":"18"},"image_size":{"unit":"%","size":"13"},"image_opacity":{"unit":"px","size":1},"section_style_content":"","text_align":"left","heading_title":"","title_bottom_space":{"unit":"px","size":33},"title_bottom_space_tablet":{"unit":"px","size":"18"},"title_color":"#fe667b","title_typography_typography":"custom","title_typography_font_size":{"unit":"px","size":"30"},"title_typography_font_size_tablet":{"unit":"px","size":"20"},"title_typography_font_weight":"700","title_typography_line_height":{"unit":"em","size":0.5},"heading_description":"","description_color":"#ffffff","description_typography_typography":"custom","description_typography_font_size":{"unit":"px","size":"15"},"description_typography_font_size_tablet":{"unit":"px","size":"14"},"description_typography_font_weight":"300","description_typography_line_height":{"unit":"em","size":"1.8"},"_section_style":"","_margin_mobile":{"unit":"px","top":"0","right":"0","bottom":"30","left":"0","isLinked":false},"_section_background":"","_box_shadow_box_shadow":{"horizontal":0,"vertical":0,"blur":10,"spread":0,"inset":"","color":"rgba(0,0,0,0.5)"},"_section_responsive":"","responsive_description":"","section_custom_css":"","custom_css_description":"","section_custom_css_pro":"","custom_css_pro":""},"elements":[],"isInner":false,"widgetType":"image-box","elType":"widget"}],"isInner":false,"elType":"column"},{"id":"202949d4","settings":{"_column_size":25,"_inline_size":null,"section_style":"","box_shadow_box_shadow":{"horizontal":0,"vertical":0,"blur":10,"spread":0,"inset":"","color":"rgba(0,0,0,0.5)"},"section_typo":"","section_advanced":"","section_responsive":"","screen_sm":"default","screen_sm_width":"100","screen_xs":"default","screen_xs_width":"100","section_custom_css":"","custom_css_description":"","section_custom_css_pro":"","custom_css_pro":"","section_background_overlay":""},"elements":[{"id":"33061d47","settings":{"section_image":"","image":{"id":687,"url":"http:\/\/localhost\/test\/wp-content\/uploads\/2018\/09\/31-1-1.png"},"title_text":"Live Training","description_text":"Lorem ipsum dolor sit amet, consectetur adipiscing elitconsectetur adipiscing elit.","link":{"is_external":"","url":""},"position":"left","section_style_image":"","image_space":{"unit":"px","size":"18"},"image_size":{"unit":"%","size":"13"},"image_opacity":{"unit":"px","size":1},"section_style_content":"","text_align":"left","heading_title":"","title_bottom_space":{"unit":"px","size":33},"title_bottom_space_tablet":{"unit":"px","size":"18"},"title_color":"#fe667b","title_typography_typography":"custom","title_typography_font_size":{"unit":"px","size":"30"},"title_typography_font_size_tablet":{"unit":"px","size":"20"},"title_typography_font_weight":"700","title_typography_line_height":{"unit":"em","size":0.5},"heading_description":"","description_color":"#ffffff","description_typography_typography":"custom","description_typography_font_size":{"unit":"px","size":"15"},"description_typography_font_size_tablet":{"unit":"px","size":"14"},"description_typography_font_weight":"300","description_typography_line_height":{"unit":"em","size":"1.8"},"_section_style":"","_margin_mobile":{"unit":"px","top":"0","right":"0","bottom":"30","left":"0","isLinked":false},"_section_background":"","_box_shadow_box_shadow":{"horizontal":0,"vertical":0,"blur":10,"spread":0,"inset":"","color":"rgba(0,0,0,0.5)"},"_section_responsive":"","responsive_description":"","section_custom_css":"","custom_css_description":"","section_custom_css_pro":"","custom_css_pro":""},"elements":[],"isInner":false,"widgetType":"image-box","elType":"widget"}],"isInner":false,"elType":"column"},{"id":"45f39ebf","settings":{"_column_size":25,"_inline_size":null,"section_style":"","box_shadow_box_shadow":{"horizontal":0,"vertical":0,"blur":10,"spread":0,"inset":"","color":"rgba(0,0,0,0.5)"},"section_typo":"","section_advanced":"","section_responsive":"","screen_sm":"default","screen_sm_width":"100","screen_xs":"default","screen_xs_width":"100","section_custom_css":"","custom_css_description":"","section_custom_css_pro":"","custom_css_pro":"","section_background_overlay":""},"elements":[{"id":"24fb4f6a","settings":{"section_image":"","image":{"id":688,"url":"http:\/\/localhost\/test\/wp-content\/uploads\/2018\/09\/32-1.png"},"title_text":"Workshops","description_text":"Ut elit tellus, luctus nec ullamcorper mattis pulvinar. Quisque quis interdum dolor.","link":{"is_external":"","url":""},"position":"left","section_style_image":"","image_space":{"unit":"px","size":"18"},"image_size":{"unit":"%","size":"13"},"image_opacity":{"unit":"px","size":1},"section_style_content":"","text_align":"left","heading_title":"","title_bottom_space":{"unit":"px","size":33},"title_bottom_space_tablet":{"unit":"px","size":"18"},"title_color":"#fe667b","title_typography_typography":"custom","title_typography_font_size":{"unit":"px","size":"30"},"title_typography_font_size_tablet":{"unit":"px","size":"20"},"title_typography_font_weight":"700","title_typography_line_height":{"unit":"em","size":0.5},"heading_description":"","description_color":"#ffffff","description_typography_typography":"custom","description_typography_font_size":{"unit":"px","size":"15"},"description_typography_font_size_tablet":{"unit":"px","size":"14"},"description_typography_font_weight":"300","description_typography_line_height":{"unit":"em","size":"1.8"},"_section_style":"","_section_background":"","_box_shadow_box_shadow":{"horizontal":0,"vertical":0,"blur":10,"spread":0,"inset":"","color":"rgba(0,0,0,0.5)"},"_section_responsive":"","responsive_description":"","section_custom_css":"","custom_css_description":"","section_custom_css_pro":"","custom_css_pro":""},"elements":[],"isInner":false,"widgetType":"image-box","elType":"widget"}],"isInner":false,"elType":"column"}],"isInner":false,"elType":"section"},{"id":"8645756","settings":{"section_layout":"","content_width":{"unit":"px","size":"1200"},"content_position":"middle","structure":"20","section_background":"","background_background":"classic","background_color":"#000000","background_overlay_section":"","section_border":"","box_shadow_box_shadow":{"horizontal":0,"vertical":0,"blur":10,"spread":0,"inset":"","color":"rgba(0,0,0,0.5)"},"section_typo":"","section_advanced":"","padding":{"unit":"px","top":"150","right":"0","bottom":"150","left":"0","isLinked":false},"padding_tablet":{"unit":"px","top":"70","right":"30","bottom":"70","left":"30","isLinked":false},"_section_responsive":"","heading_visibility":"","responsive_description":"","section_custom_css":"","custom_css_description":"","section_custom_css_pro":"","custom_css_pro":""},"elements":[{"id":"1474ba92","settings":{"_column_size":50,"_inline_size":null,"section_style":"","box_shadow_box_shadow":{"horizontal":0,"vertical":0,"blur":10,"spread":0,"inset":"","color":"rgba(0,0,0,0.5)"},"section_typo":"","section_advanced":"","section_responsive":"","screen_sm":"default","screen_sm_width":"100","screen_xs":"default","screen_xs_width":"100","section_custom_css":"","custom_css_description":"","section_custom_css_pro":"","custom_css_pro":"","section_background_overlay":""},"elements":[{"id":"296bbb56","settings":{"section_video":"","link":"https:\/\/www.youtube.com\/watch?v=9uOETcuFjbE","vimeo_link":"https:\/\/vimeo.com\/170933924","hosted_link":"","aspect_ratio":"43","heading_youtube":"","yt_autoplay":"no","yt_rel":"no","yt_controls":"yes","yt_showinfo":"yes","vimeo_autoplay":"no","vimeo_loop":"no","vimeo_color":"","section_image_overlay":"","show_image_overlay":"yes","image_overlay":{"id":689,"url":"http:\/\/localhost\/test\/wp-content\/uploads\/2018\/09\/2-1-2.png"},"show_play_icon":"no","_section_style":"","_section_background":"","_box_shadow_box_shadow":{"horizontal":0,"vertical":0,"blur":10,"spread":0,"inset":"","color":"rgba(0,0,0,0.5)"},"_section_responsive":"","responsive_description":"","section_custom_css":"","custom_css_description":"","section_custom_css_pro":"","custom_css_pro":"","youtube_url":"https:\/\/www.youtube.com\/watch?v=9uOETcuFjbE","vimeo_url":"https:\/\/vimeo.com\/235215203","dailymotion_url":"https:\/\/www.dailymotion.com\/video\/x6tqhqb"},"elements":[],"isInner":false,"widgetType":"video","elType":"widget"}],"isInner":false,"elType":"column"},{"id":"5eafe1ea","settings":{"_column_size":50,"_inline_size":null,"section_style":"","box_shadow_box_shadow":{"horizontal":0,"vertical":0,"blur":10,"spread":0,"inset":"","color":"rgba(0,0,0,0.5)"},"section_typo":"","section_advanced":"","padding":{"unit":"px","top":"0","right":"0","bottom":"0","left":"50","isLinked":false},"padding_tablet":{"unit":"px","top":"0","right":"0","bottom":"0","left":"20","isLinked":false},"padding_mobile":{"unit":"px","top":"10","right":"10","bottom":"10","left":"10","isLinked":true},"section_responsive":"","screen_sm":"default","screen_sm_width":"100","screen_xs":"default","screen_xs_width":"100","section_custom_css":"","custom_css_description":"","section_custom_css_pro":"","custom_css_pro":"","section_background_overlay":""},"elements":[{"id":"65f7a306","settings":{"section_title":"","title":"Learn from the top experts in your industry","link":{"is_external":"","url":""},"align":"left","align_mobile":"center","section_title_style":"","title_color":"#ffffff","typography_typography":"custom","typography_font_size":{"unit":"px","size":"47"},"typography_font_size_tablet":{"unit":"px","size":"25"},"typography_font_weight":"700","typography_line_height":{"unit":"em","size":"1.2"},"_section_style":"","_section_background":"","_box_shadow_box_shadow":{"horizontal":0,"vertical":0,"blur":10,"spread":0,"inset":"","color":"rgba(0,0,0,0.5)"},"_section_responsive":"","responsive_description":"","section_custom_css":"","custom_css_description":"","section_custom_css_pro":"","custom_css_pro":""},"elements":[],"isInner":false,"widgetType":"heading","elType":"widget"},{"id":"6d9af81f","settings":{"section_divider":"","weight":{"unit":"px","size":"5"},"color":"#fe667b","width":{"unit":"%","size":"12"},"align_mobile":"center","_section_style":"","_section_background":"","_box_shadow_box_shadow":{"horizontal":0,"vertical":0,"blur":10,"spread":0,"inset":"","color":"rgba(0,0,0,0.5)"},"_section_responsive":"","responsive_description":"","section_custom_css":"","custom_css_description":"","section_custom_css_pro":"","custom_css_pro":""},"elements":[],"isInner":false,"widgetType":"divider","elType":"widget"},{"id":"4ae5dd","settings":{"section_editor":"","editor":"<div id=\"Content\"><div class=\"boxed\"><div id=\"lipsum\"><p>Lorem ipsum dolor sit amet, consectetur adipiscing elit. Quisque quis interdum dolor, quis vestibulum magna. Etiam pretium nec ipsum non. Donec eu purus ligula. Praesent id euismod mi, nec facilisis leo.\u00a0<\/p><\/div><\/div><\/div>","section_style":"","align_mobile":"center","text_color":"#ffffff","typography_typography":"custom","typography_font_size":{"unit":"px","size":"15"},"typography_font_size_tablet":{"unit":"px","size":"14"},"typography_font_weight":"300","typography_line_height":{"unit":"em","size":"2"},"_section_style":"","_padding":{"unit":"px","top":"10","right":"0","bottom":"10","left":"0","isLinked":false},"_padding_tablet":{"unit":"px","top":"0","right":"0","bottom":"10","left":"0","isLinked":false},"_section_background":"","_box_shadow_box_shadow":{"horizontal":0,"vertical":0,"blur":10,"spread":0,"inset":"","color":"rgba(0,0,0,0.5)"},"_section_responsive":"","responsive_description":"","section_custom_css":"","custom_css_description":""},"elements":[],"isInner":false,"widgetType":"text-editor","elType":"widget"},{"id":"181fbfb9","settings":{"section_button":"","text":"Sign up","link":{"is_external":"","url":"#"},"align_mobile":"center","size":"xl","section_style":"","typography_typography":"custom","typography_font_size_tablet":{"unit":"px","size":"15"},"typography_font_weight":"600","typography_text_transform":"uppercase","typography_letter_spacing":{"unit":"px","size":3.5},"background_color":"#fe667b","border_radius":{"unit":"px","top":"50","right":"50","bottom":"50","left":"50","isLinked":true},"section_hover":"","button_background_hover_color":"#4b28fa","_section_style":"","_section_background":"","_box_shadow_box_shadow":{"horizontal":0,"vertical":0,"blur":10,"spread":0,"inset":"","color":"rgba(0,0,0,0.5)"},"_section_responsive":"","responsive_description":"","section_custom_css":"","custom_css_description":"","section_custom_css_pro":"","custom_css_pro":""},"elements":[],"isInner":false,"widgetType":"button","elType":"widget"}],"isInner":false,"elType":"column"}],"isInner":false,"elType":"section"},{"id":"18da8ebe","settings":{"section_layout":"","content_width":{"unit":"px","size":"1200"},"gap":"no","section_background":"","background_background":"classic","background_color":"#4b28fa","background_overlay_section":"","section_border":"","box_shadow_box_shadow":{"horizontal":0,"vertical":0,"blur":10,"spread":0,"inset":"","color":"rgba(0,0,0,0.5)"},"section_typo":"","section_advanced":"","padding":{"unit":"px","top":"120","right":"0","bottom":"120","left":"0","isLinked":false},"padding_tablet":{"unit":"px","top":"70","right":"30","bottom":"70","left":"30","isLinked":false},"_section_responsive":"","heading_visibility":"","responsive_description":"","section_custom_css":"","custom_css_description":""},"elements":[{"id":"49e8376c","settings":{"_column_size":100,"_inline_size":null,"section_style":"","box_shadow_box_shadow":{"horizontal":0,"vertical":0,"blur":10,"spread":0,"inset":"","color":"rgba(0,0,0,0.5)"},"section_typo":"","section_advanced":"","section_responsive":"","screen_sm":"default","screen_sm_width":"100","screen_xs":"default","screen_xs_width":"100","section_custom_css":"","custom_css_description":"","section_background_overlay":""},"elements":[{"id":"5bc9eb61","settings":{"section_title":"","title":"Some of our honorable guests","link":{"is_external":"","url":""},"header_size":"h3","align":"center","section_title_style":"","title_color":"#ffffff","typography_typography":"custom","typography_font_size":{"unit":"px","size":"47"},"typography_font_size_tablet":{"unit":"px","size":"35"},"typography_font_weight":"700","typography_line_height":{"unit":"em","size":"1.2"},"_section_style":"","_section_background":"","_box_shadow_box_shadow":{"horizontal":0,"vertical":0,"blur":10,"spread":0,"inset":"","color":"rgba(0,0,0,0.5)"},"_section_responsive":"","responsive_description":"","section_custom_css":"","custom_css_description":"","section_custom_css_pro":"","custom_css_pro":""},"elements":[],"isInner":false,"widgetType":"heading","elType":"widget"},{"id":"184675f5","settings":{"section_divider":"","weight":{"unit":"px","size":"5"},"color":"#fe667b","width":{"unit":"%","size":"8"},"align":"center","_section_style":"","_padding":{"unit":"px","top":"10","right":"0","bottom":"10","left":"0","isLinked":false},"_section_background":"","_box_shadow_box_shadow":{"horizontal":0,"vertical":0,"blur":10,"spread":0,"inset":"","color":"rgba(0,0,0,0.5)"},"_section_responsive":"","responsive_description":"","section_custom_css":"","custom_css_description":"","section_custom_css_pro":"","custom_css_pro":""},"elements":[],"isInner":false,"widgetType":"divider","elType":"widget"},{"id":"6f6746d5","settings":{"section_editor":"","editor":"<p>We have gathered the top professionals of the innovation community, to lecture on the hottest topics and most relevant new technologies.<\/p>","section_style":"","align":"center","text_color":"#ffffff","typography_typography":"custom","typography_font_size":{"unit":"px","size":"15"},"typography_font_size_tablet":{"unit":"px","size":"14"},"typography_font_weight":"300","typography_line_height":{"unit":"em","size":"2"},"_section_style":"","_padding":{"unit":"px","top":"0","right":"300","bottom":"70","left":"300","isLinked":false},"_padding_tablet":{"unit":"px","top":"0","right":"0","bottom":"50","left":"0","isLinked":false},"_section_background":"","_box_shadow_box_shadow":{"horizontal":0,"vertical":0,"blur":10,"spread":0,"inset":"","color":"rgba(0,0,0,0.5)"},"_section_responsive":"","responsive_description":"","section_custom_css":"","custom_css_description":""},"elements":[],"isInner":false,"widgetType":"text-editor","elType":"widget"},{"id":"7b1b408d","settings":{"section_layout":"","content_width":{"unit":"px","size":"1300"},"gap":"no","content_position":"middle","structure":"20","section_background":"","background_overlay_section":"","section_border":"","box_shadow_box_shadow":{"horizontal":0,"vertical":0,"blur":10,"spread":0,"inset":"","color":"rgba(0,0,0,0.5)"},"section_typo":"","section_advanced":"","padding":{"unit":"px","top":"0","right":"0","bottom":"150","left":"0","isLinked":false},"padding_tablet":{"unit":"px","top":"0","right":"0","bottom":"0","left":"0","isLinked":true},"_section_responsive":"","reverse_order_mobile":"reverse-mobile","heading_visibility":"","responsive_description":"","section_custom_css":"","custom_css_description":""},"elements":[{"id":"298b5dfc","settings":{"_column_size":50,"_inline_size":"60.000","section_style":"","box_shadow_box_shadow":{"horizontal":0,"vertical":0,"blur":10,"spread":0,"inset":"","color":"rgba(0,0,0,0.5)"},"section_typo":"","section_advanced":"","padding":{"unit":"px","top":"0","right":"100","bottom":"0","left":"100","isLinked":false},"padding_tablet":{"unit":"px","top":"0","right":"20","bottom":"0","left":"0","isLinked":false},"section_responsive":"","screen_sm":"default","screen_sm_width":"100","screen_xs":"default","screen_xs_width":"100","section_custom_css":"","custom_css_description":"","section_background_overlay":""},"elements":[{"id":"635f5d2e","settings":{"section_title":"","title":"Linda Ross","link":{"is_external":"","url":""},"header_size":"h4","align":"left","align_mobile":"center","section_title_style":"","title_color":"#ffffff","typography_typography":"custom","typography_font_size":{"unit":"px","size":"47"},"typography_font_size_tablet":{"unit":"px","size":"25"},"typography_font_weight":"700","typography_line_height":{"unit":"em","size":"1.2"},"_section_style":"","_section_background":"","_box_shadow_box_shadow":{"horizontal":0,"vertical":0,"blur":10,"spread":0,"inset":"","color":"rgba(0,0,0,0.5)"},"_section_responsive":"","responsive_description":"","section_custom_css":"","custom_css_description":"","section_custom_css_pro":"","custom_css_pro":""},"elements":[],"isInner":false,"widgetType":"heading","elType":"widget"},{"id":"a49a759","settings":{"section_editor":"","editor":"<div id=\"Content\"><div class=\"boxed\"><div id=\"lipsum\"><p>Lorem ipsum dolor sit amet, consectetur adipiscing elit. Quisque auctor, lectus lobortis ultrices blandit, sapien diam volutpat enim, non varius risus turpis et ex. Donec eu ligula felis. Etiam ut sapien hendrerit, facilisis est vitae, feugiat nisi. Phasellus arcu sapien, congue id magna tempor, aliquam elementum elit. Donec luctus,.<\/p><\/div><\/div><\/div>","section_style":"","align":"left","align_mobile":"center","text_color":"#ffffff","typography_typography":"custom","typography_font_size":{"unit":"px","size":"15"},"typography_font_size_tablet":{"unit":"px","size":"14"},"typography_font_weight":"300","typography_line_height":{"unit":"em","size":"2"},"_section_style":"","_padding":{"unit":"px","top":"20","right":"0","bottom":"0","left":"0","isLinked":false},"_padding_tablet":{"unit":"px","top":"0","right":"0","bottom":"0","left":"0","isLinked":false},"_section_background":"","_box_shadow_box_shadow":{"horizontal":0,"vertical":0,"blur":10,"spread":0,"inset":"","color":"rgba(0,0,0,0.5)"},"_section_responsive":"","responsive_description":"","section_custom_css":"","custom_css_description":""},"elements":[],"isInner":false,"widgetType":"text-editor","elType":"widget"},{"id":"2d280755","settings":{"section_social_icon":"","social_icon_list":[{"social":"fa fa-facebook","link":{"url":"","is_external":"true","nofollow":""},"_id":"wkboxf1"},{"social":"fa fa-twitter","link":{"url":"","is_external":"true","nofollow":""},"_id":"2p6lxn7"},{"social":"fa fa-google-plus","link":{"url":"","is_external":"true","nofollow":""},"_id":"fry2fmq"}],"align":"left","align_tablet":"left","align_mobile":"center","section_social_style":"","icon_color":"custom","icon_primary_color":"rgba(254,102,123,0)","icon_secondary_color":"#fe667b","icon_size":{"unit":"px","size":"30"},"_section_style":"","_section_background":"","_box_shadow_box_shadow":{"horizontal":0,"vertical":0,"blur":10,"spread":0,"inset":"","color":"rgba(0,0,0,0.5)"},"_section_responsive":"","responsive_description":"","section_custom_css":"","custom_css_description":""},"elements":[],"isInner":false,"widgetType":"social-icons","elType":"widget"}],"isInner":true,"elType":"column"},{"id":"2c536f8f","settings":{"_column_size":50,"_inline_size":"39.615","section_style":"","box_shadow_box_shadow":{"horizontal":0,"vertical":0,"blur":10,"spread":0,"inset":"","color":"rgba(0,0,0,0.5)"},"section_typo":"","section_advanced":"","section_responsive":"","screen_sm":"default","screen_sm_width":"100","screen_xs":"default","screen_xs_width":"100","section_custom_css":"","custom_css_description":"","section_background_overlay":""},"elements":[{"id":"31b72e6b","settings":{"section_image":"","image":{"id":690,"url":"http:\/\/localhost\/test\/wp-content\/uploads\/2018\/09\/3-1-3.png"},"align":"center","align_tablet":"center","align_mobile":"center","link":{"is_external":"","url":""},"section_style_image":"","space":{"unit":"%","size":100},"opacity":{"unit":"px","size":1},"image_box_shadow_box_shadow":{"horizontal":0,"vertical":0,"blur":10,"spread":0,"inset":"","color":"rgba(0,0,0,0.5)"},"section_style_caption":"","_section_style":"","_margin_tablet":{"unit":"px","top":"0","right":"0","bottom":"0","left":"0","isLinked":true},"_margin_mobile":{"unit":"px","top":"0","right":"0","bottom":"30","left":"0","isLinked":false},"_section_background":"","_box_shadow_box_shadow":{"horizontal":0,"vertical":0,"blur":10,"spread":0,"inset":"","color":"rgba(0,0,0,0.5)"},"_section_responsive":"","responsive_description":"","section_custom_css":"","custom_css_description":""},"elements":[],"isInner":false,"widgetType":"image","elType":"widget"}],"isInner":true,"elType":"column"}],"isInner":true,"elType":"section"},{"id":"5fa66f4","settings":{"section_layout":"","content_width":{"unit":"px","size":"1300"},"gap":"no","content_position":"middle","structure":"20","section_background":"","background_overlay_section":"","section_border":"","box_shadow_box_shadow":{"horizontal":0,"vertical":0,"blur":10,"spread":0,"inset":"","color":"rgba(0,0,0,0.5)"},"section_typo":"","section_advanced":"","margin_tablet":{"unit":"px","top":"0","right":0,"bottom":"0","left":0,"isLinked":true},"padding_tablet":{"unit":"px","top":"50","right":"0","bottom":"0","left":"0","isLinked":false},"_section_responsive":"","heading_visibility":"","responsive_description":"","section_custom_css":"","custom_css_description":""},"elements":[{"id":"6abaa3e2","settings":{"_column_size":50,"_inline_size":"40.000","section_style":"","box_shadow_box_shadow":{"horizontal":0,"vertical":0,"blur":10,"spread":0,"inset":"","color":"rgba(0,0,0,0.5)"},"section_typo":"","section_advanced":"","section_responsive":"","screen_sm":"default","screen_sm_width":"100","screen_xs":"default","screen_xs_width":"100","section_custom_css":"","custom_css_description":"","section_background_overlay":""},"elements":[{"id":"1e485a08","settings":{"section_image":"","image":{"id":691,"url":"http:\/\/localhost\/test\/wp-content\/uploads\/2018\/09\/4-1-2.png"},"align":"center","align_tablet":"center","align_mobile":"center","link":{"is_external":"","url":""},"section_style_image":"","space":{"unit":"%","size":100},"opacity":{"unit":"px","size":1},"image_box_shadow_box_shadow":{"horizontal":0,"vertical":0,"blur":10,"spread":0,"inset":"","color":"rgba(0,0,0,0.5)"},"section_style_caption":"","_section_style":"","_margin_mobile":{"unit":"px","top":"0","right":"0","bottom":"30","left":"0","isLinked":false},"_section_background":"","_box_shadow_box_shadow":{"horizontal":0,"vertical":0,"blur":10,"spread":0,"inset":"","color":"rgba(0,0,0,0.5)"},"_section_responsive":"","responsive_description":"","section_custom_css":"","custom_css_description":""},"elements":[],"isInner":false,"widgetType":"image","elType":"widget"}],"isInner":true,"elType":"column"},{"id":"5cbed777","settings":{"_column_size":50,"_inline_size":"60.000","section_style":"","box_shadow_box_shadow":{"horizontal":0,"vertical":0,"blur":10,"spread":0,"inset":"","color":"rgba(0,0,0,0.5)"},"section_typo":"","section_advanced":"","padding":{"unit":"px","top":"0","right":"100","bottom":"0","left":"100","isLinked":false},"padding_tablet":{"unit":"px","top":"0","right":"0","bottom":"0","left":"20","isLinked":false},"section_responsive":"","screen_sm":"default","screen_sm_width":"100","screen_xs":"default","screen_xs_width":"100","section_custom_css":"","custom_css_description":"","section_background_overlay":""},"elements":[{"id":"49151f47","settings":{"section_title":"","title":"Ron Godman","link":{"is_external":"","url":""},"header_size":"h4","align":"left","align_mobile":"center","section_title_style":"","title_color":"#ffffff","typography_typography":"custom","typography_font_size":{"unit":"px","size":"47"},"typography_font_size_tablet":{"unit":"px","size":"25"},"typography_font_weight":"700","typography_line_height":{"unit":"em","size":"1.2"},"_section_style":"","_section_background":"","_box_shadow_box_shadow":{"horizontal":0,"vertical":0,"blur":10,"spread":0,"inset":"","color":"rgba(0,0,0,0.5)"},"_section_responsive":"","responsive_description":"","section_custom_css":"","custom_css_description":"","section_custom_css_pro":"","custom_css_pro":""},"elements":[],"isInner":false,"widgetType":"heading","elType":"widget"},{"id":"2c2873a5","settings":{"section_editor":"","editor":"<div id=\"Content\"><div class=\"boxed\"><div id=\"lipsum\"><p>Quisque auctor, lectus lobortis ultrices blandit, sapien diam volutpat enimturpis et ex.\u00a0 Donec luctus, feugiat felis diam convallis lacus. Aenean vitae tincidunt eget neque in, maximus suscipit est. Donec ullamcorper lacus tortor, at aliquam urna tempor ut. Suspendisse vestibulum ipsum sed ultricies euismod.<\/p><\/div><\/div><\/div>","section_style":"","align":"left","align_mobile":"center","text_color":"#ffffff","typography_typography":"custom","typography_font_size":{"unit":"px","size":"15"},"typography_font_weight":"300","typography_line_height":{"unit":"em","size":"2"},"_section_style":"","_padding":{"unit":"px","top":"20","right":"0","bottom":"0","left":"0","isLinked":false},"_section_background":"","_box_shadow_box_shadow":{"horizontal":0,"vertical":0,"blur":10,"spread":0,"inset":"","color":"rgba(0,0,0,0.5)"},"_section_responsive":"","responsive_description":"","section_custom_css":"","custom_css_description":""},"elements":[],"isInner":false,"widgetType":"text-editor","elType":"widget"},{"id":"7275b77e","settings":{"section_social_icon":"","social_icon_list":[{"social":"fa fa-facebook","link":{"url":"","is_external":"true","nofollow":""},"_id":"wkboxf1"},{"social":"fa fa-twitter","link":{"url":"","is_external":"true","nofollow":""},"_id":"2p6lxn7"},{"social":"fa fa-google-plus","link":{"url":"","is_external":"true","nofollow":""},"_id":"fry2fmq"}],"align":"left","align_tablet":"left","align_mobile":"center","section_social_style":"","icon_color":"custom","icon_primary_color":"rgba(254,102,123,0)","icon_secondary_color":"#fe667b","icon_size":{"unit":"px","size":"30"},"_section_style":"","_section_background":"","_box_shadow_box_shadow":{"horizontal":0,"vertical":0,"blur":10,"spread":0,"inset":"","color":"rgba(0,0,0,0.5)"},"_section_responsive":"","responsive_description":"","section_custom_css":"","custom_css_description":""},"elements":[],"isInner":false,"widgetType":"social-icons","elType":"widget"}],"isInner":true,"elType":"column"}],"isInner":true,"elType":"section"}],"isInner":false,"elType":"column"}],"isInner":false,"elType":"section"},{"id":"2591a03d","settings":{"section_layout":"","content_width":{"unit":"px","size":"1200"},"section_background":"","background_background":"classic","background_color":"#000000","background_overlay_section":"","section_border":"","box_shadow_box_shadow":{"horizontal":0,"vertical":0,"blur":10,"spread":0,"inset":"","color":"rgba(0,0,0,0.5)"},"section_typo":"","section_advanced":"","padding":{"unit":"px","top":"120","right":"0","bottom":"120","left":"0","isLinked":false},"padding_tablet":{"unit":"px","top":"70","right":"30","bottom":"70","left":"30","isLinked":false},"_section_responsive":"","heading_visibility":"","responsive_description":"","section_custom_css":"","custom_css_description":""},"elements":[{"id":"336b508f","settings":{"_column_size":100,"_inline_size":null,"section_style":"","box_shadow_box_shadow":{"horizontal":0,"vertical":0,"blur":10,"spread":0,"inset":"","color":"rgba(0,0,0,0.5)"},"section_typo":"","section_advanced":"","section_responsive":"","screen_sm":"default","screen_sm_width":"100","screen_xs":"default","screen_xs_width":"100","section_custom_css":"","custom_css_description":"","section_background_overlay":""},"elements":[{"id":"7a83b658","settings":{"section_title":"","title":"Contact Us","link":{"is_external":"","url":""},"header_size":"h3","align":"center","section_title_style":"","title_color":"#ffffff","typography_typography":"custom","typography_font_size":{"unit":"px","size":"47"},"typography_font_size_tablet":{"unit":"px","size":"35"},"typography_font_weight":"700","typography_line_height":{"unit":"em","size":"1.2"},"_section_style":"","_section_background":"","_box_shadow_box_shadow":{"horizontal":0,"vertical":0,"blur":10,"spread":0,"inset":"","color":"rgba(0,0,0,0.5)"},"_section_responsive":"","responsive_description":"","section_custom_css":"","custom_css_description":"","section_custom_css_pro":"","custom_css_pro":""},"elements":[],"isInner":false,"widgetType":"heading","elType":"widget"},{"id":"2164a3a4","settings":{"section_divider":"","weight":{"unit":"px","size":"5"},"color":"#fe667b","width":{"unit":"%","size":"8"},"align":"center","_section_style":"","_padding":{"unit":"px","top":"10","right":"0","bottom":"10","left":"0","isLinked":false},"_section_background":"","_box_shadow_box_shadow":{"horizontal":0,"vertical":0,"blur":10,"spread":0,"inset":"","color":"rgba(0,0,0,0.5)"},"_section_responsive":"","responsive_description":"","section_custom_css":"","custom_css_description":"","section_custom_css_pro":"","custom_css_pro":""},"elements":[],"isInner":false,"widgetType":"divider","elType":"widget"},{"id":"4d6f4649","settings":{"section_editor":"","editor":"<p>If you have any questions about the event or the team of lecturers, please send us a message and we will reply shortly.<\/p>","section_style":"","align":"center","text_color":"#ffffff","typography_typography":"custom","typography_font_size":{"unit":"px","size":"15"},"typography_font_size_tablet":{"unit":"px","size":"14"},"typography_font_weight":"300","typography_line_height":{"unit":"em","size":"2"},"_section_style":"","_padding":{"unit":"%","top":"0","right":"26","bottom":"0","left":"26","isLinked":false},"_padding_tablet":{"unit":"px","top":"0","right":"0","bottom":"30","left":"0","isLinked":false},"_padding_mobile":{"unit":"px","top":"0","right":"0","bottom":"0","left":"0","isLinked":true},"_section_background":"","_box_shadow_box_shadow":{"horizontal":0,"vertical":0,"blur":10,"spread":0,"inset":"","color":"rgba(0,0,0,0.5)"},"_section_responsive":"","responsive_description":"","section_custom_css":"","custom_css_description":""},"elements":[],"isInner":false,"widgetType":"text-editor","elType":"widget"},{"id":"77b1b81e","settings":{"section_layout":"","content_width":{"unit":"px","size":"1200"},"structure":"20","section_background":"","background_overlay_section":"","section_border":"","box_shadow_box_shadow":{"horizontal":0,"vertical":0,"blur":10,"spread":0,"inset":"","color":"rgba(0,0,0,0.5)"},"section_typo":"","section_advanced":"","padding":{"unit":"px","top":"40","right":"0","bottom":"0","left":"0","isLinked":false},"_section_responsive":"","heading_visibility":"","responsive_description":"","section_custom_css":"","custom_css_description":""},"elements":[{"id":"463ca4ca","settings":{"_column_size":50,"_inline_size":"61.563","section_style":"","box_shadow_box_shadow":{"horizontal":0,"vertical":0,"blur":10,"spread":0,"inset":"","color":"rgba(0,0,0,0.5)"},"section_typo":"","section_advanced":"","padding_mobile":{"unit":"px","top":"0","right":"0","bottom":"0","left":"0","isLinked":true},"section_responsive":"","screen_sm":"default","screen_sm_width":"100","screen_xs":"default","screen_xs_width":"100","section_custom_css":"","custom_css_description":"","section_background_overlay":""},"elements":[{"id":"2794611a","settings":{"section_map":"","address":"London Eye, London, United Kingdom","height":{"unit":"px","size":"400"},"_section_style":"","_section_background":"","_box_shadow_box_shadow":{"horizontal":0,"vertical":0,"blur":10,"spread":0,"inset":"","color":"rgba(0,0,0,0.5)"},"_section_responsive":"","responsive_description":"","section_custom_css":"","custom_css_description":""},"elements":[],"isInner":false,"widgetType":"google_maps","elType":"widget"}],"isInner":true,"elType":"column"},{"id":"784ffa08","settings":{"_column_size":50,"_inline_size":"38.047","section_style":"","box_shadow_box_shadow":{"horizontal":0,"vertical":0,"blur":10,"spread":0,"inset":"","color":"rgba(0,0,0,0.5)"},"section_typo":"","section_advanced":"","padding":{"unit":"px","top":"0","right":"0","bottom":"0","left":"50","isLinked":false},"padding_tablet":{"unit":"px","top":"0","right":"0","bottom":"0","left":"15","isLinked":false},"padding_mobile":{"unit":"px","top":"0","right":"0","bottom":"0","left":"0","isLinked":true},"section_responsive":"","screen_sm":"default","screen_sm_width":"100","screen_xs":"default","screen_xs_width":"100","section_custom_css":"","custom_css_description":"","section_background_overlay":""},"elements":[{"id":"42d15a36","settings":{"section_title":"","title":"For more information and details, contact our customer service","link":{"is_external":"","url":""},"header_size":"h4","align":"left","section_title_style":"","title_color":"#ffffff","typography_typography":"custom","typography_font_size":{"unit":"px","size":"27"},"typography_font_size_tablet":{"unit":"px","size":"25"},"typography_font_weight":"700","typography_line_height":{"unit":"em","size":"1.5"},"_section_style":"","_margin_mobile":{"unit":"px","top":"30","right":"0","bottom":"0","left":"0","isLinked":false},"_section_background":"","_box_shadow_box_shadow":{"horizontal":0,"vertical":0,"blur":10,"spread":0,"inset":"","color":"rgba(0,0,0,0.5)"},"_section_responsive":"","responsive_description":"","section_custom_css":"","custom_css_description":"","section_custom_css_pro":"","custom_css_pro":""},"elements":[],"isInner":false,"widgetType":"heading","elType":"widget"},{"id":"1f759f61","settings":{"section_form_fields":"","form_name":"New Form","form_fields":[{"field_type":"text","field_label":"Name","placeholder":"Name","width":"100","required":"","field_options":"","inline_list":"","width_tablet":"","width_mobile":"","rows":4,"recaptcha_size":"normal","recaptcha_style":"light","css_classes":"","_id":"r5z291v","field_value":"","file_sizes":"","file_types":"","allow_multiple_upload":"","max_files":"","acceptance_text":"","checked_by_default":"","field_min":"","field_max":"","min_date":"","max_date":"","use_native_date":"","use_native_time":"","allow_multiple":"","select_size":"","field_html":""},{"field_type":"email","required":true,"field_label":"Email","placeholder":"Email","width":"100","field_options":"","inline_list":"","width_tablet":"","width_mobile":"","rows":4,"recaptcha_size":"normal","recaptcha_style":"light","css_classes":"","_id":"wcdxye5","field_value":"","file_sizes":"","file_types":"","allow_multiple_upload":"","max_files":"","acceptance_text":"","checked_by_default":"","field_min":"","field_max":"","min_date":"","max_date":"","use_native_date":"","use_native_time":"","allow_multiple":"","select_size":"","field_html":""},{"field_type":"text","field_label":"Telphone","placeholder":"Telphone","width":"100","required":"","field_options":"","inline_list":"","width_tablet":"","width_mobile":"","rows":4,"recaptcha_size":"normal","recaptcha_style":"light","css_classes":"","_id":"0moi90o","field_value":"","file_sizes":"","file_types":"","allow_multiple_upload":"","max_files":"","acceptance_text":"","checked_by_default":"","field_min":"","field_max":"","min_date":"","max_date":"","use_native_date":"","use_native_time":"","allow_multiple":"","select_size":"","field_html":""}],"show_labels":"","section_submit_button":"","button_text":"Send","button_width":"20","button_align":"start","section_form_options":"","send_html":"","success_message":"The message was sent successfully!","error_message":"There's something wrong... Please fill in the required fields.","required_field_message":"Required","invalid_message":"There's something wrong... The form is invalid.","section_form_style":"","column_gap":{"unit":"px","size":0},"row_gap":{"unit":"px","size":19},"heading_label":"","section_field_style":"","field_text_color":"#ffffff","field_typography_typography":"custom","field_typography_font_weight":"100","field_background_color":"rgba(255,255,255,0)","field_border_color":"#ffffff","field_border_radius":{"unit":"px","top":"0","right":"0","bottom":"0","left":"0","isLinked":true},"section_button_style":"","tabs_button_style":"","tab_button_normal":"","button_typography_typography":"custom","button_typography_font_size_tablet":{"unit":"px","size":"15"},"button_typography_text_transform":"uppercase","button_typography_letter_spacing":{"unit":"px","size":5.2},"button_background_color":"#fe667b","button_border_radius":{"unit":"px","top":"50","right":"50","bottom":"50","left":"50","isLinked":true},"button_text_padding":{"unit":"%","top":"","right":"","bottom":"","left":"","isLinked":true},"tab_button_hover":"","button_background_hover_color":"#4b28fa","_section_style":"","_section_background":"","_box_shadow_box_shadow":{"horizontal":0,"vertical":0,"blur":10,"spread":0,"inset":"","color":"rgba(0,0,0,0.5)"},"_section_responsive":"","responsive_description":"","section_custom_css":"","custom_css_description":"","mark_required":"yes","email_content":"[all-fields]","email_content_2":"[all-fields]"},"elements":[],"isInner":false,"widgetType":"form","elType":"widget"}],"isInner":true,"elType":"column"}],"isInner":true,"elType":"section"}],"isInner":false,"elType":"column"}],"isInner":false,"elType":"section"}]}