{"version":"0.4","title":"Client2","type":"page","content":[{"id":"4d4a099e","settings":{"gap":"no","custom_height":{"unit":"px","size":600},"content_position":"middle","padding":{"unit":"px","top":"100","right":"0","bottom":"100","left":"0","isLinked":false},"background_background":"classic","background_color":"#000000","padding_tablet":{"unit":"px","top":"100","right":"25","bottom":"100","left":"25","isLinked":false},"padding_mobile":{"unit":"px","top":"50","right":"20","bottom":"50","left":"20","isLinked":false}},"elements":[{"id":"7fbef5c2","settings":{"_column_size":100},"elements":[{"id":"287dc47","settings":{"title":"Our clients","align":"center","title_color":"#ffffff","typography_typography":"custom","typography_font_size":{"unit":"px","size":55},"typography_font_weight":"600","typography_font_size_mobile":{"unit":"px","size":45},"header_size":"h4"},"elements":[],"isInner":false,"widgetType":"heading","elType":"widget"},{"id":"544e36ed","settings":{"title":"Driving technology for leading brands","header_size":"h5","align":"center","title_color":"#686868","typography_typography":"custom","typography_font_size":{"unit":"px","size":16},"typography_font_weight":"300","_margin":{"unit":"px","top":"-10","right":"0","bottom":"0","left":"0","isLinked":false},"typography_line_height_mobile":{"unit":"em","size":1.6}},"elements":[],"isInner":false,"widgetType":"heading","elType":"widget"},{"id":"5da11404","settings":{"gap":"no","content_position":"middle","padding":{"unit":"px","top":"15","right":"0","bottom":"0","left":"0","isLinked":false},"padding_mobile":{"unit":"px","top":"15","right":"0","bottom":"0","left":"0","isLinked":false}},"elements":[{"id":"1ca1e354","settings":{"_column_size":100},"elements":[{"id":"23719158","settings":{"slides":[{"image":{"id":"1604","url":"http:\/\/localhost\/test\/wp-content\/uploads\/2018\/09\/fifthflour-2.png"},"_id":"58383ef","type":"image","image_link_to_type":"","image_link_to":{"url":"","is_external":"","nofollow":""},"video":{"url":"","is_external":"","nofollow":""}},{"image":{"id":"1605","url":"http:\/\/localhost\/test\/wp-content\/uploads\/2018\/09\/Edgewater...png"},"_id":"b75dd88","type":"image","image_link_to_type":"","image_link_to":{"url":"","is_external":"","nofollow":""},"video":{"url":"","is_external":"","nofollow":""}},{"image":{"id":"1606","url":"http:\/\/localhost\/test\/wp-content\/uploads\/2018\/09\/digit.png"},"_id":"42269dc","type":"image","image_link_to_type":"","image_link_to":{"url":"","is_external":"","nofollow":""},"video":{"url":"","is_external":"","nofollow":""}},{"image":{"id":"1607","url":"http:\/\/localhost\/test\/wp-content\/uploads\/2018\/09\/darkside-1.png"},"_id":"4e015b7","type":"image","image_link_to_type":"","image_link_to":{"url":"","is_external":"","nofollow":""},"video":{"url":"","is_external":"","nofollow":""}},{"image":{"id":"1608","url":"http:\/\/localhost\/test\/wp-content\/uploads\/2018\/09\/bolier.png"},"_id":"07ece7f","type":"image","image_link_to_type":"","image_link_to":{"url":"","is_external":"","nofollow":""},"video":{"url":"","is_external":"","nofollow":""}},{"type":"image","image":{"id":"1609","url":"http:\/\/localhost\/test\/wp-content\/uploads\/2018\/09\/bastil-1.png"},"image_link_to_type":"","image_link_to":{"url":"","is_external":"","nofollow":""},"video":{"url":"","is_external":"","nofollow":""},"_id":"dbf0bc6"}],"slides_per_view":"5","height":{"unit":"px","size":180},"width":{"unit":"%","size":85},"slide_padding":{"unit":"px","top":"40","right":"40","bottom":"40","left":"40","isLinked":true},"arrows_size":{"unit":"px","size":25},"arrows_color":"#ffffff","pagination_size":{"unit":"px","size":6},"pagination_color":"#ffffff","play_icon_color":"#ffffff","play_icon_size":{"unit":"px","size":20},"lightbox_video_width":{"unit":"%","size":50},"show_arrows":"","lightbox_color":"#ffffff","lightbox_ui_color":"#ffffff","lightbox_ui_hover_color":"#ffffff","height_tablet":{"unit":"px","size":250},"height_mobile":{"unit":"px","size":240},"width_tablet":{"unit":"px","size":570},"width_mobile":{"unit":"px","size":310}},"elements":[],"isInner":false,"widgetType":"media-carousel","elType":"widget"}],"isInner":true,"elType":"column"}],"isInner":true,"elType":"section"}],"isInner":false,"elType":"column"}],"isInner":false,"elType":"section"}]}