{"version":"0.4","title":"Client5","type":"page","content":[{"id":"739df605","settings":{"gap":"no","custom_height":{"unit":"px","size":1100},"content_position":"middle","padding":{"unit":"px","top":"100","right":"0","bottom":"100","left":"0","isLinked":false},"padding_tablet":{"unit":"px","top":"100","right":"25","bottom":"100","left":"25","isLinked":false},"padding_mobile":{"unit":"px","top":"50","right":"20","bottom":"50","left":"20","isLinked":false}},"elements":[{"id":"196eab69","settings":{"_column_size":100},"elements":[{"id":"25c46381","settings":{"title":"Our clients","align":"center","title_color":"#000000","typography_typography":"custom","typography_font_size":{"unit":"px","size":55},"typography_font_weight":"600","typography_font_size_mobile":{"unit":"px","size":45},"header_size":"h4","typography_font_size_tablet":{"unit":"px","size":45}},"elements":[],"isInner":false,"widgetType":"heading","elType":"widget"},{"id":"60892754","settings":{"title":"Driving technology for leading brands","header_size":"h5","align":"center","title_color":"#bfbfbf","typography_typography":"custom","typography_font_size":{"unit":"px","size":16},"typography_font_weight":"300","_margin":{"unit":"px","top":"-10","right":"0","bottom":"0","left":"0","isLinked":false}},"elements":[],"isInner":false,"widgetType":"heading","elType":"widget"},{"id":"66c9f039","settings":{"structure":"30","padding":{"unit":"px","top":"25","right":"0","bottom":"0","left":"0","isLinked":false},"content_position":"middle","padding_tablet":{"unit":"px","top":"15","right":"0","bottom":"0","left":"0","isLinked":false},"padding_mobile":{"unit":"px","top":"15","right":"0","bottom":"0","left":"0","isLinked":false}},"elements":[{"id":"499851e1","settings":{"_column_size":33,"_inline_size":null,"border_width":{"unit":"px","top":"1","right":"1","bottom":"1","left":"1","isLinked":true},"border_color":"#e8e8e8"},"elements":[{"id":"f7b014b","settings":{"skin":"cover","bg_image":{"id":"1470","url":"http:\/\/localhost\/test\/wp-content\/uploads\/2018\/09\/qw2.jpg"},"graphic_element":"image","graphic_image":{"id":1622,"url":"http:\/\/localhost\/test\/wp-content\/uploads\/2018\/09\/madrin-2.png"},"title":"","description":"","button":"","graphic_image_size":"full","min-height":{"unit":"px","size":250},"vertical_position":"middle","transformation":"zoom-out","overlay_color":"rgba(0,0,0,0.48)","overlay_color_hover":"rgba(0,0,0,0.48)","bg_filters_hover_css_filter":"custom","bg_filters_hover_blur":{"unit":"px","size":1.5}},"elements":[],"isInner":false,"widgetType":"call-to-action","elType":"widget"}],"isInner":true,"elType":"column"},{"id":"3bcb4866","settings":{"_column_size":33,"_inline_size":null,"border_width":{"unit":"px","top":"1","right":"1","bottom":"1","left":"1","isLinked":true},"border_color":"#e8e8e8"},"elements":[{"id":"44c6f102","settings":{"skin":"cover","bg_image":{"id":"1469","url":"http:\/\/localhost\/test\/wp-content\/uploads\/2018\/09\/qw1.jpg"},"graphic_element":"image","graphic_image":{"id":"1609","url":"http:\/\/localhost\/test\/wp-content\/uploads\/2018\/09\/bastil-1.png"},"title":"","description":"","button":"","graphic_image_size":"full","min-height":{"unit":"px","size":250},"transformation":"zoom-out","overlay_color":"rgba(0,0,0,0.48)","overlay_color_hover":"rgba(0,0,0,0.48)","bg_filters_hover_css_filter":"custom","bg_filters_hover_blur":{"unit":"px","size":1.5}},"elements":[],"isInner":false,"widgetType":"call-to-action","elType":"widget"}],"isInner":true,"elType":"column"},{"id":"756cc18b","settings":{"_column_size":33,"_inline_size":null,"border_width":{"unit":"px","top":"1","right":"1","bottom":"1","left":"1","isLinked":true},"border_color":"#e8e8e8"},"elements":[{"id":"5c4f8622","settings":{"skin":"cover","bg_image":{"id":"1471","url":"http:\/\/localhost\/test\/wp-content\/uploads\/2018\/09\/qw3.jpg"},"graphic_element":"image","graphic_image":{"id":"1607","url":"http:\/\/localhost\/test\/wp-content\/uploads\/2018\/09\/darkside-1.png"},"title":"","description":"","button":"","graphic_image_size":"full","min-height":{"unit":"px","size":250},"transformation":"zoom-out","overlay_color":"rgba(0,0,0,0.48)","overlay_color_hover":"rgba(0,0,0,0.48)","bg_filters_hover_css_filter":"custom","bg_filters_hover_blur":{"unit":"px","size":1.5}},"elements":[],"isInner":false,"widgetType":"call-to-action","elType":"widget"}],"isInner":true,"elType":"column"}],"isInner":true,"elType":"section"}],"isInner":false,"elType":"column"}],"isInner":false,"elType":"section"}]}