{"version":"0.4","title":"Client3","type":"page","content":[{"id":"6ba9bfb9","settings":{"gap":"no","custom_height":{"unit":"px","size":500},"content_position":"middle","structure":"20","padding":{"unit":"px","top":"100","right":"0","bottom":"100","left":"0","isLinked":false},"padding_tablet":{"unit":"px","top":"100","right":"25","bottom":"100","left":"25","isLinked":false},"padding_mobile":{"unit":"px","top":"50","right":"20","bottom":"50","left":"20","isLinked":false}},"elements":[{"id":"4eea1314","settings":{"_column_size":50,"_inline_size":35,"_inline_size_tablet":50},"elements":[{"id":"3587c5bc","settings":{"title":"Our clients","header_size":"h4","align":"left","title_color":"#000000","typography_typography":"custom","typography_font_size":{"unit":"px","size":55},"typography_font_weight":"600","align_mobile":"center"},"elements":[],"isInner":false,"widgetType":"heading","elType":"widget"},{"id":"2c4d1ab7","settings":{"title":"Driving technology for leading brands","header_size":"h5","align":"left","title_color":"#bfbfbf","typography_typography":"custom","typography_font_size":{"unit":"px","size":16},"typography_font_weight":"300","_margin":{"unit":"px","top":"-10","right":"0","bottom":"0","left":"0","isLinked":false},"align_mobile":"center","typography_font_size_tablet":{"unit":"px","size":16},"typography_font_size_mobile":{"unit":"px","size":16},"typography_line_height_mobile":{"unit":"em","size":1.6}},"elements":[],"isInner":false,"widgetType":"heading","elType":"widget"}],"isInner":false,"elType":"column"},{"id":"75122e2b","settings":{"_column_size":50,"_inline_size":65,"_inline_size_tablet":50},"elements":[{"id":"7dd6ba62","settings":{"slides":[{"image":{"id":"1604","url":"http:\/\/localhost\/test\/wp-content\/uploads\/2018\/09\/fifthflour-2.png"},"_id":"58383ef","type":"image","image_link_to_type":"","image_link_to":{"url":"","is_external":"","nofollow":""},"video":{"url":"","is_external":"","nofollow":""}},{"image":{"id":"1605","url":"http:\/\/localhost\/test\/wp-content\/uploads\/2018\/09\/Edgewater...png"},"_id":"b75dd88","type":"image","image_link_to_type":"","image_link_to":{"url":"","is_external":"","nofollow":""},"video":{"url":"","is_external":"","nofollow":""}},{"image":{"id":"1606","url":"http:\/\/localhost\/test\/wp-content\/uploads\/2018\/09\/digit.png"},"_id":"42269dc","type":"image","image_link_to_type":"","image_link_to":{"url":"","is_external":"","nofollow":""},"video":{"url":"","is_external":"","nofollow":""}},{"image":{"id":"1607","url":"http:\/\/localhost\/test\/wp-content\/uploads\/2018\/09\/darkside-1.png"},"_id":"4e015b7","type":"image","image_link_to_type":"","image_link_to":{"url":"","is_external":"","nofollow":""},"video":{"url":"","is_external":"","nofollow":""}},{"image":{"id":"1608","url":"http:\/\/localhost\/test\/wp-content\/uploads\/2018\/09\/bolier.png"},"_id":"07ece7f","type":"image","image_link_to_type":"","image_link_to":{"url":"","is_external":"","nofollow":""},"video":{"url":"","is_external":"","nofollow":""}},{"type":"image","image":{"id":"1609","url":"http:\/\/localhost\/test\/wp-content\/uploads\/2018\/09\/bastil-1.png"},"image_link_to_type":"","image_link_to":{"url":"","is_external":"","nofollow":""},"video":{"url":"","is_external":"","nofollow":""},"_id":"dbf0bc6"}],"slides_per_view":"4","height":{"unit":"px","size":120},"width":{"unit":"%","size":100},"show_arrows":"","space_between":{"unit":"px","size":0},"slide_padding":{"unit":"px","top":"25","right":"25","bottom":"25","left":"25","isLinked":true},"arrows_size":{"unit":"px","size":25},"arrows_color":"#898989","pagination_position":"inside","pagination_size":{"unit":"px","size":4},"pagination_color":"#000000","play_icon_color":"rgba(35,164,85,0)","play_icon_size":{"unit":"px","size":20},"lightbox_video_width":{"unit":"%","size":50},"height_tablet":{"unit":"px","size":150},"height_mobile":{"unit":"px","size":240},"width_tablet":{"unit":"px","size":365},"width_mobile":{"unit":"px","size":310}},"elements":[],"isInner":false,"widgetType":"media-carousel","elType":"widget"}],"isInner":false,"elType":"column"}],"isInner":false,"elType":"section"}]}