{"version":"0.4","title":"Stat1","type":"page","content":[{"id":"1f88b312","settings":{"gap":"no","custom_height":{"unit":"px","size":700},"content_position":"middle","padding":{"unit":"px","top":"100","right":"0","bottom":"100","left":"0","isLinked":false},"padding_tablet":{"unit":"px","top":"100","right":"25","bottom":"100","left":"25","isLinked":false},"padding_mobile":{"unit":"px","top":"50","right":"20","bottom":"50","left":"20","isLinked":false}},"elements":[{"id":"22a3a214","settings":{"_column_size":100,"padding":{"unit":"%","top":"0","right":"10","bottom":"0","left":"10","isLinked":false},"padding_tablet":{"unit":"px","top":"0","right":"0","bottom":"0","left":"0","isLinked":true}},"elements":[{"id":"154d308e","settings":{"title":"Our power is numbers","title_color":"#000000","typography_typography":"custom","typography_font_size":{"unit":"px","size":65},"align":"center","typography_font_size_tablet":{"unit":"px","size":45},"typography_font_size_mobile":{"unit":"px","size":30}},"elements":[],"isInner":false,"widgetType":"heading","elType":"widget"},{"id":"79e5dda3","settings":{"editor":"<p>I am text block. Click edit button to change this text. Lorem ipsum dolor sit amet, consectetur adipiscing elit. Ut elit tellus, luctus nec ullamcorper mattis, pulvinar dapibus leo.<\/p>","align":"center","text_color":"#bfbfbf","typography_typography":"custom","typography_font_size":{"unit":"px","size":16},"typography_line_height":{"unit":"em","size":1.7},"typography_font_weight":"300"},"elements":[],"isInner":false,"widgetType":"text-editor","elType":"widget"},{"id":"47d53a9a","settings":{"label_days":"Days","label_hours":"Hours","label_minutes":"Minutes","label_seconds":"Seconds","box_background_color":"#ffffff","box_border_border":"solid","box_border_width":{"unit":"px","top":"1","right":"1","bottom":"1","left":"1","isLinked":true},"box_border_color":"#eaeaea","box_spacing":{"unit":"px","size":31},"box_padding":{"unit":"px","top":"35","right":"35","bottom":"35","left":"35","isLinked":true},"digits_color":"#000000","digits_typography_typography":"custom","digits_typography_font_size":{"unit":"px","size":60},"digits_typography_font_weight":"900","label_color":"#00ce1b","label_typography_typography":"custom","label_typography_font_size":{"unit":"px","size":15},"label_typography_font_weight":"300","label_typography_text_transform":"uppercase","label_typography_line_height":{"unit":"em","size":2},"label_typography_letter_spacing":{"unit":"px","size":5},"_padding":{"unit":"px","top":"15","right":"0","bottom":"0","left":"0","isLinked":false},"box_spacing_tablet":{"unit":"px","size":14},"box_spacing_mobile":{"unit":"px","size":4},"box_padding_tablet":{"unit":"px","top":"30","right":"30","bottom":"30","left":"30","isLinked":true},"box_padding_mobile":{"unit":"px","top":"15","right":"5","bottom":"15","left":"5","isLinked":false},"digits_typography_font_size_mobile":{"unit":"px","size":25},"label_typography_font_size_mobile":{"unit":"px","size":10},"label_typography_letter_spacing_mobile":{"unit":"px","size":1},"_margin_mobile":{"unit":"px","top":"0","right":"0","bottom":"0","left":"0","isLinked":true},"_padding_tablet":{"unit":"px","top":"0","right":"0","bottom":"0","left":"0","isLinked":true},"_padding_mobile":{"unit":"px","top":"0","right":"0","bottom":"0","left":"0","isLinked":true}},"elements":[],"isInner":false,"widgetType":"countdown","elType":"widget"}],"isInner":false,"elType":"column"}],"isInner":false,"elType":"section"}]}