{"content":[{"id":"120dc8ed","settings":{"content_width":{"unit":"px","size":"850","sizes":[]},"height":"min-height","custom_height":{"unit":"px","size":"700","sizes":[]},"background_background":"classic","background_color":"#F4F4FF","border_radius":{"unit":"px","top":"0","right":"0","bottom":"100","left":"100","isLinked":""},"background_overlay_background":"classic","background_overlay_image":{"id":25,"url":"http:\/\/localhost\/dieuhau\/wp-content\/uploads\/2021\/09\/About-BG.png"},"background_overlay_position":"top center","background_overlay_repeat":"no-repeat","background_overlay_size":"cover","background_overlay_opacity":{"unit":"px","size":"0.05","sizes":[]},"_title":"Hero","custom_height_mobile":{"unit":"vh","size":"90","sizes":[]},"background_overlay_position_tablet":"center left","background_overlay_position_mobile":"center right","border_radius_mobile":{"unit":"px","top":"0","right":"0","bottom":"50","left":"50","isLinked":""},"padding_tablet":{"unit":"%","top":"0","right":"5","bottom":"0","left":"5","isLinked":""},"_timestamp_":"v1Smpyb2xHWDFzTnAyd291dVQ4THc0UT09"},"elements":[{"id":"3ca46916","settings":{"_column_size":"100","space_between_widgets":"0"},"elements":[{"id":"612fb39b","settings":{"title":"Hello","align":"center","title_color":"#3D4E60","typography_typography":"custom","typography_font_family":"Montserrat","typography_font_size":{"unit":"px","size":"25","sizes":[]},"typography_font_weight":"200","header_size":"h3","typography_font_size_tablet":{"unit":"px","size":"22","sizes":[]},"typography_font_size_mobile":{"unit":"px","size":"18","sizes":[]}},"elements":[],"isInner":false,"widgetType":"heading","elType":"widget"},{"id":"4da7c2f7","settings":{"title":"I\u2019m Steve, <b> A DIGITAL MARKETING EXPERT<\/b>","align":"center","title_color":"#000000","typography_typography":"custom","typography_font_family":"Montserrat","typography_font_size":{"unit":"px","size":"60","sizes":[]},"typography_font_weight":"200","typography_text_transform":"uppercase","typography_line_height":{"unit":"em","size":"1.2","sizes":[]},"_margin":{"unit":"px","top":"50","right":"0","bottom":"0","left":"0","isLinked":""},"header_size":"h1","typography_font_size_tablet":{"unit":"px","size":"45","sizes":[]},"typography_font_size_mobile":{"unit":"px","size":"32","sizes":[]}},"elements":[],"isInner":false,"widgetType":"heading","elType":"widget"}],"isInner":"","elType":"column"}],"isInner":"","elType":"section"},{"id":"7ad5db61","settings":{"content_width":{"unit":"px","size":"1400","sizes":[]},"margin":{"unit":"%","top":"12","right":"0","bottom":"12","left":"0","isLinked":"1"},"_title":"More Info","padding_tablet":{"unit":"%","top":"0","right":"5","bottom":"0","left":"5","isLinked":""},"padding_mobile":{"unit":"%","top":"","right":"","bottom":"","left":"","isLinked":"1"},"_timestamp_":"v1Smpyb2xHWDFzTnAyd291dVQ4THc0UT09"},"elements":[{"id":"56835e3c","settings":{"_column_size":"100","space_between_widgets":"50","space_between_widgets_mobile":"30","padding_tablet":{"unit":"px","top":"0","right":"0","bottom":"0","left":"0","isLinked":"1"}},"elements":[{"id":"807add4","settings":{"title":"I\u2019M STEVE, A DIGITAL MARKETING EXPERT FOR THE LAST 18 YEARS. FOUNDER OF BRANDIC - HELPING CLIENTS FUEL THEIR COMPANY\u2019S GROWTH THROUGH STRATEGIC DIGITAL MARKETING","title_color":"#000000","typography_typography":"custom","typography_font_family":"Montserrat","typography_font_size":{"unit":"px","size":"28","sizes":[]},"typography_font_weight":"200","typography_text_transform":"uppercase","typography_line_height":{"unit":"em","size":"1.4","sizes":[]},"align_tablet":"center","typography_font_size_tablet":{"unit":"px","size":"30","sizes":[]},"typography_font_size_mobile":{"unit":"px","size":"22","sizes":[]}},"elements":[],"isInner":false,"widgetType":"heading","elType":"widget"},{"id":"545af9c5","settings":{"editor":"<p class=\"p1\"><span class=\"s1\">Lorem ipsum dolor sit amet, consectetur adipiscing elit. Praesent eu orci faucibus orci malesuada semper eget non tellus. Cras sed dignissim purus or mauris variuk neque leo, eu pellentesque justo venenatis et. Sed ultricies risus non turis tempus nec consetur nulla suscipit urna eu turpis accusa.<\/span><\/p><p class=\"p1\"><span class=\"s1\">Lorem ipsum dolor sit amet, consectetur adipiscing elit. Praesent eu orci faucibus orci malesuada semper eget non tellus. Cras sed dignissim purus. Mauris varius neque leoeu pellentesque justo.<\/span><\/p>","text_color":"#3D4E60","typography_typography":"custom","typography_font_family":"Montserrat","typography_font_size":{"unit":"px","size":"16","sizes":[]},"typography_font_weight":"300","text_columns":"2","column_gap":{"unit":"px","size":"50","sizes":[]},"align_tablet":"center","text_columns_tablet":"1"},"elements":[],"isInner":false,"widgetType":"text-editor","elType":"widget"}],"isInner":"","elType":"column"}],"isInner":"","elType":"section"},{"id":"60010486","settings":{"content_width":{"unit":"px","size":"1400","sizes":[]},"height":"min-height","custom_height":{"unit":"px","size":"450","sizes":[]},"column_position":"stretch","margin":{"unit":"%","top":"","right":"0","bottom":"","left":"0","isLinked":"1"},"_title":"My Mission","custom_height_tablet":{"unit":"px","size":"400","sizes":[]},"padding_tablet":{"unit":"%","top":"0","right":"5","bottom":"0","left":"5","isLinked":""},"_timestamp_":"v1Smpyb2xHWDFzTnAyd291dVQ4THc0UT09"},"elements":[{"id":"73732d7b","settings":{"_column_size":"100","content_position":"center","space_between_widgets":"0","background_background":"classic","background_color":"#F4F4FF","border_radius":{"unit":"px","top":"100","right":"0","bottom":"100","left":"100","isLinked":""},"padding":{"unit":"%","top":"0","right":"25","bottom":"0","left":"25","isLinked":""},"content_position_tablet":"center","padding_tablet":{"unit":"%","top":"0","right":"15","bottom":"5","left":"15","isLinked":""}},"elements":[{"id":"41412d19","settings":{"selected_icon":{"value":{"id":26,"url":"http:\/\/localhost\/dieuhau\/wp-content\/uploads\/2021\/09\/icon-About.svg"},"library":"svg"},"primary_color":"#635DFF","size":{"unit":"px","size":"50","sizes":[]}},"elements":[],"isInner":false,"widgetType":"icon","elType":"widget"},{"id":"39ea0099","settings":{"title":"My mission is to help people without digital backgrounds <b> build and grow their brands.<\/b>","align":"center","title_color":"#000000","typography_typography":"custom","typography_font_family":"Montserrat","typography_font_size":{"unit":"px","size":"35","sizes":[]},"typography_font_weight":"200","typography_text_transform":"uppercase","typography_line_height":{"unit":"em","size":"1.4","sizes":[]},"typography_font_size_tablet":{"unit":"px","size":"30","sizes":[]},"typography_font_size_mobile":{"unit":"px","size":"22","sizes":[]}},"elements":[],"isInner":false,"widgetType":"heading","elType":"widget"}],"isInner":"","elType":"column"}],"isInner":"","elType":"section"},{"id":"2276d4a7","settings":{"content_width":{"unit":"px","size":"1400","sizes":[]},"margin":{"unit":"%","top":"12","right":"0","bottom":"12","left":"0","isLinked":"1"},"_title":"Introduction Video","margin_mobile":{"unit":"%","top":"15","right":"0","bottom":"15","left":"0","isLinked":"1"},"padding_tablet":{"unit":"%","top":"0","right":"5","bottom":"0","left":"5","isLinked":""},"_timestamp_":"v1Smpyb2xHWDFzTnAyd291dVQ4THc0UT09"},"elements":[{"id":"7657b651","settings":{"_column_size":"100","padding_tablet":{"unit":"px","top":"0","right":"0","bottom":"0","left":"0","isLinked":"1"}},"elements":[{"id":"4ea3174c","settings":{"content_width":{"unit":"px","size":"700","sizes":[]},"margin":{"unit":"px","top":"0","right":"0","bottom":"50","left":"0","isLinked":""},"margin_mobile":{"unit":"px","top":"0","right":"0","bottom":"30","left":"0","isLinked":""}},"elements":[{"id":"1463a252","settings":{"_column_size":"100"},"elements":[{"id":"128679ef","settings":{"title":"keynote speaker","align":"center","title_color":"#3D4E60","typography_typography":"custom","typography_font_family":"Montserrat","typography_font_size":{"unit":"px","size":"25","sizes":[]},"typography_font_weight":"200","header_size":"h3","typography_font_size_tablet":{"unit":"px","size":"22","sizes":[]},"typography_font_size_mobile":{"unit":"px","size":"18","sizes":[]},"typography_text_transform":"capitalize"},"elements":[],"isInner":false,"widgetType":"heading","elType":"widget"},{"id":"4c499d47","settings":{"title":"Watch my latest talk about <b>marketing in the digital age<\/b>","align":"center","title_color":"#000000","typography_typography":"custom","typography_font_family":"Montserrat","typography_font_size":{"unit":"px","size":"35","sizes":[]},"typography_font_weight":"200","typography_text_transform":"uppercase","typography_line_height":{"unit":"em","size":"1.4","sizes":[]},"typography_font_size_tablet":{"unit":"px","size":"30","sizes":[]},"typography_font_size_mobile":{"unit":"px","size":"22","sizes":[]}},"elements":[],"isInner":false,"widgetType":"heading","elType":"widget"}],"isInner":"1","elType":"column"}],"isInner":"1","elType":"section"},{"id":"4a3287de","settings":{"youtube_url":"https:\/\/www.youtube.com\/watch?v=XHOmBV4js_E","vimeo_url":"https:\/\/vimeo.com\/235215203","dailymotion_url":"https:\/\/www.dailymotion.com\/video\/x6tqhqb","show_image_overlay":"yes","image_overlay":{"id":27,"url":"http:\/\/localhost\/dieuhau\/wp-content\/uploads\/2021\/09\/Video-About-Pic.png"},"_border_radius":{"unit":"px","top":"50","right":"0","bottom":"50","left":"50","isLinked":""},"_box_shadow_box_shadow_type":"yes","_box_shadow_box_shadow":{"horizontal":"0","vertical":"10","blur":"30","spread":"0","color":"rgba(0, 0, 0, 0.2)"}},"elements":[],"isInner":false,"widgetType":"video","elType":"widget"}],"isInner":"","elType":"column"}],"isInner":"","elType":"section"}],"page_settings":[],"version":"0.4","title":"Online-Courses-About-page","type":"page"}