{"content":[{"id":"55121d76","settings":{"content_width":{"unit":"px","size":"1400","sizes":[]},"height":"min-height","custom_height":{"unit":"px","size":"700","sizes":[]},"background_background":"classic","background_color":"#F4F4FF","border_radius":{"unit":"px","top":"0","right":"0","bottom":"100","left":"100","isLinked":""},"background_overlay_background":"classic","background_overlay_image":{"id":32,"url":"http:\/\/localhost\/dieuhau\/wp-content\/uploads\/2021\/09\/Course-BG.png"},"background_overlay_position":"center center","background_overlay_repeat":"no-repeat","background_overlay_size":"cover","background_overlay_opacity":{"unit":"px","size":"0.05","sizes":[]},"_title":"Hero - The Name Of The Course","custom_height_tablet":{"unit":"px","size":"550","sizes":[]},"background_overlay_position_tablet":"initial","background_overlay_xpos_tablet":{"unit":"px","size":"-575","sizes":[]},"border_radius_tablet":{"unit":"px","top":"0","right":"0","bottom":"50","left":"50","isLinked":""},"padding_tablet":{"unit":"%","top":"0","right":"5","bottom":"0","left":"5","isLinked":""},"_timestamp_":"v1Smpyb2xHWDFzTnAyd291dVQ4THc0UT09"},"elements":[{"id":"18c8f30","settings":{"_column_size":"100","space_between_widgets":"50","padding":{"unit":"%","top":"0","right":"30","bottom":"0","left":"0","isLinked":""},"padding_tablet":{"unit":"px","top":"0","right":"0","bottom":"0","left":"0","isLinked":"1"},"space_between_widgets_mobile":"30"},"elements":[{"id":"acc0fd1","settings":{"text":"Back To All Courses","selected_icon":{"value":{"id":31,"url":"http:\/\/localhost\/dieuhau\/wp-content\/uploads\/2021\/09\/arrow-left.svg"},"library":"svg"},"icon_indent":{"unit":"px","size":"10","sizes":[]},"typography_typography":"custom","typography_font_family":"Montserrat","typography_font_size":{"unit":"px","size":"18","sizes":[]},"typography_font_weight":"300","typography_line_height":{"unit":"em","size":"1","sizes":[]},"button_text_color":"#635DFF","background_color":"rgba(255, 255, 255, 0)","text_padding":{"unit":"px","top":"0","right":"0","bottom":"0","left":"0","isLinked":"1"},"hover_color":"#3D4E60","hover_animation":"float","link":{"url":"","is_external":"","nofollow":"","custom_attributes":""},"align_tablet":"center"},"elements":[],"isInner":false,"widgetType":"button","elType":"widget"},{"id":"157c9393","settings":{"title":"How to make your social media content go viral ","align":"left","title_color":"#000000","typography_typography":"custom","typography_font_family":"Montserrat","typography_font_size":{"unit":"px","size":"60","sizes":[]},"typography_font_weight":"200","typography_text_transform":"uppercase","typography_line_height":{"unit":"em","size":"1.2","sizes":[]},"header_size":"h1","align_tablet":"center","typography_font_size_tablet":{"unit":"px","size":"40","sizes":[]},"typography_font_size_mobile":{"unit":"px","size":"30","sizes":[]}},"elements":[],"isInner":false,"widgetType":"heading","elType":"widget"}],"isInner":"","elType":"column"}],"isInner":"","elType":"section"},{"id":"4d42a30","settings":{"content_width":{"unit":"px","size":"1400","sizes":[]},"height":"min-height","custom_height":{"unit":"px","size":"200","sizes":[]},"column_position":"stretch","margin":{"unit":"px","top":"-100","right":"0","bottom":"0","left":"0","isLinked":""},"_title":"Info About The Course","custom_height_tablet":{"unit":"px","size":"150","sizes":[]},"margin_tablet":{"unit":"%","top":"-10","right":"0","bottom":"0","left":"0","isLinked":""},"padding_tablet":{"unit":"%","top":"0","right":"5","bottom":"0","left":"5","isLinked":""},"margin_mobile":{"unit":"%","top":"-30","right":"0","bottom":"0","left":"0","isLinked":""},"_timestamp_":"v1Smpyb2xHWDFzTnAyd291dVQ4THc0UT09"},"elements":[{"id":"5a9198f","settings":{"_column_size":"100","content_position":"center","background_background":"classic","background_color":"#FFFFFF","border_radius":{"unit":"px","top":"50","right":"0","bottom":"50","left":"50","isLinked":""},"box_shadow_box_shadow_type":"yes","box_shadow_box_shadow":{"horizontal":"0","vertical":"15","blur":"50","spread":"0","color":"rgba(0, 0, 0, 0.1)"},"padding":{"unit":"px","top":"0","right":"50","bottom":"0","left":"50","isLinked":""},"border_radius_tablet":{"unit":"px","top":"30","right":"0","bottom":"30","left":"30","isLinked":""},"padding_tablet":{"unit":"px","top":"0","right":"20","bottom":"0","left":"20","isLinked":""},"padding_mobile":{"unit":"px","top":"30","right":"0","bottom":"30","left":"0","isLinked":""}},"elements":[{"id":"4435d338","settings":{"content_width":{"unit":"px","size":"1400","sizes":[]},"structure":"50","margin":{"unit":"px","top":"0","right":"0","bottom":"0","left":"0","isLinked":"1"}},"elements":[{"id":"6862cf1b","settings":{"_column_size":"20","content_position":"center","space_between_widgets":"15"},"elements":[{"id":"1fe54c95","settings":{"title":"5","align":"center","title_color":"#635DFF","typography_typography":"custom","typography_font_family":"Montserrat","typography_font_size":{"unit":"px","size":"30","sizes":[]},"typography_font_weight":"300","header_size":"h3","typography_font_size_tablet":{"unit":"px","size":"22","sizes":[]}},"elements":[],"isInner":false,"widgetType":"heading","elType":"widget"},{"id":"7b249588","settings":{"title":"Lessons","align":"center","title_color":"#000000","typography_typography":"custom","typography_font_family":"Montserrat","typography_font_size":{"unit":"px","size":"16","sizes":[]},"typography_font_weight":"300","typography_text_transform":"uppercase","header_size":"h3","typography_font_size_tablet":{"unit":"px","size":"15","sizes":[]}},"elements":[],"isInner":false,"widgetType":"heading","elType":"widget"}],"isInner":"1","elType":"column"},{"id":"39664c6b","settings":{"_column_size":"20","content_position":"center","space_between_widgets":"15","padding_mobile":{"unit":"px","top":"25","right":"0","bottom":"25","left":"0","isLinked":""}},"elements":[{"id":"47e9b213","settings":{"title":"4","align":"center","title_color":"#635DFF","typography_typography":"custom","typography_font_family":"Montserrat","typography_font_size":{"unit":"px","size":"30","sizes":[]},"typography_font_weight":"300","header_size":"h3","typography_font_size_tablet":{"unit":"px","size":"22","sizes":[]}},"elements":[],"isInner":false,"widgetType":"heading","elType":"widget"},{"id":"6db03ace","settings":{"title":"Videos","align":"center","title_color":"#000000","typography_typography":"custom","typography_font_family":"Montserrat","typography_font_size":{"unit":"px","size":"16","sizes":[]},"typography_font_weight":"300","typography_text_transform":"uppercase","header_size":"h3","typography_font_size_tablet":{"unit":"px","size":"15","sizes":[]}},"elements":[],"isInner":false,"widgetType":"heading","elType":"widget"}],"isInner":"1","elType":"column"},{"id":"1e36e031","settings":{"_column_size":"20","content_position":"center","space_between_widgets":"15"},"elements":[{"id":"76cb0b2d","settings":{"title":"All","align":"center","title_color":"#635DFF","typography_typography":"custom","typography_font_family":"Montserrat","typography_font_size":{"unit":"px","size":"30","sizes":[]},"typography_font_weight":"300","header_size":"h3","typography_font_size_tablet":{"unit":"px","size":"22","sizes":[]}},"elements":[],"isInner":false,"widgetType":"heading","elType":"widget"},{"id":"2c55c1e1","settings":{"title":"Skill Level","align":"center","title_color":"#000000","typography_typography":"custom","typography_font_family":"Montserrat","typography_font_size":{"unit":"px","size":"16","sizes":[]},"typography_font_weight":"300","typography_text_transform":"uppercase","header_size":"h3","typography_font_size_tablet":{"unit":"px","size":"15","sizes":[]}},"elements":[],"isInner":false,"widgetType":"heading","elType":"widget"}],"isInner":"1","elType":"column"},{"id":"67209e92","settings":{"_column_size":"20","content_position":"center","space_between_widgets":"15","padding_mobile":{"unit":"px","top":"25","right":"0","bottom":"25","left":"0","isLinked":""}},"elements":[{"id":"1a1f0620","settings":{"title":"4:11h","align":"center","title_color":"#635DFF","typography_typography":"custom","typography_font_family":"Montserrat","typography_font_size":{"unit":"px","size":"30","sizes":[]},"typography_font_weight":"300","header_size":"h3","typography_font_size_tablet":{"unit":"px","size":"22","sizes":[]}},"elements":[],"isInner":false,"widgetType":"heading","elType":"widget"},{"id":"318d5776","settings":{"title":"Duration","align":"center","title_color":"#000000","typography_typography":"custom","typography_font_family":"Montserrat","typography_font_size":{"unit":"px","size":"16","sizes":[]},"typography_font_weight":"300","typography_text_transform":"uppercase","header_size":"h3","typography_font_size_tablet":{"unit":"px","size":"15","sizes":[]}},"elements":[],"isInner":false,"widgetType":"heading","elType":"widget"}],"isInner":"1","elType":"column"},{"id":"64cb543d","settings":{"_column_size":"20","content_position":"center","space_between_widgets":"15"},"elements":[{"id":"297dc1de","settings":{"title":"English","align":"center","title_color":"#635DFF","typography_typography":"custom","typography_font_family":"Montserrat","typography_font_size":{"unit":"px","size":"30","sizes":[]},"typography_font_weight":"300","header_size":"h3","typography_font_size_tablet":{"unit":"px","size":"22","sizes":[]}},"elements":[],"isInner":false,"widgetType":"heading","elType":"widget"},{"id":"61639ffc","settings":{"title":"Language","align":"center","title_color":"#000000","typography_typography":"custom","typography_font_family":"Montserrat","typography_font_size":{"unit":"px","size":"16","sizes":[]},"typography_font_weight":"300","typography_text_transform":"uppercase","header_size":"h3","typography_font_size_tablet":{"unit":"px","size":"15","sizes":[]}},"elements":[],"isInner":false,"widgetType":"heading","elType":"widget"}],"isInner":"1","elType":"column"}],"isInner":"1","elType":"section"}],"isInner":"","elType":"column"}],"isInner":"","elType":"section"},{"id":"4d36bf1","settings":{"content_width":{"unit":"px","size":"1400","sizes":[]},"structure":"20","margin":{"unit":"%","top":"10","right":"0","bottom":"12","left":"0","isLinked":""},"_title":"Content","padding_tablet":{"unit":"%","top":"0","right":"5","bottom":"0","left":"5","isLinked":""},"margin_mobile":{"unit":"px","top":"100","right":"0","bottom":"0","left":"0","isLinked":""},"_timestamp_":"v1Smpyb2xHWDFzTnAyd291dVQ4THc0UT09"},"elements":[{"id":"23dcb6ae","settings":{"_column_size":"50","_inline_size":"30","padding":{"unit":"px","top":"0","right":"70","bottom":"0","left":"0","isLinked":""},"margin":{"unit":"px","top":"50","right":"0","bottom":"0","left":"0","isLinked":""},"_inline_size_tablet":"40","margin_tablet":{"unit":"px","top":"0","right":"0","bottom":"0","left":"0","isLinked":"1"},"padding_tablet":{"unit":"%","top":"0","right":"10","bottom":"0","left":"0","isLinked":""},"padding_mobile":{"unit":"px","top":"0","right":"0","bottom":"0","left":"0","isLinked":"1"}},"elements":[{"id":"455e87c7","settings":{"structure":"20"},"elements":[{"id":"7d758c11","settings":{"_column_size":"50","content_position":"center","padding":{"unit":"px","top":"0","right":"0","bottom":"0","left":"0","isLinked":"1"},"_inline_size_tablet":"100"},"elements":[{"id":"1f467c57","settings":{"title":"Share This Class:","title_color":"#000000","typography_typography":"custom","typography_font_family":"Montserrat","typography_font_size":{"unit":"px","size":"18","sizes":[]},"typography_font_weight":"400","typography_text_transform":"capitalize","sticky_offset":"480","header_size":"h4","align_mobile":"center"},"elements":[],"isInner":false,"widgetType":"heading","elType":"widget"}],"isInner":"1","elType":"column"},{"id":"6933e672","settings":{"_column_size":"50","content_position":"center","padding":{"unit":"px","top":"0","right":"0","bottom":"0","left":"0","isLinked":"1"},"_inline_size_tablet":"100","margin_tablet":{"unit":"px","top":"30","right":"0","bottom":"0","left":"0","isLinked":""}},"elements":[{"id":"30d6e273","settings":{"view":"inline","icon_list":[{"text":"","selected_icon":{"value":"fab fa-facebook-f","library":"fa-brands"},"_id":"3798cf3"},{"text":"","selected_icon":{"value":"fab fa-twitter","library":"fa-brands"},"_id":"2b75583"},{"text":"","selected_icon":{"value":"fab fa-linkedin","library":"fa-brands"},"_id":"5e769f5"},{"text":"","selected_icon":{"value":"fab fa-instagram","library":"fa-brands"},"_id":"d8a1421"}],"space_between":{"unit":"px","size":10,"sizes":[]},"icon_color":"#3D4E60","icon_color_hover":"#635DFF","icon_size":{"unit":"px","size":"20","sizes":[]},"icon_self_align":"left","icon_align":"right","icon_align_tablet":"left","icon_size_tablet":{"unit":"px","size":"20","sizes":[]},"icon_self_align_tablet":"left","icon_align_mobile":"center"},"elements":[],"isInner":false,"widgetType":"icon-list","elType":"widget"}],"isInner":"1","elType":"column"}],"isInner":"1","elType":"section"},{"id":"4d32106f","settings":{"layout":"vertical","align_items":"right","pointer":"none","menu_typography_typography":"custom","menu_typography_font_family":"Montserrat","menu_typography_font_size":{"unit":"px","size":"18","sizes":[]},"menu_typography_font_weight":"400","color_menu_item":"rgba(61, 78, 96, 0.55)","color_menu_item_hover":"#000000","color_menu_item_active":"#000000","padding_horizontal_menu_item":{"unit":"px","size":"0","sizes":[]},"padding_vertical_menu_item":{"unit":"px","size":"0","sizes":[]},"menu_space_between":{"unit":"px","size":"30","sizes":[]},"_margin":{"unit":"px","top":"50","right":"0","bottom":"0","left":"0","isLinked":""},"_padding":{"unit":"px","top":"35","right":"50","bottom":"35","left":"0","isLinked":""},"sticky":"top","sticky_parent":"yes","_background_background":"classic","_background_color":"#F4F4FF","_border_border":"solid","_border_width":{"unit":"px","top":"0","right":"0","bottom":"0","left":"2","isLinked":""},"_border_color":"#635DFF","_border_radius":{"unit":"px","top":"0","right":"50","bottom":"50","left":"0","isLinked":""},"_box_shadow_box_shadow_type":"yes","_box_shadow_box_shadow":{"horizontal":"0","vertical":"10","blur":"30","spread":"0","color":"rgba(0, 0, 0, 0.15)"},"dropdown":"none","menu_typography_font_size_tablet":{"unit":"px","size":"16","sizes":[]},"menu_space_between_tablet":{"unit":"px","size":"20","sizes":[]},"_padding_tablet":{"unit":"px","top":"30","right":"30","bottom":"30","left":"0","isLinked":""},"_padding_mobile":{"unit":"px","top":"30","right":"60","bottom":"30","left":"0","isLinked":""},"_border_radius_mobile":{"unit":"px","top":"0","right":"30","bottom":"30","left":"0","isLinked":""}},"elements":[],"isInner":false,"widgetType":"nav-menu","elType":"widget"}],"isInner":"","elType":"column"},{"id":"5ad8e70d","settings":{"_column_size":"50","_inline_size":"70","space_between_widgets":"0","padding":{"unit":"px","top":"0","right":"0","bottom":"0","left":"70","isLinked":""},"_inline_size_tablet":"60","padding_tablet":{"unit":"px","top":"0","right":"0","bottom":"0","left":"30","isLinked":""},"margin_mobile":{"unit":"px","top":"80","right":"0","bottom":"0","left":"0","isLinked":""},"padding_mobile":{"unit":"px","top":"0","right":"0","bottom":"0","left":"0","isLinked":"1"}},"elements":[{"id":"489c7259","settings":{"margin":{"unit":"px","top":"0","right":"0","bottom":"0","left":"0","isLinked":"1"}},"elements":[{"id":"2d8ba4a4","settings":{"_column_size":"100","padding":{"unit":"px","top":"0","right":"0","bottom":"0","left":"0","isLinked":"1"}},"elements":[{"id":"4976a343","settings":{"anchor":"calssoneoverview"},"elements":[],"isInner":false,"widgetType":"menu-anchor","elType":"widget"},{"id":"29e6c085","settings":{"title":"Overview","title_color":"#000000","typography_typography":"custom","typography_font_family":"Montserrat","typography_font_size":{"unit":"px","size":"30","sizes":[]},"typography_font_weight":"300","typography_text_transform":"uppercase","_margin":{"unit":"px","top":"50","right":"0","bottom":"0","left":"0","isLinked":""},"header_size":"h3","typography_font_size_tablet":{"unit":"px","size":"25","sizes":[]},"_margin_tablet":{"unit":"px","top":"0","right":"0","bottom":"0","left":"0","isLinked":"1"},"align_mobile":"center","typography_font_size_mobile":{"unit":"px","size":"22","sizes":[]}},"elements":[],"isInner":false,"widgetType":"heading","elType":"widget"},{"id":"c4549d5","settings":{"editor":"<p>Lorem ipsum dolor sit amet, conse ctetur ading raesent eu orci faucibus orci male suada semper eget non tellus. ras sed dignissim purus. Mauris varius neque leoeu pelesque justo venenatis etllt. Sed ultricies risus non turpis tempus, nec consectetur nulla suscipit. In commodo urna eu turpis accumsan, et viverra mauris fringilla. Cras interdum malesuada mollis. Nullam eget quam lectus. Morbi sed nulla mi. Sed quis nisl vitae ex accumsan gravida non at orci.<br \/><br \/>Morbi vel nisl et magna semper posuere nec rhoncus ligula. Donec cursus efficitur metus, et scelerisque ipsum suscipit ultrices. Suspendisse scelerisque sem ac velit convallis sodales. Maecenas vel viverra nisi, non laoreet tellus. Mauris nisl nunc, facilisis et urna nec, vulputate auctor lacus. Vivamus vitae dolor eu velit laoreet vehicula. Vivamus interdum sit amet lacus sed pulvinar.<\/p>","text_color":"#3D4E60","typography_typography":"custom","typography_font_family":"Montserrat","typography_font_size":{"unit":"px","size":"16","sizes":[]},"typography_font_weight":"300","_margin":{"unit":"px","top":"20","right":"0","bottom":"50","left":"0","isLinked":""},"align_mobile":"center"},"elements":[],"isInner":false,"widgetType":"text-editor","elType":"widget"},{"id":"6b6dd506","settings":{"title":"Completing this course will help you:","title_color":"#000000","typography_typography":"custom","typography_font_family":"Montserrat","typography_font_size":{"unit":"px","size":"20","sizes":[]},"typography_font_weight":"300","typography_text_transform":"uppercase","_margin":{"unit":"px","top":"0","right":"0","bottom":"20","left":"0","isLinked":""},"header_size":"h3","align_mobile":"center","typography_font_size_mobile":{"unit":"px","size":"20","sizes":[]}},"elements":[],"isInner":false,"widgetType":"heading","elType":"widget"},{"id":"d3b4e14","settings":{"icon_list":[{"text":"Lorem ipsum dolor sit amet, consetur adicing  off elit","selected_icon":{"value":"fas fa-circle","library":"fa-solid"},"_id":"deff22f"},{"text":"Cras sed dignissim purus us mauris varius neque","selected_icon":{"value":"fas fa-circle","library":"fa-solid"},"_id":"be9e5aa"},{"text":"nulla suscipit. In commodo urna eu turpis accumsan","selected_icon":{"value":"fas fa-circle","library":"fa-solid"},"_id":"0b4c6f8"},{"text":"Nullam eget quam lectus. morbi sed nulla accuan non","selected_icon":{"value":"fas fa-circle","library":"fa-solid"},"_id":"86aab03"}],"space_between":{"unit":"px","size":"15","sizes":[]},"icon_align":"left","icon_color":"#635DFF","icon_size":{"unit":"px","size":"7","sizes":[]},"icon_self_align":"left","text_color":"#3D4E60","text_indent":{"unit":"px","size":"5","sizes":[]},"icon_typography_typography":"custom","icon_typography_font_family":"Montserrat","icon_typography_font_size":{"unit":"px","size":"16","sizes":[]},"icon_typography_font_weight":"300"},"elements":[],"isInner":false,"widgetType":"icon-list","elType":"widget"},{"id":"227f8e56","settings":{"title":"Who is the course for?","title_color":"#000000","typography_typography":"custom","typography_font_family":"Montserrat","typography_font_size":{"unit":"px","size":"20","sizes":[]},"typography_font_weight":"300","typography_text_transform":"uppercase","_margin":{"unit":"px","top":"50","right":"0","bottom":"20","left":"0","isLinked":""},"header_size":"h3","align_mobile":"center","typography_font_size_mobile":{"unit":"px","size":"22","sizes":[]}},"elements":[],"isInner":false,"widgetType":"heading","elType":"widget"},{"id":"351511b9","settings":{"editor":"Lorem ipsum dolor sit amet, consectetur adipiscing elit. Praesent eu orci faucibus orci malesuada semper eget non tellus. Cras sed dignissim purus. Mauris varius neque leo, eu pellentesque justo venenatis et. Sed ultricies risus non turpis tempus, nec consectetur nulla suscipit.","text_color":"#3D4E60","typography_typography":"custom","typography_font_family":"Montserrat","typography_font_size":{"unit":"px","size":"16","sizes":[]},"typography_font_weight":"300","_margin":{"unit":"px","top":"0","right":"0","bottom":"50","left":"0","isLinked":""},"align_mobile":"center"},"elements":[],"isInner":false,"widgetType":"text-editor","elType":"widget"}],"isInner":"1","elType":"column"}],"isInner":"1","elType":"section"},{"id":"2eaca963","settings":{"margin":{"unit":"px","top":"0","right":"0","bottom":"0","left":"0","isLinked":"1"}},"elements":[{"id":"7ecde84d","settings":{"_column_size":"100","padding":{"unit":"px","top":"0","right":"0","bottom":"0","left":"0","isLinked":"1"}},"elements":[{"id":"6b7be5ac","settings":{"anchor":"calssonevideo"},"elements":[],"isInner":false,"widgetType":"menu-anchor","elType":"widget"},{"id":"463433c","settings":{"youtube_url":"https:\/\/www.youtube.com\/watch?v=XHOmBV4js_E","vimeo_url":"https:\/\/vimeo.com\/235215203","dailymotion_url":"https:\/\/www.dailymotion.com\/video\/x6tqhqb","show_image_overlay":"yes","image_overlay":{"id":33,"url":"http:\/\/localhost\/dieuhau\/wp-content\/uploads\/2021\/09\/Course-Page-Video-pic.png"},"_border_radius":{"unit":"px","top":"50","right":"0","bottom":"50","left":"50","isLinked":""},"_margin":{"unit":"px","top":"50","right":"0","bottom":"50","left":"0","isLinked":""},"_margin_mobile":{"unit":"px","top":"30","right":"0","bottom":"0","left":"0","isLinked":""}},"elements":[],"isInner":false,"widgetType":"video","elType":"widget"}],"isInner":"1","elType":"column"}],"isInner":"1","elType":"section"},{"id":"15c87707","settings":{"margin":{"unit":"px","top":"0","right":"0","bottom":"0","left":"0","isLinked":"1"},"margin_mobile":{"unit":"px","top":"50","right":"0","bottom":"0","left":"0","isLinked":""}},"elements":[{"id":"4cfcfe0b","settings":{"_column_size":"100","padding":{"unit":"px","top":"0","right":"0","bottom":"0","left":"0","isLinked":"1"}},"elements":[{"id":"2d73d915","settings":{"anchor":"calssonesyllabus"},"elements":[],"isInner":false,"widgetType":"menu-anchor","elType":"widget"},{"id":"3f7820b1","settings":{"title":"Learning Path","title_color":"#000000","typography_typography":"custom","typography_font_family":"Montserrat","typography_font_size":{"unit":"px","size":"30","sizes":[]},"typography_font_weight":"300","typography_text_transform":"uppercase","_margin":{"unit":"px","top":"50","right":"0","bottom":"50","left":"0","isLinked":""},"header_size":"h3","typography_font_size_tablet":{"unit":"px","size":"25","sizes":[]},"_margin_tablet":{"unit":"px","top":"30","right":"0","bottom":"30","left":"0","isLinked":""},"align_mobile":"center","typography_font_size_mobile":{"unit":"px","size":"22","sizes":[]}},"elements":[],"isInner":false,"widgetType":"heading","elType":"widget"},{"id":"585c7a50","settings":{"tabs":[{"tab_title":"Lesson 1 -  Know Your Audience","tab_content":"<p class=\"p1\"><span class=\"s1\">Lorem ipsum dolor sit amet, consectetur adipiscing elit. Praesent eu orci faucibus orci malesuada semper eget non tellus. Cras sed dignissim purus. Mauris varius neque leo, eu pellentesque justo venenatis et. Sed ultricies risus non turpis tempus, nec\u00a0 nulla suscipit. In comdo urna eu turpis accumsan, et viverra mauris fringillaCras interdum\u00a0<\/span><\/p><p class=\"p1\"><strong><span class=\"s1\">Video 48 Min<span class=\"Apple-converted-space\">\u00a0 <\/span>+ 2 Min read to complete<\/span><\/strong><\/p>","_id":"e2482cf"},{"tab_title":"Lesson 2 -  The science behind contagious content","tab_content":"<p class=\"p1\"><span class=\"s1\">Lorem ipsum dolor sit amet, consectetur adipiscing elit. Praesent eu orci faucibus orci malesuada semper eget non tellus. Cras sed dignissim purus. Mauris varius neque leo, eu pellentesque justo venenatis et. Sed ultricies risus non turpis tempus, nec\u00a0 nulla suscipit. In comdo urna eu turpis accumsan, et viverra mauris fringillaCras interdum\u00a0<\/span><\/p><p class=\"p1\"><strong><span class=\"s1\">Video 48 Min<span class=\"Apple-converted-space\">\u00a0 <\/span>+ 2 Min read to complete<\/span><\/strong><\/p>","_id":"d7389e1"},{"tab_title":"Lesson 3 -  Influence of social behavior","tab_content":"<p class=\"p1\"><span class=\"s1\">Lorem ipsum dolor sit amet, consectetur adipiscing elit. Praesent eu orci faucibus orci malesuada semper eget non tellus. Cras sed dignissim purus. Mauris varius neque leo, eu pellentesque justo venenatis et. Sed ultricies risus non turpis tempus, nec\u00a0 nulla suscipit. In comdo urna eu turpis accumsan, et viverra mauris fringillaCras interdum\u00a0<\/span><\/p><p class=\"p1\"><strong><span class=\"s1\">Video 48 Min<span class=\"Apple-converted-space\">\u00a0 <\/span>+ 2 Min read to complete<\/span><\/strong><\/p>","_id":"9811e07"},{"tab_title":"Lesson 4 -  How to make people share","tab_content":"<p class=\"p1\"><span class=\"s1\">Lorem ipsum dolor sit amet, consectetur adipiscing elit. Praesent eu orci faucibus orci malesuada semper eget non tellus. Cras sed dignissim purus. Mauris varius neque leo, eu pellentesque justo venenatis et. Sed ultricies risus non turpis tempus, nec\u00a0 nulla suscipit. In comdo urna eu turpis accumsan, et viverra mauris fringillaCras interdum\u00a0<\/span><\/p><p class=\"p1\"><strong><span class=\"s1\">Video 48 Min<span class=\"Apple-converted-space\">\u00a0 <\/span>+ 2 Min read to complete<\/span><\/strong><\/p>","_id":"d695e47"},{"tab_title":"Lesson 5 -  How to get more buzz","tab_content":"<p class=\"p1\"><span class=\"s1\">Lorem ipsum dolor sit amet, consectetur adipiscing elit. Praesent eu orci faucibus orci malesuada semper eget non tellus. Cras sed dignissim purus. Mauris varius neque leo, eu pellentesque justo venenatis et. Sed ultricies risus non turpis tempus, nec\u00a0 nulla suscipit. In comdo urna eu turpis accumsan, et viverra mauris fringillaCras interdum\u00a0<\/span><\/p><p class=\"p1\"><strong><span class=\"s1\">Video 48 Min<span class=\"Apple-converted-space\">\u00a0 <\/span>+ 2 Min read to complete<\/span><\/strong><\/p>","_id":"68e37ba"}],"selected_icon":{"value":"fas fa-plus","library":"fa-solid"},"selected_active_icon":{"value":"fas fa-minus","library":"fa-solid"},"border_width":{"unit":"px","size":"2","sizes":[]},"border_color":"#635DFF","space_between":{"unit":"px","size":"30","sizes":[]},"box_shadow_box_shadow_type":"yes","box_shadow_box_shadow":{"horizontal":"0","vertical":"15","blur":"30","spread":"0","color":"rgba(0, 0, 0, 0.1)"},"title_background":"#FFFFFF","title_color":"#000000","tab_active_color":"#635DFF","title_typography_typography":"custom","title_typography_font_family":"Montserrat","title_typography_font_size":{"unit":"px","size":"18","sizes":[]},"title_typography_font_weight":"200","title_typography_text_transform":"capitalize","title_padding":{"unit":"px","top":"30","right":"30","bottom":"30","left":"30","isLinked":""},"icon_align":"right","icon_color":"#635DFF","icon_active_color":"#635DFF","content_background_color":"#FFFFFF","content_color":"#3D4E60","content_typography_typography":"custom","content_typography_font_family":"Montserrat","content_typography_font_size":{"unit":"px","size":"16","sizes":[]},"content_typography_font_weight":"300","content_padding":{"unit":"px","top":"0","right":"30","bottom":"20","left":"30","isLinked":""},"_margin":{"unit":"px","top":"0","right":"0","bottom":"50","left":"0","isLinked":""},"space_between_tablet":{"unit":"px","size":"30","sizes":[]},"title_typography_font_size_tablet":{"unit":"px","size":"15","sizes":[]},"title_padding_tablet":{"unit":"px","top":"025","right":"15","bottom":"25","left":"15","isLinked":""},"icon_space":{"unit":"px","size":"50","sizes":[]},"icon_space_tablet":{"unit":"px","size":"0","sizes":[]},"title_typography_line_height_mobile":{"unit":"em","size":"1.4","sizes":[]},"icon_space_mobile":{"unit":"px","size":"30","sizes":[]}},"elements":[],"isInner":false,"widgetType":"toggle","elType":"widget"}],"isInner":"1","elType":"column"}],"isInner":"1","elType":"section"},{"id":"5595b859","settings":{"margin":{"unit":"px","top":"0","right":"0","bottom":"0","left":"0","isLinked":"1"}},"elements":[{"id":"3b5e441a","settings":{"_column_size":"100","padding":{"unit":"px","top":"0","right":"0","bottom":"0","left":"0","isLinked":"1"}},"elements":[{"id":"6dc69790","settings":{"anchor":"calssonetestimonial"},"elements":[],"isInner":false,"widgetType":"menu-anchor","elType":"widget"},{"id":"4ced6eef","settings":{"title":"What people are saying ","title_color":"#000000","typography_typography":"custom","typography_font_family":"Montserrat","typography_font_size":{"unit":"px","size":"30","sizes":[]},"typography_font_weight":"300","typography_text_transform":"uppercase","_margin":{"unit":"px","top":"50","right":"0","bottom":"50","left":"0","isLinked":""},"header_size":"h3","typography_font_size_tablet":{"unit":"px","size":"25","sizes":[]},"_margin_tablet":{"unit":"px","top":"30","right":"0","bottom":"30","left":"0","isLinked":""},"align_mobile":"center","typography_font_size_mobile":{"unit":"px","size":"22","sizes":[]}},"elements":[],"isInner":false,"widgetType":"heading","elType":"widget"}],"isInner":"1","elType":"column"}],"isInner":"1","elType":"section"},{"id":"20d39ddf","settings":{"margin":{"unit":"px","top":"0","right":"0","bottom":"0","left":"0","isLinked":""},"margin_mobile":{"unit":"px","top":"0","right":"0","bottom":"30","left":"0","isLinked":""}},"elements":[{"id":"2dfa601c","settings":{"_column_size":"100","background_background":"classic","background_color":"#F4F4FF","background_image":{"id":37,"url":"http:\/\/localhost\/dieuhau\/wp-content\/uploads\/2021\/09\/unnamed-file.png"},"background_position":"initial","background_xpos":{"unit":"px","size":"770","sizes":[]},"background_ypos":{"unit":"px","size":"220","sizes":[]},"background_repeat":"no-repeat","border_radius":{"unit":"px","top":"50","right":"50","bottom":"0","left":"50","isLinked":""},"padding":{"unit":"px","top":"35","right":"35","bottom":"35","left":"35","isLinked":"1"},"padding_tablet":{"unit":"px","top":"30","right":"0","bottom":"30","left":"0","isLinked":""}},"elements":[{"id":"5279654d","settings":{"slides":[{"content":"\u201cI was looking for a Social Media Course to expand my career horizon. A friend of mine suggested to learn from Steve\u2019s online courses and it really worked for me.\u201d","name":"Flora Baker","title":"New York","image":{"id":34,"url":"http:\/\/localhost\/dieuhau\/wp-content\/uploads\/2021\/09\/selective-focus-photography-of-woman-1239288.png"},"_id":"46d61f0"},{"content":"\u201cA fantastic and very engaging course. All of the information offered by Steve was completely practical, relevant and presented in an easy, digestible and interesting way.\u201d","name":"Glen Stephens","title":"London","image":{"id":35,"url":"http:\/\/localhost\/dieuhau\/wp-content\/uploads\/2021\/09\/Glen-Stephens-.png"},"_id":"3d7c520"},{"content":"\u201cThis course was a breakthrough in my knowledge of digital marketing. The content is comprehensive and of great quality, engaging and interactive.\u201d","name":"Terry Higgins","title":"Berlin","image":{"id":36,"url":"http:\/\/localhost\/dieuhau\/wp-content\/uploads\/2021\/09\/Terry-Higgins.png"},"_id":"bc75800"}],"alignment":"left","slides_per_view":"1","slides_to_scroll":"1","width":{"unit":"%","size":"90","sizes":[]},"content_gap":{"unit":"px","size":"30","sizes":[]},"content_color":"#000000","content_typography_typography":"custom","content_typography_font_family":"Montserrat","content_typography_font_size":{"unit":"px","size":"20","sizes":[]},"content_typography_font_weight":"300","content_typography_font_style":"normal","name_color":"#3D4E60","name_typography_typography":"custom","name_typography_font_family":"Montserrat","name_typography_font_size":{"unit":"px","size":"18","sizes":[]},"name_typography_font_weight":"300","title_color":"#3D4E60","title_typography_typography":"custom","title_typography_font_family":"Montserrat","title_typography_font_size":{"unit":"px","size":"16","sizes":[]},"title_typography_font_weight":"300","image_size":{"unit":"px","size":"60","sizes":[]},"image_gap":{"unit":"px","size":"20","sizes":[]},"image_border_radius":{"unit":"px","size":"15","sizes":[]},"pagination_size":{"unit":"px","size":"7","sizes":[]},"pagination_color":"#000000","width_tablet":{"unit":"%","size":"100","sizes":[]},"content_typography_font_size_tablet":{"unit":"px","size":"16","sizes":[]},"width_mobile":{"unit":"%","size":"100","sizes":[]},"name_typography_font_size_mobile":{"unit":"px","size":"15","sizes":[]},"title_typography_font_size_mobile":{"unit":"px","size":"14","sizes":[]}},"elements":[],"isInner":false,"widgetType":"testimonial-carousel","elType":"widget"}],"isInner":"1","elType":"column"}],"isInner":"1","elType":"section"},{"id":"47368a3a","settings":{"anchor":"calssonestart"},"elements":[],"isInner":false,"widgetType":"menu-anchor","elType":"widget"},{"id":"63aed1a5","settings":{"structure":"20","margin":{"unit":"px","top":"100","right":"0","bottom":"0","left":"0","isLinked":""},"margin_mobile":{"unit":"px","top":"30","right":"0","bottom":"0","left":"0","isLinked":""}},"elements":[{"id":"2803cd72","settings":{"_column_size":"50","content_position":"center","_inline_size_tablet":"100","margin_tablet":{"unit":"px","top":"0","right":"0","bottom":"15","left":"0","isLinked":""},"_inline_size":60.024},"elements":[{"id":"3416345b","settings":{"title":"Are You Ready To Start?","title_color":"#000000","typography_typography":"custom","typography_font_family":"Montserrat","typography_font_size":{"unit":"px","size":"30","sizes":[]},"typography_font_weight":"300","typography_text_transform":"uppercase","header_size":"h3","align_tablet":"left","typography_font_size_tablet":{"unit":"px","size":"25","sizes":[]},"align_mobile":"center","typography_font_size_mobile":{"unit":"px","size":"22","sizes":[]}},"elements":[],"isInner":false,"widgetType":"heading","elType":"widget"}],"isInner":"1","elType":"column"},{"id":"742d1ef3","settings":{"_column_size":"50","content_position":"center","_inline_size_tablet":"100","padding_tablet":{"unit":"px","top":"0","right":"0","bottom":"0","left":"0","isLinked":"1"},"_inline_size":39.981},"elements":[{"id":"3a8bed2f","settings":{"text":"Get Started","align":"right","selected_icon":{"value":{"id":"13","url":"http:\/\/localhost\/dieuhau\/wp-content\/uploads\/2021\/09\/arrow-icon-size3.svg"},"library":"svg"},"icon_align":"right","icon_indent":{"unit":"px","size":"10","sizes":[]},"typography_typography":"custom","typography_font_family":"Montserrat","typography_font_size":{"unit":"px","size":"15","sizes":[]},"typography_font_weight":"300","typography_text_transform":"uppercase","button_text_color":"#FFFFFF","background_color":"#635DFF","hover_color":"#635DFF","button_background_hover_color":"#FFFFFF","hover_animation":"float","border_radius":{"unit":"px","top":"50","right":"0","bottom":"50","left":"50","isLinked":""},"button_box_shadow_box_shadow_type":"yes","button_box_shadow_box_shadow":{"horizontal":"0","vertical":"15","blur":"30","spread":"0","color":"rgba(0, 0, 0, 0.15)"},"text_padding":{"unit":"px","top":"18","right":"35","bottom":"18","left":"35","isLinked":""},"link":{"url":"","is_external":"","nofollow":"","custom_attributes":""},"align_tablet":"left","align_mobile":"center"},"elements":[],"isInner":false,"widgetType":"button","elType":"widget"}],"isInner":"1","elType":"column"}],"isInner":"1","elType":"section"}],"isInner":"","elType":"column"}],"isInner":"","elType":"section"},{"id":"408e37ac","settings":{"content_width":{"unit":"px","size":"1400","sizes":[]},"margin":{"unit":"%","top":"12","right":"0","bottom":"12","left":"0","isLinked":"1"},"padding":{"unit":"%","top":"","right":"","bottom":"","left":"","isLinked":"1"},"_title":"More Courses","padding_tablet":{"unit":"%","top":"0","right":"5","bottom":"0","left":"5","isLinked":""},"margin_mobile":{"unit":"px","top":"100","right":"0","bottom":"100","left":"0","isLinked":""},"_timestamp_":"v1Smpyb2xHWDFzTnAyd291dVQ4THc0UT09"},"elements":[{"id":"20046ea6","settings":{"_column_size":"100","padding":{"unit":"px","top":"0","right":"0","bottom":"0","left":"0","isLinked":"1"}},"elements":[{"id":"2b4d8b4a","settings":{"content_width":{"unit":"px","size":"715","sizes":[]},"margin":{"unit":"px","top":"0","right":"0","bottom":"0","left":"0","isLinked":"1"}},"elements":[{"id":"e83fb28","settings":{"_column_size":"100","padding_tablet":{"unit":"%","top":"0","right":"10","bottom":"0","left":"10","isLinked":""},"padding_mobile":{"unit":"px","top":"0","right":"0","bottom":"0","left":"0","isLinked":"1"}},"elements":[{"id":"2d985fb3","settings":{"title":"More <b>Courses<\/b>","align":"center","title_color":"#3D4E60","typography_typography":"custom","typography_font_family":"Montserrat","typography_font_size":{"unit":"px","size":"22","sizes":[]},"typography_font_weight":"300","header_size":"h3","typography_font_size_tablet":{"unit":"px","size":"20","sizes":[]},"typography_font_size_mobile":{"unit":"px","size":"18","sizes":[]}},"elements":[],"isInner":false,"widgetType":"heading","elType":"widget"},{"id":"7b8a95ae","settings":{"title":"You might also <b> be interested <\/b> in these courses","align":"center","title_color":"#000000","typography_typography":"custom","typography_font_family":"Montserrat","typography_font_size":{"unit":"px","size":"40","sizes":[]},"typography_font_weight":"200","typography_text_transform":"uppercase","typography_line_height":{"unit":"em","size":"1.2","sizes":[]},"typography_font_size_tablet":{"unit":"px","size":"30","sizes":[]},"typography_font_size_mobile":{"unit":"px","size":"22","sizes":[]}},"elements":[],"isInner":false,"widgetType":"heading","elType":"widget"}],"isInner":"1","elType":"column"}],"isInner":"1","elType":"section"},{"id":"3e2be8f","settings":{"layout":"full_width","content_width":{"unit":"px","size":"1400","sizes":[]},"structure":"20","margin":{"unit":"%","top":"5","right":"0","bottom":"0","left":"0","isLinked":""},"margin_mobile":{"unit":"px","top":"40","right":"0","bottom":"0","left":"0","isLinked":""}},"elements":[{"id":"5cad18e6","settings":{"_column_size":"50","padding":{"unit":"px","top":"0","right":"25","bottom":"0","left":"0","isLinked":""},"_inline_size_tablet":"100","padding_tablet":{"unit":"px","top":"0","right":"0","bottom":"0","left":"0","isLinked":"1"}},"elements":[{"id":"160a286d","settings":{"title":"Course 2","title_color":"#FFFFFF","typography_typography":"custom","typography_font_size":{"unit":"px","size":"15","sizes":[]},"typography_font_weight":"300","typography_text_transform":"uppercase","_padding":{"unit":"px","top":"15","right":"50","bottom":"12","left":"50","isLinked":""},"_background_background":"classic","_background_color":"#635DFF","_border_radius":{"unit":"px","top":"0","right":"30","bottom":"0","left":"0","isLinked":""},"_element_width":"auto"},"elements":[],"isInner":false,"widgetType":"heading","elType":"widget"},{"id":"567ea978","settings":{"graphic_element":"none","selected_icon":{"value":"","library":""},"title_text_a":"How to build a successful email newsletter","description_text_a":"Lorem ipsum dolor sit amet, consectetur adipiscing elit. aulla sit amet magna sodales, interdum tortor etlert of dictum mauris loean ultricies lectus quis gravida urna interdum quam bibend.","background_a_background":"classic","background_a_color":"#FFFFFF","title_text_b":"How to build a successful email newsletter","description_text_b":"5 lessons - 4:11 hours","button_text":"View Course","link_click":"box","background_b_background":"classic","background_b_color":"#F4F4FF","flip_effect":"fade","flip_direction":"right","padding_a":{"unit":"px","top":"0","right":"75","bottom":"0","left":"50","isLinked":""},"alignment_a":"left","vertical_position_a":"middle","title_spacing_a":{"unit":"px","size":"25","sizes":[]},"title_color_a":"#000000","title_typography_a_typography":"custom","title_typography_a_font_family":"Montserrat","title_typography_a_font_size":{"unit":"px","size":"22","sizes":[]},"title_typography_a_font_weight":"400","title_typography_a_text_transform":"uppercase","title_typography_a_line_height":{"unit":"em","size":"1.4","sizes":[]},"description_color_a":"#3D4E60","description_typography_a_typography":"custom","description_typography_a_font_family":"Montserrat","description_typography_a_font_size":{"unit":"px","size":"15","sizes":[]},"description_typography_a_font_weight":"300","padding_b":{"unit":"px","top":"66","right":"75","bottom":"40","left":"50","isLinked":""},"alignment_b":"left","title_spacing_b":{"unit":"px","size":"20","sizes":[]},"title_color_b":"#000000","title_typography_b_typography":"custom","title_typography_b_font_family":"Montserrat","title_typography_b_font_size":{"unit":"px","size":"22","sizes":[]},"title_typography_b_font_weight":"400","title_typography_b_text_transform":"uppercase","title_typography_b_line_height":{"unit":"em","size":"1.4","sizes":[]},"description_spacing_b":{"unit":"px","size":"30","sizes":[]},"description_color_b":"#3D4E60","description_typography_b_typography":"custom","description_typography_b_font_family":"Montserrat","description_typography_b_font_size":{"unit":"px","size":"16","sizes":[]},"description_typography_b_font_weight":"300","button_typography_typography":"custom","button_typography_font_family":"Montserrat","button_typography_font_size":{"unit":"px","size":"15","sizes":[]},"button_typography_font_weight":"400","button_typography_text_transform":"uppercase","button_text_color":"#635DFF","button_background_color":"rgba(99, 93, 255, 0.16)","button_border_color":"rgba(255, 255, 255, 0)","button_border_radius":{"unit":"px","size":"29","sizes":[]},"_border_border":"solid","_border_width":{"unit":"px","top":"0","right":"0","bottom":"0","left":"2","isLinked":""},"_border_color":"#635DFF","_box_shadow_box_shadow_type":"yes","_box_shadow_box_shadow":{"horizontal":"0","vertical":"10","blur":"30","spread":"0","color":"rgba(0, 0, 0, 0.08)"},"padding_a_mobile":{"unit":"px","top":"15","right":"20","bottom":"0","left":"20","isLinked":""},"title_typography_a_font_size_mobile":{"unit":"px","size":"16","sizes":[]},"description_typography_a_font_size_mobile":{"unit":"px","size":"14","sizes":[]},"padding_b_mobile":{"unit":"px","top":"0","right":"20","bottom":"0","left":"20","isLinked":""},"title_typography_b_font_size_mobile":{"unit":"px","size":"16","sizes":[]},"description_typography_b_font_size_mobile":{"unit":"px","size":"14","sizes":[]},"image":{"id":"11","url":"http:\/\/localhost\/dieuhau\/wp-content\/uploads\/2021\/09\/placeholder.png"}},"elements":[],"isInner":false,"widgetType":"flip-box","elType":"widget"}],"isInner":"1","elType":"column"},{"id":"5e8e25bb","settings":{"_column_size":"50","padding":{"unit":"px","top":"0","right":"0","bottom":"0","left":"25","isLinked":""},"_inline_size_tablet":"100","margin_tablet":{"unit":"px","top":"0","right":"0","bottom":"50","left":"0","isLinked":""},"padding_tablet":{"unit":"px","top":"50","right":"0","bottom":"0","left":"0","isLinked":false}},"elements":[{"id":"41e5c1fe","settings":{"title":"Course 3","title_color":"#FFFFFF","typography_typography":"custom","typography_font_size":{"unit":"px","size":"15","sizes":[]},"typography_font_weight":"300","typography_text_transform":"uppercase","_padding":{"unit":"px","top":"15","right":"50","bottom":"12","left":"50","isLinked":""},"_background_background":"classic","_background_color":"#635DFF","_border_radius":{"unit":"px","top":"0","right":"30","bottom":"0","left":"0","isLinked":""},"_element_width":"auto"},"elements":[],"isInner":false,"widgetType":"heading","elType":"widget"},{"id":"6f0cd33c","settings":{"graphic_element":"none","selected_icon":{"value":"","library":""},"title_text_a":"How to use online reviews to boost your business","description_text_a":"Lorem ipsum dolor sit amet, consectetur adipiscing elit. aulla sit amet magna sodales, interdum tortor etlert of dictum mauris loean ultricies lectus quis gravida urna interdum quam bibend.","background_a_background":"classic","background_a_color":"#FFFFFF","title_text_b":"How to use online reviews to boost your business","description_text_b":"5 lessons - 4:11 hours","button_text":"View Course","link_click":"box","background_b_background":"classic","background_b_color":"#F4F4FF","flip_effect":"fade","flip_direction":"right","padding_a":{"unit":"px","top":"0","right":"75","bottom":"0","left":"50","isLinked":""},"alignment_a":"left","vertical_position_a":"middle","title_spacing_a":{"unit":"px","size":"25","sizes":[]},"title_color_a":"#000000","title_typography_a_typography":"custom","title_typography_a_font_family":"Montserrat","title_typography_a_font_size":{"unit":"px","size":"22","sizes":[]},"title_typography_a_font_weight":"400","title_typography_a_text_transform":"uppercase","title_typography_a_line_height":{"unit":"em","size":"1.4","sizes":[]},"description_color_a":"#3D4E60","description_typography_a_typography":"custom","description_typography_a_font_family":"Montserrat","description_typography_a_font_size":{"unit":"px","size":"15","sizes":[]},"description_typography_a_font_weight":"300","padding_b":{"unit":"px","top":"66","right":"75","bottom":"40","left":"50","isLinked":""},"alignment_b":"left","title_spacing_b":{"unit":"px","size":"20","sizes":[]},"title_color_b":"#000000","title_typography_b_typography":"custom","title_typography_b_font_family":"Montserrat","title_typography_b_font_size":{"unit":"px","size":"22","sizes":[]},"title_typography_b_font_weight":"400","title_typography_b_text_transform":"uppercase","title_typography_b_line_height":{"unit":"em","size":"1.4","sizes":[]},"description_spacing_b":{"unit":"px","size":"30","sizes":[]},"description_color_b":"#3D4E60","description_typography_b_typography":"custom","description_typography_b_font_family":"Montserrat","description_typography_b_font_size":{"unit":"px","size":"16","sizes":[]},"description_typography_b_font_weight":"300","button_typography_typography":"custom","button_typography_font_family":"Montserrat","button_typography_font_size":{"unit":"px","size":"15","sizes":[]},"button_typography_font_weight":"400","button_typography_text_transform":"uppercase","button_text_color":"#635DFF","button_background_color":"rgba(99, 93, 255, 0.16)","button_border_color":"rgba(255, 255, 255, 0)","button_border_radius":{"unit":"px","size":"29","sizes":[]},"_border_border":"solid","_border_width":{"unit":"px","top":"0","right":"0","bottom":"0","left":"2","isLinked":""},"_border_color":"#635DFF","_box_shadow_box_shadow_type":"yes","_box_shadow_box_shadow":{"horizontal":"0","vertical":"10","blur":"30","spread":"0","color":"rgba(0, 0, 0, 0.08)"},"padding_a_mobile":{"unit":"px","top":"15","right":"20","bottom":"0","left":"20","isLinked":""},"title_typography_a_font_size_mobile":{"unit":"px","size":"16","sizes":[]},"description_typography_a_font_size_mobile":{"unit":"px","size":"14","sizes":[]},"padding_b_mobile":{"unit":"px","top":"0","right":"20","bottom":"0","left":"20","isLinked":""},"title_typography_b_font_size_mobile":{"unit":"px","size":"16","sizes":[]},"description_typography_b_font_size_mobile":{"unit":"px","size":"14","sizes":[]},"image":{"id":"11","url":"http:\/\/localhost\/dieuhau\/wp-content\/uploads\/2021\/09\/placeholder.png"}},"elements":[],"isInner":false,"widgetType":"flip-box","elType":"widget"}],"isInner":"1","elType":"column"}],"isInner":"1","elType":"section"}],"isInner":"","elType":"column"}],"isInner":"","elType":"section"}],"page_settings":[],"version":"0.4","title":"Online-Courses-courses-page","type":"page"}