{"content":[{"id":"5e214ae5","settings":{"content_width":{"unit":"px","size":"1100","sizes":[]},"height":"min-height","custom_height":{"unit":"vh","size":"90","sizes":[]},"background_background":"classic","background_color":"#F4F4FF","border_radius":{"unit":"px","top":"0","right":"0","bottom":"100","left":"100","isLinked":""},"background_overlay_background":"classic","background_overlay_image":{"id":10,"url":"http:\/\/localhost\/dieuhau\/wp-content\/uploads\/2021\/09\/BG-Home.png"},"background_overlay_position":"center center","background_overlay_repeat":"no-repeat","background_overlay_size":"cover","background_overlay_opacity":{"unit":"px","size":"0.05","sizes":[]},"_title":"Hero","background_overlay_position_tablet":"center right","background_overlay_repeat_tablet":"no-repeat","background_overlay_size_tablet":"cover","border_radius_mobile":{"unit":"px","top":"0","right":"0","bottom":"50","left":"50","isLinked":""},"_timestamp_":"v1Smpyb2xHWDFzTnAyd291dVQ4THc0UT09"},"elements":[{"id":"6ddaf74d","settings":{"_column_size":"100","space_between_widgets":"0","margin_mobile":{"unit":"px","top":"50","right":"0","bottom":"0","left":"0","isLinked":""},"padding_mobile":{"unit":"%","top":"0","right":"5","bottom":"0","left":"5","isLinked":""}},"elements":[{"id":"2696473e","settings":{"title":" Online free courses with <b>Steve Robinson<\/b>","align":"center","title_color":"#3D4E60","typography_typography":"custom","typography_font_family":"Montserrat","typography_font_size":{"unit":"px","size":"25","sizes":[]},"typography_font_weight":"200","header_size":"h3","typography_font_size_mobile":{"unit":"px","size":"18","sizes":[]},"typography_font_size_tablet":{"unit":"px","size":"22","sizes":[]}},"elements":[],"isInner":false,"widgetType":"heading","elType":"widget"},{"id":"c96b69b","settings":{"title":"Earn Digital Marketing Skills \n <b>To Boost Up Your Business.<\/b>","align":"center","title_color":"#000000","typography_typography":"custom","typography_font_family":"Montserrat","typography_font_size":{"unit":"px","size":"60","sizes":[]},"typography_font_weight":"200","typography_text_transform":"uppercase","typography_line_height":{"unit":"em","size":"1.2","sizes":[]},"_margin":{"unit":"px","top":"80","right":"0","bottom":"55","left":"0","isLinked":""},"header_size":"h1","typography_font_size_tablet":{"unit":"px","size":"45","sizes":[]},"typography_font_size_mobile":{"unit":"px","size":"32","sizes":[]},"_margin_mobile":{"unit":"px","top":"30","right":"0","bottom":"50","left":"0","isLinked":""}},"elements":[],"isInner":false,"widgetType":"heading","elType":"widget"},{"id":"1dc337cf","settings":{"text":"Discover Courses","align":"center","selected_icon":{"value":{"id":9,"url":"http:\/\/localhost\/dieuhau\/wp-content\/uploads\/2021\/09\/arrow-icon-down.svg"},"library":"svg"},"icon_align":"right","icon_indent":{"unit":"px","size":"10","sizes":[]},"typography_typography":"custom","typography_font_family":"Montserrat","typography_font_size":{"unit":"px","size":"15","sizes":[]},"typography_font_weight":"300","typography_text_transform":"uppercase","button_text_color":"#FFFFFF","background_color":"#635DFF","hover_color":"#635DFF","button_background_hover_color":"#FFFFFF","hover_animation":"float","border_radius":{"unit":"px","top":"50","right":"0","bottom":"50","left":"50","isLinked":""},"button_box_shadow_box_shadow_type":"yes","button_box_shadow_box_shadow":{"horizontal":"0","vertical":"15","blur":"30","spread":"0","color":"rgba(0, 0, 0, 0.15)"},"text_padding":{"unit":"px","top":"18","right":"35","bottom":"18","left":"35","isLinked":""},"link":{"url":"#courses","is_external":"","nofollow":"","custom_attributes":""}},"elements":[],"isInner":false,"widgetType":"button","elType":"widget"}],"isInner":"","elType":"column"}],"isInner":"","elType":"section"},{"id":"6613ddce","settings":{"content_width":{"unit":"px","size":"1400","sizes":[]},"margin":{"unit":"%","top":"7","right":"0","bottom":"12","left":"0","isLinked":""},"padding":{"unit":"%","top":"","right":"","bottom":"","left":"","isLinked":"1"},"_title":"Courses","padding_tablet":{"unit":"%","top":"0","right":"5","bottom":"0","left":"5","isLinked":""},"margin_mobile":{"unit":"px","top":"80","right":"0","bottom":"0","left":"0","isLinked":""},"_timestamp_":"v1Smpyb2xHWDFzTnAyd291dVQ4THc0UT09"},"elements":[{"id":"5b64339f","settings":{"_column_size":"100","padding":{"unit":"px","top":"0","right":"0","bottom":"0","left":"0","isLinked":"1"}},"elements":[{"id":"7784b398","settings":{"anchor":"courses"},"elements":[],"isInner":false,"widgetType":"menu-anchor","elType":"widget"},{"id":"6df1322e","settings":{"layout":"full_width","content_width":{"unit":"px","size":"1400","sizes":[]},"structure":"20","margin":{"unit":"%","top":"5","right":"0","bottom":"0","left":"0","isLinked":""}},"elements":[{"id":"c476324","settings":{"_column_size":"50","padding":{"unit":"px","top":"0","right":"25","bottom":"0","left":"0","isLinked":""},"_inline_size_tablet":"100","margin_tablet":{"unit":"px","top":"0","right":"0","bottom":"50","left":"0","isLinked":""},"padding_tablet":{"unit":"px","top":"0","right":"0","bottom":"0","left":"0","isLinked":"1"}},"elements":[{"id":"29274531","settings":{"title":"Course 1","title_color":"#FFFFFF","typography_typography":"custom","typography_font_size":{"unit":"px","size":"15","sizes":[]},"typography_font_weight":"300","typography_text_transform":"uppercase","_padding":{"unit":"px","top":"15","right":"50","bottom":"12","left":"50","isLinked":""},"_background_background":"classic","_background_color":"#635DFF","_border_radius":{"unit":"px","top":"0","right":"30","bottom":"0","left":"0","isLinked":""},"_element_width":"auto"},"elements":[],"isInner":false,"widgetType":"heading","elType":"widget"},{"id":"2a5ccc28","settings":{"graphic_element":"none","selected_icon":{"value":"","library":""},"title_text_a":"How to make your social media content go viral ","description_text_a":"Lorem ipsum dolor sit amet, consectetur adipiscing elit. aulla sit amet magna sodales, interdum tortor etlert of dictum mauris loean ultricies lectus quis gravida urna interdum quam bibend.","background_a_background":"classic","background_a_color":"#FFFFFF","title_text_b":"How to make your social media content go viral ","description_text_b":"5 lessons - 4:11 hours","button_text":"View Course","link_click":"box","background_b_background":"classic","background_b_color":"#F4F4FF","flip_effect":"fade","flip_direction":"right","padding_a":{"unit":"px","top":"0","right":"75","bottom":"0","left":"50","isLinked":""},"alignment_a":"left","vertical_position_a":"middle","title_spacing_a":{"unit":"px","size":"25","sizes":[]},"title_color_a":"#000000","title_typography_a_typography":"custom","title_typography_a_font_family":"Montserrat","title_typography_a_font_size":{"unit":"px","size":"22","sizes":[]},"title_typography_a_font_weight":"400","title_typography_a_text_transform":"uppercase","title_typography_a_line_height":{"unit":"em","size":"1.4","sizes":[]},"description_color_a":"#3D4E60","description_typography_a_typography":"custom","description_typography_a_font_family":"Montserrat","description_typography_a_font_size":{"unit":"px","size":"15","sizes":[]},"description_typography_a_font_weight":"300","padding_b":{"unit":"px","top":"66","right":"75","bottom":"40","left":"50","isLinked":""},"alignment_b":"left","title_spacing_b":{"unit":"px","size":"20","sizes":[]},"title_color_b":"#000000","title_typography_b_typography":"custom","title_typography_b_font_family":"Montserrat","title_typography_b_font_size":{"unit":"px","size":"22","sizes":[]},"title_typography_b_font_weight":"400","title_typography_b_text_transform":"uppercase","title_typography_b_line_height":{"unit":"em","size":"1.4","sizes":[]},"description_spacing_b":{"unit":"px","size":"30","sizes":[]},"description_color_b":"#3D4E60","description_typography_b_typography":"custom","description_typography_b_font_family":"Montserrat","description_typography_b_font_size":{"unit":"px","size":"16","sizes":[]},"description_typography_b_font_weight":"300","button_typography_typography":"custom","button_typography_font_family":"Montserrat","button_typography_font_size":{"unit":"px","size":"15","sizes":[]},"button_typography_font_weight":"400","button_typography_text_transform":"uppercase","button_text_color":"#635DFF","button_background_color":"rgba(99, 93, 255, 0.16)","button_border_color":"rgba(255, 255, 255, 0)","button_border_radius":{"unit":"px","size":"29","sizes":[]},"_border_border":"solid","_border_width":{"unit":"px","top":"0","right":"0","bottom":"0","left":"2","isLinked":""},"_border_color":"#635DFF","_box_shadow_box_shadow_type":"yes","_box_shadow_box_shadow":{"horizontal":"0","vertical":"10","blur":"30","spread":"0","color":"rgba(0, 0, 0, 0.08)"},"padding_a_mobile":{"unit":"px","top":"15","right":"20","bottom":"0","left":"20","isLinked":""},"title_typography_a_font_size_mobile":{"unit":"px","size":"16","sizes":[]},"description_typography_a_font_size_mobile":{"unit":"px","size":"14","sizes":[]},"padding_b_mobile":{"unit":"px","top":"0","right":"20","bottom":"0","left":"20","isLinked":""},"title_typography_b_font_size_mobile":{"unit":"px","size":"16","sizes":[]},"description_typography_b_font_size_mobile":{"unit":"px","size":"14","sizes":[]},"image":{"id":11,"url":"http:\/\/localhost\/dieuhau\/wp-content\/uploads\/2021\/09\/placeholder.png"}},"elements":[],"isInner":false,"widgetType":"flip-box","elType":"widget"}],"isInner":"1","elType":"column"},{"id":"59973906","settings":{"_column_size":"50","padding":{"unit":"px","top":"0","right":"0","bottom":"0","left":"25","isLinked":""},"_inline_size_tablet":"100","padding_tablet":{"unit":"px","top":"0","right":"0","bottom":"0","left":"0","isLinked":"1"}},"elements":[{"id":"39419c75","settings":{"title":"Course 2","title_color":"#FFFFFF","typography_typography":"custom","typography_font_size":{"unit":"px","size":"15","sizes":[]},"typography_font_weight":"300","typography_text_transform":"uppercase","_padding":{"unit":"px","top":"15","right":"50","bottom":"12","left":"50","isLinked":""},"_background_background":"classic","_background_color":"#635DFF","_border_radius":{"unit":"px","top":"0","right":"30","bottom":"0","left":"0","isLinked":""},"_element_width":"auto"},"elements":[],"isInner":false,"widgetType":"heading","elType":"widget"},{"id":"64b528a8","settings":{"graphic_element":"none","selected_icon":{"value":"","library":""},"title_text_a":"How to build a successful email newsletter","description_text_a":"Lorem ipsum dolor sit amet, consectetur adipiscing elit. aulla sit amet magna sodales, interdum tortor etlert of dictum mauris loean ultricies lectus quis gravida urna interdum quam bibend.","background_a_background":"classic","background_a_color":"#FFFFFF","title_text_b":"How to build a successful email newsletter","description_text_b":"5 lessons - 4:11 hours","button_text":"View Course","link_click":"box","background_b_background":"classic","background_b_color":"#F4F4FF","flip_effect":"fade","flip_direction":"right","padding_a":{"unit":"px","top":"0","right":"75","bottom":"0","left":"50","isLinked":""},"alignment_a":"left","vertical_position_a":"middle","title_spacing_a":{"unit":"px","size":"25","sizes":[]},"title_color_a":"#000000","title_typography_a_typography":"custom","title_typography_a_font_family":"Montserrat","title_typography_a_font_size":{"unit":"px","size":"22","sizes":[]},"title_typography_a_font_weight":"400","title_typography_a_text_transform":"uppercase","title_typography_a_line_height":{"unit":"em","size":"1.4","sizes":[]},"description_color_a":"#3D4E60","description_typography_a_typography":"custom","description_typography_a_font_family":"Montserrat","description_typography_a_font_size":{"unit":"px","size":"15","sizes":[]},"description_typography_a_font_weight":"300","padding_b":{"unit":"px","top":"66","right":"75","bottom":"40","left":"50","isLinked":""},"alignment_b":"left","title_spacing_b":{"unit":"px","size":"20","sizes":[]},"title_color_b":"#000000","title_typography_b_typography":"custom","title_typography_b_font_family":"Montserrat","title_typography_b_font_size":{"unit":"px","size":"22","sizes":[]},"title_typography_b_font_weight":"400","title_typography_b_text_transform":"uppercase","title_typography_b_line_height":{"unit":"em","size":"1.4","sizes":[]},"description_spacing_b":{"unit":"px","size":"30","sizes":[]},"description_color_b":"#3D4E60","description_typography_b_typography":"custom","description_typography_b_font_family":"Montserrat","description_typography_b_font_size":{"unit":"px","size":"16","sizes":[]},"description_typography_b_font_weight":"300","button_typography_typography":"custom","button_typography_font_family":"Montserrat","button_typography_font_size":{"unit":"px","size":"15","sizes":[]},"button_typography_font_weight":"400","button_typography_text_transform":"uppercase","button_text_color":"#635DFF","button_background_color":"rgba(99, 93, 255, 0.16)","button_border_color":"rgba(255, 255, 255, 0)","button_border_radius":{"unit":"px","size":"29","sizes":[]},"_border_border":"solid","_border_width":{"unit":"px","top":"0","right":"0","bottom":"0","left":"2","isLinked":""},"_border_color":"#635DFF","_box_shadow_box_shadow_type":"yes","_box_shadow_box_shadow":{"horizontal":"0","vertical":"10","blur":"30","spread":"0","color":"rgba(0, 0, 0, 0.08)"},"padding_a_mobile":{"unit":"px","top":"15","right":"20","bottom":"0","left":"20","isLinked":""},"title_typography_a_font_size_mobile":{"unit":"px","size":"16","sizes":[]},"description_typography_a_font_size_mobile":{"unit":"px","size":"14","sizes":[]},"padding_b_mobile":{"unit":"px","top":"0","right":"20","bottom":"0","left":"20","isLinked":""},"title_typography_b_font_size_mobile":{"unit":"px","size":"16","sizes":[]},"description_typography_b_font_size_mobile":{"unit":"px","size":"14","sizes":[]},"image":{"id":11,"url":"http:\/\/localhost\/dieuhau\/wp-content\/uploads\/2021\/09\/placeholder.png"}},"elements":[],"isInner":false,"widgetType":"flip-box","elType":"widget"}],"isInner":"1","elType":"column"}],"isInner":"1","elType":"section"},{"id":"58429761","settings":{"layout":"full_width","content_width":{"unit":"px","size":"1400","sizes":[]},"structure":"20","margin":{"unit":"px","top":"50","right":"0","bottom":"0","left":"0","isLinked":""}},"elements":[{"id":"7c8afe52","settings":{"_column_size":"50","padding":{"unit":"px","top":"0","right":"25","bottom":"0","left":"0","isLinked":""},"_inline_size_tablet":"100","margin_tablet":{"unit":"px","top":"0","right":"0","bottom":"50","left":"0","isLinked":""},"padding_tablet":{"unit":"px","top":"0","right":"0","bottom":"0","left":"0","isLinked":"1"}},"elements":[{"id":"5ba344db","settings":{"title":"Course 3","title_color":"#FFFFFF","typography_typography":"custom","typography_font_size":{"unit":"px","size":"15","sizes":[]},"typography_font_weight":"300","typography_text_transform":"uppercase","_padding":{"unit":"px","top":"15","right":"50","bottom":"12","left":"50","isLinked":""},"_background_background":"classic","_background_color":"#635DFF","_border_radius":{"unit":"px","top":"0","right":"30","bottom":"0","left":"0","isLinked":""},"_element_width":"auto"},"elements":[],"isInner":false,"widgetType":"heading","elType":"widget"},{"id":"47135012","settings":{"graphic_element":"none","selected_icon":{"value":"","library":""},"title_text_a":"How to use online reviews to boost your business","description_text_a":"Lorem ipsum dolor sit amet, consectetur adipiscing elit. aulla sit amet magna sodales, interdum tortor etlert of dictum mauris loean ultricies lectus quis gravida urna interdum quam bibend.","background_a_background":"classic","background_a_color":"#FFFFFF","title_text_b":"How to use online reviews to boost your business","description_text_b":"5 lessons - 4:11 hours","button_text":"View Course","link_click":"box","background_b_background":"classic","background_b_color":"#F4F4FF","flip_effect":"fade","flip_direction":"right","padding_a":{"unit":"px","top":"0","right":"75","bottom":"0","left":"50","isLinked":""},"alignment_a":"left","vertical_position_a":"middle","title_spacing_a":{"unit":"px","size":"25","sizes":[]},"title_color_a":"#000000","title_typography_a_typography":"custom","title_typography_a_font_family":"Montserrat","title_typography_a_font_size":{"unit":"px","size":"22","sizes":[]},"title_typography_a_font_weight":"400","title_typography_a_text_transform":"uppercase","title_typography_a_line_height":{"unit":"em","size":"1.4","sizes":[]},"description_color_a":"#3D4E60","description_typography_a_typography":"custom","description_typography_a_font_family":"Montserrat","description_typography_a_font_size":{"unit":"px","size":"15","sizes":[]},"description_typography_a_font_weight":"300","padding_b":{"unit":"px","top":"66","right":"75","bottom":"40","left":"50","isLinked":""},"alignment_b":"left","title_spacing_b":{"unit":"px","size":"20","sizes":[]},"title_color_b":"#000000","title_typography_b_typography":"custom","title_typography_b_font_family":"Montserrat","title_typography_b_font_size":{"unit":"px","size":"22","sizes":[]},"title_typography_b_font_weight":"400","title_typography_b_text_transform":"uppercase","title_typography_b_line_height":{"unit":"em","size":"1.4","sizes":[]},"description_spacing_b":{"unit":"px","size":"30","sizes":[]},"description_color_b":"#3D4E60","description_typography_b_typography":"custom","description_typography_b_font_family":"Montserrat","description_typography_b_font_size":{"unit":"px","size":"16","sizes":[]},"description_typography_b_font_weight":"300","button_typography_typography":"custom","button_typography_font_family":"Montserrat","button_typography_font_size":{"unit":"px","size":"15","sizes":[]},"button_typography_font_weight":"400","button_typography_text_transform":"uppercase","button_text_color":"#635DFF","button_background_color":"rgba(99, 93, 255, 0.16)","button_border_color":"rgba(255, 255, 255, 0)","button_border_radius":{"unit":"px","size":"29","sizes":[]},"_border_border":"solid","_border_width":{"unit":"px","top":"0","right":"0","bottom":"0","left":"2","isLinked":""},"_border_color":"#635DFF","_box_shadow_box_shadow_type":"yes","_box_shadow_box_shadow":{"horizontal":"0","vertical":"10","blur":"30","spread":"0","color":"rgba(0, 0, 0, 0.08)"},"padding_a_mobile":{"unit":"px","top":"15","right":"20","bottom":"0","left":"20","isLinked":""},"title_typography_a_font_size_mobile":{"unit":"px","size":"16","sizes":[]},"description_typography_a_font_size_mobile":{"unit":"px","size":"14","sizes":[]},"padding_b_mobile":{"unit":"px","top":"0","right":"20","bottom":"0","left":"20","isLinked":""},"title_typography_b_font_size_mobile":{"unit":"px","size":"16","sizes":[]},"description_typography_b_font_size_mobile":{"unit":"px","size":"14","sizes":[]},"image":{"id":11,"url":"http:\/\/localhost\/dieuhau\/wp-content\/uploads\/2021\/09\/placeholder.png"}},"elements":[],"isInner":false,"widgetType":"flip-box","elType":"widget"}],"isInner":"1","elType":"column"},{"id":"274f058a","settings":{"_column_size":"50","padding":{"unit":"px","top":"0","right":"0","bottom":"0","left":"25","isLinked":""},"_inline_size_tablet":"100","padding_tablet":{"unit":"px","top":"0","right":"0","bottom":"0","left":"0","isLinked":"1"}},"elements":[{"id":"44643c6","settings":{"title":"Course 4","title_color":"#FFFFFF","typography_typography":"custom","typography_font_size":{"unit":"px","size":"15","sizes":[]},"typography_font_weight":"300","typography_text_transform":"uppercase","_padding":{"unit":"px","top":"15","right":"50","bottom":"12","left":"50","isLinked":""},"_background_background":"classic","_background_color":"#635DFF","_border_radius":{"unit":"px","top":"0","right":"30","bottom":"0","left":"0","isLinked":""},"_element_width":"auto"},"elements":[],"isInner":false,"widgetType":"heading","elType":"widget"},{"id":"15df74ee","settings":{"graphic_element":"none","selected_icon":{"value":"","library":""},"title_text_a":"Best Practices For Linkedin Features Used For Social Recruiting","description_text_a":"Lorem ipsum dolor sit amet, consectetur adipiscing elit. aulla sit amet magna sodales, interdum tortor etlert of dictum mauris loean ultricies lectus quis gravida urna interdum quam bibend.","background_a_background":"classic","background_a_color":"#FFFFFF","title_text_b":"Best Practices For Linkedin Features Used For Social Recruiting","description_text_b":"5 lessons - 4:11 hours","button_text":"View Course","link_click":"box","background_b_background":"classic","background_b_color":"#F4F4FF","flip_effect":"fade","flip_direction":"right","padding_a":{"unit":"px","top":"0","right":"75","bottom":"0","left":"50","isLinked":""},"alignment_a":"left","vertical_position_a":"middle","title_spacing_a":{"unit":"px","size":"25","sizes":[]},"title_color_a":"#000000","title_typography_a_typography":"custom","title_typography_a_font_family":"Montserrat","title_typography_a_font_size":{"unit":"px","size":"22","sizes":[]},"title_typography_a_font_weight":"400","title_typography_a_text_transform":"uppercase","title_typography_a_line_height":{"unit":"em","size":"1.4","sizes":[]},"description_color_a":"#3D4E60","description_typography_a_typography":"custom","description_typography_a_font_family":"Montserrat","description_typography_a_font_size":{"unit":"px","size":"15","sizes":[]},"description_typography_a_font_weight":"300","padding_b":{"unit":"px","top":"66","right":"75","bottom":"40","left":"50","isLinked":""},"alignment_b":"left","title_spacing_b":{"unit":"px","size":"20","sizes":[]},"title_color_b":"#000000","title_typography_b_typography":"custom","title_typography_b_font_family":"Montserrat","title_typography_b_font_size":{"unit":"px","size":"22","sizes":[]},"title_typography_b_font_weight":"400","title_typography_b_text_transform":"uppercase","title_typography_b_line_height":{"unit":"em","size":"1.4","sizes":[]},"description_spacing_b":{"unit":"px","size":"30","sizes":[]},"description_color_b":"#3D4E60","description_typography_b_typography":"custom","description_typography_b_font_family":"Montserrat","description_typography_b_font_size":{"unit":"px","size":"16","sizes":[]},"description_typography_b_font_weight":"300","button_typography_typography":"custom","button_typography_font_family":"Montserrat","button_typography_font_size":{"unit":"px","size":"15","sizes":[]},"button_typography_font_weight":"400","button_typography_text_transform":"uppercase","button_text_color":"#635DFF","button_background_color":"rgba(99, 93, 255, 0.16)","button_border_color":"rgba(255, 255, 255, 0)","button_border_radius":{"unit":"px","size":"29","sizes":[]},"_border_border":"solid","_border_width":{"unit":"px","top":"0","right":"0","bottom":"0","left":"2","isLinked":""},"_border_color":"#635DFF","_box_shadow_box_shadow_type":"yes","_box_shadow_box_shadow":{"horizontal":"0","vertical":"10","blur":"30","spread":"0","color":"rgba(0, 0, 0, 0.08)"},"padding_a_mobile":{"unit":"px","top":"15","right":"20","bottom":"0","left":"20","isLinked":""},"title_typography_a_font_size_mobile":{"unit":"px","size":"16","sizes":[]},"description_typography_a_font_size_mobile":{"unit":"px","size":"14","sizes":[]},"padding_b_mobile":{"unit":"px","top":"0","right":"20","bottom":"0","left":"20","isLinked":""},"title_typography_b_font_size_mobile":{"unit":"px","size":"16","sizes":[]},"description_typography_b_font_size_mobile":{"unit":"px","size":"14","sizes":[]},"image":{"id":11,"url":"http:\/\/localhost\/dieuhau\/wp-content\/uploads\/2021\/09\/placeholder.png"}},"elements":[],"isInner":false,"widgetType":"flip-box","elType":"widget"}],"isInner":"1","elType":"column"}],"isInner":"1","elType":"section"},{"id":"31724a75","settings":{"layout":"full_width","content_width":{"unit":"px","size":"1400","sizes":[]},"structure":"20","margin":{"unit":"px","top":"50","right":"0","bottom":"50","left":"0","isLinked":"1"}},"elements":[{"id":"7de76fb5","settings":{"_column_size":"50","padding":{"unit":"px","top":"0","right":"25","bottom":"0","left":"0","isLinked":""},"_inline_size_tablet":"100","margin_tablet":{"unit":"px","top":"0","right":"0","bottom":"050","left":"0","isLinked":""},"padding_tablet":{"unit":"px","top":"0","right":"0","bottom":"0","left":"0","isLinked":"1"}},"elements":[{"id":"6ea2852e","settings":{"title":"Course 5","title_color":"#FFFFFF","typography_typography":"custom","typography_font_size":{"unit":"px","size":"15","sizes":[]},"typography_font_weight":"300","typography_text_transform":"uppercase","_padding":{"unit":"px","top":"15","right":"50","bottom":"12","left":"50","isLinked":""},"_background_background":"classic","_background_color":"#635DFF","_border_radius":{"unit":"px","top":"0","right":"30","bottom":"0","left":"0","isLinked":""},"_element_width":"auto"},"elements":[],"isInner":false,"widgetType":"heading","elType":"widget"},{"id":"991e228","settings":{"graphic_element":"none","selected_icon":{"value":"","library":""},"title_text_a":"How to build a social media crisis management strategy","description_text_a":"Lorem ipsum dolor sit amet, consectetur adipiscing elit. aulla sit amet magna sodales, interdum tortor etlert of dictum mauris loean ultricies lectus quis gravida urna interdum quam bibend.","background_a_background":"classic","background_a_color":"#FFFFFF","title_text_b":"How to build a social media crisis management strategy","description_text_b":"5 lessons - 4:11 hours","button_text":"View Course","link_click":"box","background_b_background":"classic","background_b_color":"#F4F4FF","flip_effect":"fade","flip_direction":"right","padding_a":{"unit":"px","top":"0","right":"75","bottom":"0","left":"50","isLinked":""},"alignment_a":"left","vertical_position_a":"middle","title_spacing_a":{"unit":"px","size":"25","sizes":[]},"title_color_a":"#000000","title_typography_a_typography":"custom","title_typography_a_font_family":"Montserrat","title_typography_a_font_size":{"unit":"px","size":"22","sizes":[]},"title_typography_a_font_weight":"400","title_typography_a_text_transform":"uppercase","title_typography_a_line_height":{"unit":"em","size":"1.4","sizes":[]},"description_color_a":"#3D4E60","description_typography_a_typography":"custom","description_typography_a_font_family":"Montserrat","description_typography_a_font_size":{"unit":"px","size":"15","sizes":[]},"description_typography_a_font_weight":"300","padding_b":{"unit":"px","top":"66","right":"75","bottom":"40","left":"50","isLinked":""},"alignment_b":"left","title_spacing_b":{"unit":"px","size":"20","sizes":[]},"title_color_b":"#000000","title_typography_b_typography":"custom","title_typography_b_font_family":"Montserrat","title_typography_b_font_size":{"unit":"px","size":"22","sizes":[]},"title_typography_b_font_weight":"400","title_typography_b_text_transform":"uppercase","title_typography_b_line_height":{"unit":"em","size":"1.4","sizes":[]},"description_spacing_b":{"unit":"px","size":"30","sizes":[]},"description_color_b":"#3D4E60","description_typography_b_typography":"custom","description_typography_b_font_family":"Montserrat","description_typography_b_font_size":{"unit":"px","size":"16","sizes":[]},"description_typography_b_font_weight":"300","button_typography_typography":"custom","button_typography_font_family":"Montserrat","button_typography_font_size":{"unit":"px","size":"15","sizes":[]},"button_typography_font_weight":"400","button_typography_text_transform":"uppercase","button_text_color":"#635DFF","button_background_color":"rgba(99, 93, 255, 0.16)","button_border_color":"rgba(255, 255, 255, 0)","button_border_radius":{"unit":"px","size":"29","sizes":[]},"_border_border":"solid","_border_width":{"unit":"px","top":"0","right":"0","bottom":"0","left":"2","isLinked":""},"_border_color":"#635DFF","_box_shadow_box_shadow_type":"yes","_box_shadow_box_shadow":{"horizontal":"0","vertical":"10","blur":"30","spread":"0","color":"rgba(0, 0, 0, 0.08)"},"padding_a_mobile":{"unit":"px","top":"15","right":"20","bottom":"0","left":"20","isLinked":""},"title_typography_a_font_size_mobile":{"unit":"px","size":"16","sizes":[]},"description_typography_a_font_size_mobile":{"unit":"px","size":"14","sizes":[]},"padding_b_mobile":{"unit":"px","top":"0","right":"20","bottom":"0","left":"20","isLinked":""},"title_typography_b_font_size_mobile":{"unit":"px","size":"16","sizes":[]},"description_typography_b_font_size_mobile":{"unit":"px","size":"14","sizes":[]},"image":{"id":11,"url":"http:\/\/localhost\/dieuhau\/wp-content\/uploads\/2021\/09\/placeholder.png"}},"elements":[],"isInner":false,"widgetType":"flip-box","elType":"widget"}],"isInner":"1","elType":"column"},{"id":"65991bbd","settings":{"_column_size":"50","padding":{"unit":"px","top":"0","right":"0","bottom":"0","left":"25","isLinked":""},"_inline_size_tablet":"100","padding_tablet":{"unit":"px","top":"0","right":"0","bottom":"0","left":"0","isLinked":"1"}},"elements":[{"id":"329a7d74","settings":{"title":"Course 6","title_color":"#FFFFFF","typography_typography":"custom","typography_font_size":{"unit":"px","size":"15","sizes":[]},"typography_font_weight":"300","typography_text_transform":"uppercase","_padding":{"unit":"px","top":"15","right":"50","bottom":"12","left":"50","isLinked":""},"_background_background":"classic","_background_color":"#635DFF","_border_radius":{"unit":"px","top":"0","right":"30","bottom":"0","left":"0","isLinked":""},"_element_width":"auto"},"elements":[],"isInner":false,"widgetType":"heading","elType":"widget"},{"id":"3538c56d","settings":{"graphic_element":"none","selected_icon":{"value":"","library":""},"title_text_a":"How to Launch a Successful Online Community","description_text_a":"Lorem ipsum dolor sit amet, consectetur adipiscing elit. aulla sit amet magna sodales, interdum tortor etlert of dictum mauris loean ultricies lectus quis gravida urna interdum quam bibend.","background_a_background":"classic","background_a_color":"#FFFFFF","title_text_b":"How to Launch a Successful Online Community","description_text_b":"5 lessons - 4:11 hours","button_text":"View Course","link_click":"box","background_b_background":"classic","background_b_color":"#F4F4FF","flip_effect":"fade","flip_direction":"right","padding_a":{"unit":"px","top":"0","right":"75","bottom":"0","left":"50","isLinked":""},"alignment_a":"left","vertical_position_a":"middle","title_spacing_a":{"unit":"px","size":"25","sizes":[]},"title_color_a":"#000000","title_typography_a_typography":"custom","title_typography_a_font_family":"Montserrat","title_typography_a_font_size":{"unit":"px","size":"22","sizes":[]},"title_typography_a_font_weight":"400","title_typography_a_text_transform":"uppercase","title_typography_a_line_height":{"unit":"em","size":"1.4","sizes":[]},"description_color_a":"#3D4E60","description_typography_a_typography":"custom","description_typography_a_font_family":"Montserrat","description_typography_a_font_size":{"unit":"px","size":"15","sizes":[]},"description_typography_a_font_weight":"300","padding_b":{"unit":"px","top":"66","right":"75","bottom":"40","left":"50","isLinked":""},"alignment_b":"left","title_spacing_b":{"unit":"px","size":"20","sizes":[]},"title_color_b":"#000000","title_typography_b_typography":"custom","title_typography_b_font_family":"Montserrat","title_typography_b_font_size":{"unit":"px","size":"22","sizes":[]},"title_typography_b_font_weight":"400","title_typography_b_text_transform":"uppercase","title_typography_b_line_height":{"unit":"em","size":"1.4","sizes":[]},"description_spacing_b":{"unit":"px","size":"30","sizes":[]},"description_color_b":"#3D4E60","description_typography_b_typography":"custom","description_typography_b_font_family":"Montserrat","description_typography_b_font_size":{"unit":"px","size":"16","sizes":[]},"description_typography_b_font_weight":"300","button_typography_typography":"custom","button_typography_font_family":"Montserrat","button_typography_font_size":{"unit":"px","size":"15","sizes":[]},"button_typography_font_weight":"400","button_typography_text_transform":"uppercase","button_text_color":"#635DFF","button_background_color":"rgba(99, 93, 255, 0.16)","button_border_color":"rgba(255, 255, 255, 0)","button_border_radius":{"unit":"px","size":"29","sizes":[]},"_border_border":"solid","_border_width":{"unit":"px","top":"0","right":"0","bottom":"0","left":"2","isLinked":""},"_border_color":"#635DFF","_box_shadow_box_shadow_type":"yes","_box_shadow_box_shadow":{"horizontal":"0","vertical":"10","blur":"30","spread":"0","color":"rgba(0, 0, 0, 0.08)"},"padding_a_mobile":{"unit":"px","top":"15","right":"20","bottom":"0","left":"20","isLinked":""},"title_typography_a_font_size_mobile":{"unit":"px","size":"16","sizes":[]},"description_typography_a_font_size_mobile":{"unit":"px","size":"14","sizes":[]},"padding_b_mobile":{"unit":"px","top":"0","right":"20","bottom":"0","left":"20","isLinked":""},"title_typography_b_font_size_mobile":{"unit":"px","size":"16","sizes":[]},"description_typography_b_font_size_mobile":{"unit":"px","size":"14","sizes":[]},"image":{"id":11,"url":"http:\/\/localhost\/dieuhau\/wp-content\/uploads\/2021\/09\/placeholder.png"}},"elements":[],"isInner":false,"widgetType":"flip-box","elType":"widget"}],"isInner":"1","elType":"column"}],"isInner":"1","elType":"section"}],"isInner":"","elType":"column"}],"isInner":"","elType":"section"},{"id":"3164c856","settings":{"layout":"full_width","height":"min-height","custom_height":{"unit":"px","size":"530","sizes":[]},"column_position":"stretch","padding":{"unit":"%","top":"0","right":"0","bottom":"0","left":"15","isLinked":""},"margin":{"unit":"%","top":"0","right":"0","bottom":"15","left":"0","isLinked":""},"_title":"About Me","custom_height_tablet":{"unit":"px","size":"0","sizes":[]},"padding_tablet":{"unit":"%","top":"0","right":"5","bottom":"0","left":"5","isLinked":""},"_timestamp_":"v1Smpyb2xHWDFzTnAyd291dVQ4THc0UT09"},"elements":[{"id":"1fc1b9ab","settings":{"_column_size":"100","background_background":"classic","background_color":"#F4F4FF","border_border":"solid","border_width":{"unit":"px","top":"0","right":"0","bottom":"0","left":"0","isLinked":"1"},"border_radius":{"unit":"px","top":"97","right":"0","bottom":"0","left":"0","isLinked":""},"content_position":"bottom","padding":{"unit":"px","top":"0","right":"0","bottom":"0","left":"0","isLinked":"1"},"border_radius_tablet":{"unit":"px","top":"50","right":"50","bottom":"50","left":"50","isLinked":"1"}},"elements":[{"id":"669a4ac5","settings":{"layout":"full_width","structure":"20","margin_tablet":{"unit":"px","top":"0","right":"0","bottom":"0","left":"0","isLinked":"1"},"reverse_order_tablet":"reverse-tablet","reverse_order_mobile":"reverse-mobile"},"elements":[{"id":"691bad90","settings":{"_column_size":"50","_inline_size":"38","content_position":"bottom","space_between_widgets":"0","padding":{"unit":"px","top":"0","right":"0","bottom":"0","left":"30","isLinked":""},"_inline_size_tablet":"100","margin_tablet":{"unit":"px","top":"100","right":"0","bottom":"0","left":"0","isLinked":""},"padding_tablet":{"unit":"px","top":"0","right":"0","bottom":"0","left":"0","isLinked":"1"},"margin_mobile":{"unit":"px","top":"60","right":"0","bottom":"0","left":"0","isLinked":""}},"elements":[{"id":"6946a7a3","settings":{"image":{"id":12,"url":"http:\/\/localhost\/dieuhau\/wp-content\/uploads\/2021\/09\/Steve-Robinson-Pic.png"},"image_size":"full","width":{"unit":"%","size":"100","sizes":[]},"_margin":{"unit":"%","top":"-15","right":"0","bottom":"0","left":"0","isLinked":""},"_z_index":"1","align_tablet":"center","width_tablet":{"unit":"%","size":"37","sizes":[]},"width_mobile":{"unit":"%","size":"60","sizes":[]}},"elements":[],"isInner":false,"widgetType":"image","elType":"widget"}],"isInner":"1","elType":"column"},{"id":"12a7769d","settings":{"_column_size":"50","_inline_size":"62","content_position":"center","padding":{"unit":"%","top":"0","right":"20","bottom":"5","left":"5","isLinked":""},"_inline_size_tablet":"100","padding_tablet":{"unit":"px","top":"50","right":"50","bottom":"50","left":"50","isLinked":"1"},"padding_mobile":{"unit":"px","top":"30","right":"30","bottom":"30","left":"30","isLinked":"1"}},"elements":[{"id":"cfb0b86","settings":{"title":"Hey!","title_color":"#3D4E60","typography_typography":"custom","typography_font_family":"Montserrat","typography_font_size":{"unit":"px","size":"22","sizes":[]},"typography_font_weight":"300","header_size":"h3","align_tablet":"center","typography_font_size_tablet":{"unit":"px","size":"20","sizes":[]},"typography_font_size_mobile":{"unit":"px","size":"18","sizes":[]}},"elements":[],"isInner":false,"widgetType":"heading","elType":"widget"},{"id":"455ddc4","settings":{"title":"I Am Steve Robinson.","title_color":"#000000","typography_typography":"custom","typography_font_family":"Montserrat","typography_font_size":{"unit":"px","size":"35","sizes":[]},"typography_font_weight":"500","typography_text_transform":"uppercase","align_tablet":"center","typography_font_size_tablet":{"unit":"px","size":"30","sizes":[]},"typography_font_size_mobile":{"unit":"px","size":"22","sizes":[]}},"elements":[],"isInner":false,"widgetType":"heading","elType":"widget"},{"id":"310aa702","settings":{"editor":"<p>With 18 years of digital marketing and customer experience expertise, I helped build and grow over 250 companies. In the constantly changing field of digital marketing,<strong> it is my mission to provide individuals and small businesses<\/strong> <strong>with the skills<\/strong> to master the critical tactics and strategies that will drive their business growth.<\/p>","text_color":"#000000","typography_typography":"custom","typography_font_family":"Montserrat","typography_font_size":{"unit":"px","size":"22","sizes":[]},"typography_font_weight":"200","align_tablet":"center","typography_font_size_tablet":{"unit":"px","size":"18","sizes":[]}},"elements":[],"isInner":false,"widgetType":"text-editor","elType":"widget"},{"id":"4e2384e0","settings":{"text":"More About Me ","align":"left","selected_icon":{"value":{"id":13,"url":"http:\/\/localhost\/dieuhau\/wp-content\/uploads\/2021\/09\/arrow-icon-size3.svg"},"library":"svg"},"icon_align":"right","icon_indent":{"unit":"px","size":"10","sizes":[]},"typography_typography":"custom","typography_font_family":"Montserrat","typography_font_size":{"unit":"px","size":"15","sizes":[]},"typography_font_weight":"300","typography_text_transform":"uppercase","button_text_color":"#FFFFFF","background_color":"#635DFF","hover_color":"#635DFF","button_background_hover_color":"#FFFFFF","hover_animation":"float","border_radius":{"unit":"px","top":"50","right":"0","bottom":"50","left":"50","isLinked":""},"button_box_shadow_box_shadow_type":"yes","button_box_shadow_box_shadow":{"horizontal":"0","vertical":"15","blur":"30","spread":"0","color":"rgba(0, 0, 0, 0.15)"},"text_padding":{"unit":"px","top":"18","right":"35","bottom":"18","left":"35","isLinked":""},"_margin":{"unit":"px","top":"30","right":"0","bottom":"0","left":"0","isLinked":""},"align_tablet":"center","link":{"url":"","is_external":"","nofollow":"","custom_attributes":""}},"elements":[],"isInner":false,"widgetType":"button","elType":"widget"}],"isInner":"1","elType":"column"}],"isInner":"1","elType":"section"}],"isInner":"","elType":"column"}],"isInner":"","elType":"section"},{"id":"b2da1","settings":{"padding":{"unit":"%","top":"0","right":"0","bottom":"0","left":"0","isLinked":"1"},"content_width":{"unit":"px","size":"1400","sizes":[]},"_title":"Advantages","margin_tablet":{"unit":"%","top":"0","right":"0","bottom":"15","left":"0","isLinked":""},"padding_tablet":{"unit":"%","top":"0","right":"5","bottom":"0","left":"5","isLinked":""},"_timestamp_":"v1Smpyb2xHWDFzTnAyd291dVQ4THc0UT09"},"elements":[{"id":"6a0dfa49","settings":{"_column_size":"100","padding":{"unit":"px","top":"0","right":"0","bottom":"0","left":"0","isLinked":"1"}},"elements":[{"id":"6c09e8e1","settings":{"content_width":{"unit":"px","size":"850","sizes":[]},"margin":{"unit":"px","top":"0","right":"0","bottom":"0","left":"0","isLinked":"1"}},"elements":[{"id":"18f0d430","settings":{"_column_size":"100","margin_tablet":{"unit":"px","top":"0","right":"0","bottom":"0","left":"0","isLinked":"1"}},"elements":[{"id":"146f794","settings":{"title":"Why <b>My Courses <\/b>","align":"center","title_color":"#3D4E60","typography_typography":"custom","typography_font_family":"Montserrat","typography_font_size":{"unit":"px","size":"22","sizes":[]},"typography_font_weight":"300","header_size":"h3","typography_font_size_tablet":{"unit":"px","size":"20","sizes":[]},"typography_font_size_mobile":{"unit":"px","size":"18","sizes":[]}},"elements":[],"isInner":false,"widgetType":"heading","elType":"widget"},{"id":"6be6b802","settings":{"title":"Grow your knowledge and <b> stay ahead of your competitors <\/b>","align":"center","title_color":"#000000","typography_typography":"custom","typography_font_family":"Montserrat","typography_font_size":{"unit":"px","size":"40","sizes":[]},"typography_font_weight":"200","typography_text_transform":"uppercase","typography_font_size_tablet":{"unit":"px","size":"30","sizes":[]},"typography_font_size_mobile":{"unit":"px","size":"22","sizes":[]}},"elements":[],"isInner":false,"widgetType":"heading","elType":"widget"}],"isInner":"1","elType":"column"}],"isInner":"1","elType":"section"},{"id":"55245a81","settings":{"layout":"full_width","structure":"30","margin":{"unit":"px","top":"70","right":"0","bottom":"0","left":"0","isLinked":""},"margin_tablet":{"unit":"px","top":"50","right":"0","bottom":"0","left":"0","isLinked":""},"margin_mobile":{"unit":"px","top":"30","right":"0","bottom":"0","left":"0","isLinked":""}},"elements":[{"id":"3f95714","settings":{"_column_size":"33","padding":{"unit":"px","top":"30","right":"30","bottom":"30","left":"30","isLinked":"1"},"padding_tablet":{"unit":"%","top":"0","right":"5","bottom":"0","left":"5","isLinked":""}},"elements":[{"id":"56b359ef","settings":{"selected_icon":{"value":{"id":14,"url":"http:\/\/localhost\/dieuhau\/wp-content\/uploads\/2021\/09\/1.svg"},"library":"svg"},"title_text":"100% free of charge","description_text":"Lorem ipsum dolor sit amet conetur adipiing elit. aulla sit amet magna is fodal otes alora.","primary_color":"#635DFF","icon_size":{"unit":"px","size":"80","sizes":[]},"text_align":"center","title_bottom_space":{"unit":"px","size":"15","sizes":[]},"title_color":"#000000","title_typography_typography":"custom","title_typography_font_family":"Montserrat","title_typography_font_size":{"unit":"px","size":"20","sizes":[]},"title_typography_font_weight":"400","title_typography_text_transform":"uppercase","description_color":"#3D4E60","description_typography_typography":"custom","description_typography_font_family":"Montserrat","description_typography_font_size":{"unit":"px","size":"15","sizes":[]},"description_typography_font_weight":"300","_padding":{"unit":"px","top":"50","right":"35","bottom":"50","left":"35","isLinked":""},"_background_background":"classic","_background_color":"#FFFFFF","_border_radius":{"unit":"px","top":"35","right":"35","bottom":"0","left":"35","isLinked":""},"_box_shadow_box_shadow_type":"yes","_box_shadow_box_shadow":{"horizontal":"0","vertical":"15","blur":"50","spread":"0","color":"rgba(0, 0, 0, 0.1)"},"title_size":"h4","title_typography_font_size_tablet":{"unit":"px","size":"18","sizes":[]}},"elements":[],"isInner":false,"widgetType":"icon-box","elType":"widget"}],"isInner":"1","elType":"column"},{"id":"39b083c7","settings":{"_column_size":"33","padding":{"unit":"px","top":"30","right":"30","bottom":"30","left":"30","isLinked":"1"},"padding_tablet":{"unit":"%","top":"0","right":"5","bottom":"0","left":"5","isLinked":""},"margin_mobile":{"unit":"px","top":"30","right":"0","bottom":"30","left":"0","isLinked":""}},"elements":[{"id":"11e959c6","settings":{"selected_icon":{"value":{"id":15,"url":"http:\/\/localhost\/dieuhau\/wp-content\/uploads\/2021\/09\/2-2-2.svg"},"library":"svg"},"title_text":"Trusted Knowledge","description_text":"Lorem ipsum dolor sit amet conetur adipiing elit. aulla sit amet magna is fodal otes alora.","primary_color":"#635DFF","icon_size":{"unit":"px","size":"80","sizes":[]},"text_align":"center","title_bottom_space":{"unit":"px","size":"15","sizes":[]},"title_color":"#000000","title_typography_typography":"custom","title_typography_font_family":"Montserrat","title_typography_font_size":{"unit":"px","size":"20","sizes":[]},"title_typography_font_weight":"400","title_typography_text_transform":"uppercase","description_color":"#3D4E60","description_typography_typography":"custom","description_typography_font_family":"Montserrat","description_typography_font_size":{"unit":"px","size":"15","sizes":[]},"description_typography_font_weight":"300","_padding":{"unit":"px","top":"50","right":"35","bottom":"50","left":"35","isLinked":""},"_background_background":"classic","_background_color":"#FFFFFF","_border_radius":{"unit":"px","top":"35","right":"35","bottom":"0","left":"35","isLinked":""},"_box_shadow_box_shadow_type":"yes","_box_shadow_box_shadow":{"horizontal":"0","vertical":"15","blur":"50","spread":"0","color":"rgba(0, 0, 0, 0.1)"},"title_size":"h4","title_typography_font_size_tablet":{"unit":"px","size":"18","sizes":[]}},"elements":[],"isInner":false,"widgetType":"icon-box","elType":"widget"}],"isInner":"1","elType":"column"},{"id":"13e956bf","settings":{"_column_size":"33","padding":{"unit":"px","top":"30","right":"30","bottom":"30","left":"30","isLinked":"1"},"padding_tablet":{"unit":"%","top":"0","right":"5","bottom":"0","left":"5","isLinked":""}},"elements":[{"id":"2dc7376d","settings":{"selected_icon":{"value":{"id":16,"url":"http:\/\/localhost\/dieuhau\/wp-content\/uploads\/2021\/09\/Icon-3.svg"},"library":"svg"},"title_text":"Anytime, Anywhere","description_text":"Lorem ipsum dolor sit amet conetur adipiing elit. aulla sit amet magna is fodal otes alora.","primary_color":"#635DFF","icon_size":{"unit":"px","size":"80","sizes":[]},"text_align":"center","title_bottom_space":{"unit":"px","size":"15","sizes":[]},"title_color":"#000000","title_typography_typography":"custom","title_typography_font_family":"Montserrat","title_typography_font_size":{"unit":"px","size":"20","sizes":[]},"title_typography_font_weight":"400","title_typography_text_transform":"uppercase","description_color":"#3D4E60","description_typography_typography":"custom","description_typography_font_family":"Montserrat","description_typography_font_size":{"unit":"px","size":"15","sizes":[]},"description_typography_font_weight":"300","_padding":{"unit":"px","top":"50","right":"35","bottom":"50","left":"35","isLinked":""},"_background_background":"classic","_background_color":"#FFFFFF","_border_radius":{"unit":"px","top":"35","right":"35","bottom":"0","left":"35","isLinked":""},"_box_shadow_box_shadow_type":"yes","_box_shadow_box_shadow":{"horizontal":"0","vertical":"15","blur":"50","spread":"0","color":"rgba(0, 0, 0, 0.1)"},"title_size":"h4","title_typography_font_size_tablet":{"unit":"px","size":"18","sizes":[]}},"elements":[],"isInner":false,"widgetType":"icon-box","elType":"widget"}],"isInner":"1","elType":"column"}],"isInner":"1","elType":"section"}],"isInner":"","elType":"column"}],"isInner":"","elType":"section"},{"id":"582d7bda","settings":{"margin":{"unit":"%","top":"15","right":"0","bottom":"-8","left":"0","isLinked":""},"padding":{"unit":"%","top":"","right":"","bottom":"","left":"","isLinked":"1"},"content_width":{"unit":"px","size":"1400","sizes":[]},"_title":"Testimonial","margin_tablet":{"unit":"%","top":"0","right":"0","bottom":"-12","left":"0","isLinked":""},"margin_mobile":{"unit":"%","top":"0","right":"0","bottom":"-30","left":"0","isLinked":""},"_timestamp_":"v1Smpyb2xHWDFzTnAyd291dVQ4THc0UT09"},"elements":[{"id":"45245311","settings":{"_column_size":"100","padding":{"unit":"px","top":"0","right":"0","bottom":"0","left":"0","isLinked":"1"}},"elements":[{"id":"7c2f595a","settings":{"title":"Some <b>Feedbacks<\/b>","align":"center","title_color":"#3D4E60","typography_typography":"custom","typography_font_family":"Montserrat","typography_font_size":{"unit":"px","size":"22","sizes":[]},"typography_font_weight":"300","header_size":"h3","typography_font_size_tablet":{"unit":"px","size":"20","sizes":[]},"typography_font_size_mobile":{"unit":"px","size":"18","sizes":[]}},"elements":[],"isInner":false,"widgetType":"heading","elType":"widget"},{"id":"39af6e0e","settings":{"title":"What people <b> are saying <\/b>","align":"center","title_color":"#000000","typography_typography":"custom","typography_font_family":"Montserrat","typography_font_size":{"unit":"px","size":"40","sizes":[]},"typography_font_weight":"200","typography_text_transform":"uppercase","typography_font_size_tablet":{"unit":"px","size":"30","sizes":[]},"typography_font_size_mobile":{"unit":"px","size":"22","sizes":[]}},"elements":[],"isInner":false,"widgetType":"heading","elType":"widget"},{"id":"12cdbc49","settings":{"margin":{"unit":"px","top":"50","right":"0","bottom":"0","left":"0","isLinked":""},"padding_tablet":{"unit":"%","top":"0","right":"5","bottom":"0","left":"5","isLinked":""},"margin_mobile":{"unit":"px","top":"30","right":"0","bottom":"0","left":"0","isLinked":""}},"elements":[{"id":"2efc82c1","settings":{"_column_size":"100","background_background":"classic","background_color":"#F4F4FF","border_radius":{"unit":"px","top":"100","right":"100","bottom":"0","left":"0","isLinked":""},"padding":{"unit":"px","top":"80","right":"0","bottom":"130","left":"0","isLinked":""},"padding_tablet":{"unit":"px","top":"80","right":"0","bottom":"60","left":"0","isLinked":""},"padding_mobile":{"unit":"px","top":"85","right":"0","bottom":"130","left":"0","isLinked":""}},"elements":[{"id":"5bc5ff84","settings":{"selected_icon":{"value":{"id":17,"url":"http:\/\/localhost\/dieuhau\/wp-content\/uploads\/2021\/09\/Q.svg"},"library":"svg"},"align":"left","primary_color":"rgba(61, 78, 96, 0.1)","size":{"unit":"px","size":"75","sizes":[]},"_element_width":"auto","_position":"absolute","_offset_x":{"size":"100","unit":"px"},"_offset_y":{"size":"-15","unit":"px"},"_offset_x_tablet":{"size":"26","unit":"px"},"_offset_y_tablet":{"size":"-17","unit":"px"},"size_mobile":{"unit":"px","size":"55","sizes":[]},"_offset_x_mobile":{"size":"131","unit":"px"},"_offset_y_mobile":{"size":"-55","unit":"px"}},"elements":[],"isInner":false,"widgetType":"icon","elType":"widget"},{"id":"38292b5f","settings":{"slides":[{"content":"\"Steve makes some of the best educational digital marketing content on the internet! His teaching style is approachable and thorough and I've learned a lot from him over the years.\u201d","name":"Tim Hampton","title":"Rome","image":{"id":18,"url":"http:\/\/localhost\/dieuhau\/wp-content\/uploads\/2021\/09\/Tim-Hampton.png"},"_id":"55e74d8"},{"content":"\u201cWorking with Steve has been a fantastic experience. He was committed to helping us accomplish our goals. We saw an immediate 10-15% increase in leads.\u201d","name":"Jake Romero","title":"Sao Paulo","image":{"id":19,"url":"http:\/\/localhost\/dieuhau\/wp-content\/uploads\/2021\/09\/Jake-Romero-.png"},"_id":"f1cc584"},{"content":"\u201cSteve is smart, charismatic and insightful! He has a lot of experience and shares his knowledge freely.\u201d","name":"Carla Wade","title":"New York","image":{"id":20,"url":"http:\/\/localhost\/dieuhau\/wp-content\/uploads\/2021\/09\/Carla-Wade.png"},"_id":"1cf4204"},{"content":"\u201cSteve provided valuable information that our attendees could apply to their own social media practices, to help them grow their businesses and increase effectiveness.\u201d","name":"Erin Ayson","title":"San Francisco","image":{"id":21,"url":"http:\/\/localhost\/dieuhau\/wp-content\/uploads\/2021\/09\/Woman.jpg"},"_id":"a77ce66"}],"slides_per_view":"1","slides_to_scroll":"1","width":{"unit":"%","size":"70","sizes":[]},"show_arrows":"","content_color":"#000000","content_typography_typography":"custom","content_typography_font_family":"Montserrat","content_typography_font_size":{"unit":"px","size":"22","sizes":[]},"content_typography_font_style":"normal","name_color":"#3D4E60","name_typography_typography":"custom","name_typography_font_family":"Montserrat","name_typography_font_size":{"unit":"px","size":"18","sizes":[]},"name_typography_font_weight":"400","name_typography_text_transform":"uppercase","title_color":"#3D4E60","title_typography_typography":"custom","title_typography_font_family":"Montserrat","title_typography_font_size":{"unit":"px","size":"16","sizes":[]},"title_typography_font_weight":"300","image_size":{"unit":"px","size":"65","sizes":[]},"image_border_radius":{"unit":"px","size":"15","sizes":[]},"arrows_size":{"unit":"px","size":"0","sizes":[]},"pagination_size":{"unit":"px","size":"5","sizes":[]},"pagination_color":"#3D4E60","content_gap":{"unit":"px","size":"30","sizes":[]},"image_gap":{"unit":"px","size":"20","sizes":[]}},"elements":[],"isInner":false,"widgetType":"testimonial-carousel","elType":"widget"}],"isInner":"1","elType":"column"}],"isInner":"1","elType":"section"}],"isInner":"","elType":"column"}],"isInner":"","elType":"section"}],"page_settings":[],"version":"0.4","title":"Online-Courses-home-page","type":"page"}