{"version":"0.4","title":"Law-Firm-Service-page","type":"page","content":[{"id":"57e92aa0","settings":{"content_width":{"unit":"px","size":"1200","sizes":[]},"height":"min-height","custom_height":{"unit":"px","size":"250","sizes":[]},"background_background":"classic","background_color":"#211f40","_title":"Hero","_timestamp_":"v1Smpyb2xHWDFzTnAyd291dVQ4THc0UT09"},"elements":[{"id":"390ed1fc","settings":{"_column_size":"100","space_between_widgets":"10"},"elements":[{"id":"7b569640","settings":{"align":"center","text_color":"#ffffff","typography_typography":"custom","typography_font_family":"Montserrat","typography_font_size":{"unit":"px","size":"16","sizes":[]},"typography_font_weight":"200","editor":"<p>we will do it together<\/p>","typography_text_transform":"capitalize"},"elements":[],"isInner":false,"widgetType":"text-editor","elType":"widget"},{"id":"41d973b0","settings":{"title":"Family Law","align":"center","title_color":"#ffffff","typography_typography":"custom","typography_font_family":"Merriweather","typography_font_size":{"unit":"px","size":"55","sizes":[]},"typography_font_weight":"300","typography_text_transform":"capitalize","typography_font_size_tablet":{"unit":"px","size":"50","sizes":[]},"typography_font_size_mobile":{"unit":"px","size":"40","sizes":[]},"header_size":"h1"},"elements":[],"isInner":false,"widgetType":"heading","elType":"widget"}],"isInner":"","elType":"column"}],"isInner":"","elType":"section"},{"id":"2d8fffcc","settings":{"content_width":{"unit":"px","size":"1200","sizes":[]},"structure":"20","margin":{"unit":"px","top":"150","right":"0","bottom":"80","left":"0","isLinked":""},"_title":"Intro","margin_tablet":{"unit":"px","top":"80","right":"0","bottom":"80","left":"0","isLinked":"1"},"margin_mobile":{"unit":"px","top":"80","right":"0","bottom":"80","left":"0","isLinked":"1"},"padding_tablet":{"unit":"px","top":"0","right":"25","bottom":"0","left":"25","isLinked":""},"padding_mobile":{"unit":"px","top":"0","right":"25","bottom":"0","left":"25","isLinked":""},"_timestamp_":"v1Smpyb2xHWDFzTnAyd291dVQ4THc0UT09"},"elements":[{"id":"609012be","settings":{"_column_size":"50","_inline_size":"32.75","content_position":"center","border_width":{"unit":"px","top":"0","right":"0","bottom":"0","left":"0","isLinked":"1"},"border_color":"#d3b574","padding":{"unit":"px","top":"0","right":"50","bottom":"0","left":"0","isLinked":""},"_inline_size_tablet":"45"},"elements":[{"id":"6ab19301","settings":{"title":"stay connected","title_color":"#4a4a4a","typography_typography":"custom","typography_font_family":"Montserrat","typography_font_size":{"unit":"px","size":"18","sizes":[]},"typography_font_weight":"300","_padding":{"unit":"px","top":"0","right":"0","bottom":"0","left":"30","isLinked":""},"typography_text_transform":"capitalize","header_size":"h4"},"elements":[],"isInner":false,"widgetType":"heading","elType":"widget"},{"id":"aaf7f0d","settings":{"title":"How We<br>Can Help","align":"left","title_color":"#16163f","typography_typography":"custom","typography_font_family":"Merriweather","typography_font_size":{"unit":"px","size":"50","sizes":[]},"typography_font_weight":"500","typography_text_transform":"capitalize","typography_line_height":{"unit":"em","size":"1.4","sizes":[]},"_padding":{"unit":"px","top":"0","right":"0","bottom":"0","left":"30","isLinked":""},"_border_border":"solid","_border_width":{"unit":"px","top":"0","right":"0","bottom":"0","left":"4","isLinked":""},"_border_color":"#d3b574","typography_font_size_tablet":{"unit":"px","size":"38","sizes":[]}},"elements":[],"isInner":false,"widgetType":"heading","elType":"widget"}],"isInner":"","elType":"column"},{"id":"7f8edfab","settings":{"_column_size":"50","_inline_size":"67.25","content_position":"bottom","padding":{"unit":"px","top":"0","right":"35","bottom":"10","left":"0","isLinked":""},"margin_mobile":{"unit":"px","top":"30","right":"0","bottom":"0","left":"0","isLinked":""},"padding_tablet":{"unit":"px","top":"0","right":"0","bottom":"0","left":"0","isLinked":"1"},"_inline_size_tablet":"55","padding_mobile":{"unit":"px","top":"0","right":"0","bottom":"0","left":"0","isLinked":"1"}},"elements":[{"id":"3fd94444","settings":{"align":"left","editor":"<p>Lorem ipsum dolor sit amet, conetur adiping elit Lorem ipsum dolor sit amet, cons ectetur adipiscing elit Lorem ipsum dolor sit altmet, conse ctetur adipiscing elit aloma lomiur off silder tolos. Lorem ipsum dolor sitlor amet, conetur adiping elit Lorem ipsum dolor sit amet, consetur adipisg elit aloma alor tolos.<\/p>","text_color":"#4a4a4a","typography_typography":"custom","typography_font_family":"Montserrat","typography_font_size":{"unit":"px","size":"16","sizes":[]},"typography_font_weight":"200","text_columns":"2","text_columns_tablet":"1"},"elements":[],"isInner":false,"widgetType":"text-editor","elType":"widget"}],"isInner":"","elType":"column"}],"isInner":"","elType":"section"},{"id":"39bfa252","settings":{"content_width":{"unit":"px","size":"1200","sizes":[]},"margin":{"unit":"px","top":"150","right":"0","bottom":"0","left":"0","isLinked":""},"_title":"Family Matters &amp; Domestic Relations\u200b","margin_tablet":{"unit":"px","top":"80","right":"0","bottom":"0","left":"0","isLinked":""},"_timestamp_":"v1Smpyb2xHWDFzTnAyd291dVQ4THc0UT09"},"elements":[{"id":"782a9026","settings":{"_column_size":"100","padding":{"unit":"px","top":"0","right":"0","bottom":"0","left":"0","isLinked":""}},"elements":[{"id":"a052961","settings":{"title":"helping you in family court","title_color":"#4a4a4a","typography_typography":"custom","typography_font_family":"Montserrat","typography_font_size":{"unit":"px","size":"18","sizes":[]},"typography_font_weight":"300","align":"center","typography_text_transform":"capitalize","header_size":"h4"},"elements":[],"isInner":false,"widgetType":"heading","elType":"widget"},{"id":"5baa14c2","settings":{"title":"Family matters &amp; domestic relations","align":"center","title_color":"#16163f","typography_typography":"custom","typography_font_family":"Merriweather","typography_font_size":{"unit":"px","size":"50","sizes":[]},"typography_font_weight":"300","typography_text_transform":"capitalize","typography_font_size_tablet":{"unit":"px","size":"38","sizes":[]},"typography_font_size_mobile":{"unit":"px","size":"40","sizes":[]}},"elements":[],"isInner":false,"widgetType":"heading","elType":"widget"},{"id":"7857d095","settings":{"content_width":{"unit":"px","size":"1200","sizes":[]},"structure":"20","margin":{"unit":"px","top":"50","right":"0","bottom":"0","left":"0","isLinked":""},"margin_tablet":{"unit":"px","top":"050","right":"0","bottom":"80","left":"0","isLinked":""},"padding_tablet":{"unit":"px","top":"0","right":"25","bottom":"0","left":"25","isLinked":""}},"elements":[{"id":"4f01d371","settings":{"_column_size":"50","_inline_size":"55","padding":{"unit":"px","top":"10","right":"30","bottom":"0","left":"0","isLinked":""},"_inline_size_tablet":"100","padding_tablet":{"unit":"px","top":"0","right":"0","bottom":"0","left":"0","isLinked":"1"}},"elements":[{"id":"6c7e4709","settings":{"image":{"id":1070,"url":"http:\/\/localhost\/dieuhau\/wp-content\/uploads\/2020\/09\/Legal-Advice.png"},"align_tablet":"center","width_tablet":{"unit":"%","size":"100","sizes":[]},"_margin_tablet":{"unit":"px","top":"0","right":"0","bottom":"0","left":"0","isLinked":"1"},"_padding_tablet":{"unit":"px","top":"0","right":"0","bottom":"0","left":"0","isLinked":"1"}},"elements":[],"isInner":false,"widgetType":"image","elType":"widget"}],"isInner":"1","elType":"column"},{"id":"1b9d7dfc","settings":{"_column_size":"50","_inline_size":"45","margin":{"unit":"px","top":"0","right":"0","bottom":"0","left":"0","isLinked":"1"},"padding":{"unit":"px","top":"10","right":"0","bottom":"0","left":"30","isLinked":""},"_inline_size_tablet":"100","margin_tablet":{"unit":"px","top":"50","right":"0","bottom":"0","left":"0","isLinked":""},"padding_tablet":{"unit":"px","top":"0","right":"0","bottom":"0","left":"0","isLinked":"1"}},"elements":[{"id":"5ba2d5cd","settings":{"title":"civil unions &amp; domestic partnerships","title_color":"#211f40","typography_typography":"custom","typography_font_family":"Montserrat","typography_font_size":{"unit":"px","size":"22","sizes":[]},"typography_font_weight":"600","typography_text_transform":"capitalize","header_size":"h3"},"elements":[],"isInner":false,"widgetType":"heading","elType":"widget"},{"id":"61010d40","settings":{"align":"left","editor":"<p>Lorem ipsum dolor sit amet, consectetur adipiscing elit, sed do eiusmod tempor incididunt ut labore et dolore magna aliqua. Fames ac turpis egestas integer eget. A scelerisque purus semper eget duis at tellus at urna. Pellentesque nec nam aliquam sem et tortor consequat iytd.<\/p><p>Ante in nibh mauris cursus. Tellus at urna condimentum mattis Non tellus orci ac auctor augue mauris augue neque. Egestas\u00a0 odio ut sem. Nunc lobortis mattis aliquam faucibus purus in massa olat you all the ekolor tolos years of joll ewop drty old.<\/p>","text_color":"#211f40","typography_typography":"custom","typography_font_family":"Montserrat","typography_font_size":{"unit":"px","size":"16","sizes":[]},"typography_font_weight":"200","text_columns":"1"},"elements":[],"isInner":false,"widgetType":"text-editor","elType":"widget"},{"id":"406b3050","settings":{"title":"Juvenile law","title_color":"#211f40","typography_typography":"custom","typography_font_family":"Montserrat","typography_font_size":{"unit":"px","size":"22","sizes":[]},"typography_font_weight":"600","typography_text_transform":"capitalize","header_size":"h3"},"elements":[],"isInner":false,"widgetType":"heading","elType":"widget"},{"id":"4b47c9e5","settings":{"align":"left","editor":"<p>Lorem ipsum dolor sit amet, consectetur adipiscing elit, sed do eiusmod tempor incididunt ut labore et dolore magna aliqua. Fames ac turpis egestas integer eget. A scelerisque purus semper eget duis at tellus at urna. Pellentesque nec nam aliquam sem et tortor consequat iytd.<\/p><p>Ante in nibh mauris cursus. Tellus at urna condimentum mattis pellentesque id. Non tellus orci ac auctor augue mauris augue neque. Egestas dui id ornare arcu odio ut sem.<\/p>","text_color":"#211f40","typography_typography":"custom","typography_font_family":"Montserrat","typography_font_size":{"unit":"px","size":"16","sizes":[]},"typography_font_weight":"200","text_columns":"1"},"elements":[],"isInner":false,"widgetType":"text-editor","elType":"widget"}],"isInner":"1","elType":"column"}],"isInner":"1","elType":"section"}],"isInner":"","elType":"column"}],"isInner":"","elType":"section"},{"id":"167560d9","settings":{"content_width":{"unit":"px","size":"894","sizes":[]},"height":"min-height","custom_height":{"unit":"px","size":"530","sizes":[]},"background_background":"classic","background_image":{"id":1071,"url":"http:\/\/localhost\/dieuhau\/wp-content\/uploads\/2020\/09\/Family-Law-pic.png"},"custom_height_mobile":{"unit":"px","size":"350","sizes":[]},"background_position_tablet":"center center","background_attachment":"fixed","background_repeat":"no-repeat","background_size":"cover","background_overlay_background":"classic","background_overlay_color":"#16163f","background_overlay_opacity":{"unit":"px","size":"0.8","sizes":[]},"_title":"Quote","margin":{"unit":"px","top":"150","right":"0","bottom":"150","left":"0","isLinked":"1"},"margin_tablet":{"unit":"px","top":"0","right":"0","bottom":"0","left":"0","isLinked":"1"},"background_position":"center center","_timestamp_":"v1Smpyb2xHWDFzTnAyd291dVQ4THc0UT09"},"elements":[{"id":"28e49ac4","settings":{"_column_size":"100","padding_tablet":{"unit":"px","top":"50","right":"50","bottom":"50","left":"50","isLinked":"1"},"padding_mobile":{"unit":"px","top":"20","right":"20","bottom":"20","left":"20","isLinked":"1"}},"elements":[{"id":"5da7a912","settings":{"title":"\u201cLiberty is the right to do what the law permits.\u201d","align":"center","title_color":"#ffffff","typography_typography":"custom","typography_font_family":"Merriweather","typography_font_size":{"unit":"px","size":"50","sizes":[]},"typography_font_weight":"300","typography_text_transform":"capitalize","typography_font_size_tablet":{"unit":"px","size":"40","sizes":[]},"typography_font_size_mobile":{"unit":"px","size":"30","sizes":[]},"typography_line_height":{"unit":"em","size":"1.2","sizes":[]},"motion_fx_motion_fx_scrolling":"yes","motion_fx_translateY_speed":{"unit":"px","size":"0.5","sizes":[]},"motion_fx_translateY_affectedRange":{"unit":"%","size":"","sizes":{"start":"0","end":"49"}}},"elements":[],"isInner":false,"widgetType":"heading","elType":"widget"},{"id":"23b24272","settings":{"align":"center","text_color":"#ffffff","typography_typography":"custom","typography_font_family":"Montserrat","typography_font_size":{"unit":"px","size":"16","sizes":[]},"typography_font_weight":"200","editor":"Montesquieu","typography_text_transform":"capitalize"},"elements":[],"isInner":false,"widgetType":"text-editor","elType":"widget"}],"isInner":"","elType":"column"}],"isInner":"","elType":"section"},{"id":"5bcc8c36","settings":{"content_width":{"unit":"px","size":"1200","sizes":[]},"structure":"20","margin":{"unit":"px","top":"150","right":"0","bottom":"80","left":"0","isLinked":""},"_title":"know your rights","margin_tablet":{"unit":"px","top":"80","right":"0","bottom":"0","left":"0","isLinked":""},"margin_mobile":{"unit":"px","top":"80","right":"0","bottom":"0","left":"0","isLinked":""},"padding_tablet":{"unit":"px","top":"0","right":"25","bottom":"0","left":"25","isLinked":""},"padding_mobile":{"unit":"px","top":"0","right":"25","bottom":"0","left":"25","isLinked":""},"_timestamp_":"v1Smpyb2xHWDFzTnAyd291dVQ4THc0UT09"},"elements":[{"id":"7dea79b6","settings":{"_column_size":"50","_inline_size":"32.75","content_position":"center","border_width":{"unit":"px","top":"0","right":"0","bottom":"0","left":"0","isLinked":"1"},"border_color":"#d3b574","padding":{"unit":"px","top":"0","right":"50","bottom":"0","left":"0","isLinked":""},"_inline_size_tablet":"45"},"elements":[{"id":"5ab9ce1d","settings":{"title":"plan of action","title_color":"#4a4a4a","typography_typography":"custom","typography_font_family":"Montserrat","typography_font_size":{"unit":"px","size":"18","sizes":[]},"typography_font_weight":"300","_padding":{"unit":"px","top":"0","right":"0","bottom":"0","left":"30","isLinked":""},"typography_text_transform":"capitalize","header_size":"h4"},"elements":[],"isInner":false,"widgetType":"heading","elType":"widget"},{"id":"53b639a5","settings":{"title":"know your rights","align":"left","title_color":"#16163f","typography_typography":"custom","typography_font_family":"Merriweather","typography_font_size":{"unit":"px","size":"50","sizes":[]},"typography_font_weight":"500","typography_text_transform":"capitalize","typography_line_height":{"unit":"em","size":"1.4","sizes":[]},"_padding":{"unit":"px","top":"0","right":"0","bottom":"0","left":"30","isLinked":""},"_border_border":"solid","_border_width":{"unit":"px","top":"0","right":"0","bottom":"0","left":"4","isLinked":""},"_border_color":"#d3b574","typography_font_size_tablet":{"unit":"px","size":"38","sizes":[]}},"elements":[],"isInner":false,"widgetType":"heading","elType":"widget"}],"isInner":"","elType":"column"},{"id":"3e856103","settings":{"_column_size":"50","_inline_size":"67.25","content_position":"bottom","padding":{"unit":"px","top":"0","right":"35","bottom":"10","left":"0","isLinked":""},"margin_mobile":{"unit":"px","top":"30","right":"0","bottom":"0","left":"0","isLinked":""},"padding_tablet":{"unit":"px","top":"0","right":"0","bottom":"0","left":"0","isLinked":"1"},"_inline_size_tablet":"55","padding_mobile":{"unit":"px","top":"0","right":"0","bottom":"0","left":"0","isLinked":"1"}},"elements":[{"id":"63b1aec8","settings":{"align":"left","editor":"<p class=\"p1\">Lorem ipsum dolor sit amet, conetur adiping elit Lorem ipsum dolor sit amet, cons ectetur adipiscing elit Lorem ipsum dolor sit altmet, conse ctetur adipiscing elit aloma lomiur off silder tolos. Lorem ipsum dolor sitlor amet, conetur adiping elit Lorem ipsum dolor sit amet, consetur adipisg elit aloma alor tolos.<\/p>","text_color":"#4a4a4a","typography_typography":"custom","typography_font_family":"Montserrat","typography_font_size":{"unit":"px","size":"16","sizes":[]},"typography_font_weight":"200","text_columns":"2","text_columns_tablet":"1"},"elements":[],"isInner":false,"widgetType":"text-editor","elType":"widget"}],"isInner":"","elType":"column"}],"isInner":"","elType":"section"},{"id":"305a6580","settings":{"content_width":{"unit":"px","size":"1200","sizes":[]},"structure":"30","margin":{"unit":"%","top":"0","right":"5","bottom":"0","left":"0","isLinked":""},"padding_tablet":{"unit":"px","top":"35","right":"22","bottom":"35","left":"22","isLinked":""},"_title":"Steps","margin_mobile":{"unit":"px","top":"0","right":"0","bottom":"0","left":"0","isLinked":""},"background_background":"classic","background_color":"#ffffff","border_color":"#d3b574","box_shadow_box_shadow":{"horizontal":"0","vertical":"0","blur":"30","spread":"0","color":"rgba(0,0,0,0.1)"},"padding":{"unit":"px","top":"0","right":"70","bottom":"50","left":"70","isLinked":""},"padding_mobile":{"unit":"px","top":"35","right":"35","bottom":"35","left":"35","isLinked":"1"},"motion_fx_translateY_effect":"yes","motion_fx_translateY_speed":{"unit":"px","size":"5","sizes":[]},"motion_fx_translateY_affectedRange":{"unit":"%","size":"","sizes":{"start":"0","end":"50"}},"motion_fx_opacity_range":{"unit":"%","size":"","sizes":{"start":"0","end":"20"}},"_timestamp_":"v1Smpyb2xHWDFzTnAyd291dVQ4THc0UT09"},"elements":[{"id":"26a2c262","settings":{"_column_size":"33","content_position":"center","background_background":"classic","background_color":"#ffffff","border_border":"solid","border_width":{"unit":"px","top":"0","right":"0","bottom":"0","left":"4","isLinked":""},"border_color":"#d3b574","box_shadow_box_shadow_type":"yes","box_shadow_box_shadow":{"horizontal":"0","vertical":"0","blur":"30","spread":"0","color":"rgba(0,0,0,0.1)"},"margin":{"unit":"%","top":"0","right":"5","bottom":"0","left":"0","isLinked":""},"margin_mobile":{"unit":"px","top":"0","right":"0","bottom":"0","left":"0","isLinked":""},"padding":{"unit":"px","top":"50","right":"70","bottom":"50","left":"70","isLinked":""},"padding_tablet":{"unit":"px","top":"35","right":"22","bottom":"35","left":"22","isLinked":""},"padding_mobile":{"unit":"px","top":"35","right":"35","bottom":"35","left":"35","isLinked":"1"},"motion_fx_motion_fx_scrolling":"yes","motion_fx_translateY_effect":"yes","motion_fx_translateY_speed":{"unit":"px","size":"5","sizes":[]},"motion_fx_translateY_affectedRange":{"unit":"%","size":"","sizes":{"start":"0","end":"50"}},"motion_fx_opacity_range":{"unit":"%","size":"","sizes":{"start":"0","end":"20"}}},"elements":[{"id":"62adc141","settings":{"title":"01","align":"left","title_color":"#211f40","typography_typography":"custom","typography_font_family":"Montserrat","typography_font_size":{"unit":"px","size":"50","sizes":[]},"typography_font_weight":"700","typography_font_size_tablet":{"unit":"px","size":"45","sizes":[]}},"elements":[],"isInner":false,"widgetType":"heading","elType":"widget"},{"id":"886c2bc","settings":{"title":"One step ahead","title_color":"#4a4a4a","typography_typography":"custom","typography_font_family":"Montserrat","typography_font_size":{"unit":"px","size":"20","sizes":[]},"typography_font_weight":"400","typography_line_height":{"unit":"em","size":"1.4","sizes":[]},"_margin":{"unit":"%","top":"0","right":"10","bottom":"0","left":"0","isLinked":""},"typography_font_size_tablet":{"unit":"px","size":"18","sizes":[]},"typography_text_transform":"capitalize","header_size":"h3"},"elements":[],"isInner":false,"widgetType":"heading","elType":"widget"},{"id":"7addfab","settings":{"align":"left","editor":"Lorem ipsum dolor sit amet of, cotns ctetur all of the adip scing  sed do eiusmod dunt.","text_color":"#211f40","typography_typography":"custom","typography_font_family":"Montserrat","typography_font_size":{"unit":"px","size":"16","sizes":[]},"typography_font_weight":"200"},"elements":[],"isInner":false,"widgetType":"text-editor","elType":"widget"}],"isInner":"","elType":"column"},{"id":"6f396169","settings":{"_column_size":"33","content_position":"center","background_background":"classic","background_color":"#ffffff","border_border":"solid","border_width":{"unit":"px","top":"0","right":"0","bottom":"0","left":"4","isLinked":""},"border_color":"#d3b574","box_shadow_box_shadow_type":"yes","box_shadow_box_shadow":{"horizontal":"0","vertical":"0","blur":"30","spread":"0","color":"rgba(0,0,0,0.1)"},"margin":{"unit":"%","top":"0","right":"5","bottom":"0","left":"0","isLinked":""},"margin_mobile":{"unit":"px","top":"0","right":"0","bottom":"0","left":"0","isLinked":""},"padding":{"unit":"px","top":"50","right":"70","bottom":"50","left":"70","isLinked":""},"padding_tablet":{"unit":"px","top":"35","right":"22","bottom":"35","left":"22","isLinked":""},"padding_mobile":{"unit":"px","top":"35","right":"35","bottom":"35","left":"35","isLinked":"1"},"motion_fx_motion_fx_scrolling":"yes","motion_fx_translateY_effect":"yes","motion_fx_translateY_speed":{"unit":"px","size":"7","sizes":[]},"motion_fx_translateY_affectedRange":{"unit":"%","size":"","sizes":{"start":"0","end":"50"}},"motion_fx_opacity_level":{"unit":"px","size":"6","sizes":[]},"motion_fx_opacity_range":{"unit":"%","size":"","sizes":{"start":"0","end":"50"}}},"elements":[{"id":"2e8316fa","settings":{"title":"02","align":"left","title_color":"#211f40","typography_typography":"custom","typography_font_family":"Montserrat","typography_font_size":{"unit":"px","size":"50","sizes":[]},"typography_font_weight":"700","typography_font_size_tablet":{"unit":"px","size":"45","sizes":[]}},"elements":[],"isInner":false,"widgetType":"heading","elType":"widget"},{"id":"23910546","settings":{"title":"building your case","title_color":"#4a4a4a","typography_typography":"custom","typography_font_family":"Montserrat","typography_font_size":{"unit":"px","size":"20","sizes":[]},"typography_font_weight":"400","typography_line_height":{"unit":"em","size":"1.4","sizes":[]},"_margin":{"unit":"%","top":"0","right":"5","bottom":"0","left":"0","isLinked":""},"typography_font_size_tablet":{"unit":"px","size":"18","sizes":[]},"_margin_tablet":{"unit":"px","top":"0","right":"0","bottom":"0","left":"0","isLinked":"1"},"typography_text_transform":"capitalize","header_size":"h3"},"elements":[],"isInner":false,"widgetType":"heading","elType":"widget"},{"id":"4b5e04dc","settings":{"align":"left","editor":"Lorem ipsum dolor sit amet of, cotns ctetur all of the adip scing  sed do eiusmod dunt.","text_color":"#211f40","typography_typography":"custom","typography_font_family":"Montserrat","typography_font_size":{"unit":"px","size":"16","sizes":[]},"typography_font_weight":"200"},"elements":[],"isInner":false,"widgetType":"text-editor","elType":"widget"}],"isInner":"","elType":"column"},{"id":"360ad49f","settings":{"_column_size":"33","content_position":"center","background_background":"classic","background_color":"#ffffff","border_border":"solid","border_width":{"unit":"px","top":"0","right":"0","bottom":"0","left":"4","isLinked":""},"border_color":"#d3b574","box_shadow_box_shadow_type":"yes","box_shadow_box_shadow":{"horizontal":"0","vertical":"0","blur":"30","spread":"0","color":"rgba(0,0,0,0.1)"},"margin":{"unit":"%","top":"0","right":"0","bottom":"0","left":"0","isLinked":""},"margin_mobile":{"unit":"px","top":"0","right":"0","bottom":"0","left":"0","isLinked":""},"padding":{"unit":"px","top":"50","right":"70","bottom":"50","left":"70","isLinked":""},"padding_tablet":{"unit":"px","top":"35","right":"22","bottom":"35","left":"22","isLinked":""},"padding_mobile":{"unit":"px","top":"35","right":"35","bottom":"35","left":"35","isLinked":""},"margin_tablet":{"unit":"px","top":"0","right":"0","bottom":"0","left":"0","isLinked":"1"},"motion_fx_motion_fx_scrolling":"yes","motion_fx_translateY_effect":"yes","motion_fx_translateY_speed":{"unit":"px","size":"9","sizes":[]},"motion_fx_translateY_affectedRange":{"unit":"%","size":"","sizes":{"start":"0","end":"50"}},"motion_fx_opacity_level":{"unit":"px","size":"8","sizes":[]},"motion_fx_opacity_range":{"unit":"%","size":"","sizes":{"start":"0","end":"50"}}},"elements":[{"id":"1268ba8d","settings":{"title":"03","align":"left","title_color":"#211f40","typography_typography":"custom","typography_font_family":"Montserrat","typography_font_size":{"unit":"px","size":"50","sizes":[]},"typography_font_weight":"700","typography_font_size_tablet":{"unit":"px","size":"45","sizes":[]}},"elements":[],"isInner":false,"widgetType":"heading","elType":"widget"},{"id":"1191900d","settings":{"title":"achieving your goals","title_color":"#4a4a4a","typography_typography":"custom","typography_font_family":"Montserrat","typography_font_size":{"unit":"px","size":"20","sizes":[]},"typography_font_weight":"400","typography_line_height":{"unit":"em","size":"1.4","sizes":[]},"_margin":{"unit":"%","top":"","right":"","bottom":"","left":"","isLinked":"1"},"typography_font_size_tablet":{"unit":"px","size":"18","sizes":[]},"typography_text_transform":"capitalize","header_size":"h3"},"elements":[],"isInner":false,"widgetType":"heading","elType":"widget"},{"id":"6db4e55d","settings":{"align":"left","editor":"Lorem ipsum dolor sit amet of, cotns ctetur all of the adip scing  sed do eiusmod dunt.","text_color":"#211f40","typography_typography":"custom","typography_font_family":"Montserrat","typography_font_size":{"unit":"px","size":"16","sizes":[]},"typography_font_weight":"200"},"elements":[],"isInner":false,"widgetType":"text-editor","elType":"widget"}],"isInner":"","elType":"column"}],"isInner":"","elType":"section"},{"id":"7279b375","settings":{"content_width":{"unit":"px","size":"1200","sizes":[]},"custom_height":{"unit":"px","size":"530","sizes":[]},"background_background":"classic","margin":{"unit":"px","top":"150","right":"0","bottom":"150","left":"0","isLinked":""},"_title":"CTA","margin_mobile":{"unit":"px","top":"80","right":"0","bottom":"80","left":"0","isLinked":""},"padding_tablet":{"unit":"px","top":"0","right":"15","bottom":"0","left":"15","isLinked":""},"margin_tablet":{"unit":"px","top":"80","right":"0","bottom":"80","left":"0","isLinked":"1"},"_timestamp_":"v1Smpyb2xHWDFzTnAyd291dVQ4THc0UT09"},"elements":[{"id":"6feb5b0c","settings":{"_column_size":"100","background_background":"classic","background_color":"#16163f","box_shadow_box_shadow_type":"yes","box_shadow_box_shadow":{"horizontal":"0","vertical":"0","blur":"30","spread":"0","color":"rgba(0,0,0,0.15)"},"padding":{"unit":"px","top":"100","right":"200","bottom":"100","left":"200","isLinked":""},"padding_tablet":{"unit":"px","top":"80","right":"80","bottom":"80","left":"80","isLinked":""},"padding_mobile":{"unit":"px","top":"50","right":"50","bottom":"50","left":"50","isLinked":"1"}},"elements":[{"id":"700e2adb","settings":{"title":"we are part of the family. all the way through.","align":"center","title_color":"#ffffff","typography_typography":"custom","typography_font_family":"Merriweather","typography_font_size":{"unit":"px","size":"55","sizes":[]},"typography_font_weight":"100","typography_text_transform":"capitalize","typography_line_height":{"unit":"em","size":"1.4","sizes":[]},"typography_font_size_mobile":{"unit":"px","size":"32","sizes":[]},"typography_font_size_tablet":{"unit":"px","size":"45","sizes":[]}},"elements":[],"isInner":false,"widgetType":"heading","elType":"widget"},{"id":"2240fa2c","settings":{"align":"center","editor":"Lorem ipsum dolor sit amet, conetur adiping elit Lorem ipsum dolor sit amet, consectetur adipiscing elit.","text_color":"#ffffff","typography_typography":"custom","typography_font_family":"Montserrat","typography_font_size":{"unit":"px","size":"16","sizes":[]},"typography_font_weight":"200","_margin":{"unit":"px","top":"0","right":"80","bottom":"0","left":"80","isLinked":""},"_margin_tablet":{"unit":"px","top":"0","right":"0","bottom":"0","left":"0","isLinked":"1"}},"elements":[],"isInner":false,"widgetType":"text-editor","elType":"widget"},{"id":"583a65cf","settings":{"text":"Contact Us","align":"center","icon":"fa fa-long-arrow-right","icon_align":"right","icon_indent":{"unit":"px","size":"10","sizes":[]},"typography_typography":"custom","typography_font_family":"Montserrat","typography_font_size":{"unit":"px","size":"16","sizes":[]},"typography_font_weight":"400","button_text_color":"#16163f","background_color":"#d3b574","border_radius":{"unit":"px","top":"0","right":"0","bottom":"0","left":"0","isLinked":"1"},"button_background_hover_color":"#ffffff","size":"md","_margin":{"unit":"px","top":"30","right":"0","bottom":"0","left":"0","isLinked":""},"_margin_mobile":{"unit":"px","top":"30","right":"0","bottom":"0","left":"0","isLinked":""},"typography_text_transform":"capitalize","selected_icon":{"value":"fas fa-long-arrow-alt-right","library":"fa-solid"},"__fa4_migrated":{"selected_icon":"1"}},"elements":[],"isInner":false,"widgetType":"button","elType":"widget"}],"isInner":"","elType":"column"}],"isInner":"","elType":"section"},{"id":"18c453a5","settings":{"content_width":{"unit":"px","size":"1200","sizes":[]},"structure":"20","margin":{"unit":"px","top":"0","right":"0","bottom":"150","left":"0","isLinked":""},"_title":"Service Includes","_timestamp_":"v1Smpyb2xHWDFzTnAyd291dVQ4THc0UT09"},"elements":[{"id":"4ed18222","settings":{"_column_size":"50","_inline_size":"45","padding":{"unit":"px","top":"0","right":"80","bottom":"0","left":"0","isLinked":""},"_inline_size_tablet":"100","padding_tablet":{"unit":"px","top":"0","right":"100","bottom":"0","left":"25","isLinked":""},"padding_mobile":{"unit":"px","top":"0","right":"30","bottom":"0","left":"25","isLinked":""}},"elements":[{"id":"28b73baa","settings":{"title":"you are not alone","title_color":"#4a4a4a","typography_typography":"custom","typography_font_family":"Montserrat","typography_font_size":{"unit":"px","size":"18","sizes":[]},"typography_font_weight":"300","_padding":{"unit":"px","top":"0","right":"0","bottom":"0","left":"30","isLinked":""},"typography_text_transform":"capitalize","header_size":"h4"},"elements":[],"isInner":false,"widgetType":"heading","elType":"widget"},{"id":"76b23c34","settings":{"title":"our professional services Include:","align":"left","title_color":"#16163f","typography_typography":"custom","typography_font_family":"Merriweather","typography_font_size":{"unit":"px","size":"50","sizes":[]},"typography_font_weight":"300","typography_text_transform":"capitalize","typography_line_height":{"unit":"em","size":"1.4","sizes":[]},"_padding":{"unit":"px","top":"0","right":"0","bottom":"0","left":"30","isLinked":""},"_border_border":"solid","_border_width":{"unit":"px","top":"0","right":"0","bottom":"0","left":"4","isLinked":""},"_border_color":"#d3b574","typography_font_size_tablet":{"unit":"px","size":"38","sizes":[]},"typography_font_size_mobile":{"unit":"px","size":"32","sizes":[]}},"elements":[],"isInner":false,"widgetType":"heading","elType":"widget"},{"id":"53f16e1b","settings":{"align":"left","editor":"<p>Lorem ipsum dolor sit amet, consectetur adipiscing elit, sed do eiusmod tempor incididunt ut labore et dolore magna aliqua. Ut enim ad minim veniam, quis nostrud.<\/p>","text_color":"#211f40","typography_typography":"custom","typography_font_family":"Montserrat","typography_font_size":{"unit":"px","size":"16","sizes":[]},"typography_font_weight":"200"},"elements":[],"isInner":false,"widgetType":"text-editor","elType":"widget"},{"id":"50805891","settings":{"title":"Issues that may arise in family law","title_color":"#211f40","typography_typography":"custom","typography_font_family":"Montserrat","typography_font_size":{"unit":"px","size":"22","sizes":[]},"typography_font_weight":"600","typography_text_transform":"capitalize","header_size":"h3"},"elements":[],"isInner":false,"widgetType":"heading","elType":"widget"},{"id":"d746bbd","settings":{"icon_list":[{"text":"Lorem ipsum dolor sit amet the old con ectetur","_id":"4bfaca4"},{"text":"Lorem ipsum dolor sit amet the old con ectetur","_id":"aea244f"},{"text":"Lorem ipsum dolor sit amet the old con ectetur","_id":"044a8fe"},{"text":"Lorem ipsum dolor sit amet the old con ectetur","_id":"e13c8c4"}],"space_between":{"unit":"px","size":"10","sizes":[]},"icon_align":"left","icon_color":"#211f40","icon_size":{"unit":"px","size":"15","sizes":[]},"icon_self_align":"left","text_color":"#211f40","text_indent":{"unit":"px","size":"10","sizes":[]},"icon_typography_typography":"custom","icon_typography_font_family":"Montserrat","icon_typography_font_size":{"unit":"px","size":"16","sizes":[]},"icon_typography_font_weight":"300"},"elements":[],"isInner":false,"widgetType":"icon-list","elType":"widget"}],"isInner":"","elType":"column"},{"id":"3411b179","settings":{"_column_size":"50","_inline_size":"55","content_position":"top","padding":{"unit":"px","top":"0","right":"0","bottom":"0","left":"0","isLinked":"1"},"_inline_size_tablet":"100"},"elements":[{"id":"7764b129","settings":{"structure":"20","margin":{"unit":"px","top":"0","right":"0","bottom":"0","left":"0","isLinked":"1"},"motion_fx_motion_fx_scrolling":"yes","motion_fx_translateY_effect":"yes","motion_fx_translateY_speed":{"unit":"px","size":"1","sizes":[]},"motion_fx_translateY_affectedRange":{"unit":"%","size":"","sizes":{"start":"0","end":"50"}},"motion_fx_opacity_effect":"yes","motion_fx_opacity_range":{"unit":"%","size":"","sizes":{"start":"0","end":"30"}},"margin_tablet":{"unit":"px","top":"50","right":"0","bottom":"0","left":"0","isLinked":""},"padding_tablet":{"unit":"px","top":"0","right":"20","bottom":"0","left":"20","isLinked":""},"motion_fx_devices":["desktop"]},"elements":[{"id":"2dc9af14","settings":{"_column_size":"50","motion_fx_translateY_effect":"yes","motion_fx_translateY_speed":{"unit":"px","size":"1","sizes":[]},"motion_fx_translateY_affectedRange":{"unit":"%","size":"","sizes":{"start":"0","end":"50"}},"motion_fx_opacity_effect":"yes","motion_fx_opacity_range":{"unit":"%","size":"","sizes":{"start":"0","end":"50"}},"content_position":"top","padding":{"unit":"px","top":"0","right":"15","bottom":"0","left":"0","isLinked":""},"_inline_size_tablet":"50","padding_mobile":{"unit":"px","top":"0","right":"0","bottom":"0","left":"0","isLinked":"1"}},"elements":[{"id":"2e52d41d","settings":{"skin":"cover","bg_image":{"url":"","id":""},"title":"","description":"Lorem ipsum dolor sit amet, consectetur adipiscing elit. Etiam porta sem fringilla dui vulputate, sit amet iaculis magna sagittis.","button":"","vertical_position":"middle","title_typography_typography":"custom","title_typography_font_family":"Montserrat","title_typography_font_size":{"unit":"px","size":"20","sizes":[]},"title_typography_font_weight":"400","description_typography_typography":"custom","description_typography_font_family":"Montserrat","description_typography_font_size":{"unit":"px","size":"15","sizes":[]},"description_typography_font_weight":"300","title_color":"#4a4a4a","description_color":"#4a4a4a","content_animation":"","transformation":"","overlay_color_hover":"#ffffff","effect_duration":{"unit":"px","size":"0","sizes":[]},"_background_background":"classic","_background_color":"#ffffff","_border_border":"solid","_border_width":{"unit":"px","top":"4","right":"0","bottom":"0","left":"0","isLinked":""},"_border_color":"#6c6b7d","_box_shadow_box_shadow_type":"yes","_box_shadow_box_shadow":{"horizontal":"0","vertical":"0","blur":"20","spread":"0","color":"rgba(0,0,0,0.1)"},"link":{"url":"#","is_external":"","nofollow":""},"link_click":"box","_border_hover_border":"solid","_border_hover_color":"#d3b574","title_typography_text_transform":"capitalize","graphic_image":{"id":"1021","url":"http:\/\/localhost\/dieuhau\/wp-content\/uploads\/2020\/09\/placeholder.png"},"min-height":{"unit":"px","size":"220","sizes":[]},"padding":{"unit":"px","top":"35","right":"35","bottom":"35","left":"35","isLinked":"1"}},"elements":[],"isInner":false,"widgetType":"call-to-action","elType":"widget"}],"isInner":"1","elType":"column"},{"id":"69de0988","settings":{"_column_size":"50","padding":{"unit":"px","top":"0","right":"0","bottom":"0","left":"15","isLinked":""},"margin_mobile":{"unit":"px","top":"30","right":"0","bottom":"0","left":"0","isLinked":""},"padding_mobile":{"unit":"px","top":"0","right":"0","bottom":"0","left":"0","isLinked":"1"}},"elements":[{"id":"7a2bb25e","settings":{"skin":"cover","bg_image":{"url":"","id":""},"title":"","description":"Lorem ipsum dolor sit amet, consectetur adipiscing elit. Etiam porta sem fringilla dui vulputate, sit amet iaculis magna sagittis.","button":"","vertical_position":"middle","title_typography_typography":"custom","title_typography_font_family":"Montserrat","title_typography_font_size":{"unit":"px","size":"20","sizes":[]},"title_typography_font_weight":"400","description_typography_typography":"custom","description_typography_font_family":"Montserrat","description_typography_font_size":{"unit":"px","size":"15","sizes":[]},"description_typography_font_weight":"300","title_color":"#4a4a4a","description_color":"#4a4a4a","content_animation":"","transformation":"","overlay_color_hover":"#ffffff","effect_duration":{"unit":"px","size":"0","sizes":[]},"_background_background":"classic","_background_color":"#ffffff","_border_border":"solid","_border_width":{"unit":"px","top":"4","right":"0","bottom":"0","left":"0","isLinked":""},"_border_color":"#6c6b7d","_box_shadow_box_shadow_type":"yes","_box_shadow_box_shadow":{"horizontal":"0","vertical":"0","blur":"20","spread":"0","color":"rgba(0,0,0,0.1)"},"link":{"url":"#","is_external":"","nofollow":""},"link_click":"box","_border_hover_border":"solid","_border_hover_color":"#d3b574","title_typography_text_transform":"capitalize","graphic_image":{"id":"1021","url":"http:\/\/localhost\/dieuhau\/wp-content\/uploads\/2020\/09\/placeholder.png"},"min-height":{"unit":"px","size":"220","sizes":[]}},"elements":[],"isInner":false,"widgetType":"call-to-action","elType":"widget"}],"isInner":"1","elType":"column"}],"isInner":"1","elType":"section"},{"id":"7650e71c","settings":{"structure":"20","margin":{"unit":"px","top":"0","right":"0","bottom":"0","left":"0","isLinked":"1"},"motion_fx_motion_fx_scrolling":"yes","motion_fx_translateY_effect":"yes","motion_fx_translateY_speed":{"unit":"px","size":"1.5","sizes":[]},"motion_fx_translateY_affectedRange":{"unit":"%","size":"","sizes":{"start":"0","end":"40"}},"motion_fx_opacity_effect":"yes","motion_fx_opacity_range":{"unit":"%","size":"","sizes":{"start":"0","end":"40"}},"margin_tablet":{"unit":"px","top":"20","right":"0","bottom":"0","left":"0","isLinked":""},"padding_tablet":{"unit":"px","top":"0","right":"20","bottom":"0","left":"20","isLinked":""},"motion_fx_devices":["desktop"]},"elements":[{"id":"43f1b1c2","settings":{"_column_size":"50","motion_fx_translateY_effect":"yes","motion_fx_translateY_speed":{"unit":"px","size":"1","sizes":[]},"motion_fx_translateY_affectedRange":{"unit":"%","size":"","sizes":{"start":"0","end":"50"}},"motion_fx_opacity_effect":"yes","motion_fx_opacity_range":{"unit":"%","size":"","sizes":{"start":"0","end":"50"}},"content_position":"top","padding":{"unit":"px","top":"0","right":"15","bottom":"0","left":"0","isLinked":""},"padding_mobile":{"unit":"px","top":"0","right":"0","bottom":"0","left":"0","isLinked":"1"}},"elements":[{"id":"46d4503","settings":{"skin":"cover","bg_image":{"url":"","id":""},"title":"","description":"Lorem ipsum dolor sit amet, consectetur adipiscing elit. Etiam porta sem fringilla dui vulputate, sit amet iaculis magna sagittis.","button":"","vertical_position":"middle","title_typography_typography":"custom","title_typography_font_family":"Montserrat","title_typography_font_size":{"unit":"px","size":"20","sizes":[]},"title_typography_font_weight":"400","description_typography_typography":"custom","description_typography_font_family":"Montserrat","description_typography_font_size":{"unit":"px","size":"15","sizes":[]},"description_typography_font_weight":"300","title_color":"#4a4a4a","description_color":"#4a4a4a","content_animation":"","transformation":"","overlay_color_hover":"#ffffff","effect_duration":{"unit":"px","size":"0","sizes":[]},"_background_background":"classic","_background_color":"#ffffff","_border_border":"solid","_border_width":{"unit":"px","top":"4","right":"0","bottom":"0","left":"0","isLinked":""},"_border_color":"#6c6b7d","_box_shadow_box_shadow_type":"yes","_box_shadow_box_shadow":{"horizontal":"0","vertical":"0","blur":"20","spread":"0","color":"rgba(0,0,0,0.1)"},"link":{"url":"#","is_external":"","nofollow":""},"link_click":"box","_border_hover_border":"solid","_border_hover_color":"#d3b574","title_typography_text_transform":"capitalize","graphic_image":{"id":"1021","url":"http:\/\/localhost\/dieuhau\/wp-content\/uploads\/2020\/09\/placeholder.png"},"min-height":{"unit":"px","size":"220","sizes":[]}},"elements":[],"isInner":false,"widgetType":"call-to-action","elType":"widget"}],"isInner":"1","elType":"column"},{"id":"6411d794","settings":{"_column_size":"50","padding":{"unit":"px","top":"0","right":"0","bottom":"0","left":"15","isLinked":""},"margin_mobile":{"unit":"px","top":"30","right":"0","bottom":"0","left":"0","isLinked":""},"padding_mobile":{"unit":"px","top":"0","right":"0","bottom":"0","left":"0","isLinked":"1"}},"elements":[{"id":"543dd2d4","settings":{"skin":"cover","bg_image":{"url":"","id":""},"title":"","description":"Lorem ipsum dolor sit amet, consectetur adipiscing elit. Etiam porta sem fringilla dui vulputate, sit amet iaculis magna sagittis.","button":"","vertical_position":"middle","title_typography_typography":"custom","title_typography_font_family":"Montserrat","title_typography_font_size":{"unit":"px","size":"20","sizes":[]},"title_typography_font_weight":"400","description_typography_typography":"custom","description_typography_font_family":"Montserrat","description_typography_font_size":{"unit":"px","size":"15","sizes":[]},"description_typography_font_weight":"300","title_color":"#4a4a4a","description_color":"#4a4a4a","content_animation":"","transformation":"","overlay_color_hover":"#ffffff","effect_duration":{"unit":"px","size":"0","sizes":[]},"_background_background":"classic","_background_color":"#ffffff","_border_border":"solid","_border_width":{"unit":"px","top":"4","right":"0","bottom":"0","left":"0","isLinked":""},"_border_color":"#6c6b7d","_box_shadow_box_shadow_type":"yes","_box_shadow_box_shadow":{"horizontal":"0","vertical":"0","blur":"20","spread":"0","color":"rgba(0,0,0,0.1)"},"link":{"url":"#","is_external":"","nofollow":""},"link_click":"box","_border_hover_border":"solid","_border_hover_color":"#d3b574","title_typography_text_transform":"capitalize","graphic_image":{"id":"1021","url":"http:\/\/localhost\/dieuhau\/wp-content\/uploads\/2020\/09\/placeholder.png"},"min-height":{"unit":"px","size":"220","sizes":[]}},"elements":[],"isInner":false,"widgetType":"call-to-action","elType":"widget"}],"isInner":"1","elType":"column"}],"isInner":"1","elType":"section"}],"isInner":"","elType":"column"}],"isInner":"","elType":"section"}]}