{"version":"0.4","title":"Law-Firm-Partner-page","type":"page","content":[{"id":"49eb1e73","settings":{"content_width":{"unit":"px","size":"1200","sizes":[]},"height":"min-height","custom_height":{"unit":"px","size":"250","sizes":[]},"background_background":"classic","background_color":"#211f40","_title":"Hero","_timestamp_":"v1Smpyb2xHWDFzTnAyd291dVQ4THc0UT09"},"elements":[{"id":"20fd5cf4","settings":{"_column_size":"100","space_between_widgets":"10"},"elements":[{"id":"f244b81","settings":{"align":"center","text_color":"#ffffff","typography_typography":"custom","typography_font_family":"Montserrat","typography_font_size":{"unit":"px","size":"16","sizes":[]},"typography_font_weight":"200","editor":"<p>Founding Partner<\/p>","typography_text_transform":"capitalize"},"elements":[],"isInner":false,"widgetType":"text-editor","elType":"widget"},{"id":"6144efec","settings":{"title":"Brian Lewis","align":"center","title_color":"#ffffff","typography_typography":"custom","typography_font_family":"Merriweather","typography_font_size":{"unit":"px","size":"55","sizes":[]},"typography_font_weight":"300","typography_text_transform":"capitalize","typography_font_size_tablet":{"unit":"px","size":"50","sizes":[]},"typography_font_size_mobile":{"unit":"px","size":"40","sizes":[]},"header_size":"h1"},"elements":[],"isInner":false,"widgetType":"heading","elType":"widget"}],"isInner":"","elType":"column"}],"isInner":"","elType":"section"},{"id":"67504f36","settings":{"content_width":{"unit":"px","size":"1200","sizes":[]},"structure":"20","margin":{"unit":"px","top":"150","right":"0","bottom":"80","left":"0","isLinked":""},"_title":"Intro","margin_tablet":{"unit":"px","top":"80","right":"0","bottom":"80","left":"0","isLinked":"1"},"margin_mobile":{"unit":"px","top":"80","right":"0","bottom":"80","left":"0","isLinked":"1"},"padding_tablet":{"unit":"px","top":"0","right":"25","bottom":"0","left":"25","isLinked":""},"padding_mobile":{"unit":"px","top":"0","right":"15","bottom":"0","left":"15","isLinked":""},"_timestamp_":"v1Smpyb2xHWDFzTnAyd291dVQ4THc0UT09"},"elements":[{"id":"4b73139d","settings":{"_column_size":"50","_inline_size":"32.75","content_position":"center","border_width":{"unit":"px","top":"0","right":"0","bottom":"0","left":"0","isLinked":"1"},"border_color":"#d3b574","padding":{"unit":"px","top":"0","right":"50","bottom":"0","left":"0","isLinked":""},"_inline_size_tablet":"45"},"elements":[{"id":"6dc67766","settings":{"title":"the vision","title_color":"#4a4a4a","typography_typography":"custom","typography_font_family":"Montserrat","typography_font_size":{"unit":"px","size":"18","sizes":[]},"typography_font_weight":"300","_padding":{"unit":"px","top":"0","right":"0","bottom":"0","left":"30","isLinked":""},"typography_text_transform":"capitalize","header_size":"h4"},"elements":[],"isInner":false,"widgetType":"heading","elType":"widget"},{"id":"331e2f3e","settings":{"title":"from the beginning","align":"left","title_color":"#16163f","typography_typography":"custom","typography_font_family":"Merriweather","typography_font_size":{"unit":"px","size":"50","sizes":[]},"typography_font_weight":"500","typography_text_transform":"capitalize","typography_line_height":{"unit":"em","size":"1.4","sizes":[]},"_padding":{"unit":"px","top":"0","right":"0","bottom":"0","left":"30","isLinked":""},"_border_border":"solid","_border_width":{"unit":"px","top":"0","right":"0","bottom":"0","left":"4","isLinked":""},"_border_color":"#d3b574","typography_font_size_tablet":{"unit":"px","size":"38","sizes":[]}},"elements":[],"isInner":false,"widgetType":"heading","elType":"widget"}],"isInner":"","elType":"column"},{"id":"77391760","settings":{"_column_size":"50","_inline_size":"67.25","content_position":"bottom","padding":{"unit":"px","top":"0","right":"35","bottom":"10","left":"0","isLinked":""},"margin_mobile":{"unit":"px","top":"30","right":"0","bottom":"0","left":"0","isLinked":""},"padding_tablet":{"unit":"px","top":"0","right":"0","bottom":"0","left":"0","isLinked":"1"},"_inline_size_tablet":"55","padding_mobile":{"unit":"px","top":"0","right":"0","bottom":"0","left":"0","isLinked":"1"}},"elements":[{"id":"640e7170","settings":{"align":"left","editor":"<p class=\"p1\">Lorem ipsum dolor sit amet, conetur adiping elit Lorem ipsum dolor sit amet, cons ectetur adipiscing elit Lorem ipsum dolor sit altmet, conse ctetur adipiscing elit aloma lomiur off silder tolos. Lorem ipsum dolor sitlor amet, conetur adiping elit Lorem ipsum dolor sit amet, consetur adipisg elit aloma alor tolos.<\/p>","text_color":"#4a4a4a","typography_typography":"custom","typography_font_family":"Montserrat","typography_font_size":{"unit":"px","size":"16","sizes":[]},"typography_font_weight":"200","text_columns":"2","text_columns_tablet":"1"},"elements":[],"isInner":false,"widgetType":"text-editor","elType":"widget"}],"isInner":"","elType":"column"}],"isInner":"","elType":"section"},{"id":"5b6a285b","settings":{"content_width":{"unit":"px","size":"1200","sizes":[]},"margin":{"unit":"px","top":"150","right":"0","bottom":"0","left":"0","isLinked":""},"_title":"Overview And Experience\u200b \u200bHeadline","margin_mobile":{"unit":"px","top":"0","right":"0","bottom":"0","left":"0","isLinked":"1"},"margin_tablet":{"unit":"px","top":"0","right":"0","bottom":"0","left":"0","isLinked":"1"},"_timestamp_":"v1Smpyb2xHWDFzTnAyd291dVQ4THc0UT09"},"elements":[{"id":"546f0613","settings":{"_column_size":"100"},"elements":[{"id":"7a8cf632","settings":{"title":"law is not a fair game","title_color":"#4a4a4a","typography_typography":"custom","typography_font_family":"Montserrat","typography_font_size":{"unit":"px","size":"18","sizes":[]},"typography_font_weight":"300","align":"center","typography_text_transform":"capitalize","header_size":"h4"},"elements":[],"isInner":false,"widgetType":"heading","elType":"widget"},{"id":"581c025d","settings":{"title":"Overview And Experience","align":"center","title_color":"#16163f","typography_typography":"custom","typography_font_family":"Merriweather","typography_font_size":{"unit":"px","size":"50","sizes":[]},"typography_font_weight":"300","typography_text_transform":"capitalize","typography_font_size_tablet":{"unit":"px","size":"45","sizes":[]},"typography_font_size_mobile":{"unit":"px","size":"40","sizes":[]}},"elements":[],"isInner":false,"widgetType":"heading","elType":"widget"}],"isInner":"","elType":"column"}],"isInner":"","elType":"section"},{"id":"657ac029","settings":{"content_width":{"unit":"px","size":"1200","sizes":[]},"structure":"20","margin":{"unit":"px","top":"50","right":"0","bottom":"0","left":"0","isLinked":""},"_title":"Overview And Experience\u200b","margin_mobile":{"unit":"px","top":"50","right":"0","bottom":"0","left":"0","isLinked":""},"padding_tablet":{"unit":"px","top":"0","right":"25","bottom":"0","left":"25","isLinked":""},"_timestamp_":"v1Smpyb2xHWDFzTnAyd291dVQ4THc0UT09"},"elements":[{"id":"12115dd5","settings":{"_column_size":"50","padding":{"unit":"px","top":"0","right":"50","bottom":"0","left":"0","isLinked":""},"content_position":"top","_inline_size_tablet":"100","content_position_tablet":"top","padding_tablet":{"unit":"px","top":"0","right":"0","bottom":"0","left":"0","isLinked":"1"},"padding_mobile":{"unit":"px","top":"0","right":"0","bottom":"0","left":"0","isLinked":"1"}},"elements":[{"id":"27ee339e","settings":{"image":{"id":1057,"url":"http:\/\/localhost\/dieuhau\/wp-content\/uploads\/2020\/09\/Brian-Lewis-Pic-new.png"},"width":{"unit":"%","size":"100","sizes":[]},"align":"left","align_tablet":"center","width_tablet":{"unit":"%","size":"100","sizes":[]}},"elements":[],"isInner":false,"widgetType":"image","elType":"widget"},{"id":"3179dc5c","settings":{"align":"left","editor":"<p>Lorem ipsum dolor sit amet, consectetur adipiscing elit, sed do alom eiusmod tempor incididunt ut labore et dolore magna aliqua. Fames ac turpis egestas integer eget. A scelerisque purus semper eget duis at tellus at urna. Pellentesque nec nam.<\/p>","text_color":"#211f40","typography_typography":"custom","typography_font_family":"Montserrat","typography_font_size":{"unit":"px","size":"16","sizes":[]},"typography_font_weight":"200","text_columns":"1"},"elements":[],"isInner":false,"widgetType":"text-editor","elType":"widget"}],"isInner":"","elType":"column"},{"id":"1e6113bb","settings":{"_column_size":"50","_inline_size_tablet":"100","margin_mobile":{"unit":"px","top":"30","right":"0","bottom":"0","left":"0","isLinked":""}},"elements":[{"id":"3241ef0f","settings":{"title":"failure is not an option","title_color":"#211f40","typography_typography":"custom","typography_font_family":"Montserrat","typography_font_size":{"unit":"px","size":"22","sizes":[]},"typography_font_weight":"600","typography_text_transform":"capitalize","header_size":"h3"},"elements":[],"isInner":false,"widgetType":"heading","elType":"widget"},{"id":"67d5831b","settings":{"align":"left","editor":"<p>Lorem ipsum dolor sit amet, consectetur adipiscing elit, sed do eiusmod tempor incididunt ut labore et dolore magna aliqua. Fames ac turpis egestas integer eget. A scelerisque purus semper eget duis at tellus at urna. Pellentesque nec nam.<\/p><p>Ante in nibh mauris cursus. Tellus at urna condimentum mattis pellentesque id. Non tellus orci ac auctor augue mauris augue neque. Egestas dui id ornare arcu odio ut sem.<\/p>","text_color":"#211f40","typography_typography":"custom","typography_font_family":"Montserrat","typography_font_size":{"unit":"px","size":"16","sizes":[]},"typography_font_weight":"200","text_columns":"1"},"elements":[],"isInner":false,"widgetType":"text-editor","elType":"widget"},{"id":"3edf8cee","settings":{"height_inner":"min-height","custom_height_inner":{"unit":"px","size":"260","sizes":[]}},"elements":[{"id":"6a21f4","settings":{"_column_size":"100","content_position":"center","background_background":"classic","background_color":"#ffffff","border_border":"solid","border_width":{"unit":"px","top":"0","right":"0","bottom":"0","left":"4","isLinked":""},"border_color":"#d3b574","box_shadow_box_shadow_type":"yes","box_shadow_box_shadow":{"horizontal":"0","vertical":"0","blur":"20","spread":"0","color":"rgba(0,0,0,0.1)"},"padding":{"unit":"px","top":"0","right":"0","bottom":"0","left":"55","isLinked":""}},"elements":[{"id":"388f6b58","settings":{"title":"Phone Number:","title_color":"#4a4a4a","typography_typography":"custom","typography_font_family":"Montserrat","typography_font_size":{"unit":"px","size":"20","sizes":[]},"typography_font_weight":"500","typography_text_transform":"capitalize"},"elements":[],"isInner":false,"widgetType":"heading","elType":"widget"},{"id":"20e5e908","settings":{"title":"0123 - 456 - 780","title_color":"#211f40","typography_typography":"custom","typography_font_family":"Montserrat","typography_font_size":{"unit":"px","size":"15","sizes":[]},"typography_font_weight":"300","_margin":{"unit":"px","top":"-10","right":"0","bottom":"20","left":"0","isLinked":""}},"elements":[],"isInner":false,"widgetType":"heading","elType":"widget"},{"id":"39be4350","settings":{"title":"Email:","title_color":"#4a4a4a","typography_typography":"custom","typography_font_family":"Montserrat","typography_font_size":{"unit":"px","size":"20","sizes":[]},"typography_font_weight":"500","typography_text_transform":"capitalize"},"elements":[],"isInner":false,"widgetType":"heading","elType":"widget"},{"id":"6d221b5e","settings":{"title":"brian@legit.com","title_color":"#211f40","typography_typography":"custom","typography_font_family":"Montserrat","typography_font_size":{"unit":"px","size":"15","sizes":[]},"typography_font_weight":"300","_margin":{"unit":"px","top":"-10","right":"0","bottom":"20","left":"0","isLinked":""}},"elements":[],"isInner":false,"widgetType":"heading","elType":"widget"},{"id":"7116174","settings":{"view":"inline","icon_list":[{"text":"","selected_icon":{"value":"fab fa-facebook-f","library":"fa-brands"},"_id":"9b8fbb3"},{"text":"","selected_icon":{"value":"fab fa-twitter","library":"fa-brands"},"_id":"b78d162"},{"text":"","selected_icon":{"value":"fab fa-linkedin-in","library":"fa-brands"},"_id":"660173e"}],"icon_color":"#16163f","icon_color_hover":"#d3b574","icon_size":{"unit":"px","size":"16","sizes":[]}},"elements":[],"isInner":false,"widgetType":"icon-list","elType":"widget"}],"isInner":"1","elType":"column"}],"isInner":"1","elType":"section"}],"isInner":"","elType":"column"}],"isInner":"","elType":"section"},{"id":"7b4e85e1","settings":{"content_width":{"unit":"px","size":"581","sizes":[]},"height":"min-height","custom_height":{"unit":"px","size":"550","sizes":[]},"background_background":"classic","background_image":{"id":"1053","url":"http:\/\/localhost\/dieuhau\/wp-content\/uploads\/2020\/09\/CTA-2-Home.png"},"background_overlay_background":"classic","background_overlay_color":"#16163f","background_overlay_opacity":{"unit":"px","size":"0.75","sizes":[]},"_title":"CTA","margin_mobile":{"unit":"px","top":"80","right":"0","bottom":"80","left":"0","isLinked":"1"},"padding_mobile":{"unit":"px","top":"0","right":"15","bottom":"0","left":"15","isLinked":""},"background_attachment":"fixed","background_repeat":"no-repeat","margin":{"unit":"px","top":"150","right":"0","bottom":"150","left":"0","isLinked":""},"background_size":"cover","margin_tablet":{"unit":"px","top":"80","right":"0","bottom":"80","left":"0","isLinked":"1"},"background_position":"center center","_timestamp_":"v1Smpyb2xHWDFzTnAyd291dVQ4THc0UT09"},"elements":[{"id":"8925492","settings":{"_column_size":"100","content_position":"center"},"elements":[{"id":"38dbc7c7","settings":{"title":"You Deserve The Best\nDefence Lawyers","align":"center","title_color":"#ffffff","typography_typography":"custom","typography_font_family":"Merriweather","typography_font_size":{"unit":"px","size":"50","sizes":[]},"typography_font_weight":"100","typography_text_transform":"capitalize","typography_line_height":{"unit":"em","size":"1.4","sizes":[]},"typography_font_size_mobile":{"unit":"px","size":"40","sizes":[]},"typography_letter_spacing":{"unit":"px","size":"1.8","sizes":[]},"_border_border":"solid","_border_width":{"unit":"px","top":"1","right":"0","bottom":"1","left":"0","isLinked":""},"_border_color":"#ffffff"},"elements":[],"isInner":false,"widgetType":"heading","elType":"widget"},{"id":"55da739f","settings":{"align":"center","editor":"<p class=\"p1\"><span class=\"s1\">over 30 years of law experience<\/span><\/p>","text_color":"#ffffff","typography_typography":"custom","typography_font_family":"Montserrat","typography_font_size":{"unit":"px","size":"18","sizes":[]},"typography_font_weight":"400","_margin_mobile":{"unit":"px","top":"0","right":"0","bottom":"0","left":"0","isLinked":"1"},"typography_text_transform":"capitalize"},"elements":[],"isInner":false,"widgetType":"text-editor","elType":"widget"},{"id":"5fa5ef34","settings":{"text":"Free Consultation","align":"center","icon":"fa fa-long-arrow-right","icon_align":"right","icon_indent":{"unit":"px","size":"10","sizes":[]},"typography_typography":"custom","typography_font_family":"Montserrat","typography_font_size":{"unit":"px","size":"16","sizes":[]},"typography_font_weight":"400","button_text_color":"#16163f","background_color":"#d3b574","border_radius":{"unit":"px","top":"0","right":"0","bottom":"0","left":"0","isLinked":"1"},"button_background_hover_color":"#ffffff","size":"md","_margin":{"unit":"px","top":"20","right":"0","bottom":"0","left":"0","isLinked":""},"_margin_mobile":{"unit":"px","top":"30","right":"0","bottom":"0","left":"0","isLinked":""},"typography_text_transform":"capitalize","selected_icon":{"value":"fas fa-long-arrow-alt-right","library":"fa-solid"},"__fa4_migrated":{"selected_icon":"1"}},"elements":[],"isInner":false,"widgetType":"button","elType":"widget"}],"isInner":"","elType":"column"}],"isInner":"","elType":"section"},{"id":"7fed7f3b","settings":{"content_width":{"unit":"px","size":"1200","sizes":[]},"structure":"20","margin":{"unit":"px","top":"0","right":"0","bottom":"150","left":"0","isLinked":""},"_title":"Practice Areas\u200b","padding_tablet":{"unit":"px","top":"0","right":"25","bottom":"0","left":"25","isLinked":""},"_timestamp_":"v1Smpyb2xHWDFzTnAyd291dVQ4THc0UT09"},"elements":[{"id":"4f9aab83","settings":{"_column_size":"50","_inline_size":"45","content_position":"center","padding":{"unit":"px","top":"0","right":"50","bottom":"0","left":"0","isLinked":""},"_inline_size_tablet":"65","padding_mobile":{"unit":"px","top":"0","right":"0","bottom":"0","left":"0","isLinked":"1"}},"elements":[{"id":"e8a50cc","settings":{"title":"the key to success","title_color":"#4a4a4a","typography_typography":"custom","typography_font_family":"Montserrat","typography_font_size":{"unit":"px","size":"18","sizes":[]},"typography_font_weight":"300","_padding":{"unit":"px","top":"0","right":"0","bottom":"0","left":"30","isLinked":""},"typography_text_transform":"capitalize","header_size":"h4"},"elements":[],"isInner":false,"widgetType":"heading","elType":"widget"},{"id":"77d9fd2f","settings":{"title":"Practice Areas","align":"left","title_color":"#16163f","typography_typography":"custom","typography_font_family":"Merriweather","typography_font_size":{"unit":"px","size":"50","sizes":[]},"typography_font_weight":"300","typography_text_transform":"capitalize","typography_line_height":{"unit":"em","size":"1.4","sizes":[]},"_padding":{"unit":"px","top":"0","right":"0","bottom":"0","left":"30","isLinked":""},"_border_border":"solid","_border_width":{"unit":"px","top":"0","right":"0","bottom":"0","left":"4","isLinked":""},"_border_color":"#d3b574","typography_font_size_tablet":{"unit":"px","size":"38","sizes":[]}},"elements":[],"isInner":false,"widgetType":"heading","elType":"widget"},{"id":"6fbf00c","settings":{"align":"left","editor":"Duis cursus, massa a ornare mattis, dui mi pretium mauris, allc dictum purus erat eget magna. Nunc nulla turpis, eleifend non scelerisque egestas, rutrum accumsan mi. In hac habitasse plat dictumst Etiam quis ipsum justo.","text_color":"#211f40","typography_typography":"custom","typography_font_family":"Montserrat","typography_font_size":{"unit":"px","size":"16","sizes":[]},"typography_font_weight":"200","text_columns":"1"},"elements":[],"isInner":false,"widgetType":"text-editor","elType":"widget"},{"id":"efb496b","settings":{"title":"family law","percent":{"unit":"%","size":"98","sizes":[]},"inner_text":"","bar_color":"#211f40","bar_bg_color":"#f2f2f2","bar_inline_color":"#ffffff","bar_inner_typography_typography":"custom","bar_inner_typography_font_family":"Montserrat","bar_inner_typography_font_size":{"unit":"px","size":"14","sizes":[]},"bar_inner_typography_font_weight":"200","title_color":"#4a4a4a","typography_typography":"custom","typography_font_family":"Montserrat","typography_font_size":{"unit":"px","size":"16","sizes":[]},"typography_font_weight":"300","_margin":{"unit":"px","top":"20","right":"0","bottom":"0","left":"0","isLinked":""},"typography_text_transform":"capitalize"},"elements":[],"isInner":false,"widgetType":"progress","elType":"widget"},{"id":"4fc20583","settings":{"title":"drug crimes","percent":{"unit":"%","size":"94","sizes":[]},"inner_text":"","bar_color":"#211f40","bar_bg_color":"#f2f2f2","bar_inline_color":"#ffffff","bar_inner_typography_typography":"custom","bar_inner_typography_font_family":"Montserrat","bar_inner_typography_font_size":{"unit":"px","size":"14","sizes":[]},"bar_inner_typography_font_weight":"200","title_color":"#4a4a4a","typography_typography":"custom","typography_font_family":"Montserrat","typography_font_size":{"unit":"px","size":"16","sizes":[]},"typography_font_weight":"300","typography_text_transform":"capitalize"},"elements":[],"isInner":false,"widgetType":"progress","elType":"widget"},{"id":"55125037","settings":{"title":"tax law","percent":{"unit":"%","size":"89","sizes":[]},"inner_text":"","bar_color":"#211f40","bar_bg_color":"#f2f2f2","bar_inline_color":"#ffffff","bar_inner_typography_typography":"custom","bar_inner_typography_font_family":"Montserrat","bar_inner_typography_font_size":{"unit":"px","size":"14","sizes":[]},"bar_inner_typography_font_weight":"200","title_color":"#4a4a4a","typography_typography":"custom","typography_font_family":"Montserrat","typography_font_size":{"unit":"px","size":"16","sizes":[]},"typography_font_weight":"300","typography_text_transform":"capitalize"},"elements":[],"isInner":false,"widgetType":"progress","elType":"widget"},{"id":"72f004b3","settings":{"title":"legal advice","percent":{"unit":"%","size":"100","sizes":[]},"inner_text":"","bar_color":"#211f40","bar_bg_color":"#f2f2f2","bar_inline_color":"#ffffff","bar_inner_typography_typography":"custom","bar_inner_typography_font_family":"Montserrat","bar_inner_typography_font_size":{"unit":"px","size":"14","sizes":[]},"bar_inner_typography_font_weight":"200","title_color":"#4a4a4a","typography_typography":"custom","typography_font_family":"Montserrat","typography_font_size":{"unit":"px","size":"16","sizes":[]},"typography_font_weight":"300","typography_text_transform":"capitalize"},"elements":[],"isInner":false,"widgetType":"progress","elType":"widget"}],"isInner":"","elType":"column"},{"id":"1c24b7fd","settings":{"_column_size":"50","_inline_size":"55","content_position":"center","space_between_widgets":"20","padding":{"unit":"px","top":"0","right":"0","bottom":"0","left":"30","isLinked":""},"_inline_size_tablet":"35","content_position_tablet":"top","margin_mobile":{"unit":"px","top":"50","right":"0","bottom":"0","left":"0","isLinked":""},"padding_tablet":{"unit":"px","top":"0","right":"0","bottom":"0","left":"0","isLinked":"1"}},"elements":[{"id":"33e76840","settings":{"image":{"id":1058,"url":"http:\/\/localhost\/dieuhau\/wp-content\/uploads\/2020\/09\/Practice-Areas-Pic.png"},"image_size":"full","width":{"unit":"%","size":"100","sizes":[]},"align":"right","width_tablet":{"unit":"%","size":"100","sizes":[]}},"elements":[],"isInner":false,"widgetType":"image","elType":"widget"},{"id":"7543e899","settings":{"align":"left","editor":"<p>Lorem ipsum dolor sit amet, consectetur adipiscing elit, sed do eiusmod tempor incididunt ut labore et dolore magna aliqua. Fames ac turpis egestas integer eget. A scelerisque purus semper eget duis at tellus at urna. Pellentesque nec nam aliquam sem et tortor consequat aloma tolos dolort off iytd.<\/p>","text_color":"#211f40","typography_typography":"custom","typography_font_family":"Montserrat","typography_font_size":{"unit":"px","size":"16","sizes":[]},"typography_font_weight":"200","text_columns":"1"},"elements":[],"isInner":false,"widgetType":"text-editor","elType":"widget"}],"isInner":"","elType":"column"}],"isInner":"","elType":"section"}]}