{"version":"0.4","title":"Law-Firm-Career-page","type":"page","content":[{"id":"53713ba3","settings":{"content_width":{"unit":"px","size":"1200","sizes":[]},"height":"min-height","custom_height":{"unit":"px","size":"250","sizes":[]},"background_background":"classic","background_color":"#211f40","_title":"Hero","_timestamp_":"v1Smpyb2xHWDFzTnAyd291dVQ4THc0UT09"},"elements":[{"id":"12da3b3b","settings":{"_column_size":"100","space_between_widgets":"10"},"elements":[{"id":"6d4737a6","settings":{"align":"center","text_color":"#ffffff","typography_typography":"custom","typography_font_family":"Montserrat","typography_font_size":{"unit":"px","size":"16","sizes":[]},"typography_font_weight":"200","editor":"<p>job openings<\/p>","typography_text_transform":"capitalize"},"elements":[],"isInner":false,"widgetType":"text-editor","elType":"widget"},{"id":"54078878","settings":{"title":"Careers","align":"center","title_color":"#ffffff","typography_typography":"custom","typography_font_family":"Merriweather","typography_font_size":{"unit":"px","size":"55","sizes":[]},"typography_font_weight":"300","typography_text_transform":"capitalize","typography_font_size_tablet":{"unit":"px","size":"50","sizes":[]},"typography_font_size_mobile":{"unit":"px","size":"40","sizes":[]},"header_size":"h1"},"elements":[],"isInner":false,"widgetType":"heading","elType":"widget"}],"isInner":"","elType":"column"}],"isInner":"","elType":"section"},{"id":"1876cdbb","settings":{"content_width":{"unit":"px","size":"1200","sizes":[]},"structure":"20","margin":{"unit":"px","top":"150","right":"0","bottom":"80","left":"0","isLinked":""},"_title":"Intro","margin_tablet":{"unit":"px","top":"80","right":"0","bottom":"80","left":"0","isLinked":"1"},"margin_mobile":{"unit":"px","top":"80","right":"0","bottom":"80","left":"0","isLinked":"1"},"padding_tablet":{"unit":"px","top":"0","right":"25","bottom":"0","left":"25","isLinked":""},"padding_mobile":{"unit":"px","top":"0","right":"25","bottom":"0","left":"25","isLinked":""},"_timestamp_":"v1Smpyb2xHWDFzTnAyd291dVQ4THc0UT09"},"elements":[{"id":"62c7c4b1","settings":{"_column_size":"50","_inline_size":"32.75","content_position":"center","border_width":{"unit":"px","top":"0","right":"0","bottom":"0","left":"0","isLinked":"1"},"border_color":"#d3b574","padding":{"unit":"px","top":"0","right":"0","bottom":"0","left":"0","isLinked":"1"},"_inline_size_tablet":"45"},"elements":[{"id":"6aa9080d","settings":{"title":"join us today","title_color":"#4a4a4a","typography_typography":"custom","typography_font_family":"Montserrat","typography_font_size":{"unit":"px","size":"18","sizes":[]},"typography_font_weight":"300","_padding":{"unit":"px","top":"0","right":"0","bottom":"0","left":"30","isLinked":""},"typography_text_transform":"capitalize","header_size":"h4"},"elements":[],"isInner":false,"widgetType":"heading","elType":"widget"},{"id":"4b0da228","settings":{"title":"the right place for you","align":"left","title_color":"#16163f","typography_typography":"custom","typography_font_family":"Merriweather","typography_font_size":{"unit":"px","size":"50","sizes":[]},"typography_font_weight":"500","typography_text_transform":"capitalize","typography_line_height":{"unit":"em","size":"1.4","sizes":[]},"_padding":{"unit":"px","top":"0","right":"0","bottom":"0","left":"30","isLinked":""},"_border_border":"solid","_border_width":{"unit":"px","top":"0","right":"0","bottom":"0","left":"4","isLinked":""},"_border_color":"#d3b574","typography_font_size_tablet":{"unit":"px","size":"38","sizes":[]}},"elements":[],"isInner":false,"widgetType":"heading","elType":"widget"}],"isInner":"","elType":"column"},{"id":"5b543ec6","settings":{"_column_size":"50","_inline_size":"67.25","content_position":"bottom","padding":{"unit":"px","top":"0","right":"35","bottom":"10","left":"0","isLinked":""},"margin_mobile":{"unit":"px","top":"30","right":"0","bottom":"0","left":"0","isLinked":""},"padding_tablet":{"unit":"px","top":"0","right":"0","bottom":"0","left":"0","isLinked":""},"_inline_size_tablet":"55","padding_mobile":{"unit":"px","top":"0","right":"0","bottom":"0","left":"0","isLinked":"1"}},"elements":[{"id":"7cd68b","settings":{"align":"left","editor":"<p>Lorem ipsum dolor sit amet, conetur adiping elit Lorem ipsum dolor sit amet, cons ectetur adipiscing elit Lorem ipsum dolor sit altmet, conse ctetur adipiscing elit aloma lomiur off silder tolos. Lorem ipsum dolor sitlor amet, conetur adiping elit Lorem ipsum dolor sit amet, consectetur adipiscing elit.<\/p>","text_color":"#4a4a4a","typography_typography":"custom","typography_font_family":"Montserrat","typography_font_size":{"unit":"px","size":"16","sizes":[]},"typography_font_weight":"200","text_columns":"2","text_columns_tablet":"1"},"elements":[],"isInner":false,"widgetType":"text-editor","elType":"widget"}],"isInner":"","elType":"column"}],"isInner":"","elType":"section"},{"id":"19e76956","settings":{"content_width":{"unit":"px","size":"1200","sizes":[]},"margin":{"unit":"px","top":"150","right":"0","bottom":"150","left":"0","isLinked":"1"},"margin_tablet":{"unit":"px","top":"80","right":"0","bottom":"80","left":"0","isLinked":"1"},"_title":"Become An Associate\u200b","_timestamp_":"v1Smpyb2xHWDFzTnAyd291dVQ4THc0UT09"},"elements":[{"id":"9e20bfe","settings":{"_column_size":"100","padding":{"unit":"px","top":"0","right":"0","bottom":"0","left":"0","isLinked":"1"}},"elements":[{"id":"1744c023","settings":{"title":"job opportunities","title_color":"#4a4a4a","typography_typography":"custom","typography_font_family":"Montserrat","typography_font_size":{"unit":"px","size":"18","sizes":[]},"typography_font_weight":"300","align":"center","typography_text_transform":"capitalize","header_size":"h4"},"elements":[],"isInner":false,"widgetType":"heading","elType":"widget"},{"id":"5d18edbc","settings":{"title":"become an associate","align":"center","title_color":"#16163f","typography_typography":"custom","typography_font_family":"Merriweather","typography_font_size":{"unit":"px","size":"50","sizes":[]},"typography_font_weight":"300","typography_text_transform":"capitalize","typography_font_size_tablet":{"unit":"px","size":"45","sizes":[]},"typography_font_size_mobile":{"unit":"px","size":"40","sizes":[]}},"elements":[],"isInner":false,"widgetType":"heading","elType":"widget"},{"id":"78e07223","settings":{"content_width":{"unit":"px","size":"1200","sizes":[]},"structure":"20","margin":{"unit":"px","top":"50","right":"0","bottom":"0","left":"0","isLinked":""},"padding_tablet":{"unit":"px","top":"0","right":"25","bottom":"0","left":"25","isLinked":""}},"elements":[{"id":"246a6298","settings":{"_column_size":"50","_inline_size_tablet":"100"},"elements":[{"id":"9b94267","settings":{"graphic_element":"none","selected_icon":{"value":"","library":""},"title_text_a":"Legal Associate","description_text_a":"Lorem ipsum dolor sit amet, consectetur adipiscing the elit Aliquam placerat dolor","background_a_background":"classic","background_a_color":"#ffffff","title_text_b":"","description_text_b":"","button_text":"Apply","background_b_background":"classic","background_b_color":"rgba(0,0,0,0)","height":{"unit":"px","size":"180","sizes":[]},"flip_effect":"fade","padding_a":{"unit":"px","top":"0","right":"200","bottom":"0","left":"30","isLinked":""},"alignment_a":"left","title_color_a":"#16163f","title_typography_a_typography":"custom","title_typography_a_font_family":"Montserrat","title_typography_a_font_size":{"unit":"px","size":"20","sizes":[]},"title_typography_a_font_weight":"400","title_typography_a_text_transform":"capitalize","description_color_a":"#4a4a4a","description_typography_a_typography":"custom","description_typography_a_font_family":"Montserrat","description_typography_a_font_size":{"unit":"px","size":"16","sizes":[]},"description_typography_a_font_weight":"300","alignment_b":"right","vertical_position_b":"middle","button_size":"md","button_typography_typography":"custom","button_typography_font_family":"Montserrat","button_typography_font_size":{"unit":"px","size":"18","sizes":[]},"button_typography_font_weight":"300","button_text_color":"#16163f","button_background_color":"#d3b574","button_border_color":"rgba(0,0,0,0)","button_hover_text_color":"#d3b574","button_hover_background_color":"#16163f","button_border_width":{"unit":"px","size":"0","sizes":[]},"button_border_radius":{"unit":"px","size":"0","sizes":[]},"_background_background":"classic","_background_color":"#ffffff","_border_border":"solid","_border_width":{"unit":"px","top":"0","right":"0","bottom":"0","left":"4","isLinked":""},"_border_color":"#d3b574","_box_shadow_box_shadow_type":"yes","_box_shadow_box_shadow":{"horizontal":"0","vertical":"0","blur":"20","spread":"0","color":"rgba(0,0,0,0.1)"},"_border_hover_color":"#d3b574","padding_a_mobile":{"unit":"px","top":"0","right":"0","bottom":"50","left":"30","isLinked":""},"height_mobile":{"unit":"px","size":"220","sizes":[]},"padding_b_mobile":{"unit":"px","top":"130","right":"85","bottom":"0","left":"0","isLinked":""},"image":{"id":1047,"url":"http:\/\/localhost\/dieuhau\/wp-content\/uploads\/2020\/09\/placeholder-1.png"},"link":{"url":"#form","is_external":"","nofollow":""}},"elements":[],"isInner":false,"widgetType":"flip-box","elType":"widget"},{"id":"faa6548","settings":{"graphic_element":"none","selected_icon":{"value":"","library":""},"title_text_a":"Real Estate Associate","description_text_a":"Lorem ipsum dolor sit amet, consectetur adipiscing the elit Aliquam placerat dolor","background_a_background":"classic","background_a_color":"#ffffff","title_text_b":"","description_text_b":"","button_text":"Apply","background_b_background":"classic","background_b_color":"rgba(0,0,0,0)","height":{"unit":"px","size":"180","sizes":[]},"flip_effect":"fade","padding_a":{"unit":"px","top":"0","right":"200","bottom":"0","left":"30","isLinked":""},"alignment_a":"left","title_color_a":"#16163f","title_typography_a_typography":"custom","title_typography_a_font_family":"Montserrat","title_typography_a_font_size":{"unit":"px","size":"20","sizes":[]},"title_typography_a_font_weight":"400","title_typography_a_text_transform":"capitalize","description_color_a":"#4a4a4a","description_typography_a_typography":"custom","description_typography_a_font_family":"Montserrat","description_typography_a_font_size":{"unit":"px","size":"16","sizes":[]},"description_typography_a_font_weight":"300","alignment_b":"right","vertical_position_b":"middle","button_size":"md","button_typography_typography":"custom","button_typography_font_family":"Montserrat","button_typography_font_size":{"unit":"px","size":"18","sizes":[]},"button_typography_font_weight":"300","button_text_color":"#16163f","button_background_color":"#d3b574","button_border_color":"rgba(0,0,0,0)","button_hover_text_color":"#d3b574","button_hover_background_color":"#16163f","button_border_width":{"unit":"px","size":"0","sizes":[]},"button_border_radius":{"unit":"px","size":"0","sizes":[]},"_background_background":"classic","_background_color":"#ffffff","_border_border":"solid","_border_width":{"unit":"px","top":"0","right":"0","bottom":"0","left":"4","isLinked":""},"_border_color":"#d3b574","_box_shadow_box_shadow_type":"yes","_box_shadow_box_shadow":{"horizontal":"0","vertical":"0","blur":"20","spread":"0","color":"rgba(0,0,0,0.1)"},"_border_hover_color":"#d3b574","height_mobile":{"unit":"px","size":"220","sizes":[]},"padding_a_mobile":{"unit":"px","top":"0","right":"0","bottom":"50","left":"30","isLinked":""},"padding_b_mobile":{"unit":"px","top":"130","right":"85","bottom":"0","left":"0","isLinked":""},"image":{"id":1047,"url":"http:\/\/localhost\/dieuhau\/wp-content\/uploads\/2020\/09\/placeholder-1.png"},"link":{"url":"#form","is_external":"","nofollow":""}},"elements":[],"isInner":false,"widgetType":"flip-box","elType":"widget"}],"isInner":"1","elType":"column"},{"id":"7781d6fe","settings":{"_column_size":"50","_inline_size_tablet":"100"},"elements":[{"id":"340d3cb4","settings":{"graphic_element":"none","selected_icon":{"value":"","library":""},"title_text_a":"Products Liability Associate","description_text_a":"Lorem ipsum dolor sit amet, consectetur adipiscing the elit Aliquam placerat dolor","background_a_background":"classic","background_a_color":"#ffffff","title_text_b":"","description_text_b":"","button_text":"Apply","background_b_background":"classic","background_b_color":"rgba(0,0,0,0)","height":{"unit":"px","size":"180","sizes":[]},"flip_effect":"fade","padding_a":{"unit":"px","top":"0","right":"200","bottom":"0","left":"30","isLinked":""},"alignment_a":"left","title_color_a":"#16163f","title_typography_a_typography":"custom","title_typography_a_font_family":"Montserrat","title_typography_a_font_size":{"unit":"px","size":"20","sizes":[]},"title_typography_a_font_weight":"400","title_typography_a_text_transform":"capitalize","description_color_a":"#4a4a4a","description_typography_a_typography":"custom","description_typography_a_font_family":"Montserrat","description_typography_a_font_size":{"unit":"px","size":"16","sizes":[]},"description_typography_a_font_weight":"300","alignment_b":"right","vertical_position_b":"middle","button_size":"md","button_typography_typography":"custom","button_typography_font_family":"Montserrat","button_typography_font_size":{"unit":"px","size":"18","sizes":[]},"button_typography_font_weight":"300","button_text_color":"#16163f","button_background_color":"#d3b574","button_border_color":"rgba(0,0,0,0)","button_hover_text_color":"#d3b574","button_hover_background_color":"#16163f","button_border_width":{"unit":"px","size":"0","sizes":[]},"button_border_radius":{"unit":"px","size":"0","sizes":[]},"_background_background":"classic","_background_color":"#ffffff","_border_border":"solid","_border_width":{"unit":"px","top":"0","right":"0","bottom":"0","left":"4","isLinked":""},"_border_color":"#d3b574","_box_shadow_box_shadow_type":"yes","_box_shadow_box_shadow":{"horizontal":"0","vertical":"0","blur":"20","spread":"0","color":"rgba(0,0,0,0.1)"},"_border_hover_color":"#d3b574","height_mobile":{"unit":"px","size":"220","sizes":[]},"padding_a_mobile":{"unit":"px","top":"0","right":"0","bottom":"50","left":"30","isLinked":""},"padding_b_mobile":{"unit":"px","top":"130","right":"85","bottom":"0","left":"0","isLinked":""},"image":{"id":1047,"url":"http:\/\/localhost\/dieuhau\/wp-content\/uploads\/2020\/09\/placeholder-1.png"},"link":{"url":"#form","is_external":"","nofollow":""}},"elements":[],"isInner":false,"widgetType":"flip-box","elType":"widget"},{"id":"354925f0","settings":{"graphic_element":"none","selected_icon":{"value":"","library":""},"title_text_a":"Corporate Associate","description_text_a":"Lorem ipsum dolor sit amet, consectetur adipiscing the elit Aliquam placerat dolor","background_a_background":"classic","background_a_color":"#ffffff","title_text_b":"","description_text_b":"","button_text":"Apply","background_b_background":"classic","background_b_color":"rgba(0,0,0,0)","height":{"unit":"px","size":"180","sizes":[]},"flip_effect":"fade","padding_a":{"unit":"px","top":"0","right":"200","bottom":"0","left":"30","isLinked":""},"alignment_a":"left","title_color_a":"#16163f","title_typography_a_typography":"custom","title_typography_a_font_family":"Montserrat","title_typography_a_font_size":{"unit":"px","size":"20","sizes":[]},"title_typography_a_font_weight":"400","title_typography_a_text_transform":"capitalize","description_color_a":"#4a4a4a","description_typography_a_typography":"custom","description_typography_a_font_family":"Montserrat","description_typography_a_font_size":{"unit":"px","size":"16","sizes":[]},"description_typography_a_font_weight":"300","alignment_b":"right","vertical_position_b":"middle","button_size":"md","button_typography_typography":"custom","button_typography_font_family":"Montserrat","button_typography_font_size":{"unit":"px","size":"18","sizes":[]},"button_typography_font_weight":"300","button_text_color":"#16163f","button_background_color":"#d3b574","button_border_color":"rgba(0,0,0,0)","button_hover_text_color":"#d3b574","button_hover_background_color":"#16163f","button_border_width":{"unit":"px","size":"0","sizes":[]},"button_border_radius":{"unit":"px","size":"0","sizes":[]},"_background_background":"classic","_background_color":"#ffffff","_border_border":"solid","_border_width":{"unit":"px","top":"0","right":"0","bottom":"0","left":"4","isLinked":""},"_border_color":"#d3b574","_box_shadow_box_shadow_type":"yes","_box_shadow_box_shadow":{"horizontal":"0","vertical":"0","blur":"20","spread":"0","color":"rgba(0,0,0,0.1)"},"_border_hover_color":"#d3b574","height_mobile":{"unit":"px","size":"220","sizes":[]},"padding_a_mobile":{"unit":"px","top":"0","right":"0","bottom":"50","left":"30","isLinked":""},"padding_b_mobile":{"unit":"px","top":"130","right":"85","bottom":"0","left":"0","isLinked":""},"image":{"id":1047,"url":"http:\/\/localhost\/dieuhau\/wp-content\/uploads\/2020\/09\/placeholder-1.png"},"link":{"url":"#form","is_external":"","nofollow":""}},"elements":[],"isInner":false,"widgetType":"flip-box","elType":"widget"}],"isInner":"1","elType":"column"}],"isInner":"1","elType":"section"}],"isInner":"","elType":"column"}],"isInner":"","elType":"section"},{"id":"71644869","settings":{"content_width":{"unit":"px","size":"1200","sizes":[]},"margin":{"unit":"px","top":"150","right":"0","bottom":"100","left":"0","isLinked":""},"margin_tablet":{"unit":"px","top":"80","right":"0","bottom":"80","left":"0","isLinked":"1"},"_title":"Careers at LEGIT","_timestamp_":"v1Smpyb2xHWDFzTnAyd291dVQ4THc0UT09"},"elements":[{"id":"4f4730eb","settings":{"_column_size":"100","padding":{"unit":"px","top":"0","right":"0","bottom":"0","left":"0","isLinked":"1"}},"elements":[{"id":"27abfd46","settings":{"title":"Discover Your Potential","title_color":"#4a4a4a","typography_typography":"custom","typography_font_family":"Montserrat","typography_font_size":{"unit":"px","size":"18","sizes":[]},"typography_font_weight":"300","align":"center","typography_text_transform":"capitalize"},"elements":[],"isInner":false,"widgetType":"heading","elType":"widget"},{"id":"2a93d3e5","settings":{"title":"careers at LEGIT","align":"center","title_color":"#16163f","typography_typography":"custom","typography_font_family":"Merriweather","typography_font_size":{"unit":"px","size":"50","sizes":[]},"typography_font_weight":"300","typography_text_transform":"capitalize","typography_font_size_tablet":{"unit":"px","size":"45","sizes":[]},"typography_font_size_mobile":{"unit":"px","size":"40","sizes":[]}},"elements":[],"isInner":false,"widgetType":"heading","elType":"widget"},{"id":"44409e9","settings":{"content_width":{"unit":"px","size":"1200","sizes":[]},"structure":"20","margin":{"unit":"px","top":"50","right":"0","bottom":"0","left":"0","isLinked":""},"padding_tablet":{"unit":"px","top":"0","right":"25","bottom":"0","left":"25","isLinked":""}},"elements":[{"id":"6ad2cce3","settings":{"_column_size":"50","_inline_size_tablet":"100"},"elements":[{"id":"c9d7613","settings":{"graphic_element":"none","selected_icon":{"value":"","library":""},"title_text_a":"law office assistant","description_text_a":"Lorem ipsum dolor sit amet, consectetur adipiscing the elit Aliquam placerat dolor","background_a_background":"classic","background_a_color":"#ffffff","title_text_b":"","description_text_b":"","button_text":"Apply","background_b_background":"classic","background_b_color":"rgba(0,0,0,0)","height":{"unit":"px","size":"180","sizes":[]},"flip_effect":"fade","padding_a":{"unit":"px","top":"0","right":"200","bottom":"0","left":"30","isLinked":""},"alignment_a":"left","title_color_a":"#16163f","title_typography_a_typography":"custom","title_typography_a_font_family":"Montserrat","title_typography_a_font_size":{"unit":"px","size":"20","sizes":[]},"title_typography_a_font_weight":"400","title_typography_a_text_transform":"capitalize","description_color_a":"#4a4a4a","description_typography_a_typography":"custom","description_typography_a_font_family":"Montserrat","description_typography_a_font_size":{"unit":"px","size":"16","sizes":[]},"description_typography_a_font_weight":"300","alignment_b":"right","vertical_position_b":"middle","button_size":"md","button_typography_typography":"custom","button_typography_font_family":"Montserrat","button_typography_font_size":{"unit":"px","size":"18","sizes":[]},"button_typography_font_weight":"300","button_text_color":"#16163f","button_background_color":"#d3b574","button_border_color":"rgba(0,0,0,0)","button_hover_text_color":"#d3b574","button_hover_background_color":"#16163f","button_border_width":{"unit":"px","size":"0","sizes":[]},"button_border_radius":{"unit":"px","size":"0","sizes":[]},"_background_background":"classic","_background_color":"#ffffff","_border_border":"solid","_border_width":{"unit":"px","top":"0","right":"0","bottom":"0","left":"4","isLinked":""},"_border_color":"#d3b574","_box_shadow_box_shadow_type":"yes","_box_shadow_box_shadow":{"horizontal":"0","vertical":"0","blur":"20","spread":"0","color":"rgba(0,0,0,0.1)"},"_border_hover_color":"#d3b574","height_mobile":{"unit":"px","size":"220","sizes":[]},"padding_a_mobile":{"unit":"px","top":"0","right":"0","bottom":"50","left":"30","isLinked":""},"padding_b_mobile":{"unit":"px","top":"130","right":"85","bottom":"0","left":"0","isLinked":""},"image":{"id":1047,"url":"http:\/\/localhost\/dieuhau\/wp-content\/uploads\/2020\/09\/placeholder-1.png"},"link":{"url":"#form","is_external":"","nofollow":""}},"elements":[],"isInner":false,"widgetType":"flip-box","elType":"widget"},{"id":"23ed6d00","settings":{"graphic_element":"none","selected_icon":{"value":"","library":""},"title_text_a":"Legal Support Analyst","description_text_a":"Lorem ipsum dolor sit amet, consectetur adipiscing the elit Aliquam placerat dolor","background_a_background":"classic","background_a_color":"#ffffff","title_text_b":"","description_text_b":"","button_text":"Apply","background_b_background":"classic","background_b_color":"rgba(0,0,0,0)","height":{"unit":"px","size":"180","sizes":[]},"flip_effect":"fade","padding_a":{"unit":"px","top":"0","right":"200","bottom":"0","left":"30","isLinked":""},"alignment_a":"left","title_color_a":"#16163f","title_typography_a_typography":"custom","title_typography_a_font_family":"Montserrat","title_typography_a_font_size":{"unit":"px","size":"20","sizes":[]},"title_typography_a_font_weight":"400","title_typography_a_text_transform":"capitalize","description_color_a":"#4a4a4a","description_typography_a_typography":"custom","description_typography_a_font_family":"Montserrat","description_typography_a_font_size":{"unit":"px","size":"16","sizes":[]},"description_typography_a_font_weight":"300","alignment_b":"right","vertical_position_b":"middle","button_size":"md","button_typography_typography":"custom","button_typography_font_family":"Montserrat","button_typography_font_size":{"unit":"px","size":"18","sizes":[]},"button_typography_font_weight":"300","button_text_color":"#16163f","button_background_color":"#d3b574","button_border_color":"rgba(0,0,0,0)","button_hover_text_color":"#d3b574","button_hover_background_color":"#16163f","button_border_width":{"unit":"px","size":"0","sizes":[]},"button_border_radius":{"unit":"px","size":"0","sizes":[]},"_background_background":"classic","_background_color":"#ffffff","_border_border":"solid","_border_width":{"unit":"px","top":"0","right":"0","bottom":"0","left":"4","isLinked":""},"_border_color":"#d3b574","_box_shadow_box_shadow_type":"yes","_box_shadow_box_shadow":{"horizontal":"0","vertical":"0","blur":"20","spread":"0","color":"rgba(0,0,0,0.1)"},"_border_hover_color":"#d3b574","height_mobile":{"unit":"px","size":"220","sizes":[]},"padding_a_mobile":{"unit":"px","top":"0","right":"0","bottom":"50","left":"30","isLinked":""},"padding_b_mobile":{"unit":"px","top":"130","right":"85","bottom":"0","left":"0","isLinked":""},"image":{"id":1047,"url":"http:\/\/localhost\/dieuhau\/wp-content\/uploads\/2020\/09\/placeholder-1.png"},"link":{"url":"#form","is_external":"","nofollow":""}},"elements":[],"isInner":false,"widgetType":"flip-box","elType":"widget"}],"isInner":"1","elType":"column"},{"id":"39391f74","settings":{"_column_size":"50","_inline_size_tablet":"100"},"elements":[{"id":"235ed57c","settings":{"graphic_element":"none","selected_icon":{"value":"","library":""},"title_text_a":"Office Supervisor","description_text_a":"Lorem ipsum dolor sit amet, consectetur adipiscing the elit Aliquam placerat dolor","background_a_background":"classic","background_a_color":"#ffffff","title_text_b":"","description_text_b":"","button_text":"Apply","background_b_background":"classic","background_b_color":"rgba(0,0,0,0)","height":{"unit":"px","size":"180","sizes":[]},"flip_effect":"fade","padding_a":{"unit":"px","top":"0","right":"200","bottom":"0","left":"30","isLinked":""},"alignment_a":"left","title_color_a":"#16163f","title_typography_a_typography":"custom","title_typography_a_font_family":"Montserrat","title_typography_a_font_size":{"unit":"px","size":"20","sizes":[]},"title_typography_a_font_weight":"400","title_typography_a_text_transform":"capitalize","description_color_a":"#4a4a4a","description_typography_a_typography":"custom","description_typography_a_font_family":"Montserrat","description_typography_a_font_size":{"unit":"px","size":"16","sizes":[]},"description_typography_a_font_weight":"300","alignment_b":"right","vertical_position_b":"middle","button_size":"md","button_typography_typography":"custom","button_typography_font_family":"Montserrat","button_typography_font_size":{"unit":"px","size":"18","sizes":[]},"button_typography_font_weight":"300","button_text_color":"#16163f","button_background_color":"#d3b574","button_border_color":"rgba(0,0,0,0)","button_hover_text_color":"#d3b574","button_hover_background_color":"#16163f","button_border_width":{"unit":"px","size":"0","sizes":[]},"button_border_radius":{"unit":"px","size":"0","sizes":[]},"_background_background":"classic","_background_color":"#ffffff","_border_border":"solid","_border_width":{"unit":"px","top":"0","right":"0","bottom":"0","left":"4","isLinked":""},"_border_color":"#d3b574","_box_shadow_box_shadow_type":"yes","_box_shadow_box_shadow":{"horizontal":"0","vertical":"0","blur":"20","spread":"0","color":"rgba(0,0,0,0.1)"},"_border_hover_color":"#d3b574","height_mobile":{"unit":"px","size":"220","sizes":[]},"padding_a_mobile":{"unit":"px","top":"0","right":"0","bottom":"50","left":"30","isLinked":""},"padding_b_mobile":{"unit":"px","top":"130","right":"85","bottom":"0","left":"0","isLinked":""},"image":{"id":1047,"url":"http:\/\/localhost\/dieuhau\/wp-content\/uploads\/2020\/09\/placeholder-1.png"},"link":{"url":"#form","is_external":"","nofollow":""}},"elements":[],"isInner":false,"widgetType":"flip-box","elType":"widget"}],"isInner":"1","elType":"column"}],"isInner":"1","elType":"section"}],"isInner":"","elType":"column"}],"isInner":"","elType":"section"},{"id":"238274cf","settings":{"content_width":{"unit":"px","size":"1200","sizes":[]},"padding":{"unit":"px","top":"0","right":"0","bottom":"50","left":"0","isLinked":""},"_title":"Anchor","_timestamp_":"v1Smpyb2xHWDFzTnAyd291dVQ4THc0UT09"},"elements":[{"id":"449da5a","settings":{"_column_size":"100"},"elements":[{"id":"66623a60","settings":{"anchor":"form"},"elements":[],"isInner":false,"widgetType":"menu-anchor","elType":"widget"}],"isInner":"","elType":"column"}],"isInner":"","elType":"section"},{"id":"2c2c5170","settings":{"margin":{"unit":"px","top":"0","right":"0","bottom":"150","left":"0","isLinked":""},"_title":"Form","_timestamp_":"v1Smpyb2xHWDFzTnAyd291dVQ4THc0UT09"},"elements":[{"id":"582d9cc8","settings":{"_column_size":"100","padding_tablet":{"unit":"px","top":"0","right":"25","bottom":"0","left":"25","isLinked":""}},"elements":[{"id":"5bfd8c24","settings":{"title":"what are you looking for in your next job","title_color":"#4a4a4a","typography_typography":"custom","typography_font_family":"Montserrat","typography_font_size":{"unit":"px","size":"18","sizes":[]},"typography_font_weight":"300","align":"center","typography_text_transform":"capitalize","header_size":"h4"},"elements":[],"isInner":false,"widgetType":"heading","elType":"widget"},{"id":"74701e13","settings":{"title":"Apply now for success\n","align":"center","title_color":"#16163f","typography_typography":"custom","typography_font_family":"Merriweather","typography_font_size":{"unit":"px","size":"50","sizes":[]},"typography_font_weight":"300","typography_text_transform":"capitalize","typography_font_size_tablet":{"unit":"px","size":"45","sizes":[]},"typography_font_size_mobile":{"unit":"px","size":"40","sizes":[]}},"elements":[],"isInner":false,"widgetType":"heading","elType":"widget"},{"id":"25cbb340","settings":{"form_name":"New Form","form_fields":[{"custom_id":"name","field_label":"First Name","placeholder":"First Name","width":"25","_id":"2c1b33d","width_tablet":"50","rows":"4","file_sizes":"","file_types":"","allow_multiple_upload":"","max_files":"","acceptance_text":"","checked_by_default":"","field_min":"","field_max":"","min_date":"","max_date":"","use_native_date":"","use_native_time":"","previous_button":"","next_button":""},{"custom_id":"field_3","field_label":"Last Name","placeholder":"Last Name","width":"25","_id":"6f21133","width_tablet":"50","rows":"4","file_sizes":"","file_types":"","allow_multiple_upload":"","max_files":"","acceptance_text":"","checked_by_default":"","field_min":"","field_max":"","min_date":"","max_date":"","use_native_date":"","use_native_time":"","previous_button":"","next_button":""},{"custom_id":"email","field_type":"email","required":"true","field_label":"Email","placeholder":"Email","width":"25","_id":"578c4d3","width_tablet":"50","rows":"4","file_sizes":"","file_types":"","allow_multiple_upload":"","max_files":"","acceptance_text":"","checked_by_default":"","field_min":"","field_max":"","min_date":"","max_date":"","use_native_date":"","use_native_time":"","previous_button":"","next_button":""},{"custom_id":"field_1","field_type":"tel","required":"true","field_label":"Phone","placeholder":"Phone","width":"25","_id":"fa6ba79","width_tablet":"50","rows":"4","file_sizes":"","file_types":"","allow_multiple_upload":"","max_files":"","acceptance_text":"","checked_by_default":"","field_min":"","field_max":"","min_date":"","max_date":"","use_native_date":"","use_native_time":"","previous_button":"","next_button":""},{"custom_id":"field_2","required":"true","field_label":"City","placeholder":"City","width":"25","_id":"4e9ea90","width_tablet":"50","rows":"4","file_sizes":"","file_types":"","allow_multiple_upload":"","max_files":"","acceptance_text":"","checked_by_default":"","field_min":"","field_max":"","min_date":"","max_date":"","use_native_date":"","use_native_time":"","previous_button":"","next_button":""},{"custom_id":"field_4","field_type":"select","required":"true","field_label":"Position","placeholder":"The Position","width":"25","_id":"186bb34","field_options":"Position\nLateral Attorney\nProducts Liability Partner\nPartner in Real Estate\nPartner in Corporate\nlaw office assistant\nassociate attorney\nCorporate Attorney","width_tablet":"50","rows":"4","file_sizes":"","file_types":"","allow_multiple_upload":"","max_files":"","acceptance_text":"","checked_by_default":"","field_min":"","field_max":"","min_date":"","max_date":"","use_native_date":"","use_native_time":"","previous_button":"","next_button":""},{"custom_id":"field_6","field_type":"url","required":"true","field_label":"LinkedIn Profile URL","placeholder":"LinkedIn Profile URL","width":"25","_id":"045c1bb","field_options":"The Position","width_tablet":"50","rows":"4","file_sizes":"","file_types":"","allow_multiple_upload":"","max_files":"","acceptance_text":"","checked_by_default":"","field_min":"","field_max":"","min_date":"","max_date":"","use_native_date":"","use_native_time":"","previous_button":"","next_button":""},{"custom_id":"field_5","field_type":"select","required":"true","field_label":"Education","placeholder":"The Position","width":"25","_id":"65d8738","field_options":"Education\nBachelor's Degree","width_tablet":"50","rows":"4","file_sizes":"","file_types":"","allow_multiple_upload":"","max_files":"","acceptance_text":"","checked_by_default":"","field_min":"","field_max":"","min_date":"","max_date":"","use_native_date":"","use_native_time":"","previous_button":"","next_button":""},{"custom_id":"message","field_type":"textarea","field_label":"Personal Note","placeholder":"Personal Note","_id":"6bcdc42","rows":"6","file_sizes":"","file_types":"","allow_multiple_upload":"","max_files":"","acceptance_text":"","checked_by_default":"","field_min":"","field_max":"","min_date":"","max_date":"","use_native_date":"","use_native_time":"","previous_button":"","next_button":""}],"input_size":"md","show_labels":"","button_text":"Submit","button_size":"md","button_align":"end","button_icon":"fa fa-long-arrow-right","button_icon_align":"right","button_icon_indent":{"unit":"px","size":"10","sizes":[]},"email_content":"[all-fields]","email_content_2":"[all-fields]","success_message":"The form was sent successfully.","error_message":"An error occured.","required_field_message":"This field is required.","invalid_message":"There's something wrong. The form is invalid.","row_gap":{"unit":"px","size":"20","sizes":[]},"field_text_color":"#211f40","field_typography_typography":"custom","field_typography_font_family":"Montserrat","field_typography_font_size":{"unit":"px","size":"15","sizes":[]},"field_typography_font_weight":"400","field_typography_text_transform":"capitalize","field_border_color":"#d7d7d9","field_border_radius":{"unit":"px","top":"0","right":"0","bottom":"0","left":"0","isLinked":"1"},"button_background_color":"#d3b574","button_text_color":"#16163f","button_typography_typography":"custom","button_typography_font_family":"Montserrat","button_typography_font_size":{"unit":"px","size":"16","sizes":[]},"button_typography_font_weight":"400","button_typography_text_transform":"capitalize","button_border_radius":{"unit":"px","top":"0","right":"0","bottom":"0","left":"0","isLinked":"1"},"button_text_padding":{"unit":"px","top":"15","right":"50","bottom":"15","left":"50","isLinked":""},"button_background_hover_color":"#16163f","button_hover_color":"#d3b574","_margin":{"unit":"px","top":"50","right":"0","bottom":"0","left":"0","isLinked":""},"selected_button_icon":{"value":"fas fa-long-arrow-alt-right","library":"fa-solid"},"__fa4_migrated":{"selected_button_icon":"1"},"step_next_label":"Next","step_previous_label":"Previous"},"elements":[],"isInner":false,"widgetType":"form","elType":"widget"}],"isInner":"","elType":"column"}],"isInner":"","elType":"section"}]}