{"version":"0.4","title":"Law-Firm-About-page","type":"page","content":[{"id":"7de56418","settings":{"content_width":{"unit":"px","size":"1200","sizes":[]},"height":"min-height","custom_height":{"unit":"px","size":"250","sizes":[]},"background_background":"classic","background_color":"#211f40","_title":"Hero","_timestamp_":"v1Smpyb2xHWDFzTnAyd291dVQ4THc0UT09"},"elements":[{"id":"177f757","settings":{"_column_size":"100","space_between_widgets":"10"},"elements":[{"id":"1c8ed037","settings":{"align":"center","text_color":"#ffffff","typography_typography":"custom","typography_font_family":"Montserrat","typography_font_size":{"unit":"px","size":"16","sizes":[]},"typography_font_weight":"200","editor":"<p>learn about our history<\/p>","typography_text_transform":"capitalize"},"elements":[],"isInner":false,"widgetType":"text-editor","elType":"widget"},{"id":"26fe638f","settings":{"title":"About Us","align":"center","title_color":"#ffffff","typography_typography":"custom","typography_font_family":"Merriweather","typography_font_size":{"unit":"px","size":"55","sizes":[]},"typography_font_weight":"300","typography_text_transform":"capitalize","typography_font_size_tablet":{"unit":"px","size":"50","sizes":[]},"typography_font_size_mobile":{"unit":"px","size":"40","sizes":[]},"header_size":"h1"},"elements":[],"isInner":false,"widgetType":"heading","elType":"widget"}],"isInner":"","elType":"column"}],"isInner":"","elType":"section"},{"id":"402976f9","settings":{"content_width":{"unit":"px","size":"1200","sizes":[]},"structure":"20","margin":{"unit":"px","top":"150","right":"0","bottom":"80","left":"0","isLinked":""},"_title":"Intro","margin_tablet":{"unit":"px","top":"80","right":"0","bottom":"80","left":"0","isLinked":"1"},"margin_mobile":{"unit":"px","top":"80","right":"0","bottom":"80","left":"0","isLinked":"1"},"padding_tablet":{"unit":"px","top":"0","right":"25","bottom":"0","left":"25","isLinked":""},"padding_mobile":{"unit":"px","top":"0","right":"25","bottom":"0","left":"25","isLinked":""},"_timestamp_":"v1Smpyb2xHWDFzTnAyd291dVQ4THc0UT09"},"elements":[{"id":"1af7ef19","settings":{"_column_size":"50","_inline_size":"32.75","content_position":"center","border_width":{"unit":"px","top":"0","right":"0","bottom":"0","left":"0","isLinked":"1"},"border_color":"#d3b574","padding":{"unit":"px","top":"0","right":"0","bottom":"0","left":"0","isLinked":"1"},"_inline_size_tablet":"45"},"elements":[{"id":"7b4cfa1f","settings":{"title":"future-oriented","title_color":"#4a4a4a","typography_typography":"custom","typography_font_family":"Montserrat","typography_font_size":{"unit":"px","size":"18","sizes":[]},"typography_font_weight":"300","_padding":{"unit":"px","top":"0","right":"0","bottom":"0","left":"30","isLinked":""},"typography_text_transform":"capitalize","header_size":"h4"},"elements":[],"isInner":false,"widgetType":"heading","elType":"widget"},{"id":"106a9949","settings":{"title":"'LEGIT' is<br>a family","align":"left","title_color":"#16163f","typography_typography":"custom","typography_font_family":"Merriweather","typography_font_size":{"unit":"px","size":"50","sizes":[]},"typography_font_weight":"500","typography_text_transform":"capitalize","typography_line_height":{"unit":"em","size":"1.4","sizes":[]},"_padding":{"unit":"px","top":"0","right":"0","bottom":"0","left":"30","isLinked":""},"_border_border":"solid","_border_width":{"unit":"px","top":"0","right":"0","bottom":"0","left":"4","isLinked":""},"_border_color":"#d3b574","typography_font_size_tablet":{"unit":"px","size":"38","sizes":[]}},"elements":[],"isInner":false,"widgetType":"heading","elType":"widget"}],"isInner":"","elType":"column"},{"id":"4ae93e5","settings":{"_column_size":"50","_inline_size":"67.25","content_position":"bottom","padding":{"unit":"px","top":"0","right":"35","bottom":"10","left":"0","isLinked":""},"margin_mobile":{"unit":"px","top":"30","right":"0","bottom":"0","left":"0","isLinked":""},"padding_tablet":{"unit":"px","top":"0","right":"0","bottom":"0","left":"0","isLinked":"1"},"_inline_size_tablet":"55","padding_mobile":{"unit":"px","top":"0","right":"0","bottom":"0","left":"0","isLinked":"1"}},"elements":[{"id":"3c6b5aba","settings":{"align":"left","editor":"<p>Lorem ipsum dolor sit amet, conetur adiping elit Lorem ipsum dolor sit amet, cons ectetur adiscing elit Lorem ipsum dolor sit altmet, conse ctetur adipiscing elit aloma lomiur off silder tolos. Lorem ipsum dolor sitlor amet, conetur adiping elit Lorem ipsum dolor sit amet, consectetur adipiscing elit.<\/p>","text_color":"#4a4a4a","typography_typography":"custom","typography_font_family":"Montserrat","typography_font_size":{"unit":"px","size":"16","sizes":[]},"typography_font_weight":"200","text_columns":"2","text_columns_tablet":"1"},"elements":[],"isInner":false,"widgetType":"text-editor","elType":"widget"}],"isInner":"","elType":"column"}],"isInner":"","elType":"section"},{"id":"31403419","settings":{"content_width":{"unit":"px","size":"1200","sizes":[]},"structure":"30","margin":{"unit":"px","top":"0","right":"0","bottom":"150","left":"0","isLinked":""},"margin_tablet":{"unit":"px","top":"0","right":"0","bottom":"80","left":"0","isLinked":""},"padding_tablet":{"unit":"px","top":"0","right":"25","bottom":"0","left":"25","isLinked":""},"_title":"Steps","_timestamp_":"v1Smpyb2xHWDFzTnAyd291dVQ4THc0UT09"},"elements":[{"id":"164a96b9","settings":{"_column_size":"33","content_position":"center","background_background":"classic","background_color":"#ffffff","border_border":"solid","border_width":{"unit":"px","top":"0","right":"0","bottom":"0","left":"4","isLinked":""},"border_color":"#d3b574","box_shadow_box_shadow_type":"yes","box_shadow_box_shadow":{"horizontal":"0","vertical":"0","blur":"30","spread":"0","color":"rgba(0,0,0,0.1)"},"margin":{"unit":"%","top":"0","right":"5","bottom":"0","left":"0","isLinked":""},"margin_mobile":{"unit":"px","top":"0","right":"0","bottom":"0","left":"0","isLinked":""},"padding":{"unit":"px","top":"50","right":"70","bottom":"50","left":"70","isLinked":""},"padding_tablet":{"unit":"px","top":"35","right":"22","bottom":"35","left":"22","isLinked":""},"padding_mobile":{"unit":"px","top":"35","right":"35","bottom":"35","left":"35","isLinked":"1"}},"elements":[{"id":"1dea273f","settings":{"title":"01","align":"left","title_color":"#211f40","typography_typography":"custom","typography_font_family":"Montserrat","typography_font_size":{"unit":"px","size":"50","sizes":[]},"typography_font_weight":"700","typography_font_size_tablet":{"unit":"px","size":"45","sizes":[]}},"elements":[],"isInner":false,"widgetType":"heading","elType":"widget"},{"id":"7c8b5922","settings":{"title":"Professional","title_color":"#4a4a4a","typography_typography":"custom","typography_font_family":"Montserrat","typography_font_size":{"unit":"px","size":"20","sizes":[]},"typography_font_weight":"400","typography_line_height":{"unit":"em","size":"1.4","sizes":[]},"_margin":{"unit":"%","top":"0","right":"10","bottom":"0","left":"0","isLinked":""},"typography_font_size_tablet":{"unit":"px","size":"18","sizes":[]},"typography_text_transform":"capitalize","header_size":"h3"},"elements":[],"isInner":false,"widgetType":"heading","elType":"widget"},{"id":"3c8f40bb","settings":{"align":"left","editor":"Lorem ipsum dolor sit amet of, cotns ctetur all of the adip scing  sed do eiusmod dunt.","text_color":"#211f40","typography_typography":"custom","typography_font_family":"Montserrat","typography_font_size":{"unit":"px","size":"16","sizes":[]},"typography_font_weight":"200"},"elements":[],"isInner":false,"widgetType":"text-editor","elType":"widget"}],"isInner":"","elType":"column"},{"id":"5d316f97","settings":{"_column_size":"33","content_position":"center","background_background":"classic","background_color":"#ffffff","border_border":"solid","border_width":{"unit":"px","top":"0","right":"0","bottom":"0","left":"4","isLinked":""},"border_color":"#d3b574","box_shadow_box_shadow_type":"yes","box_shadow_box_shadow":{"horizontal":"0","vertical":"0","blur":"30","spread":"0","color":"rgba(0,0,0,0.1)"},"margin":{"unit":"%","top":"0","right":"5","bottom":"0","left":"0","isLinked":""},"margin_mobile":{"unit":"px","top":"0","right":"0","bottom":"0","left":"0","isLinked":""},"padding":{"unit":"px","top":"50","right":"70","bottom":"50","left":"70","isLinked":""},"padding_tablet":{"unit":"px","top":"35","right":"22","bottom":"35","left":"22","isLinked":""},"padding_mobile":{"unit":"px","top":"35","right":"35","bottom":"35","left":"35","isLinked":"1"}},"elements":[{"id":"20554b5b","settings":{"title":"02","align":"left","title_color":"#211f40","typography_typography":"custom","typography_font_family":"Montserrat","typography_font_size":{"unit":"px","size":"50","sizes":[]},"typography_font_weight":"700","typography_font_size_tablet":{"unit":"px","size":"45","sizes":[]}},"elements":[],"isInner":false,"widgetType":"heading","elType":"widget"},{"id":"1bea4a46","settings":{"title":"Focused","title_color":"#4a4a4a","typography_typography":"custom","typography_font_family":"Montserrat","typography_font_size":{"unit":"px","size":"20","sizes":[]},"typography_font_weight":"400","typography_line_height":{"unit":"em","size":"1.4","sizes":[]},"_margin":{"unit":"%","top":"0","right":"10","bottom":"0","left":"0","isLinked":""},"typography_font_size_tablet":{"unit":"px","size":"18","sizes":[]},"_margin_tablet":{"unit":"px","top":"0","right":"0","bottom":"0","left":"0","isLinked":"1"},"typography_text_transform":"capitalize","header_size":"h3"},"elements":[],"isInner":false,"widgetType":"heading","elType":"widget"},{"id":"12eebb81","settings":{"align":"left","editor":"Lorem ipsum dolor sit amet of, cotns ctetur all of the adip scing  sed do eiusmod dunt.","text_color":"#211f40","typography_typography":"custom","typography_font_family":"Montserrat","typography_font_size":{"unit":"px","size":"16","sizes":[]},"typography_font_weight":"200"},"elements":[],"isInner":false,"widgetType":"text-editor","elType":"widget"}],"isInner":"","elType":"column"},{"id":"340a5b68","settings":{"_column_size":"33","content_position":"center","background_background":"classic","background_color":"#ffffff","border_border":"solid","border_width":{"unit":"px","top":"0","right":"0","bottom":"0","left":"4","isLinked":""},"border_color":"#d3b574","box_shadow_box_shadow_type":"yes","box_shadow_box_shadow":{"horizontal":"0","vertical":"0","blur":"30","spread":"0","color":"rgba(0,0,0,0.1)"},"margin":{"unit":"%","top":"","right":"","bottom":"","left":"","isLinked":"1"},"margin_mobile":{"unit":"px","top":"0","right":"0","bottom":"0","left":"0","isLinked":""},"padding":{"unit":"px","top":"50","right":"70","bottom":"50","left":"70","isLinked":""},"padding_tablet":{"unit":"px","top":"35","right":"22","bottom":"35","left":"22","isLinked":""},"padding_mobile":{"unit":"px","top":"35","right":"35","bottom":"35","left":"35","isLinked":"1"}},"elements":[{"id":"5a5b22c9","settings":{"title":"03","align":"left","title_color":"#211f40","typography_typography":"custom","typography_font_family":"Montserrat","typography_font_size":{"unit":"px","size":"50","sizes":[]},"typography_font_weight":"700","typography_font_size_tablet":{"unit":"px","size":"45","sizes":[]}},"elements":[],"isInner":false,"widgetType":"heading","elType":"widget"},{"id":"2409715d","settings":{"title":"Serious","title_color":"#4a4a4a","typography_typography":"custom","typography_font_family":"Montserrat","typography_font_size":{"unit":"px","size":"20","sizes":[]},"typography_font_weight":"400","typography_line_height":{"unit":"em","size":"1.4","sizes":[]},"_margin":{"unit":"%","top":"0","right":"45","bottom":"0","left":"0","isLinked":""},"typography_font_size_tablet":{"unit":"px","size":"18","sizes":[]},"typography_text_transform":"capitalize","header_size":"h3"},"elements":[],"isInner":false,"widgetType":"heading","elType":"widget"},{"id":"78d38946","settings":{"align":"left","editor":"Lorem ipsum dolor sit amet of, cotns ctetur all of the adip scing  sed do eiusmod dunt.","text_color":"#211f40","typography_typography":"custom","typography_font_family":"Montserrat","typography_font_size":{"unit":"px","size":"16","sizes":[]},"typography_font_weight":"200"},"elements":[],"isInner":false,"widgetType":"text-editor","elType":"widget"}],"isInner":"","elType":"column"}],"isInner":"","elType":"section"},{"id":"7dd18e58","settings":{"content_width":{"unit":"px","size":"894","sizes":[]},"height":"min-height","custom_height":{"unit":"px","size":"530","sizes":[]},"background_background":"classic","background_image":{"id":1016,"url":"http:\/\/localhost\/dieuhau\/wp-content\/uploads\/2020\/09\/Quote-About-Copy-1.png"},"custom_height_mobile":{"unit":"px","size":"350","sizes":[]},"background_position_tablet":"center center","background_attachment":"fixed","background_repeat":"no-repeat","background_size":"cover","background_overlay_background":"classic","background_overlay_color":"#16163f","background_overlay_opacity":{"unit":"px","size":"0.8","sizes":[]},"_title":"Quote","background_position":"center center","_timestamp_":"v1Smpyb2xHWDFzTnAyd291dVQ4THc0UT09"},"elements":[{"id":"55a3c66e","settings":{"_column_size":"100","padding_tablet":{"unit":"px","top":"50","right":"50","bottom":"50","left":"50","isLinked":"1"},"padding_mobile":{"unit":"px","top":"20","right":"20","bottom":"20","left":"20","isLinked":"1"}},"elements":[{"id":"1ee78ec2","settings":{"title":"\u201cA law is valuable, not because it is a law, but because there is right in it.\u201d","align":"center","title_color":"#ffffff","typography_typography":"custom","typography_font_family":"Merriweather","typography_font_size":{"unit":"px","size":"50","sizes":[]},"typography_font_weight":"300","typography_text_transform":"capitalize","typography_font_size_tablet":{"unit":"px","size":"40","sizes":[]},"typography_font_size_mobile":{"unit":"px","size":"30","sizes":[]},"typography_line_height":{"unit":"em","size":"1.2","sizes":[]},"motion_fx_motion_fx_scrolling":"yes","motion_fx_translateY_speed":{"unit":"px","size":"0.5","sizes":[]},"motion_fx_translateY_affectedRange":{"unit":"%","size":"","sizes":{"start":"0","end":"49"}}},"elements":[],"isInner":false,"widgetType":"heading","elType":"widget"},{"id":"348835fb","settings":{"align":"center","text_color":"#ffffff","typography_typography":"custom","typography_font_family":"Montserrat","typography_font_size":{"unit":"px","size":"16","sizes":[]},"typography_font_weight":"200","editor":"henry ward beecher","typography_text_transform":"capitalize"},"elements":[],"isInner":false,"widgetType":"text-editor","elType":"widget"}],"isInner":"","elType":"column"}],"isInner":"","elType":"section"},{"id":"38a6a59e","settings":{"content_width":{"unit":"px","size":"1200","sizes":[]},"structure":"30","margin":{"unit":"px","top":"150","right":"0","bottom":"150","left":"0","isLinked":"1"},"margin_tablet":{"unit":"px","top":"80","right":"0","bottom":"80","left":"0","isLinked":"1"},"reverse_order_tablet":"reverse-tablet","reverse_order_mobile":"reverse-mobile","_title":"Since 1986\u200b","_timestamp_":"v1Smpyb2xHWDFzTnAyd291dVQ4THc0UT09"},"elements":[{"id":"43654b15","settings":{"_column_size":"33","_inline_size_tablet":"50","background_background":"classic","background_position":"center center","background_repeat":"no-repeat","background_overlay_color":"#16163f","background_overlay_opacity":{"unit":"px","size":"0.6","sizes":[]},"background_overlay_hover_background":"classic","background_overlay_hover_opacity":{"unit":"px","size":"0","sizes":[]},"background_overlay_hover_transition":{"unit":"px","size":"1","sizes":[]},"margin":{"unit":"px","top":"10","right":"10","bottom":"10","left":"10","isLinked":"1"}},"elements":[{"id":"5840953a","settings":{"skin":"cover","bg_image":{"id":1017,"url":"http:\/\/localhost\/dieuhau\/wp-content\/uploads\/2020\/09\/since-1986-1-copy-1.png"},"graphic_image":{"id":1018,"url":"http:\/\/localhost\/dieuhau\/wp-content\/uploads\/2020\/09\/About-Pic-1.png"},"graphic_image_size":"full","title":" ","description":"","button":"","min-height":{"unit":"px","size":"445","sizes":[]},"padding":{"unit":"px","top":"0","right":"0","bottom":"0","left":"0","isLinked":"1"},"content_animation":"","transformation":"","overlay_color":"rgba(22,22,63,0.65)","overlay_color_hover":"rgba(22,22,63,0)","effect_duration":{"unit":"px","size":"","sizes":[]}},"elements":[],"isInner":false,"widgetType":"call-to-action","elType":"widget"}],"isInner":"","elType":"column"},{"id":"5c4377da","settings":{"_column_size":"33","_inline_size_tablet":"50","background_background":"classic","background_position":"center center","background_repeat":"no-repeat","background_hover_background":"classic","background_hover_transition":{"unit":"px","size":"0","sizes":[]},"background_overlay_color":"#16163f","background_overlay_opacity":{"unit":"px","size":"0.6","sizes":[]},"background_overlay_hover_background":"classic","background_overlay_hover_opacity":{"unit":"px","size":"0","sizes":[]},"background_overlay_hover_transition":{"unit":"px","size":"1","sizes":[]},"margin":{"unit":"px","top":"10","right":"10","bottom":"10","left":"10","isLinked":"1"},"content_position_tablet":"center"},"elements":[{"id":"4e35958b","settings":{"skin":"cover","bg_image":{"id":1019,"url":"http:\/\/localhost\/dieuhau\/wp-content\/uploads\/2020\/09\/since-1986-2-copy-1.png"},"graphic_image":{"id":1018,"url":"http:\/\/localhost\/dieuhau\/wp-content\/uploads\/2020\/09\/About-Pic-1.png"},"graphic_image_size":"full","title":" ","description":"","button":"","min-height":{"unit":"px","size":"445","sizes":[]},"padding":{"unit":"px","top":"0","right":"0","bottom":"0","left":"0","isLinked":"1"},"content_animation":"","transformation":"","overlay_color":"rgba(22,22,63,0.65)","overlay_color_hover":"rgba(22,22,63,0)","effect_duration":{"unit":"px","size":"","sizes":[]}},"elements":[],"isInner":false,"widgetType":"call-to-action","elType":"widget"}],"isInner":"","elType":"column"},{"id":"42e679d5","settings":{"_column_size":"33","content_position":"center","border_width":{"unit":"px","top":"0","right":"0","bottom":"0","left":"0","isLinked":"1"},"border_color":"#d3b574","padding":{"unit":"px","top":"25","right":"25","bottom":"25","left":"25","isLinked":"1"},"_inline_size_tablet":"100"},"elements":[{"id":"64de033a","settings":{"title":"remember the past","title_color":"#4a4a4a","typography_typography":"custom","typography_font_family":"Montserrat","typography_font_size":{"unit":"px","size":"18","sizes":[]},"typography_font_weight":"300","_padding":{"unit":"px","top":"0","right":"0","bottom":"0","left":"30","isLinked":""},"typography_text_transform":"capitalize","header_size":"h4"},"elements":[],"isInner":false,"widgetType":"heading","elType":"widget"},{"id":"1de2c8cf","settings":{"title":"Since 1986","align":"left","title_color":"#16163f","typography_typography":"custom","typography_font_family":"Merriweather","typography_font_size":{"unit":"px","size":"50","sizes":[]},"typography_font_weight":"300","typography_text_transform":"capitalize","typography_line_height":{"unit":"em","size":"1.4","sizes":[]},"_padding":{"unit":"px","top":"0","right":"0","bottom":"0","left":"30","isLinked":""},"_border_border":"solid","_border_width":{"unit":"px","top":"0","right":"0","bottom":"0","left":"4","isLinked":""},"_border_color":"#d3b574","typography_font_size_tablet":{"unit":"px","size":"38","sizes":[]}},"elements":[],"isInner":false,"widgetType":"heading","elType":"widget"},{"id":"1f7e8102","settings":{"align":"left","editor":"<p>Lorem ipsum dolor sit amet, consectetur adipiscing elit, sed do eiusmod tempor incididunt ut labore et dolore magna aliqua. Fames ac turpis egestas integer eget. A scelerisque purus semper eget duis at tellus at urna. Pellentesque nec nam aliquam sem et tortor consequat iytd.<\/p><p>Ante in nibh mauris cursus. Tellus at urna condimentum mattis pellentesque id. Non tellus orci ac auctor augue mauris augue neque. Egestas dui id ornare arcu odio ut sem. Nunc lobortis mattis aliquam faucibus purus in massa olat you all the old.<\/p>","text_color":"#211f40","typography_typography":"custom","typography_font_family":"Montserrat","typography_font_size":{"unit":"px","size":"16","sizes":[]},"typography_font_weight":"200"},"elements":[],"isInner":false,"widgetType":"text-editor","elType":"widget"}],"isInner":"","elType":"column"}],"isInner":"","elType":"section"},{"id":"53419331","settings":{"content_width":{"unit":"px","size":"1200","sizes":[]},"margin":{"unit":"px","top":"0","right":"0","bottom":"150","left":"0","isLinked":""},"margin_tablet":{"unit":"px","top":"0","right":"0","bottom":"0","left":"0","isLinked":"1"},"_title":"Personal Service \u200b","_timestamp_":"v1Smpyb2xHWDFzTnAyd291dVQ4THc0UT09"},"elements":[{"id":"11711510","settings":{"_column_size":"100","padding":{"unit":"px","top":"0","right":"0","bottom":"0","left":"0","isLinked":""}},"elements":[{"id":"31afdef7","settings":{"title":"communication is key","title_color":"#4a4a4a","typography_typography":"custom","typography_font_family":"Montserrat","typography_font_size":{"unit":"px","size":"18","sizes":[]},"typography_font_weight":"300","align":"center","typography_text_transform":"capitalize","header_size":"h4"},"elements":[],"isInner":false,"widgetType":"heading","elType":"widget"},{"id":"40bc85","settings":{"title":"personal service ","align":"center","title_color":"#16163f","typography_typography":"custom","typography_font_family":"Merriweather","typography_font_size":{"unit":"px","size":"50","sizes":[]},"typography_font_weight":"300","typography_text_transform":"capitalize","typography_font_size_tablet":{"unit":"px","size":"45","sizes":[]},"typography_font_size_mobile":{"unit":"px","size":"40","sizes":[]}},"elements":[],"isInner":false,"widgetType":"heading","elType":"widget"},{"id":"5d2e22e3","settings":{"content_width":{"unit":"px","size":"1200","sizes":[]},"structure":"20","margin":{"unit":"px","top":"50","right":"0","bottom":"0","left":"0","isLinked":""},"margin_mobile":{"unit":"px","top":"30","right":"0","bottom":"0","left":"0","isLinked":""}},"elements":[{"id":"b98eb33","settings":{"_column_size":"50","_inline_size":"55","padding":{"unit":"px","top":"10","right":"30","bottom":"0","left":"0","isLinked":""},"padding_tablet":{"unit":"px","top":"25","right":"25","bottom":"25","left":"25","isLinked":"1"}},"elements":[{"id":"2d384666","settings":{"image":{"id":1020,"url":"http:\/\/localhost\/dieuhau\/wp-content\/uploads\/2020\/09\/About-Pic-3-1.png"}},"elements":[],"isInner":false,"widgetType":"image","elType":"widget"},{"id":"2ff284d5","settings":{"title":"making a start","title_color":"#211f40","typography_typography":"custom","typography_font_family":"Montserrat","typography_font_size":{"unit":"px","size":"22","sizes":[]},"typography_font_weight":"600","_margin":{"unit":"px","top":"30","right":"0","bottom":"0","left":"0","isLinked":""},"typography_text_transform":"capitalize","header_size":"h4"},"elements":[],"isInner":false,"widgetType":"heading","elType":"widget"},{"id":"10020dc0","settings":{"align":"left","editor":"<p>Lorem ipsum dolor sit amet, consectetur adipiscing elit, sed do eiusmod tempor incididunt ut labore et dolore magna aliqua. Fames ac turpis egestas integer eget. A scelerisque purus semper eget duis at tellus at urna. Pellentesque nec nam aliquam sem et tortor consequat iytd.<br \/><br \/>Ante in nibh mauris cursus. Tellus at urna condimentum mattis pellentesque id. Non tellus orci ac auctor augue mauris augue neque. Egestas dui id ornare arcu odio ut sem. Nunc lobortis mattis aliquam faucibus purus in massa olat you all the ekolor tolos years of joll ewop drty old.<\/p>","text_color":"#211f40","typography_typography":"custom","typography_font_family":"Montserrat","typography_font_size":{"unit":"px","size":"16","sizes":[]},"typography_font_weight":"200","text_columns":"1"},"elements":[],"isInner":false,"widgetType":"text-editor","elType":"widget"}],"isInner":"1","elType":"column"},{"id":"7b39245","settings":{"_column_size":"50","_inline_size":"45","margin":{"unit":"px","top":"0","right":"0","bottom":"0","left":"0","isLinked":"1"},"padding":{"unit":"px","top":"10","right":"0","bottom":"0","left":"30","isLinked":""},"padding_tablet":{"unit":"px","top":"25","right":"25","bottom":"25","left":"0","isLinked":""},"padding_mobile":{"unit":"px","top":"25","right":"25","bottom":"25","left":"25","isLinked":"1"},"motion_fx_translateY_effect":"yes","motion_fx_translateY_speed":{"unit":"px","size":"1","sizes":[]},"motion_fx_translateY_affectedRange":{"unit":"%","size":"","sizes":{"start":"0","end":"50"}},"motion_fx_opacity_effect":"yes","motion_fx_opacity_range":{"unit":"%","size":"","sizes":{"start":"0","end":"30"}}},"elements":[{"id":"52a6f74c","settings":{"skin":"cover","bg_image":{"url":"","id":""},"title":"get to know each other","description":"Lorem ipsum dolor sit amet of, cotns ctetur all of the adip scing  sed do eiusmod dunt.","button":"","vertical_position":"middle","title_typography_typography":"custom","title_typography_font_family":"Montserrat","title_typography_font_size":{"unit":"px","size":"20","sizes":[]},"title_typography_font_weight":"400","description_typography_typography":"custom","description_typography_font_family":"Montserrat","description_typography_font_size":{"unit":"px","size":"15","sizes":[]},"description_typography_font_weight":"300","title_color":"#4a4a4a","description_color":"#4a4a4a","content_animation":"","transformation":"","overlay_color_hover":"#ffffff","effect_duration":{"unit":"px","size":"0","sizes":[]},"_background_background":"classic","_background_color":"#ffffff","_border_border":"solid","_border_width":{"unit":"px","top":"0","right":"0","bottom":"0","left":"4","isLinked":""},"_border_color":"#d3b574","_box_shadow_box_shadow_type":"yes","_box_shadow_box_shadow":{"horizontal":"0","vertical":"0","blur":"20","spread":"0","color":"rgba(0,0,0,0.1)"},"link_click":"box","_border_hover_color":"#d3b574","title_typography_text_transform":"capitalize","graphic_image":{"id":1021,"url":"http:\/\/localhost\/dieuhau\/wp-content\/uploads\/2020\/09\/placeholder.png"},"min-height":{"unit":"px","size":"180","sizes":[]},"alignment":"left","title_tag":"h3","motion_fx_motion_fx_scrolling":"yes","motion_fx_translateY_effect":"yes","motion_fx_translateY_speed":{"unit":"px","size":"1","sizes":[]},"motion_fx_translateY_affectedRange":{"unit":"%","size":"","sizes":{"start":"0","end":"50"}},"motion_fx_opacity_effect":"yes","motion_fx_opacity_range":{"unit":"%","size":"","sizes":{"start":"0","end":"30"}}},"elements":[],"isInner":false,"widgetType":"call-to-action","elType":"widget"},{"id":"179ca8c2","settings":{"skin":"cover","bg_image":{"url":"","id":""},"title":"understanding your rights","description":"Lorem ipsum dolor sit amet of, cotns ctetur all of the adip scing  sed do eiusmod dunt.","button":"","vertical_position":"middle","title_typography_typography":"custom","title_typography_font_family":"Montserrat","title_typography_font_size":{"unit":"px","size":"20","sizes":[]},"title_typography_font_weight":"400","description_typography_typography":"custom","description_typography_font_family":"Montserrat","description_typography_font_size":{"unit":"px","size":"15","sizes":[]},"description_typography_font_weight":"300","title_color":"#4a4a4a","description_color":"#4a4a4a","content_animation":"","transformation":"","overlay_color_hover":"#ffffff","effect_duration":{"unit":"px","size":"0","sizes":[]},"_background_background":"classic","_background_color":"#ffffff","_border_border":"solid","_border_width":{"unit":"px","top":"0","right":"0","bottom":"0","left":"4","isLinked":""},"_border_color":"#d3b574","_box_shadow_box_shadow_type":"yes","_box_shadow_box_shadow":{"horizontal":"0","vertical":"0","blur":"20","spread":"0","color":"rgba(0,0,0,0.1)"},"link_click":"box","_border_hover_color":"#d3b574","title_typography_text_transform":"capitalize","graphic_image":{"id":1021,"url":"http:\/\/localhost\/dieuhau\/wp-content\/uploads\/2020\/09\/placeholder.png"},"min-height":{"unit":"px","size":"180","sizes":[]},"alignment":"left","title_tag":"h3","motion_fx_motion_fx_scrolling":"yes","motion_fx_translateY_effect":"yes","motion_fx_translateY_speed":{"unit":"px","size":"1","sizes":[]},"motion_fx_translateY_affectedRange":{"unit":"%","size":"","sizes":{"start":"0","end":"50"}},"motion_fx_opacity_effect":"yes","motion_fx_opacity_range":{"unit":"%","size":"","sizes":{"start":"0","end":"30"}}},"elements":[],"isInner":false,"widgetType":"call-to-action","elType":"widget"},{"id":"7ec09802","settings":{"skin":"cover","bg_image":{"url":"","id":""},"title":"determining your goals","description":"Lorem ipsum dolor sit amet of, cotns ctetur all of the adip scing  sed do eiusmod dunt.","button":"","vertical_position":"middle","title_typography_typography":"custom","title_typography_font_family":"Montserrat","title_typography_font_size":{"unit":"px","size":"20","sizes":[]},"title_typography_font_weight":"400","description_typography_typography":"custom","description_typography_font_family":"Montserrat","description_typography_font_size":{"unit":"px","size":"15","sizes":[]},"description_typography_font_weight":"300","title_color":"#4a4a4a","description_color":"#4a4a4a","content_animation":"","transformation":"","overlay_color_hover":"#ffffff","effect_duration":{"unit":"px","size":"0","sizes":[]},"_background_background":"classic","_background_color":"#ffffff","_border_border":"solid","_border_width":{"unit":"px","top":"0","right":"0","bottom":"0","left":"4","isLinked":""},"_border_color":"#d3b574","_box_shadow_box_shadow_type":"yes","_box_shadow_box_shadow":{"horizontal":"0","vertical":"0","blur":"20","spread":"0","color":"rgba(0,0,0,0.1)"},"link_click":"box","_border_hover_color":"#d3b574","title_typography_text_transform":"capitalize","graphic_image":{"id":1021,"url":"http:\/\/localhost\/dieuhau\/wp-content\/uploads\/2020\/09\/placeholder.png"},"min-height":{"unit":"px","size":"180","sizes":[]},"alignment":"left","title_tag":"h3","motion_fx_motion_fx_scrolling":"yes","motion_fx_translateY_effect":"yes","motion_fx_translateY_speed":{"unit":"px","size":"1","sizes":[]},"motion_fx_translateY_affectedRange":{"unit":"%","size":"","sizes":{"start":"0","end":"50"}},"motion_fx_opacity_effect":"yes","motion_fx_opacity_range":{"unit":"%","size":"","sizes":{"start":"0","end":"30"}}},"elements":[],"isInner":false,"widgetType":"call-to-action","elType":"widget"},{"id":"4c96625e","settings":{"title":"client satisfaction","percent":{"unit":"%","size":"97","sizes":[]},"inner_text":"","bar_color":"#211f40","bar_bg_color":"#f2f2f2","bar_inline_color":"#ffffff","bar_inner_typography_typography":"custom","bar_inner_typography_font_family":"Montserrat","bar_inner_typography_font_size":{"unit":"px","size":"14","sizes":[]},"bar_inner_typography_font_weight":"200","title_color":"#4a4a4a","typography_typography":"custom","typography_font_family":"Montserrat","typography_font_size":{"unit":"px","size":"16","sizes":[]},"typography_font_weight":"300","_margin":{"unit":"px","top":"30","right":"0","bottom":"0","left":"0","isLinked":""},"typography_text_transform":"capitalize"},"elements":[],"isInner":false,"widgetType":"progress","elType":"widget"},{"id":"54fbb961","settings":{"title":"Accepted Cases","percent":{"unit":"%","size":"92","sizes":[]},"inner_text":"","bar_color":"#211f40","bar_bg_color":"#f2f2f2","bar_inline_color":"#ffffff","bar_inner_typography_typography":"custom","bar_inner_typography_font_family":"Montserrat","bar_inner_typography_font_size":{"unit":"px","size":"14","sizes":[]},"bar_inner_typography_font_weight":"200","title_color":"#4a4a4a","typography_typography":"custom","typography_font_family":"Montserrat","typography_font_size":{"unit":"px","size":"16","sizes":[]},"typography_font_weight":"300"},"elements":[],"isInner":false,"widgetType":"progress","elType":"widget"},{"id":"5071989f","settings":{"title":"Success Rate","percent":{"unit":"%","size":"98","sizes":[]},"inner_text":"","bar_color":"#211f40","bar_bg_color":"#f2f2f2","bar_inline_color":"#ffffff","bar_inner_typography_typography":"custom","bar_inner_typography_font_family":"Montserrat","bar_inner_typography_font_size":{"unit":"px","size":"14","sizes":[]},"bar_inner_typography_font_weight":"200","title_color":"#4a4a4a","typography_typography":"custom","typography_font_family":"Montserrat","typography_font_size":{"unit":"px","size":"16","sizes":[]},"typography_font_weight":"300"},"elements":[],"isInner":false,"widgetType":"progress","elType":"widget"}],"isInner":"1","elType":"column"}],"isInner":"1","elType":"section"}],"isInner":"","elType":"column"}],"isInner":"","elType":"section"},{"id":"19346821","settings":{"content_width":{"unit":"px","size":"580","sizes":[]},"height":"min-height","custom_height":{"unit":"px","size":"550","sizes":[]},"background_background":"classic","background_image":{"id":1022,"url":"http:\/\/localhost\/dieuhau\/wp-content\/uploads\/2020\/09\/About-CTA-1.png"},"background_overlay_background":"classic","background_overlay_color":"#16163f","background_overlay_opacity":{"unit":"px","size":"0.75","sizes":[]},"_title":"We Will Help You","margin_mobile":{"unit":"px","top":"","right":"0","bottom":"","left":"0","isLinked":"1"},"padding_mobile":{"unit":"px","top":"0","right":"15","bottom":"0","left":"15","isLinked":""},"background_attachment":"fixed","background_repeat":"no-repeat","margin":{"unit":"px","top":"0","right":"0","bottom":"0150","left":"0","isLinked":""},"margin_tablet":{"unit":"px","top":"80","right":"0","bottom":"80","left":"0","isLinked":"1"},"background_position":"center center","background_size":"cover","_timestamp_":"v1Smpyb2xHWDFzTnAyd291dVQ4THc0UT09"},"elements":[{"id":"490ee92c","settings":{"_column_size":"100","content_position":"center"},"elements":[{"id":"20cc861e","settings":{"title":"We Will Help You Every Step Of The Way","align":"center","title_color":"#ffffff","typography_typography":"custom","typography_font_family":"Merriweather","typography_font_size":{"unit":"px","size":"50","sizes":[]},"typography_font_weight":"100","typography_text_transform":"capitalize","typography_line_height":{"unit":"em","size":"1.4","sizes":[]},"typography_font_size_mobile":{"unit":"px","size":"40","sizes":[]}},"elements":[],"isInner":false,"widgetType":"heading","elType":"widget"},{"id":"31ed8a42","settings":{"align":"center","editor":"<p>Lorem ipsum dolor sit amet, cotns ctetur all of the adicing elit, sed do eiusmod tempor ale dunt ut labore et dolore magna aliqua Mauris amet.<\/p>","text_color":"#ffffff","typography_typography":"custom","typography_font_family":"Montserrat","typography_font_size":{"unit":"px","size":"16","sizes":[]},"typography_font_weight":"200","_margin":{"unit":"px","top":"0","right":"50","bottom":"0","left":"50","isLinked":""},"_margin_mobile":{"unit":"px","top":"0","right":"0","bottom":"0","left":"0","isLinked":"1"}},"elements":[],"isInner":false,"widgetType":"text-editor","elType":"widget"},{"id":"117833b5","settings":{"text":"Contact Us","align":"center","icon":"fa fa-long-arrow-right","icon_align":"right","icon_indent":{"unit":"px","size":"10","sizes":[]},"typography_typography":"custom","typography_font_family":"Montserrat","typography_font_size":{"unit":"px","size":"16","sizes":[]},"typography_font_weight":"400","button_text_color":"#16163f","background_color":"#d3b574","border_radius":{"unit":"px","top":"0","right":"0","bottom":"0","left":"0","isLinked":"1"},"button_background_hover_color":"#ffffff","size":"md","_margin":{"unit":"px","top":"20","right":"0","bottom":"0","left":"0","isLinked":""},"_margin_mobile":{"unit":"px","top":"30","right":"0","bottom":"0","left":"0","isLinked":""},"typography_text_transform":"capitalize","selected_icon":{"value":"fas fa-long-arrow-alt-right","library":"fa-solid"},"__fa4_migrated":{"selected_icon":"1"},"link":{"url":"","is_external":"","nofollow":""}},"elements":[],"isInner":false,"widgetType":"button","elType":"widget"}],"isInner":"","elType":"column"}],"isInner":"","elType":"section"},{"id":"1f5ed827","settings":{"content_width":{"unit":"px","size":"1200","sizes":[]},"structure":"20","margin":{"unit":"px","top":"0","right":"0","bottom":"150","left":"0","isLinked":""},"margin_tablet":{"unit":"px","top":"0","right":"0","bottom":"0","left":"0","isLinked":"1"},"_title":"We Work Hard\nIn All Fields\u200b","_timestamp_":"v1Smpyb2xHWDFzTnAyd291dVQ4THc0UT09"},"elements":[{"id":"55faa746","settings":{"_column_size":"50","_inline_size":"60","padding":{"unit":"px","top":"0","right":"100","bottom":"0","left":"0","isLinked":""},"_inline_size_tablet":"100","padding_tablet":{"unit":"px","top":"25","right":"25","bottom":"25","left":"25","isLinked":"1"}},"elements":[{"id":"773933da","settings":{"title":"what do you need?","title_color":"#4a4a4a","typography_typography":"custom","typography_font_family":"Montserrat","typography_font_size":{"unit":"px","size":"18","sizes":[]},"typography_font_weight":"300","_padding":{"unit":"px","top":"0","right":"0","bottom":"0","left":"30","isLinked":""},"typography_text_transform":"capitalize","header_size":"h4"},"elements":[],"isInner":false,"widgetType":"heading","elType":"widget"},{"id":"6b254763","settings":{"title":"we work hard<br>in all fields","align":"left","title_color":"#16163f","typography_typography":"custom","typography_font_family":"Merriweather","typography_font_size":{"unit":"px","size":"50","sizes":[]},"typography_font_weight":"300","typography_text_transform":"capitalize","typography_line_height":{"unit":"em","size":"1.4","sizes":[]},"_padding":{"unit":"px","top":"0","right":"0","bottom":"0","left":"30","isLinked":""},"_border_border":"solid","_border_width":{"unit":"px","top":"0","right":"0","bottom":"0","left":"4","isLinked":""},"_border_color":"#d3b574","typography_font_size_tablet":{"unit":"px","size":"38","sizes":[]}},"elements":[],"isInner":false,"widgetType":"heading","elType":"widget"},{"id":"2b6741d8","settings":{"align":"left","editor":"<p>Lorem ipsum dolor sit amet, consectetur adipiscing elit, sed do eiusmod tempor incididunt ut labore et dolore magna aliqua. Ut enim ad minim veniam, quis nostrud.<\/p>","text_color":"#211f40","typography_typography":"custom","typography_font_family":"Montserrat","typography_font_size":{"unit":"px","size":"16","sizes":[]},"typography_font_weight":"200"},"elements":[],"isInner":false,"widgetType":"text-editor","elType":"widget"},{"id":"1f7a88e2","settings":{"structure":"20","margin":{"unit":"px","top":"0","right":"0","bottom":"0","left":"0","isLinked":"1"},"motion_fx_motion_fx_scrolling":"yes","motion_fx_translateY_effect":"yes","motion_fx_translateY_speed":{"unit":"px","size":"1","sizes":[]},"motion_fx_translateY_affectedRange":{"unit":"%","size":"","sizes":{"start":"0","end":"50"}},"motion_fx_opacity_effect":"yes","motion_fx_opacity_range":{"unit":"%","size":"","sizes":{"start":"0","end":"30"}}},"elements":[{"id":"764eb72e","settings":{"_column_size":"50","motion_fx_translateY_effect":"yes","motion_fx_translateY_speed":{"unit":"px","size":"1","sizes":[]},"motion_fx_translateY_affectedRange":{"unit":"%","size":"","sizes":{"start":"0","end":"50"}},"motion_fx_opacity_effect":"yes","motion_fx_opacity_range":{"unit":"%","size":"","sizes":{"start":"0","end":"50"}},"_inline_size_tablet":"50"},"elements":[{"id":"55bdce2","settings":{"skin":"cover","bg_image":{"url":"","id":""},"title":"family law","description":"Lorem ipsum dolor sit amet of, cotns ctetur all of the adip scing  sed do eiusmod dunt.","button":"","vertical_position":"middle","title_typography_typography":"custom","title_typography_font_family":"Montserrat","title_typography_font_size":{"unit":"px","size":"20","sizes":[]},"title_typography_font_weight":"400","description_typography_typography":"custom","description_typography_font_family":"Montserrat","description_typography_font_size":{"unit":"px","size":"15","sizes":[]},"description_typography_font_weight":"300","title_color":"#4a4a4a","description_color":"#4a4a4a","content_animation":"","transformation":"","overlay_color_hover":"#ffffff","effect_duration":{"unit":"px","size":"0","sizes":[]},"_background_background":"classic","_background_color":"#ffffff","_border_border":"solid","_border_width":{"unit":"px","top":"4","right":"0","bottom":"0","left":"0","isLinked":""},"_border_color":"#6c6b7d","_box_shadow_box_shadow_type":"yes","_box_shadow_box_shadow":{"horizontal":"0","vertical":"0","blur":"20","spread":"0","color":"rgba(0,0,0,0.1)"},"link_click":"box","_border_hover_border":"solid","_border_hover_color":"#d3b574","title_typography_text_transform":"capitalize","graphic_image":{"id":1021,"url":"http:\/\/localhost\/dieuhau\/wp-content\/uploads\/2020\/09\/placeholder.png"},"min-height":{"unit":"px","size":"220","sizes":[]},"alignment":"left","min-height_tablet":{"unit":"px","size":"100","sizes":[]},"title_tag":"h3"},"elements":[],"isInner":false,"widgetType":"call-to-action","elType":"widget"}],"isInner":"1","elType":"column"},{"id":"1fd5a30","settings":{"_column_size":"50","_inline_size_tablet":"50"},"elements":[{"id":"3b2e2cd8","settings":{"skin":"cover","bg_image":{"url":"","id":""},"title":"legal advice","description":"Lorem ipsum dolor sit amet of, cotns ctetur all of the adip scing  sed do eiusmod dunt.","button":"","vertical_position":"middle","title_typography_typography":"custom","title_typography_font_family":"Montserrat","title_typography_font_size":{"unit":"px","size":"20","sizes":[]},"title_typography_font_weight":"400","description_typography_typography":"custom","description_typography_font_family":"Montserrat","description_typography_font_size":{"unit":"px","size":"15","sizes":[]},"description_typography_font_weight":"300","title_color":"#4a4a4a","description_color":"#4a4a4a","content_animation":"","transformation":"","overlay_color_hover":"#ffffff","effect_duration":{"unit":"px","size":"0","sizes":[]},"_background_background":"classic","_background_color":"#ffffff","_border_border":"solid","_border_width":{"unit":"px","top":"4","right":"0","bottom":"0","left":"0","isLinked":""},"_border_color":"#6c6b7d","_box_shadow_box_shadow_type":"yes","_box_shadow_box_shadow":{"horizontal":"0","vertical":"0","blur":"20","spread":"0","color":"rgba(0,0,0,0.1)"},"link_click":"box","_border_hover_border":"solid","_border_hover_color":"#d3b574","title_typography_text_transform":"capitalize","graphic_image":{"id":1021,"url":"http:\/\/localhost\/dieuhau\/wp-content\/uploads\/2020\/09\/placeholder.png"},"min-height":{"unit":"px","size":"220","sizes":[]},"alignment":"left","min-height_tablet":{"unit":"px","size":"100","sizes":[]},"title_tag":"h3"},"elements":[],"isInner":false,"widgetType":"call-to-action","elType":"widget"}],"isInner":"1","elType":"column"}],"isInner":"1","elType":"section"},{"id":"4bc415f6","settings":{"structure":"20","margin":{"unit":"px","top":"0","right":"0","bottom":"0","left":"0","isLinked":"1"},"motion_fx_motion_fx_scrolling":"yes","motion_fx_translateY_effect":"yes","motion_fx_translateY_speed":{"unit":"px","size":"1.5","sizes":[]},"motion_fx_translateY_affectedRange":{"unit":"%","size":"","sizes":{"start":"0","end":"50"}},"motion_fx_opacity_effect":"yes","motion_fx_opacity_range":{"unit":"%","size":"","sizes":{"start":"0","end":"40"}}},"elements":[{"id":"1a9bf3c4","settings":{"_column_size":"50","motion_fx_translateY_effect":"yes","motion_fx_translateY_speed":{"unit":"px","size":"1","sizes":[]},"motion_fx_translateY_affectedRange":{"unit":"%","size":"","sizes":{"start":"0","end":"50"}},"motion_fx_opacity_effect":"yes","motion_fx_opacity_range":{"unit":"%","size":"","sizes":{"start":"0","end":"50"}},"_inline_size_tablet":"50"},"elements":[{"id":"65bbf593","settings":{"skin":"cover","bg_image":{"url":"","id":""},"title":"gun crimes","description":"Lorem ipsum dolor sit amet of, cotns ctetur all of the adip scing  sed do eiusmod dunt.","button":"","vertical_position":"middle","title_typography_typography":"custom","title_typography_font_family":"Montserrat","title_typography_font_size":{"unit":"px","size":"20","sizes":[]},"title_typography_font_weight":"400","description_typography_typography":"custom","description_typography_font_family":"Montserrat","description_typography_font_size":{"unit":"px","size":"15","sizes":[]},"description_typography_font_weight":"300","title_color":"#4a4a4a","description_color":"#4a4a4a","content_animation":"","transformation":"","overlay_color_hover":"#ffffff","effect_duration":{"unit":"px","size":"0","sizes":[]},"_background_background":"classic","_background_color":"#ffffff","_border_border":"solid","_border_width":{"unit":"px","top":"4","right":"0","bottom":"0","left":"0","isLinked":""},"_border_color":"#6c6b7d","_box_shadow_box_shadow_type":"yes","_box_shadow_box_shadow":{"horizontal":"0","vertical":"0","blur":"20","spread":"0","color":"rgba(0,0,0,0.1)"},"link_click":"box","_border_hover_border":"solid","_border_hover_color":"#d3b574","title_typography_text_transform":"capitalize","graphic_image":{"id":1021,"url":"http:\/\/localhost\/dieuhau\/wp-content\/uploads\/2020\/09\/placeholder.png"},"min-height":{"unit":"px","size":"220","sizes":[]},"alignment":"left","min-height_tablet":{"unit":"px","size":"100","sizes":[]},"title_tag":"h3"},"elements":[],"isInner":false,"widgetType":"call-to-action","elType":"widget"}],"isInner":"1","elType":"column"},{"id":"18708a76","settings":{"_column_size":"50","_inline_size_tablet":"50"},"elements":[{"id":"517fb811","settings":{"skin":"cover","bg_image":{"url":"","id":""},"title":"drug crimes","description":"Lorem ipsum dolor sit amet of, cotns ctetur all of the adip scing  sed do eiusmod dunt.","button":"","vertical_position":"middle","title_typography_typography":"custom","title_typography_font_family":"Montserrat","title_typography_font_size":{"unit":"px","size":"20","sizes":[]},"title_typography_font_weight":"400","description_typography_typography":"custom","description_typography_font_family":"Montserrat","description_typography_font_size":{"unit":"px","size":"15","sizes":[]},"description_typography_font_weight":"300","title_color":"#4a4a4a","description_color":"#4a4a4a","content_animation":"","transformation":"","overlay_color_hover":"#ffffff","effect_duration":{"unit":"px","size":"0","sizes":[]},"_background_background":"classic","_background_color":"#ffffff","_border_border":"solid","_border_width":{"unit":"px","top":"4","right":"0","bottom":"0","left":"0","isLinked":""},"_border_color":"#6c6b7d","_box_shadow_box_shadow_type":"yes","_box_shadow_box_shadow":{"horizontal":"0","vertical":"0","blur":"20","spread":"0","color":"rgba(0,0,0,0.1)"},"link_click":"box","_border_hover_border":"solid","_border_hover_color":"#d3b574","title_typography_text_transform":"capitalize","graphic_image":{"id":1021,"url":"http:\/\/localhost\/dieuhau\/wp-content\/uploads\/2020\/09\/placeholder.png"},"min-height":{"unit":"px","size":"220","sizes":[]},"alignment":"left","min-height_tablet":{"unit":"px","size":"100","sizes":[]},"title_tag":"h3"},"elements":[],"isInner":false,"widgetType":"call-to-action","elType":"widget"}],"isInner":"1","elType":"column"}],"isInner":"1","elType":"section"}],"isInner":"","elType":"column"},{"id":"1f913eb2","settings":{"_column_size":"50","_inline_size":"40","space_between_widgets":"30","_inline_size_tablet":"100","padding_tablet":{"unit":"px","top":"25","right":"25","bottom":"25","left":"25","isLinked":"1"}},"elements":[{"id":"3052fdd7","settings":{"youtube_url":"https:\/\/www.youtube.com\/watch?v=XHOmBV4js_E","vimeo_url":"https:\/\/vimeo.com\/235215203","dailymotion_url":"https:\/\/www.dailymotion.com\/video\/x6tqhqb","show_image_overlay":"yes","image_overlay":{"id":1023,"url":"http:\/\/localhost\/dieuhau\/wp-content\/uploads\/2020\/09\/Video.png"},"aspect_ratio":"43","play_icon_color":"#ffffff","play_icon_size":{"unit":"px","size":"70","sizes":[]}},"elements":[],"isInner":false,"widgetType":"video","elType":"widget"},{"id":"1c191951","settings":{"height_inner":"min-height","custom_height_inner_tablet":{"unit":"px","size":"330","sizes":[]}},"elements":[{"id":"737c5b60","settings":{"_column_size":"100","content_position":"center","space_between_widgets":"0","background_background":"classic","background_color":"#ffffff","border_border":"solid","border_width":{"unit":"px","top":"0","right":"0","bottom":"0","left":"4","isLinked":""},"border_color":"#d3b574","box_shadow_box_shadow_type":"yes","box_shadow_box_shadow":{"horizontal":"0","vertical":"0","blur":"20","spread":"0","color":"rgba(0,0,0,0.1)"},"padding":{"unit":"px","top":"0","right":"50","bottom":"0","left":"50","isLinked":""},"padding_mobile":{"unit":"px","top":"25","right":"25","bottom":"25","left":"25","isLinked":"1"}},"elements":[{"id":"5b0ed924","settings":{"selected_icon":{"value":"fas fa-quote-left","library":"fa-solid"},"align":"left","primary_color":"#211f40","_margin":{"unit":"px","top":"0","right":"0","bottom":"30","left":"0","isLinked":""},"size":{"unit":"px","size":"50","sizes":[]},"size_mobile":{"unit":"px","size":"40","sizes":[]},"_margin_mobile":{"unit":"px","top":"0","right":"0","bottom":"20","left":"0","isLinked":""}},"elements":[],"isInner":false,"widgetType":"icon","elType":"widget"},{"id":"17f1c6aa","settings":{"testimonial_content":"\"They always say that time changes things, but you actually have to change them yourself.\u201d","testimonial_image":{"url":"","id":""},"testimonial_name":"Andy Warhol","testimonial_job":"","testimonial_alignment":"left","content_content_color":"#211f40","content_typography_typography":"custom","content_typography_font_family":"Montserrat","content_typography_font_size":{"unit":"px","size":"22","sizes":[]},"content_typography_font_weight":"500","name_text_color":"#4a4a4a","name_typography_typography":"custom","name_typography_font_family":"Montserrat","name_typography_font_size":{"unit":"px","size":"15","sizes":[]},"name_typography_font_weight":"200","name_typography_text_transform":"capitalize","content_typography_font_size_mobile":{"unit":"px","size":"16","sizes":[]}},"elements":[],"isInner":false,"widgetType":"testimonial","elType":"widget"}],"isInner":"1","elType":"column"}],"isInner":"1","elType":"section"}],"isInner":"","elType":"column"}],"isInner":"","elType":"section"},{"id":"278a3e63","settings":{"content_width":{"unit":"px","size":"1200","sizes":[]},"custom_height":{"unit":"px","size":"530","sizes":[]},"background_background":"classic","margin":{"unit":"px","top":"150","right":"0","bottom":"150","left":"0","isLinked":""},"_title":"CTA","margin_mobile":{"unit":"px","top":"80","right":"0","bottom":"80","left":"0","isLinked":""},"padding_tablet":{"unit":"px","top":"0","right":"15","bottom":"0","left":"15","isLinked":""},"margin_tablet":{"unit":"px","top":"80","right":"0","bottom":"80","left":"0","isLinked":"1"},"_timestamp_":"v1Smpyb2xHWDFzTnAyd291dVQ4THc0UT09"},"elements":[{"id":"48b5dc0b","settings":{"_column_size":"100","background_background":"classic","background_color":"#16163f","box_shadow_box_shadow_type":"yes","box_shadow_box_shadow":{"horizontal":"0","vertical":"0","blur":"30","spread":"0","color":"rgba(0,0,0,0.15)"},"padding":{"unit":"px","top":"100","right":"300","bottom":"100","left":"300","isLinked":""},"padding_tablet":{"unit":"px","top":"80","right":"80","bottom":"80","left":"80","isLinked":""},"padding_mobile":{"unit":"px","top":"50","right":"50","bottom":"50","left":"50","isLinked":"1"}},"elements":[{"id":"79bb5f52","settings":{"title":"our team of experts are here for you","align":"center","title_color":"#ffffff","typography_typography":"custom","typography_font_family":"Merriweather","typography_font_size":{"unit":"px","size":"55","sizes":[]},"typography_font_weight":"100","typography_text_transform":"capitalize","typography_line_height":{"unit":"em","size":"1.2","sizes":[]},"typography_font_size_mobile":{"unit":"px","size":"34","sizes":[]},"typography_font_size_tablet":{"unit":"px","size":"45","sizes":[]}},"elements":[],"isInner":false,"widgetType":"heading","elType":"widget"},{"id":"108de956","settings":{"align":"center","editor":"Lorem ipsum dolor sit amet, conetur adiping elit Lorem ipsum dolor sit amet, consectetur adipiscing elit.","text_color":"#ffffff","typography_typography":"custom","typography_font_family":"Montserrat","typography_font_size":{"unit":"px","size":"16","sizes":[]},"typography_font_weight":"200","_margin":{"unit":"px","top":"30","right":"80","bottom":"0","left":"80","isLinked":""},"_margin_tablet":{"unit":"px","top":"0","right":"0","bottom":"0","left":"0","isLinked":"1"}},"elements":[],"isInner":false,"widgetType":"text-editor","elType":"widget"},{"id":"86c1366","settings":{"text":"Meet Them","align":"center","icon":"fa fa-long-arrow-right","icon_align":"right","icon_indent":{"unit":"px","size":"10","sizes":[]},"typography_typography":"custom","typography_font_family":"Montserrat","typography_font_size":{"unit":"px","size":"16","sizes":[]},"typography_font_weight":"400","button_text_color":"#16163f","background_color":"#d3b574","border_radius":{"unit":"px","top":"0","right":"0","bottom":"0","left":"0","isLinked":"1"},"button_background_hover_color":"#ffffff","size":"md","_margin":{"unit":"px","top":"50","right":"0","bottom":"0","left":"0","isLinked":""},"_margin_mobile":{"unit":"px","top":"30","right":"0","bottom":"0","left":"0","isLinked":""},"typography_text_transform":"capitalize","selected_icon":{"value":"fas fa-long-arrow-alt-right","library":"fa-solid"},"__fa4_migrated":{"selected_icon":"1"},"link":{"url":"","is_external":"","nofollow":""}},"elements":[],"isInner":false,"widgetType":"button","elType":"widget"}],"isInner":"","elType":"column"}],"isInner":"","elType":"section"},{"id":"18cbd14c","settings":{"content_width":{"unit":"px","size":"1200","sizes":[]},"margin":{"unit":"px","top":"0","right":"0","bottom":"150","left":"0","isLinked":""},"margin_tablet":{"unit":"px","top":"0","right":"0","bottom":"80","left":"0","isLinked":""},"padding_tablet":{"unit":"px","top":"0","right":"15","bottom":"0","left":"15","isLinked":""},"_title":"FAQ","_timestamp_":"v1Smpyb2xHWDFzTnAyd291dVQ4THc0UT09"},"elements":[{"id":"380cd6bb","settings":{"_column_size":"100","padding":{"unit":"px","top":"0","right":"0","bottom":"0","left":"0","isLinked":"1"}},"elements":[{"id":"12439c49","settings":{"title":"important things you should know","title_color":"#4a4a4a","typography_typography":"custom","typography_font_family":"Montserrat","typography_font_size":{"unit":"px","size":"18","sizes":[]},"typography_font_weight":"300","align":"center","typography_text_transform":"capitalize","header_size":"h4"},"elements":[],"isInner":false,"widgetType":"heading","elType":"widget"},{"id":"28e11d83","settings":{"title":"Questions And Answers","align":"center","title_color":"#16163f","typography_typography":"custom","typography_font_family":"Merriweather","typography_font_size":{"unit":"px","size":"50","sizes":[]},"typography_font_weight":"300","typography_text_transform":"capitalize","typography_font_size_tablet":{"unit":"px","size":"45","sizes":[]},"typography_font_size_mobile":{"unit":"px","size":"40","sizes":[]}},"elements":[],"isInner":false,"widgetType":"heading","elType":"widget"},{"id":"1c6005cb","settings":{"content_width":{"unit":"px","size":"1200","sizes":[]},"structure":"20","margin":{"unit":"px","top":"50","right":"0","bottom":"0","left":"0","isLinked":""},"z_index":"1"},"elements":[{"id":"530eec75","settings":{"_column_size":"50"},"elements":[{"id":"14f0138d","settings":{"tabs":[{"tab_title":"what is your success rate?","tab_content":"<p>Lorem ipsum dolor sit amet, conse ctetur adipiscing elit. Ut elit tellus off, luctus nec ullamc orper mattis, pvinar dapibus leo.<\/p>","_id":"9ca42da"},{"tab_title":"Can you help me win?","tab_content":"<p>Lorem ipsum dolor sit amet, conse ctetur adipiscing elit. Ut elit tellus off, luctus nec ullamc orper mattis, pvinar dapibus leo.<\/p>","_id":"4755c56"},{"tab_title":"what can i expect in the process?","tab_content":"<p>Lorem ipsum dolor sit amet, conse ctetur adipiscing elit. Ut elit tellus off, luctus nec ullamc orper mattis, pvinar dapibus leo.<\/p>","_id":"b75ed9e"},{"tab_title":"do you provide pro bono services?","tab_content":"<p>Lorem ipsum dolor sit amet, conse ctetur adipiscing elit. Ut elit tellus off, luctus nec ullamc orper mattis, pvinar dapibus leo.<\/p>","_id":"44235e2"}],"icon":"fa fa-long-arrow-down","icon_active":"fa fa-long-arrow-up","border_width":{"unit":"px","size":"2","sizes":[]},"border_color":"#d3b574","box_shadow_box_shadow_type":"yes","box_shadow_box_shadow":{"horizontal":"0","vertical":"0","blur":"10","spread":"0","color":"rgba(0,0,0,0.1)"},"title_background":"#ffffff","title_color":"#4a4a4a","title_typography_typography":"custom","title_typography_font_family":"Montserrat","title_typography_font_size":{"unit":"px","size":"18","sizes":[]},"title_typography_font_weight":"400","title_padding":{"unit":"px","top":"25","right":"25","bottom":"25","left":"25","isLinked":"1"},"icon_align":"right","content_color":"#3d4459","content_typography_typography":"custom","content_typography_font_family":"Montserrat","content_typography_font_size":{"unit":"px","size":"15","sizes":[]},"content_typography_font_weight":"300","_border_radius":{"unit":"%","top":"","right":"","bottom":"","left":"","isLinked":"1"},"icon_space":{"unit":"px","size":"0","sizes":[]},"content_background_color":"#ffffff","space_between":{"unit":"px","size":"30","sizes":[]},"title_typography_font_size_tablet":{"unit":"px","size":"16","sizes":[]},"title_typography_text_transform":"capitalize","content_padding":{"unit":"px","top":"10","right":"25","bottom":"25","left":"25","isLinked":""},"selected_icon":{"value":"fas fa-long-arrow-alt-down","library":"fa-solid"},"selected_active_icon":{"value":"fas fa-long-arrow-alt-up","library":"fa-solid"},"__fa4_migrated":{"selected_icon":"1","selected_active_icon":"1"}},"elements":[],"isInner":false,"widgetType":"toggle","elType":"widget"}],"isInner":"1","elType":"column"},{"id":"48cae0ac","settings":{"_column_size":"50"},"elements":[{"id":"573b5f0f","settings":{"tabs":[{"tab_title":"can i contact you at anytime?","tab_content":"<p>Lorem ipsum dolor sit amet, conse ctetur adipiscing elit. Ut elit tellus off, luctus nec ullamc orper mattis, pvinar dapibus leo.<\/p>","_id":"9ca42da"},{"tab_title":"\"i'm feeling lost\" - can you help me?","tab_content":"<p>Lorem ipsum dolor sit amet, conse ctetur adipiscing elit. Ut elit tellus off, luctus nec ullamc orper mattis, pvinar dapibus leo.<\/p>","_id":"4755c56"},{"tab_title":"are you looking for new attorneys?","tab_content":"<p>Lorem ipsum dolor sit amet, conse ctetur adipiscing elit. Ut elit tellus off, luctus nec ullamc orper mattis, pvinar dapibus leo.<\/p>","_id":"b75ed9e"},{"tab_title":"what is the best solution  for me?","tab_content":"<p>Lorem ipsum dolor sit amet, conse ctetur adipiscing elit. Ut elit tellus off, luctus nec ullamc orper mattis, pvinar dapibus leo.<\/p>","_id":"44235e2"}],"icon":"fa fa-long-arrow-down","icon_active":"fa fa-long-arrow-up","border_width":{"unit":"px","size":"2","sizes":[]},"border_color":"#d3b574","box_shadow_box_shadow_type":"yes","box_shadow_box_shadow":{"horizontal":"0","vertical":"0","blur":"10","spread":"0","color":"rgba(0,0,0,0.1)"},"title_background":"#ffffff","title_color":"#4a4a4a","title_typography_typography":"custom","title_typography_font_family":"Montserrat","title_typography_font_size":{"unit":"px","size":"18","sizes":[]},"title_typography_font_weight":"400","title_padding":{"unit":"px","top":"25","right":"25","bottom":"25","left":"25","isLinked":"1"},"icon_align":"right","content_color":"#3d4459","content_typography_typography":"custom","content_typography_font_family":"Montserrat","content_typography_font_size":{"unit":"px","size":"15","sizes":[]},"content_typography_font_weight":"300","_border_radius":{"unit":"%","top":"","right":"","bottom":"","left":"","isLinked":"1"},"icon_space":{"unit":"px","size":"0","sizes":[]},"content_background_color":"#ffffff","space_between":{"unit":"px","size":"30","sizes":[]},"title_typography_font_size_tablet":{"unit":"px","size":"16","sizes":[]},"title_typography_text_transform":"capitalize","content_padding":{"unit":"px","top":"10","right":"25","bottom":"25","left":"25","isLinked":""},"selected_icon":{"value":"fas fa-long-arrow-alt-down","library":"fa-solid"},"selected_active_icon":{"value":"fas fa-long-arrow-alt-up","library":"fa-solid"},"__fa4_migrated":{"selected_icon":"1","selected_active_icon":"1"}},"elements":[],"isInner":false,"widgetType":"toggle","elType":"widget"}],"isInner":"1","elType":"column"}],"isInner":"1","elType":"section"}],"isInner":"","elType":"column"}],"isInner":"","elType":"section"}]}