{"version":"0.4","title":"Law-Firm-Home-page","type":"page","content":[{"id":"cdad4ac","settings":{"layout":"full_width","height":"min-height","custom_height":{"unit":"px","size":"720","sizes":[]},"background_background":"classic","background_image":{"id":1051,"url":"http:\/\/localhost\/dieuhau\/wp-content\/uploads\/2020\/09\/Home-hiro.png"},"background_position":"center center","background_repeat":"no-repeat","background_size":"cover","background_overlay_background":"classic","background_overlay_color":"#16163f","background_overlay_opacity":{"unit":"px","size":"0.8","sizes":[]},"_title":"Hero","custom_height_tablet":{"unit":"px","size":"550","sizes":[]},"background_motion_fx_opacity_effect":"yes","background_motion_fx_opacity_range":{"unit":"%","size":"","sizes":{"start":"51","end":"76"}},"background_position_mobile":"initial","background_attachment":"fixed","background_repeat_tablet":"no-repeat","background_motion_fx_motion_fx_scrolling":"yes","background_motion_fx_opacity_direction":"in-out","background_position_tablet":"initial","background_xpos_tablet":{"unit":"px","size":"-290","sizes":[]},"background_xpos_mobile":{"unit":"px","size":"-228","sizes":[]},"_timestamp_":"v1Smpyb2xHWDFzTnAyd291dVQ4THc0UT09"},"elements":[{"id":"ff3b9c9","settings":{"_column_size":"100","margin":{"unit":"%","top":"-5","right":"0","bottom":"0","left":"0","isLinked":""}},"elements":[{"id":"7ec0cff0","settings":{"title":"We Will Fight\n <br> For You\u200b","align":"center","title_color":"#ffffff","typography_typography":"custom","typography_font_family":"Merriweather","typography_font_size":{"unit":"px","size":"75","sizes":[]},"typography_font_weight":"100","typography_text_transform":"capitalize","typography_font_size_tablet":{"unit":"px","size":"60","sizes":[]},"typography_font_size_mobile":{"unit":"px","size":"45","sizes":[]},"header_size":"h1","typography_line_height":{"unit":"em","size":"1.2","sizes":[]}},"elements":[],"isInner":false,"widgetType":"heading","elType":"widget"},{"id":"704ec82e","settings":{"icon_list":[{"text":"","selected_icon":{"value":"fas fa-info","library":"fa-solid"},"_id":"6071b63","link":{"url":"#info","is_external":"","nofollow":"","custom_attributes":""}},{"text":"","selected_icon":{"value":"fas fa-user-tie","library":"fa-solid"},"_id":"e8c7a11","link":{"url":"#partners","is_external":"","nofollow":"","custom_attributes":""}},{"text":"","selected_icon":{"value":"fas fa-quote-right","library":"fa-solid"},"link":{"url":"#testimonials","is_external":"","nofollow":"","custom_attributes":""},"_id":"0a28303"},{"text":"","selected_icon":{"value":"fas fa-comments","library":"fa-solid"},"_id":"b02f07d","link":{"url":"#blog","is_external":"","nofollow":"","custom_attributes":""}}],"space_between":{"unit":"px","size":"20","sizes":[]},"icon_align":"center","divider_width":{"unit":"%","size":"100","sizes":[]},"icon_color":"#16163f","icon_color_hover":"#d3b574","icon_size":{"unit":"px","size":"20","sizes":[]},"icon_self_align":"center","_padding":{"unit":"px","top":"15","right":"15","bottom":"15","left":"15","isLinked":"1"},"_background_background":"classic","_background_color":"#ffffff","_border_border":"solid","_border_width":{"unit":"px","top":"4","right":"0","bottom":"0","left":"0","isLinked":""},"_border_color":"#d3b574","_box_shadow_box_shadow_type":"yes","_box_shadow_box_shadow":{"horizontal":"0","vertical":"0","blur":"20","spread":"0","color":"rgba(0,0,0,0.15)"},"_element_width":"auto","_position":"fixed","_offset_y":{"size":"450","unit":"px"},"_z_index":"10","_element_width_tablet":"initial","_offset_y_tablet":{"unit":"px","size":"522","sizes":[]},"_offset_y_mobile":{"unit":"px","size":"188","sizes":[]},"_offset_x":{"size":"0","unit":"px"},"hide_mobile":"hidden-phone"},"elements":[],"isInner":false,"widgetType":"icon-list","elType":"widget"},{"id":"1e672cf5","settings":{"content_width":{"unit":"px","size":"530","sizes":[]}},"elements":[{"id":"566f232d","settings":{"_column_size":"100"},"elements":[{"id":"25a81638","settings":{"align":"center","text_color":"#ffffff","typography_typography":"custom","typography_font_family":"Montserrat","typography_font_size":{"unit":"px","size":"16","sizes":[]},"typography_font_weight":"200","editor":"Let's take the first step together and help you win your case.<br>We are here every step of the way."},"elements":[],"isInner":false,"widgetType":"text-editor","elType":"widget"}],"isInner":"1","elType":"column"}],"isInner":"1","elType":"section"}],"isInner":"","elType":"column"}],"isInner":"","elType":"section"},{"id":"72952c8c","settings":{"content_width":{"unit":"px","size":"1200","sizes":[]},"_title":"Numbers","_timestamp_":"v1Smpyb2xHWDFzTnAyd291dVQ4THc0UT09"},"elements":[{"id":"4a7cf115","settings":{"_column_size":"100","background_background":"classic","background_color":"#ffffff","border_border":"solid","border_width":{"unit":"px","top":"0","right":"0","bottom":"4","left":"0","isLinked":""},"border_color":"#d3b574","box_shadow_box_shadow_type":"yes","box_shadow_box_shadow":{"horizontal":"0","vertical":"0","blur":"30","spread":"0","color":"rgba(0,0,0,0.15)"},"margin":{"unit":"px","top":"-90","right":"0","bottom":"0","left":"0","isLinked":""},"padding":{"unit":"px","top":"50","right":"20","bottom":"45","left":"20","isLinked":""},"margin_tablet":{"unit":"px","top":"-85","right":"15","bottom":"15","left":"15","isLinked":""}},"elements":[{"id":"352e811d","settings":{"content_width":{"unit":"px","size":"1200","sizes":[]},"structure":"40","margin":{"unit":"px","top":"0","right":"0","bottom":"0","left":"0","isLinked":"1"}},"elements":[{"id":"1867da1a","settings":{"_column_size":"25","content_position":"center","border_border":"solid","border_width":{"unit":"px","top":"0","right":"1","bottom":"0","left":"0","isLinked":""},"border_color":"#d7d7d9","padding":{"unit":"px","top":"0","right":"0","bottom":"0","left":"0","isLinked":"1"},"border_width_mobile":{"unit":"px","top":"0","right":"0","bottom":"1","left":"0","isLinked":""},"margin_mobile":{"unit":"px","top":"0","right":"30","bottom":"30","left":"30","isLinked":""},"padding_mobile":{"unit":"px","top":"0","right":"0","bottom":"30","left":"0","isLinked":""}},"elements":[{"id":"2edd1dcd","settings":{"ending_number":"1007","prefix":"+","title":"Court Appearances","number_color":"#16163f","typography_number_typography":"custom","typography_number_font_family":"Montserrat","typography_number_font_size":{"unit":"px","size":"45","sizes":[]},"typography_number_font_weight":"700","title_color":"#4a4a4a","typography_title_typography":"custom","typography_title_font_family":"Montserrat","typography_title_font_size":{"unit":"px","size":"18","sizes":[]},"typography_title_font_weight":"300","typography_number_font_size_tablet":{"unit":"px","size":"34","sizes":[]},"typography_title_font_size_tablet":{"unit":"px","size":"15","sizes":[]},"typography_title_text_transform":"capitalize"},"elements":[],"isInner":false,"widgetType":"counter","elType":"widget"}],"isInner":"1","elType":"column"},{"id":"11f75902","settings":{"_column_size":"25","content_position":"center","border_border":"solid","border_width":{"unit":"px","top":"0","right":"1","bottom":"0","left":"0","isLinked":""},"border_color":"#d7d7d9","padding":{"unit":"px","top":"0","right":"0","bottom":"0","left":"0","isLinked":"1"},"border_width_mobile":{"unit":"px","top":"0","right":"0","bottom":"1","left":"0","isLinked":""},"margin_mobile":{"unit":"px","top":"0","right":"30","bottom":"30","left":"30","isLinked":""},"padding_mobile":{"unit":"px","top":"0","right":"0","bottom":"30","left":"0","isLinked":""}},"elements":[{"id":"27a6bde4","settings":{"ending_number":"630","title":"Happy Clients","number_color":"#16163f","typography_number_typography":"custom","typography_number_font_family":"Montserrat","typography_number_font_size":{"unit":"px","size":"45","sizes":[]},"typography_number_font_weight":"700","title_color":"#4a4a4a","typography_title_typography":"custom","typography_title_font_family":"Montserrat","typography_title_font_size":{"unit":"px","size":"18","sizes":[]},"typography_title_font_weight":"300","typography_number_font_size_tablet":{"unit":"px","size":"34","sizes":[]},"typography_title_font_size_tablet":{"unit":"px","size":"15","sizes":[]},"typography_title_text_transform":"capitalize"},"elements":[],"isInner":false,"widgetType":"counter","elType":"widget"}],"isInner":"1","elType":"column"},{"id":"7c248170","settings":{"_column_size":"25","content_position":"center","border_border":"solid","border_width":{"unit":"px","top":"0","right":"1","bottom":"0","left":"0","isLinked":""},"border_color":"#d7d7d9","padding":{"unit":"px","top":"0","right":"0","bottom":"0","left":"0","isLinked":"1"},"border_width_mobile":{"unit":"px","top":"0","right":"0","bottom":"1","left":"0","isLinked":""},"margin_mobile":{"unit":"px","top":"0","right":"30","bottom":"30","left":"30","isLinked":""},"padding_mobile":{"unit":"px","top":"0","right":"0","bottom":"30","left":"0","isLinked":""}},"elements":[{"id":"75a1fe7c","settings":{"ending_number":"74","title":"Attorneys","number_color":"#16163f","typography_number_typography":"custom","typography_number_font_family":"Montserrat","typography_number_font_size":{"unit":"px","size":"45","sizes":[]},"typography_number_font_weight":"700","title_color":"#4a4a4a","typography_title_typography":"custom","typography_title_font_family":"Montserrat","typography_title_font_size":{"unit":"px","size":"18","sizes":[]},"typography_title_font_weight":"300","typography_number_font_size_tablet":{"unit":"px","size":"34","sizes":[]},"typography_title_font_size_tablet":{"unit":"px","size":"15","sizes":[]},"typography_title_text_transform":"capitalize"},"elements":[],"isInner":false,"widgetType":"counter","elType":"widget"}],"isInner":"1","elType":"column"},{"id":"7d76661b","settings":{"_column_size":"25","content_position":"center","padding":{"unit":"px","top":"0","right":"0","bottom":"0","left":"0","isLinked":"1"}},"elements":[{"id":"453f2ec8","settings":{"ending_number":"94","suffix":"%","title":"Case Wins","number_color":"#16163f","typography_number_typography":"custom","typography_number_font_family":"Montserrat","typography_number_font_size":{"unit":"px","size":"45","sizes":[]},"typography_number_font_weight":"700","title_color":"#4a4a4a","typography_title_typography":"custom","typography_title_font_family":"Montserrat","typography_title_font_size":{"unit":"px","size":"18","sizes":[]},"typography_title_font_weight":"300","typography_number_font_size_tablet":{"unit":"px","size":"34","sizes":[]},"typography_title_font_size_tablet":{"unit":"px","size":"15","sizes":[]},"typography_title_text_transform":"capitalize"},"elements":[],"isInner":false,"widgetType":"counter","elType":"widget"}],"isInner":"1","elType":"column"}],"isInner":"1","elType":"section"}],"isInner":"","elType":"column"}],"isInner":"","elType":"section"},{"id":"354255df","settings":{"content_width":{"unit":"px","size":"1200","sizes":[]},"margin":{"unit":"px","top":"100","right":"0","bottom":"0","left":"0","isLinked":""},"margin_tablet":{"unit":"px","top":"80","right":"0","bottom":"0","left":"0","isLinked":""},"_timestamp_":"v1Smpyb2xHWDFzTnAyd291dVQ4THc0UT09"},"elements":[{"id":"229d5f3a","settings":{"_column_size":"100","margin":{"unit":"px","top":"0","right":"0","bottom":"50","left":"0","isLinked":""},"margin_tablet":{"unit":"px","top":"0","right":"0","bottom":"0","left":"0","isLinked":"1"},"padding_tablet":{"unit":"px","top":"0","right":"0","bottom":"0","left":"0","isLinked":"1"}},"elements":[{"id":"5624b19a","settings":{"anchor":"info"},"elements":[],"isInner":false,"widgetType":"menu-anchor","elType":"widget"}],"isInner":"","elType":"column"}],"isInner":"","elType":"section"},{"id":"4227617b","settings":{"content_width":{"unit":"px","size":"1200","sizes":[]},"structure":"20","margin":{"unit":"px","top":"0","right":"0","bottom":"150","left":"0","isLinked":""},"_title":"Intro","margin_tablet":{"unit":"px","top":"80","right":"0","bottom":"80","left":"0","isLinked":"1"},"margin_mobile":{"unit":"px","top":"80","right":"0","bottom":"80","left":"0","isLinked":"1"},"padding_tablet":{"unit":"px","top":"0","right":"0","bottom":"0","left":"25","isLinked":""},"padding_mobile":{"unit":"px","top":"0","right":"15","bottom":"0","left":"15","isLinked":""},"_timestamp_":"v1Smpyb2xHWDFzTnAyd291dVQ4THc0UT09"},"elements":[{"id":"45d1ba52","settings":{"_column_size":"50","_inline_size":"32.75","content_position":"center","border_width":{"unit":"px","top":"0","right":"0","bottom":"0","left":"0","isLinked":"1"},"border_color":"#d3b574","padding":{"unit":"px","top":"0","right":"0","bottom":"0","left":"0","isLinked":"1"},"_inline_size_tablet":"50"},"elements":[{"id":"3da86355","settings":{"title":"One Step Ahead","title_color":"#4a4a4a","typography_typography":"custom","typography_font_family":"Montserrat","typography_font_size":{"unit":"px","size":"18","sizes":[]},"typography_font_weight":"300","_padding":{"unit":"px","top":"0","right":"0","bottom":"0","left":"30","isLinked":""},"typography_text_transform":"capitalize","header_size":"h4"},"elements":[],"isInner":false,"widgetType":"heading","elType":"widget"},{"id":"37e96637","settings":{"title":"Why We Are\nThe Best","align":"left","title_color":"#16163f","typography_typography":"custom","typography_font_family":"Merriweather","typography_font_size":{"unit":"px","size":"50","sizes":[]},"typography_font_weight":"300","typography_text_transform":"capitalize","typography_line_height":{"unit":"em","size":"1.4","sizes":[]},"_padding":{"unit":"px","top":"0","right":"0","bottom":"0","left":"30","isLinked":""},"_border_border":"solid","_border_width":{"unit":"px","top":"0","right":"0","bottom":"0","left":"4","isLinked":""},"_border_color":"#d3b574","typography_font_size_tablet":{"unit":"px","size":"38","sizes":[]}},"elements":[],"isInner":false,"widgetType":"heading","elType":"widget"}],"isInner":"","elType":"column"},{"id":"216eb9c8","settings":{"_column_size":"50","_inline_size":"67.25","content_position":"bottom","padding":{"unit":"px","top":"0","right":"35","bottom":"10","left":"0","isLinked":""},"margin_mobile":{"unit":"px","top":"30","right":"0","bottom":"0","left":"0","isLinked":""},"padding_tablet":{"unit":"px","top":"0","right":"25","bottom":"0","left":"0","isLinked":""},"_inline_size_tablet":"50","padding_mobile":{"unit":"px","top":"0","right":"0","bottom":"0","left":"0","isLinked":"1"}},"elements":[{"id":"2a8c7d8d","settings":{"align":"left","editor":"<p>Lorem ipsum dolor sit amet, conetur adiping elit Lorem ipsum dolor sit amet, cons ectetur adipiscing elit Lorem ipsum dolor sit altmet, conse ctetur adipiscing elit aloma lomiur off silder tolos. Lorem ipsum dolor sitlor amet, conetur adiping elit Lorem ipsum dolor sit amet, consectetur adipiscing elit.<\/p>","text_color":"#4a4a4a","typography_typography":"custom","typography_font_family":"Montserrat","typography_font_size":{"unit":"px","size":"16","sizes":[]},"typography_font_weight":"200","text_columns":"2","text_columns_tablet":"1"},"elements":[],"isInner":false,"widgetType":"text-editor","elType":"widget"}],"isInner":"","elType":"column"}],"isInner":"","elType":"section"},{"id":"7267b782","settings":{"content_width":{"unit":"px","size":"1200","sizes":[]},"height":"min-height","custom_height":{"unit":"px","size":"700","sizes":[]},"structure":"20","background_background":"classic","background_color":"#16163f","margin":{"unit":"px","top":"0","right":"0","bottom":"150","left":"0","isLinked":""},"_title":"Services","margin_tablet":{"unit":"px","top":"0","right":"0","bottom":"0","left":"0","isLinked":"1"},"_timestamp_":"v1Smpyb2xHWDFzTnAyd291dVQ4THc0UT09"},"elements":[{"id":"1d7159d0","settings":{"_column_size":"50","content_position":"center","padding":{"unit":"px","top":"0","right":"150","bottom":"0","left":"10","isLinked":""},"_inline_size_tablet":"100","padding_tablet":{"unit":"px","top":"80","right":"80","bottom":"80","left":"80","isLinked":""},"padding_mobile":{"unit":"px","top":"80","right":"20","bottom":"50","left":"20","isLinked":""}},"elements":[{"id":"1a7cc5ea","settings":{"title":"360 Legal Solutions","title_color":"#ffffff","typography_typography":"custom","typography_font_family":"Montserrat","typography_font_size":{"unit":"px","size":"18","sizes":[]},"typography_font_weight":"300","align_tablet":"center","typography_text_transform":"capitalize","header_size":"h4"},"elements":[],"isInner":false,"widgetType":"heading","elType":"widget"},{"id":"1bd2faee","settings":{"title":"Explore What We Are Doing Better","align":"left","title_color":"#ffffff","typography_typography":"custom","typography_font_family":"Merriweather","typography_font_size":{"unit":"px","size":"50","sizes":[]},"typography_font_weight":"300","typography_text_transform":"capitalize","typography_line_height":{"unit":"em","size":"1.4","sizes":[]},"align_tablet":"center","typography_font_size_mobile":{"unit":"px","size":"36","sizes":[]},"typography_letter_spacing":{"unit":"px","size":"1.2","sizes":[]}},"elements":[],"isInner":false,"widgetType":"heading","elType":"widget"},{"id":"3a0543f7","settings":{"align":"left","editor":"Lorem ipsum dolor sit amet, consectetur adipiscing elit. Proin rutrum euismod dolor, ultricies aliquam nulla off maxfr mous accumsan.","text_color":"#ffffff","typography_typography":"custom","typography_font_family":"Montserrat","typography_font_size":{"unit":"px","size":"16","sizes":[]},"typography_font_weight":"200","_margin":{"unit":"px","top":"15","right":"0","bottom":"0","left":"0","isLinked":""},"align_tablet":"center"},"elements":[],"isInner":false,"widgetType":"text-editor","elType":"widget"},{"id":"77473bdd","settings":{"text":"Practice Areas","align":"left","icon":"fa fa-long-arrow-right","icon_align":"right","icon_indent":{"unit":"px","size":"10","sizes":[]},"typography_typography":"custom","typography_font_family":"Montserrat","typography_font_size":{"unit":"px","size":"16","sizes":[]},"typography_font_weight":"400","button_text_color":"#16163f","background_color":"#d3b574","border_radius":{"unit":"px","top":"0","right":"0","bottom":"0","left":"0","isLinked":"1"},"_margin":{"unit":"px","top":"50","right":"0","bottom":"0","left":"0","isLinked":""},"size":"md","button_background_hover_color":"#ffffff","align_tablet":"center","typography_text_transform":"capitalize","selected_icon":{"value":"fas fa-long-arrow-alt-right","library":"fa-solid"},"__fa4_migrated":{"selected_icon":"1"},"link":{"url":"","is_external":"","nofollow":""}},"elements":[],"isInner":false,"widgetType":"button","elType":"widget"}],"isInner":"","elType":"column"},{"id":"21da22ab","settings":{"_column_size":"50","padding":{"unit":"px","top":"0","right":"0","bottom":"0","left":"0","isLinked":"1"},"_inline_size_tablet":"100","padding_tablet":{"unit":"px","top":"0","right":"15","bottom":"80","left":"15","isLinked":""},"motion_fx_motion_fx_scrolling":"yes","motion_fx_translateY_effect":"yes","motion_fx_translateY_speed":{"unit":"px","size":"1","sizes":[]},"motion_fx_translateY_affectedRange":{"unit":"%","size":"","sizes":{"start":"0","end":"50"}},"motion_fx_opacity_effect":"yes","motion_fx_opacity_range":{"unit":"%","size":"","sizes":{"start":"0","end":"30"}},"motion_fx_devices":["desktop","tablet"]},"elements":[{"id":"58f6d9d0","settings":{"structure":"20","margin":{"unit":"px","top":"0","right":"0","bottom":"0","left":"0","isLinked":"1"}},"elements":[{"id":"5b70ec9e","settings":{"_column_size":"50","motion_fx_translateY_effect":"yes","motion_fx_translateY_speed":{"unit":"px","size":"1","sizes":[]},"motion_fx_translateY_affectedRange":{"unit":"%","size":"","sizes":{"start":"0","end":"50"}},"motion_fx_opacity_effect":"yes","motion_fx_opacity_range":{"unit":"%","size":"","sizes":{"start":"0","end":"50"}}},"elements":[{"id":"229e14d4","settings":{"skin":"cover","bg_image":{"url":"","id":""},"title":"Civil Litigation","description":"Lorem ipsum dolor sit amet, cons elit, sed do eiusmod tempor incint ut labore.","button":"","vertical_position":"middle","title_typography_typography":"custom","title_typography_font_family":"Montserrat","title_typography_font_size":{"unit":"px","size":"20","sizes":[]},"title_typography_font_weight":"600","description_typography_typography":"custom","description_typography_font_family":"Montserrat","description_typography_font_size":{"unit":"px","size":"15","sizes":[]},"description_typography_font_weight":"300","title_color":"#16163f","description_color":"#4a4a4a","content_animation":"","transformation":"","overlay_color_hover":"#ffffff","effect_duration":{"unit":"px","size":"0","sizes":[]},"_background_background":"classic","_background_color":"#ffffff","_border_border":"solid","_border_width":{"unit":"px","top":"4","right":"0","bottom":"0","left":"0","isLinked":""},"_border_color":"#6c6b7d","_box_shadow_box_shadow_type":"yes","_box_shadow_box_shadow":{"horizontal":"0","vertical":"0","blur":"20","spread":"0","color":"rgba(0,0,0,0.25)"},"link":{"url":"#","is_external":"","nofollow":""},"link_click":"box","_border_hover_border":"solid","_border_hover_color":"#d3b574","title_typography_text_transform":"capitalize","graphic_image":{"id":"1021","url":"http:\/\/localhost\/dieuhau\/wp-content\/uploads\/2020\/09\/placeholder.png"},"title_tag":"h3"},"elements":[],"isInner":false,"widgetType":"call-to-action","elType":"widget"}],"isInner":"1","elType":"column"},{"id":"715ac5c6","settings":{"_column_size":"50"},"elements":[{"id":"118fc9d1","settings":{"skin":"cover","bg_image":{"url":"","id":""},"title":"Family Law","description":"Lorem ipsum dolor sit amet, cons elit, sed do eiusmod tempor incint ut labore.","button":"","vertical_position":"middle","title_typography_typography":"custom","title_typography_font_family":"Montserrat","title_typography_font_size":{"unit":"px","size":"20","sizes":[]},"title_typography_font_weight":"600","description_typography_typography":"custom","description_typography_font_family":"Montserrat","description_typography_font_size":{"unit":"px","size":"15","sizes":[]},"description_typography_font_weight":"300","title_color":"#16163f","description_color":"#4a4a4a","content_animation":"","transformation":"","overlay_color_hover":"#ffffff","effect_duration":{"unit":"px","size":"0","sizes":[]},"_background_background":"classic","_background_color":"#ffffff","_border_border":"solid","_border_width":{"unit":"px","top":"4","right":"0","bottom":"0","left":"0","isLinked":""},"_border_color":"#6c6b7d","_box_shadow_box_shadow_type":"yes","_box_shadow_box_shadow":{"horizontal":"0","vertical":"0","blur":"20","spread":"0","color":"rgba(0,0,0,0.25)"},"link_click":"box","_border_hover_border":"solid","_border_hover_color":"#d3b574","title_typography_text_transform":"capitalize","graphic_image":{"id":"1021","url":"http:\/\/localhost\/dieuhau\/wp-content\/uploads\/2020\/09\/placeholder.png"},"title_tag":"h3"},"elements":[],"isInner":false,"widgetType":"call-to-action","elType":"widget"}],"isInner":"1","elType":"column"}],"isInner":"1","elType":"section"},{"id":"5843f24b","settings":{"structure":"20","margin":{"unit":"px","top":"0","right":"0","bottom":"0","left":"0","isLinked":"1"}},"elements":[{"id":"19ef537a","settings":{"_column_size":"50"},"elements":[{"id":"c4b6485","settings":{"skin":"cover","bg_image":{"url":"","id":""},"title":"Child Law","description":"Lorem ipsum dolor sit amet, cons elit, sed do eiusmod tempor incint ut labore.","button":"","vertical_position":"middle","title_typography_typography":"custom","title_typography_font_family":"Montserrat","title_typography_font_size":{"unit":"px","size":"20","sizes":[]},"title_typography_font_weight":"600","description_typography_typography":"custom","description_typography_font_family":"Montserrat","description_typography_font_size":{"unit":"px","size":"15","sizes":[]},"description_typography_font_weight":"300","title_color":"#16163f","description_color":"#4a4a4a","content_animation":"","transformation":"","overlay_color_hover":"#ffffff","effect_duration":{"unit":"px","size":"0","sizes":[]},"_background_background":"classic","_background_color":"#ffffff","_border_border":"solid","_border_width":{"unit":"px","top":"4","right":"0","bottom":"0","left":"0","isLinked":""},"_border_color":"#6c6b7d","_box_shadow_box_shadow_type":"yes","_box_shadow_box_shadow":{"horizontal":"0","vertical":"0","blur":"20","spread":"0","color":"rgba(0,0,0,0.25)"},"link":{"url":"#","is_external":"","nofollow":""},"link_click":"box","_border_hover_border":"solid","_border_hover_color":"#d3b574","title_typography_text_transform":"capitalize","graphic_image":{"id":"1021","url":"http:\/\/localhost\/dieuhau\/wp-content\/uploads\/2020\/09\/placeholder.png"},"title_tag":"h3"},"elements":[],"isInner":false,"widgetType":"call-to-action","elType":"widget"}],"isInner":"1","elType":"column"},{"id":"f22657","settings":{"_column_size":"50"},"elements":[{"id":"67bd0292","settings":{"skin":"cover","bg_image":{"url":"","id":""},"title":"Domestic Violence","description":"Lorem ipsum dolor sit amet, cons elit, sed do eiusmod tempor incint ut labore.","button":"","vertical_position":"middle","title_typography_typography":"custom","title_typography_font_family":"Montserrat","title_typography_font_size":{"unit":"px","size":"20","sizes":[]},"title_typography_font_weight":"600","description_typography_typography":"custom","description_typography_font_family":"Montserrat","description_typography_font_size":{"unit":"px","size":"15","sizes":[]},"description_typography_font_weight":"300","title_color":"#16163f","description_color":"#4a4a4a","content_animation":"","transformation":"","overlay_color_hover":"#ffffff","effect_duration":{"unit":"px","size":"0","sizes":[]},"_background_background":"classic","_background_color":"#ffffff","_border_border":"solid","_border_width":{"unit":"px","top":"4","right":"0","bottom":"0","left":"0","isLinked":""},"_border_color":"#6c6b7d","_box_shadow_box_shadow_type":"yes","_box_shadow_box_shadow":{"horizontal":"0","vertical":"0","blur":"20","spread":"0","color":"rgba(0,0,0,0.25)"},"link":{"url":"#","is_external":"","nofollow":""},"link_click":"box","_border_hover_border":"solid","_border_hover_color":"#d3b574","title_typography_text_transform":"capitalize","graphic_image":{"id":"1021","url":"http:\/\/localhost\/dieuhau\/wp-content\/uploads\/2020\/09\/placeholder.png"},"title_tag":"h3"},"elements":[],"isInner":false,"widgetType":"call-to-action","elType":"widget"}],"isInner":"1","elType":"column"}],"isInner":"1","elType":"section"}],"isInner":"","elType":"column"}],"isInner":"","elType":"section"},{"id":"28537715","settings":{"content_width":{"unit":"px","size":"1200","sizes":[]},"margin":{"unit":"px","top":"150","right":"0","bottom":"0","left":"0","isLinked":""},"margin_tablet":{"unit":"px","top":"80","right":"0","bottom":"0","left":"0","isLinked":""},"_timestamp_":"v1Smpyb2xHWDFzTnAyd291dVQ4THc0UT09"},"elements":[{"id":"68246dd5","settings":{"_column_size":"100","margin":{"unit":"px","top":"0","right":"0","bottom":"50","left":"0","isLinked":""},"margin_tablet":{"unit":"px","top":"0","right":"0","bottom":"0","left":"0","isLinked":"1"},"padding_tablet":{"unit":"px","top":"0","right":"0","bottom":"0","left":"0","isLinked":"1"}},"elements":[{"id":"21127b3b","settings":{"anchor":"partners"},"elements":[],"isInner":false,"widgetType":"menu-anchor","elType":"widget"}],"isInner":"","elType":"column"}],"isInner":"","elType":"section"},{"id":"31e4af90","settings":{"content_width":{"unit":"px","size":"1200","sizes":[]},"margin":{"unit":"px","top":"0","right":"0","bottom":"150","left":"0","isLinked":""},"_title":"Teem","margin_mobile":{"unit":"px","top":"80","right":"0","bottom":"80","left":"0","isLinked":""},"padding_mobile":{"unit":"px","top":"0","right":"15","bottom":"0","left":"15","isLinked":""},"margin_tablet":{"unit":"px","top":"80","right":"0","bottom":"80","left":"0","isLinked":"1"},"_timestamp_":"v1Smpyb2xHWDFzTnAyd291dVQ4THc0UT09"},"elements":[{"id":"308330f3","settings":{"_column_size":"100","padding":{"unit":"px","top":"0","right":"0","bottom":"0","left":"0","isLinked":"1"}},"elements":[{"id":"7c976069","settings":{"title":"Learn All About Our Attorneys","align":"center","title_color":"#4a4a4a","typography_typography":"custom","typography_font_family":"Montserrat","typography_font_size":{"unit":"px","size":"18","sizes":[]},"typography_font_weight":"300","typography_text_transform":"capitalize","header_size":"h4"},"elements":[],"isInner":false,"widgetType":"heading","elType":"widget"},{"id":"73597a21","settings":{"title":"Meet The Partners","align":"center","title_color":"#16163f","typography_typography":"custom","typography_font_family":"Merriweather","typography_font_size":{"unit":"px","size":"50","sizes":[]},"typography_font_weight":"300","typography_text_transform":"capitalize","typography_line_height":{"unit":"em","size":"1.2","sizes":[]},"_border_color":"#d3b574","typography_font_size_mobile":{"unit":"px","size":"34","sizes":[]}},"elements":[],"isInner":false,"widgetType":"heading","elType":"widget"},{"id":"6ca4242b","settings":{"content_width":{"unit":"px","size":"1200","sizes":[]},"structure":"30","margin":{"unit":"px","top":"50","right":"0","bottom":"0","left":"0","isLinked":""},"margin_tablet":{"unit":"px","top":"30","right":"0","bottom":"0","left":"0","isLinked":""}},"elements":[{"id":"42f4749f","settings":{"_column_size":"33"},"elements":[{"id":"51c9ab88","settings":{"graphic_element":"","image_size":"full","icon":"","title_text_a":"Brian Lewis","description_text_a":"Founding Partner","background_a_background":"classic","background_a_image":{"id":"1026","url":"http:\/\/localhost\/dieuhau\/wp-content\/uploads\/2020\/09\/Brian-Lewis.png"},"background_a_position":"center center","background_a_repeat":"no-repeat","background_a_size":"cover","background_overlay_a":"rgba(33,31,64,0.7)","title_text_b":"","description_text_b":"","button_text":"","background_b_background":"classic","background_b_image":{"id":"1026","url":"http:\/\/localhost\/dieuhau\/wp-content\/uploads\/2020\/09\/Brian-Lewis.png"},"background_b_position":"center center","background_b_repeat":"no-repeat","background_b_size":"cover","background_overlay_b":"rgba(33,31,64,0.3)","height":{"unit":"px","size":"450","sizes":[]},"flip_effect":"fade","title_spacing_b":{"unit":"px","size":"8","sizes":[]},"title_color_b":"#ffffff","title_typography_b_typography":"custom","title_typography_b_font_family":"Montserrat","title_typography_b_font_size":{"unit":"px","size":"24","sizes":[]},"title_typography_b_font_weight":"400","description_color_b":"#ffffff","description_typography_b_typography":"custom","description_typography_b_font_family":"Montserrat","description_typography_b_font_size":{"unit":"px","size":"16","sizes":[]},"description_typography_b_font_weight":"300","_border_border":"solid","_border_width":{"unit":"px","top":"0","right":"0","bottom":"4","left":"0","isLinked":""},"_border_color":"#d3b574","_box_shadow_box_shadow_type":"yes","_box_shadow_box_shadow":{"horizontal":"0","vertical":"0","blur":"20","spread":"0","color":"rgba(0,0,0,0.2)"},"title_color_a":"#ffffff","title_typography_a_typography":"custom","title_typography_a_font_family":"Montserrat","title_typography_a_font_size":{"unit":"px","size":"24","sizes":[]},"title_typography_a_font_weight":"300","description_color_a":"#ffffff","description_typography_a_typography":"custom","description_typography_a_font_size":{"unit":"px","size":"16","sizes":[]},"description_typography_a_font_weight":"200","title_spacing_a":{"unit":"px","size":"15","sizes":[]},"title_typography_a_font_size_tablet":{"unit":"px","size":"20","sizes":[]},"image":{"id":"1021","url":"http:\/\/localhost\/dieuhau\/wp-content\/uploads\/2020\/09\/placeholder.png"},"title_typography_a_text_transform":"capitalize","description_typography_a_text_transform":"capitalize","link_click":"box"},"elements":[],"isInner":false,"widgetType":"flip-box","elType":"widget"}],"isInner":"1","elType":"column"},{"id":"fe673da","settings":{"_column_size":"33"},"elements":[{"id":"2fafe956","settings":{"graphic_element":"","image_size":"full","icon":"","title_text_a":"Chas R. Walker","description_text_a":"Partner","background_a_background":"classic","background_a_image":{"id":"1027","url":"http:\/\/localhost\/dieuhau\/wp-content\/uploads\/2020\/09\/2.png"},"background_a_position":"center center","background_a_repeat":"no-repeat","background_a_size":"cover","background_overlay_a":"rgba(33,31,64,0.7)","title_text_b":"","description_text_b":"","button_text":"","background_b_background":"classic","background_b_image":{"id":"1027","url":"http:\/\/localhost\/dieuhau\/wp-content\/uploads\/2020\/09\/2.png"},"background_b_position":"center center","background_b_repeat":"no-repeat","background_b_size":"cover","background_overlay_b":"rgba(33,31,64,0.3)","height":{"unit":"px","size":"450","sizes":[]},"flip_effect":"fade","title_spacing_b":{"unit":"px","size":"8","sizes":[]},"title_color_b":"#ffffff","title_typography_b_typography":"custom","title_typography_b_font_family":"Montserrat","title_typography_b_font_size":{"unit":"px","size":"24","sizes":[]},"title_typography_b_font_weight":"400","description_color_b":"#ffffff","description_typography_b_typography":"custom","description_typography_b_font_family":"Montserrat","description_typography_b_font_size":{"unit":"px","size":"16","sizes":[]},"description_typography_b_font_weight":"300","_border_border":"solid","_border_width":{"unit":"px","top":"0","right":"0","bottom":"4","left":"0","isLinked":""},"_border_color":"#d3b574","_box_shadow_box_shadow_type":"yes","_box_shadow_box_shadow":{"horizontal":"0","vertical":"0","blur":"20","spread":"0","color":"rgba(0,0,0,0.2)"},"title_color_a":"#ffffff","title_typography_a_typography":"custom","title_typography_a_font_family":"Montserrat","title_typography_a_font_size":{"unit":"px","size":"24","sizes":[]},"title_typography_a_font_weight":"300","description_color_a":"#ffffff","description_typography_a_typography":"custom","description_typography_a_font_size":{"unit":"px","size":"16","sizes":[]},"description_typography_a_font_weight":"200","title_spacing_a":{"unit":"px","size":"15","sizes":[]},"title_typography_a_font_size_tablet":{"unit":"px","size":"20","sizes":[]},"title_typography_a_text_transform":"capitalize","description_typography_a_text_transform":"capitalize","image":{"id":"1021","url":"http:\/\/localhost\/dieuhau\/wp-content\/uploads\/2020\/09\/placeholder.png"}},"elements":[],"isInner":false,"widgetType":"flip-box","elType":"widget"}],"isInner":"1","elType":"column"},{"id":"27c507a1","settings":{"_column_size":"33"},"elements":[{"id":"681832ae","settings":{"graphic_element":"","image_size":"full","icon":"","title_text_a":"Christy Mullen","description_text_a":"Partner","background_a_background":"classic","background_a_image":{"id":"1028","url":"http:\/\/localhost\/dieuhau\/wp-content\/uploads\/2020\/09\/3.png"},"background_a_position":"center center","background_a_repeat":"no-repeat","background_a_size":"cover","background_overlay_a":"rgba(33,31,64,0.7)","title_text_b":"","description_text_b":"","button_text":"","background_b_background":"classic","background_b_image":{"id":"1028","url":"http:\/\/localhost\/dieuhau\/wp-content\/uploads\/2020\/09\/3.png"},"background_b_position":"center center","background_b_repeat":"no-repeat","background_b_size":"cover","background_overlay_b":"rgba(33,31,64,0.3)","height":{"unit":"px","size":"450","sizes":[]},"flip_effect":"fade","title_spacing_b":{"unit":"px","size":"8","sizes":[]},"title_color_b":"#ffffff","title_typography_b_typography":"custom","title_typography_b_font_family":"Montserrat","title_typography_b_font_size":{"unit":"px","size":"24","sizes":[]},"title_typography_b_font_weight":"400","description_color_b":"#ffffff","description_typography_b_typography":"custom","description_typography_b_font_family":"Montserrat","description_typography_b_font_size":{"unit":"px","size":"16","sizes":[]},"description_typography_b_font_weight":"300","_border_border":"solid","_border_width":{"unit":"px","top":"0","right":"0","bottom":"4","left":"0","isLinked":""},"_border_color":"#d3b574","_box_shadow_box_shadow_type":"yes","_box_shadow_box_shadow":{"horizontal":"0","vertical":"0","blur":"20","spread":"0","color":"rgba(0,0,0,0.2)"},"title_color_a":"#ffffff","title_typography_a_typography":"custom","title_typography_a_font_family":"Montserrat","title_typography_a_font_size":{"unit":"px","size":"24","sizes":[]},"title_typography_a_font_weight":"300","description_color_a":"#ffffff","description_typography_a_typography":"custom","description_typography_a_font_size":{"unit":"px","size":"16","sizes":[]},"description_typography_a_font_weight":"200","title_spacing_a":{"unit":"px","size":"15","sizes":[]},"title_typography_a_font_size_tablet":{"unit":"px","size":"20","sizes":[]},"title_typography_a_text_transform":"capitalize","description_typography_a_text_transform":"capitalize","image":{"id":"1021","url":"http:\/\/localhost\/dieuhau\/wp-content\/uploads\/2020\/09\/placeholder.png"}},"elements":[],"isInner":false,"widgetType":"flip-box","elType":"widget"}],"isInner":"1","elType":"column"}],"isInner":"1","elType":"section"},{"id":"730a5ac","settings":{"text":"Learn More","align":"center","icon":"fa fa-long-arrow-right","icon_align":"right","icon_indent":{"unit":"px","size":"10","sizes":[]},"typography_typography":"custom","typography_font_family":"Montserrat","typography_font_size":{"unit":"px","size":"16","sizes":[]},"typography_font_weight":"400","button_text_color":"#16163f","background_color":"#d3b574","border_radius":{"unit":"px","top":"0","right":"0","bottom":"0","left":"0","isLinked":"1"},"hover_color":"#d3b574","button_background_hover_color":"#16163f","_margin":{"unit":"px","top":"50","right":"0","bottom":"0","left":"0","isLinked":""},"size":"md","typography_text_transform":"capitalize","selected_icon":{"value":"fas fa-long-arrow-alt-right","library":"fa-solid"},"__fa4_migrated":{"selected_icon":"1"},"link":{"url":"","is_external":"","nofollow":""}},"elements":[],"isInner":false,"widgetType":"button","elType":"widget"}],"isInner":"","elType":"column"}],"isInner":"","elType":"section"},{"id":"336608f3","settings":{"content_width":{"unit":"px","size":"581","sizes":[]},"height":"min-height","custom_height":{"unit":"px","size":"550","sizes":[]},"column_position":"top","background_background":"classic","background_image":{"id":1052,"url":"http:\/\/localhost\/dieuhau\/wp-content\/uploads\/2020\/09\/CTA-Home.png"},"background_overlay_background":"classic","background_overlay_color":"#16163f","background_overlay_opacity":{"unit":"px","size":"0.75","sizes":[]},"_title":"We Will Help You","margin_mobile":{"unit":"px","top":"","right":"0","bottom":"","left":"0","isLinked":"1"},"padding_mobile":{"unit":"px","top":"0","right":"15","bottom":"0","left":"15","isLinked":""},"background_attachment":"fixed","background_repeat":"no-repeat","background_position":"center center","background_size":"cover","background_position_mobile":"initial","background_xpos_mobile":{"unit":"px","size":"-633","sizes":[]},"_timestamp_":"v1Smpyb2xHWDFzTnAyd291dVQ4THc0UT09"},"elements":[{"id":"681a22af","settings":{"_column_size":"100","content_position":"center","margin":{"unit":"px","top":"75","right":"0","bottom":"0","left":"0","isLinked":""}},"elements":[{"id":"11c12a81","settings":{"title":"three steps to success","title_color":"#ffffff","typography_typography":"custom","typography_font_family":"Montserrat","typography_font_size":{"unit":"px","size":"18","sizes":[]},"typography_font_weight":"300","align":"center","typography_text_transform":"capitalize","header_size":"h4"},"elements":[],"isInner":false,"widgetType":"heading","elType":"widget"},{"id":"2c90199d","settings":{"title":"We Will Help You Every Step Of The Way","align":"center","title_color":"#ffffff","typography_typography":"custom","typography_font_family":"Merriweather","typography_font_size":{"unit":"px","size":"50","sizes":[]},"typography_font_weight":"100","typography_text_transform":"capitalize","typography_line_height":{"unit":"em","size":"1.4","sizes":[]},"typography_font_size_mobile":{"unit":"px","size":"40","sizes":[]}},"elements":[],"isInner":false,"widgetType":"heading","elType":"widget"},{"id":"76afaccf","settings":{"align":"center","editor":"<p>Lorem ipsum dolor sit amet, cotns ctetur all of the adicing elit, sed do eiusmod tempor ale dunt ut labore et dolore magna aliqua Mauris amet.<\/p>","text_color":"#ffffff","typography_typography":"custom","typography_font_family":"Montserrat","typography_font_size":{"unit":"px","size":"16","sizes":[]},"typography_font_weight":"200","_margin":{"unit":"px","top":"0","right":"50","bottom":"0","left":"50","isLinked":""},"_margin_mobile":{"unit":"px","top":"0","right":"0","bottom":"0","left":"0","isLinked":"1"}},"elements":[],"isInner":false,"widgetType":"text-editor","elType":"widget"}],"isInner":"","elType":"column"}],"isInner":"","elType":"section"},{"id":"6a363cbe","settings":{"content_width":{"unit":"px","size":"1200","sizes":[]},"_title":"3 Steps","_timestamp_":"v1Smpyb2xHWDFzTnAyd291dVQ4THc0UT09"},"elements":[{"id":"2f36a042","settings":{"_column_size":"100","margin":{"unit":"px","top":"-150","right":"0","bottom":"0","left":"0","isLinked":""},"padding":{"unit":"px","top":"0","right":"0","bottom":"0","left":"0","isLinked":"1"},"margin_mobile":{"unit":"px","top":"-100","right":"0","bottom":"0","left":"0","isLinked":""}},"elements":[{"id":"15eb9260","settings":{"content_width":{"unit":"px","size":"1200","sizes":[]},"structure":"30","margin":{"unit":"px","top":"0","right":"0","bottom":"0","left":"0","isLinked":"1"},"padding_tablet":{"unit":"px","top":"15","right":"15","bottom":"15","left":"15","isLinked":"1"}},"elements":[{"id":"440e27ab","settings":{"_column_size":"33","content_position":"center","background_background":"classic","background_color":"#ffffff","border_border":"solid","border_width":{"unit":"px","top":"0","right":"0","bottom":"0","left":"4","isLinked":""},"border_color":"#d3b574","box_shadow_box_shadow_type":"yes","box_shadow_box_shadow":{"horizontal":"0","vertical":"0","blur":"30","spread":"0","color":"rgba(0,0,0,0.1)"},"margin":{"unit":"%","top":"0","right":"5","bottom":"0","left":"0","isLinked":""},"padding":{"unit":"px","top":"50","right":"70","bottom":"50","left":"70","isLinked":""},"margin_mobile":{"unit":"px","top":"0","right":"0","bottom":"0","left":"0","isLinked":""},"padding_tablet":{"unit":"px","top":"35","right":"22","bottom":"35","left":"22","isLinked":""},"padding_mobile":{"unit":"px","top":"35","right":"35","bottom":"35","left":"35","isLinked":"1"},"motion_fx_motion_fx_scrolling":"yes","motion_fx_translateY_effect":"yes","motion_fx_translateY_speed":{"unit":"px","size":"5","sizes":[]},"motion_fx_translateY_affectedRange":{"unit":"%","size":"","sizes":{"start":"0","end":"50"}},"motion_fx_opacity_range":{"unit":"%","size":"","sizes":{"start":"0","end":"20"}},"motion_fx_devices":["desktop"]},"elements":[{"id":"1c105f6e","settings":{"title":"01","align":"left","title_color":"#211f40","typography_typography":"custom","typography_font_family":"Montserrat","typography_font_size":{"unit":"px","size":"50","sizes":[]},"typography_font_weight":"700","typography_font_size_tablet":{"unit":"px","size":"45","sizes":[]}},"elements":[],"isInner":false,"widgetType":"heading","elType":"widget"},{"id":"5205a232","settings":{"title":"learning about all your\nlegal issues","title_color":"#4a4a4a","typography_typography":"custom","typography_font_family":"Montserrat","typography_font_size":{"unit":"px","size":"20","sizes":[]},"typography_font_weight":"400","typography_line_height":{"unit":"em","size":"1.4","sizes":[]},"_margin":{"unit":"%","top":"0","right":"10","bottom":"0","left":"0","isLinked":""},"typography_font_size_tablet":{"unit":"px","size":"18","sizes":[]},"typography_text_transform":"capitalize","header_size":"h3"},"elements":[],"isInner":false,"widgetType":"heading","elType":"widget"},{"id":"4124b7ab","settings":{"align":"left","editor":"Lorem ipsum dolor sit amet of, cotns ctetur all of the adip scing  sed do eiusmod dunt.","text_color":"#211f40","typography_typography":"custom","typography_font_family":"Montserrat","typography_font_size":{"unit":"px","size":"16","sizes":[]},"typography_font_weight":"200"},"elements":[],"isInner":false,"widgetType":"text-editor","elType":"widget"}],"isInner":"1","elType":"column"},{"id":"1cc6c7f7","settings":{"_column_size":"33","content_position":"center","background_background":"classic","background_color":"#ffffff","border_border":"solid","border_width":{"unit":"px","top":"0","right":"0","bottom":"0","left":"4","isLinked":""},"border_color":"#d3b574","box_shadow_box_shadow_type":"yes","box_shadow_box_shadow":{"horizontal":"0","vertical":"0","blur":"30","spread":"0","color":"rgba(0,0,0,0.1)"},"margin":{"unit":"%","top":"0","right":"5","bottom":"0","left":"0","isLinked":""},"padding":{"unit":"px","top":"50","right":"70","bottom":"50","left":"70","isLinked":""},"margin_mobile":{"unit":"px","top":"0","right":"0","bottom":"0","left":"0","isLinked":""},"padding_tablet":{"unit":"px","top":"35","right":"22","bottom":"35","left":"22","isLinked":""},"padding_mobile":{"unit":"px","top":"35","right":"35","bottom":"35","left":"35","isLinked":"1"},"motion_fx_motion_fx_scrolling":"yes","motion_fx_translateY_effect":"yes","motion_fx_translateY_speed":{"unit":"px","size":"7","sizes":[]},"motion_fx_translateY_affectedRange":{"unit":"%","size":"","sizes":{"start":"0","end":"50"}},"motion_fx_opacity_level":{"unit":"px","size":"6","sizes":[]},"motion_fx_opacity_range":{"unit":"%","size":"","sizes":{"start":"0","end":"50"}},"motion_fx_devices":["desktop"]},"elements":[{"id":"45d8244d","settings":{"title":"02","align":"left","title_color":"#211f40","typography_typography":"custom","typography_font_family":"Montserrat","typography_font_size":{"unit":"px","size":"50","sizes":[]},"typography_font_weight":"700","typography_font_size_tablet":{"unit":"px","size":"45","sizes":[]}},"elements":[],"isInner":false,"widgetType":"heading","elType":"widget"},{"id":"1593982a","settings":{"title":"Pair you up with the Perfect Attorney","title_color":"#4a4a4a","typography_typography":"custom","typography_font_family":"Montserrat","typography_font_size":{"unit":"px","size":"20","sizes":[]},"typography_font_weight":"400","typography_line_height":{"unit":"em","size":"1.4","sizes":[]},"_margin":{"unit":"%","top":"0","right":"10","bottom":"0","left":"0","isLinked":""},"typography_font_size_tablet":{"unit":"px","size":"18","sizes":[]},"_margin_tablet":{"unit":"px","top":"0","right":"0","bottom":"0","left":"0","isLinked":"1"},"typography_text_transform":"capitalize","header_size":"h3"},"elements":[],"isInner":false,"widgetType":"heading","elType":"widget"},{"id":"1c15dab4","settings":{"align":"left","editor":"Lorem ipsum dolor sit amet of, cotns ctetur all of the adip scing  sed do eiusmod dunt.","text_color":"#211f40","typography_typography":"custom","typography_font_family":"Montserrat","typography_font_size":{"unit":"px","size":"16","sizes":[]},"typography_font_weight":"200"},"elements":[],"isInner":false,"widgetType":"text-editor","elType":"widget"}],"isInner":"1","elType":"column"},{"id":"70634ff","settings":{"_column_size":"33","content_position":"center","background_background":"classic","background_color":"#ffffff","border_border":"solid","border_width":{"unit":"px","top":"0","right":"0","bottom":"0","left":"4","isLinked":""},"border_color":"#d3b574","box_shadow_box_shadow_type":"yes","box_shadow_box_shadow":{"horizontal":"0","vertical":"0","blur":"30","spread":"0","color":"rgba(0,0,0,0.1)"},"margin":{"unit":"%","top":"0","right":"0","bottom":"0","left":"0","isLinked":""},"padding":{"unit":"px","top":"50","right":"70","bottom":"50","left":"70","isLinked":""},"margin_tablet":{"unit":"px","top":"0","right":"0","bottom":"0","left":"0","isLinked":"1"},"margin_mobile":{"unit":"px","top":"0","right":"0","bottom":"0","left":"0","isLinked":""},"padding_tablet":{"unit":"px","top":"35","right":"22","bottom":"35","left":"22","isLinked":""},"padding_mobile":{"unit":"px","top":"35","right":"35","bottom":"35","left":"35","isLinked":""},"motion_fx_motion_fx_scrolling":"yes","motion_fx_translateY_effect":"yes","motion_fx_translateY_speed":{"unit":"px","size":"9","sizes":[]},"motion_fx_translateY_affectedRange":{"unit":"%","size":"","sizes":{"start":"0","end":"50"}},"motion_fx_opacity_level":{"unit":"px","size":"8","sizes":[]},"motion_fx_opacity_range":{"unit":"%","size":"","sizes":{"start":"0","end":"50"}},"motion_fx_devices":["desktop"]},"elements":[{"id":"3a0cc9d2","settings":{"title":"03","align":"left","title_color":"#211f40","typography_typography":"custom","typography_font_family":"Montserrat","typography_font_size":{"unit":"px","size":"50","sizes":[]},"typography_font_weight":"700","typography_font_size_tablet":{"unit":"px","size":"45","sizes":[]}},"elements":[],"isInner":false,"widgetType":"heading","elType":"widget"},{"id":"72fa132b","settings":{"title":"Fight For You\nin Court","title_color":"#4a4a4a","typography_typography":"custom","typography_font_family":"Montserrat","typography_font_size":{"unit":"px","size":"20","sizes":[]},"typography_font_weight":"400","typography_line_height":{"unit":"em","size":"1.4","sizes":[]},"_margin":{"unit":"%","top":"0","right":"45","bottom":"0","left":"0","isLinked":""},"typography_font_size_tablet":{"unit":"px","size":"18","sizes":[]},"_margin_tablet":{"unit":"px","top":"0","right":"60","bottom":"0","left":"0","isLinked":""},"typography_text_transform":"capitalize","header_size":"h3"},"elements":[],"isInner":false,"widgetType":"heading","elType":"widget"},{"id":"3011a375","settings":{"align":"left","editor":"Lorem ipsum dolor sit amet of, cotns ctetur all of the adip scing  sed do eiusmod dunt.","text_color":"#211f40","typography_typography":"custom","typography_font_family":"Montserrat","typography_font_size":{"unit":"px","size":"16","sizes":[]},"typography_font_weight":"200"},"elements":[],"isInner":false,"widgetType":"text-editor","elType":"widget"}],"isInner":"1","elType":"column"}],"isInner":"1","elType":"section"}],"isInner":"","elType":"column"}],"isInner":"","elType":"section"},{"id":"2e8ab5a4","settings":{"content_width":{"unit":"px","size":"1200","sizes":[]},"custom_height":{"unit":"px","size":"530","sizes":[]},"background_background":"classic","margin":{"unit":"px","top":"150","right":"0","bottom":"150","left":"0","isLinked":""},"_title":"CTA","margin_mobile":{"unit":"px","top":"80","right":"0","bottom":"80","left":"0","isLinked":""},"padding_tablet":{"unit":"px","top":"0","right":"15","bottom":"0","left":"15","isLinked":""},"margin_tablet":{"unit":"px","top":"80","right":"0","bottom":"80","left":"0","isLinked":"1"},"_timestamp_":"v1Smpyb2xHWDFzTnAyd291dVQ4THc0UT09"},"elements":[{"id":"6bfed572","settings":{"_column_size":"100","background_background":"classic","background_color":"#16163f","box_shadow_box_shadow_type":"yes","box_shadow_box_shadow":{"horizontal":"0","vertical":"0","blur":"30","spread":"0","color":"rgba(0,0,0,0.15)"},"padding":{"unit":"px","top":"100","right":"250","bottom":"100","left":"250","isLinked":""},"padding_tablet":{"unit":"px","top":"80","right":"80","bottom":"80","left":"80","isLinked":""},"padding_mobile":{"unit":"px","top":"50","right":"50","bottom":"50","left":"50","isLinked":"1"}},"elements":[{"id":"615d695d","settings":{"title":"we will assist you in any issue and conflict","align":"center","title_color":"#ffffff","typography_typography":"custom","typography_font_family":"Merriweather","typography_font_size":{"unit":"px","size":"55","sizes":[]},"typography_font_weight":"100","typography_text_transform":"capitalize","typography_line_height":{"unit":"em","size":"1.4","sizes":[]},"typography_font_size_mobile":{"unit":"px","size":"34","sizes":[]},"typography_font_size_tablet":{"unit":"px","size":"45","sizes":[]}},"elements":[],"isInner":false,"widgetType":"heading","elType":"widget"},{"id":"47f922b3","settings":{"align":"center","editor":"Lorem ipsum dolor sit amet, conetur adiping elit Lorem ipsum dolor sit amet, consectetur adipiscing elit.","text_color":"#ffffff","typography_typography":"custom","typography_font_family":"Montserrat","typography_font_size":{"unit":"px","size":"16","sizes":[]},"typography_font_weight":"200","_margin":{"unit":"px","top":"30","right":"80","bottom":"0","left":"80","isLinked":""},"_margin_tablet":{"unit":"px","top":"0","right":"0","bottom":"0","left":"0","isLinked":"1"}},"elements":[],"isInner":false,"widgetType":"text-editor","elType":"widget"},{"id":"2fcb7b35","settings":{"text":"Learn more","align":"center","icon":"fa fa-long-arrow-right","icon_align":"right","icon_indent":{"unit":"px","size":"10","sizes":[]},"typography_typography":"custom","typography_font_family":"Montserrat","typography_font_size":{"unit":"px","size":"16","sizes":[]},"typography_font_weight":"400","button_text_color":"#16163f","background_color":"#d3b574","border_radius":{"unit":"px","top":"0","right":"0","bottom":"0","left":"0","isLinked":"1"},"button_background_hover_color":"#ffffff","size":"md","_margin":{"unit":"px","top":"50","right":"0","bottom":"0","left":"0","isLinked":""},"_margin_mobile":{"unit":"px","top":"30","right":"0","bottom":"0","left":"0","isLinked":""},"typography_text_transform":"capitalize","selected_icon":{"value":"fas fa-long-arrow-alt-right","library":"fa-solid"},"__fa4_migrated":{"selected_icon":"1"},"link":{"url":"","is_external":"","nofollow":""}},"elements":[],"isInner":false,"widgetType":"button","elType":"widget"}],"isInner":"","elType":"column"}],"isInner":"","elType":"section"},{"id":"2d56f206","settings":{"content_width":{"unit":"px","size":"1200","sizes":[]},"margin":{"unit":"px","top":"150","right":"0","bottom":"0","left":"0","isLinked":""},"margin_tablet":{"unit":"px","top":"0","right":"0","bottom":"0","left":"0","isLinked":"1"},"_timestamp_":"v1Smpyb2xHWDFzTnAyd291dVQ4THc0UT09"},"elements":[{"id":"624374a1","settings":{"_column_size":"100","margin":{"unit":"px","top":"0","right":"0","bottom":"50","left":"0","isLinked":""},"margin_tablet":{"unit":"px","top":"0","right":"0","bottom":"0","left":"0","isLinked":"1"},"padding_tablet":{"unit":"px","top":"0","right":"0","bottom":"0","left":"0","isLinked":"1"}},"elements":[{"id":"3ca11ee3","settings":{"anchor":"testimonials"},"elements":[],"isInner":false,"widgetType":"menu-anchor","elType":"widget"}],"isInner":"","elType":"column"}],"isInner":"","elType":"section"},{"id":"21cdf8ea","settings":{"content_width":{"unit":"px","size":"1200","sizes":[]},"structure":"21","background_background":"classic","background_overlay_position":"center center","background_overlay_xpos":{"unit":"px","size":"-17","sizes":[]},"background_overlay_ypos":{"unit":"px","size":"181","sizes":[]},"background_overlay_repeat":"no-repeat","background_overlay_size":"cover","background_overlay_opacity":{"unit":"px","size":"1","sizes":[]},"_title":"Testimonial","background_overlay_position_tablet":"initial","background_overlay_xpos_tablet":{"unit":"px","size":"198","sizes":[]},"background_overlay_ypos_tablet":{"unit":"px","size":"120","sizes":[]},"background_overlay_size_tablet":"cover","background_overlay_bg_width_tablet":{"unit":"px","size":"1000","sizes":[]},"padding_tablet":{"unit":"px","top":"50","right":"0","bottom":"0","left":"0","isLinked":""},"margin_mobile":{"unit":"px","top":"","right":"0","bottom":"","left":"0","isLinked":"1"},"custom_height":{"unit":"px","size":"620","sizes":[]},"custom_height_mobile":{"unit":"px","size":"450","sizes":[]},"margin":{"unit":"px","top":"0","right":"0","bottom":"150","left":"0","isLinked":""},"_timestamp_":"v1Smpyb2xHWDFzTnAyd291dVQ4THc0UT09"},"elements":[{"id":"14366762","settings":{"_column_size":"33","content_position":"center","_inline_size_tablet":"100","padding_tablet":{"unit":"px","top":"0","right":"0","bottom":"30","left":"20","isLinked":""},"padding_mobile":{"unit":"px","top":"20","right":"20","bottom":"20","left":"20","isLinked":"1"},"_title":"Content Column"},"elements":[{"id":"19b5f4da","settings":{"title":"What People Say About Us","title_color":"#4a4a4a","typography_typography":"custom","typography_font_family":"Montserrat","typography_font_size":{"unit":"px","size":"18","sizes":[]},"typography_font_weight":"300","_padding":{"unit":"px","top":"0","right":"0","bottom":"0","left":"30","isLinked":""},"typography_text_transform":"capitalize","header_size":"h4"},"elements":[],"isInner":false,"widgetType":"heading","elType":"widget"},{"id":"6c6f636d","settings":{"title":"Client Testimonials","align":"left","title_color":"#16163f","typography_typography":"custom","typography_font_family":"Merriweather","typography_font_size":{"unit":"px","size":"50","sizes":[]},"typography_font_weight":"300","typography_text_transform":"capitalize","typography_line_height":{"unit":"em","size":"1.4","sizes":[]},"_padding":{"unit":"px","top":"0","right":"0","bottom":"0","left":"30","isLinked":""},"_border_border":"solid","_border_width":{"unit":"px","top":"0","right":"0","bottom":"0","left":"4","isLinked":""},"_border_color":"#d3b574","typography_font_size_tablet":{"unit":"px","size":"38","sizes":[]}},"elements":[],"isInner":false,"widgetType":"heading","elType":"widget"}],"isInner":"","elType":"column"},{"id":"37703f57","settings":{"_column_size":"66","_inline_size_tablet":"100","_title":"Testimonial Column","padding":{"unit":"px","top":"0","right":"0","bottom":"0","left":"50","isLinked":""},"padding_tablet":{"unit":"px","top":"0","right":"0","bottom":"0","left":"0","isLinked":"1"}},"elements":[{"id":"6760c2a0","settings":{"slides":[{"content":"\u201cLorem ipsum dolor sit amet, contur ading elit, sed do eiusmod tempor incididunt ut labore et dolore mgna aliqua. Elit ullarper dignissim cras tincidunt lobortis feugiat.\u201d","name":"John Daniel","title":"UNITEX CEO","image":{"id":"1041","url":"http:\/\/localhost\/dieuhau\/wp-content\/uploads\/2020\/09\/Bitmap.png"},"_id":"e4541bc"},{"content":"\u201cLorem ipsum dolor sit amet, contur ading elit, sed do eiusmod tempor incididunt ut labore et dolore mgna aliqua. Elit ullarper dignissim cras tincidunt lobortis feugiat.\u201d","name":"Ella-Louise Moyer","title":"HARISON VP marketing","image":{"id":"1042","url":"http:\/\/localhost\/dieuhau\/wp-content\/uploads\/2020\/09\/Bitmap-Copy-1.png"},"_id":"1ea4565"},{"content":"\u201cLorem ipsum dolor sit amet, contur ading elit, sed do eiusmod tempor incididunt ut labore et dolore mgna aliqua. Elit ullarper dignissim cras tincidunt lobortis feugiat.\u201d","name":"Larry Martin","title":"BYTES CRO","image":{"id":"1043","url":"http:\/\/localhost\/dieuhau\/wp-content\/uploads\/2020\/09\/Bitmap-Copy-2-1.png"},"_id":"daead19"}],"layout":"image_left","alignment":"left","slides_to_scroll":"1","width":{"unit":"%","size":"100","sizes":[]},"show_arrows":"","pagination":"","autoplay_speed":"3500","space_between":{"unit":"px","size":"","sizes":[]},"content_gap":{"unit":"px","size":"50","sizes":[]},"content_color":"#3d4459","content_typography_typography":"custom","content_typography_font_family":"Montserrat","content_typography_font_size":{"unit":"px","size":"18","sizes":[]},"content_typography_font_weight":"300","content_typography_font_style":"normal","name_color":"#211f40","name_typography_typography":"custom","name_typography_font_family":"Merriweather","name_typography_font_size":{"unit":"px","size":"16","sizes":[]},"name_typography_font_style":"normal","title_color":"#3d4459","title_typography_typography":"custom","title_typography_font_family":"Montserrat","title_typography_font_size":{"unit":"px","size":"14","sizes":[]},"title_typography_font_style":"normal","image_size":{"unit":"px","size":"195","sizes":[]},"image_border_radius":{"unit":"px","size":"0","sizes":[]},"slides_per_view_tablet":"1","slides_per_view_mobile":"1","width_mobile":{"unit":"%","size":"100","sizes":[]},"image_size_mobile":{"unit":"px","size":"0","sizes":[]},"content_gap_mobile":{"unit":"px","size":"10","sizes":[]},"content_typography_font_size_mobile":{"unit":"px","size":"18","sizes":[]},"title_typography_text_transform":"capitalize","content_typography_line_height":{"unit":"em","size":"1.5","sizes":[]},"name_typography_text_transform":"capitalize"},"elements":[],"isInner":false,"widgetType":"testimonial-carousel","elType":"widget"}],"isInner":"","elType":"column"}],"isInner":"","elType":"section"},{"id":"60d90ef9","settings":{"content_width":{"unit":"px","size":"581","sizes":[]},"height":"min-height","custom_height":{"unit":"px","size":"550","sizes":[]},"background_background":"classic","background_image":{"id":1053,"url":"http:\/\/localhost\/dieuhau\/wp-content\/uploads\/2020\/09\/CTA-2-Home.png"},"background_overlay_background":"classic","background_overlay_color":"#16163f","background_overlay_opacity":{"unit":"px","size":"0.75","sizes":[]},"_title":"We Will Help You","margin_mobile":{"unit":"px","top":"","right":"0","bottom":"","left":"0","isLinked":"1"},"padding_mobile":{"unit":"px","top":"0","right":"15","bottom":"0","left":"15","isLinked":""},"background_attachment":"fixed","background_repeat":"no-repeat","margin":{"unit":"px","top":"0","right":"0","bottom":"150","left":"0","isLinked":""},"background_position":"center center","background_size":"cover","_timestamp_":"v1Smpyb2xHWDFzTnAyd291dVQ4THc0UT09"},"elements":[{"id":"77f6a246","settings":{"_column_size":"100","content_position":"center"},"elements":[{"id":"46f02ab7","settings":{"title":"You Deserve One Of Our Best\nLawyers","align":"center","title_color":"#ffffff","typography_typography":"custom","typography_font_family":"Merriweather","typography_font_size":{"unit":"px","size":"50","sizes":[]},"typography_font_weight":"100","typography_text_transform":"capitalize","typography_line_height":{"unit":"em","size":"1.4","sizes":[]},"typography_font_size_mobile":{"unit":"px","size":"34","sizes":[]},"typography_letter_spacing":{"unit":"px","size":"1.8","sizes":[]},"_border_border":"solid","_border_width":{"unit":"px","top":"1","right":"0","bottom":"1","left":"0","isLinked":""},"_border_color":"#ffffff"},"elements":[],"isInner":false,"widgetType":"heading","elType":"widget"},{"id":"5d388dd","settings":{"align":"center","editor":"<p class=\"p1\"><span class=\"s1\">with 35 years of law experience<\/span><\/p>","text_color":"#ffffff","typography_typography":"custom","typography_font_family":"Montserrat","typography_font_size":{"unit":"px","size":"18","sizes":[]},"typography_font_weight":"400","_margin_mobile":{"unit":"px","top":"0","right":"0","bottom":"0","left":"0","isLinked":"1"},"typography_text_transform":"capitalize"},"elements":[],"isInner":false,"widgetType":"text-editor","elType":"widget"},{"id":"69509d7c","settings":{"text":"Free Consultation","align":"center","icon":"fa fa-long-arrow-right","icon_align":"right","icon_indent":{"unit":"px","size":"10","sizes":[]},"typography_typography":"custom","typography_font_family":"Montserrat","typography_font_size":{"unit":"px","size":"16","sizes":[]},"typography_font_weight":"400","button_text_color":"#16163f","background_color":"#d3b574","border_radius":{"unit":"px","top":"0","right":"0","bottom":"0","left":"0","isLinked":"1"},"button_background_hover_color":"#ffffff","size":"md","_margin":{"unit":"px","top":"20","right":"0","bottom":"0","left":"0","isLinked":""},"_margin_mobile":{"unit":"px","top":"30","right":"0","bottom":"0","left":"0","isLinked":""},"typography_text_transform":"capitalize","selected_icon":{"value":"fas fa-long-arrow-alt-right","library":"fa-solid"},"__fa4_migrated":{"selected_icon":"1"},"link":{"url":"","is_external":"","nofollow":""}},"elements":[],"isInner":false,"widgetType":"button","elType":"widget"}],"isInner":"","elType":"column"}],"isInner":"","elType":"section"},{"id":"7ce76ea0","settings":{"content_width":{"unit":"px","size":"1200","sizes":[]},"margin":{"unit":"px","top":"150","right":"0","bottom":"0","left":"0","isLinked":""},"_timestamp_":"v1Smpyb2xHWDFzTnAyd291dVQ4THc0UT09"},"elements":[{"id":"1417230e","settings":{"_column_size":"100","margin":{"unit":"px","top":"0","right":"0","bottom":"50","left":"0","isLinked":""}},"elements":[{"id":"52388c83","settings":{"anchor":"blog"},"elements":[],"isInner":false,"widgetType":"menu-anchor","elType":"widget"}],"isInner":"","elType":"column"}],"isInner":"","elType":"section"},{"id":"5d88db41","settings":{"margin":{"unit":"px","top":"0","right":"0","bottom":"150","left":"0","isLinked":""},"content_width":{"unit":"px","size":"1200","sizes":[]},"_title":"Blog","_timestamp_":"v1Smpyb2xHWDFzTnAyd291dVQ4THc0UT09"},"elements":[{"id":"539b566f","settings":{"_column_size":"100","align":"center","padding_tablet":{"unit":"px","top":"0","right":"50","bottom":"0","left":"50","isLinked":""},"padding_mobile":{"unit":"px","top":"0","right":"15","bottom":"0","left":"15","isLinked":""}},"elements":[{"id":"78c3baa7","settings":{"title":"We have lots of experience","align":"center","title_color":"#4a4a4a","typography_typography":"custom","typography_font_family":"Montserrat","typography_font_size":{"unit":"px","size":"18","sizes":[]},"typography_font_weight":"300","typography_text_transform":"capitalize","header_size":"h4"},"elements":[],"isInner":false,"widgetType":"heading","elType":"widget"},{"id":"420fb668","settings":{"title":"Case Studies","align":"center","title_color":"#16163f","typography_typography":"custom","typography_font_family":"Merriweather","typography_font_size":{"unit":"px","size":"50","sizes":[]},"typography_font_weight":"300","typography_text_transform":"capitalize","typography_line_height":{"unit":"em","size":"1.2","sizes":[]},"_border_color":"#d3b574","typography_font_size_mobile":{"unit":"px","size":"34","sizes":[]}},"elements":[],"isInner":false,"widgetType":"heading","elType":"widget"},{"id":"7f4f1622","settings":{"classic_columns":"2","classic_thumbnail":"left","classic_thumbnail_size_size":"full","classic_item_ratio":{"unit":"px","size":"","sizes":[]},"classic_image_width":{"unit":"%","size":"42","sizes":[]},"classic_meta_data":["author","date"],"classic_meta_separator":"\u2022","classic_show_read_more":"","classic_read_more_text":"Read More \u00bb","cards_meta_separator":"\u2022","cards_read_more_text":"Read More \u00bb","classic_row_gap":{"unit":"px","size":"30","sizes":[]},"classic_content_padding":{"unit":"px","top":"28","right":"30","bottom":"0","left":"0","isLinked":""},"classic_box_shadow_box_shadow_type":"yes","classic_box_shadow_box_shadow":{"horizontal":"0","vertical":"0","blur":"30","spread":"0","color":"rgba(0,0,0,0.1)"},"classic_title_color":"#211f40","classic_title_typography_typography":"custom","classic_title_typography_font_family":"Merriweather","classic_title_typography_font_size":{"unit":"px","size":"20","sizes":[]},"classic_title_typography_font_weight":"300","classic_title_typography_text_transform":"capitalize","classic_meta_color":"#211f40","classic_meta_separator_color":"#211f40","classic_meta_typography_typography":"custom","classic_meta_typography_font_family":"Montserrat","classic_meta_typography_font_size":{"unit":"px","size":"12","sizes":[]},"classic_meta_typography_font_weight":"300","classic_meta_typography_text_transform":"capitalize","classic_excerpt_color":"#4a4a4a","classic_excerpt_typography_typography":"custom","classic_excerpt_typography_font_family":"Montserrat","classic_excerpt_typography_font_size":{"unit":"px","size":"15","sizes":[]},"classic_excerpt_typography_font_weight":"300","pagination_page_limit":"5","pagination_prev_label":"&laquo; Previous","pagination_next_label":"Next &raquo;","classic_title_spacing":{"unit":"px","size":"20","sizes":[]},"classic_meta_spacing":{"unit":"px","size":"20","sizes":[]},"classic_excerpt_spacing":{"unit":"px","size":"20","sizes":[]},"classic_title_typography_line_height":{"unit":"em","size":"1.4","sizes":[]},"classic_posts_per_page":"2","classic_columns_tablet":"1","classic_item_ratio_tablet":{"unit":"px","size":"0.66","sizes":[]},"classic_item_ratio_mobile":{"unit":"px","size":"2","sizes":[]},"classic_image_width_mobile":{"unit":"%","size":"47","sizes":[]},"classic_image_width_tablet":{"unit":"%","size":"50","sizes":[]},"classic_title_typography_font_size_mobile":{"unit":"px","size":"16","sizes":[]},"classic_excerpt_typography_font_size_mobile":{"unit":"px","size":"14","sizes":[]},"_margin":{"unit":"px","top":"50","right":"0","bottom":"0","left":"0","isLinked":""},"full_content_meta_separator":"\/\/\/"},"elements":[],"isInner":false,"widgetType":"posts","elType":"widget"}],"isInner":"","elType":"column"}],"isInner":"","elType":"section"}]}