{"version":"0.4","title":"OnePage-Spa-page","type":"page","content":[{"id":"6c3aa66b","settings":{"height":"min-height","custom_height":{"unit":"vh","size":100},"column_position":"top","background_background":"classic","background_image":{"id":"252","url":"http:\/\/localhost\/test\/wp-content\/uploads\/2018\/09\/4-6.png"},"background_position":"center center","background_size":"cover","padding_mobile":{"unit":"px","top":"0","right":"0","bottom":"0","left":"0","isLinked":false}},"elements":[{"id":"44c004b5","settings":{"_column_size":100,"_inline_size":null,"padding":{"unit":"px","top":"150","right":"0","bottom":"0","left":"0","isLinked":false},"padding_tablet":{"unit":"px","top":"150","right":"50","bottom":"0","left":"50","isLinked":false},"padding_mobile":{"unit":"px","top":"100","right":"40","bottom":"40","left":"40","isLinked":false}},"elements":[{"id":"17c4572","settings":{"image":{"id":"251","url":"http:\/\/localhost\/test\/wp-content\/uploads\/2018\/09\/5-5.png"},"space":{"unit":"%","size":"12"}},"elements":[],"isInner":false,"widgetType":"image","elType":"widget"},{"id":"74c326e8","settings":{"title":"welcome to clinic spa boutique ","align":"center","title_color":"#ffffff","typography_typography":"custom","typography_font_size":{"unit":"px","size":"45"},"typography_font_family":"Cinzel","typography_font_weight":"600","typography_letter_spacing":{"unit":"px","size":"1"},"_padding":{"unit":"px","top":"30","right":"0","bottom":"10","left":"0","isLinked":false},"typography_font_size_tablet":{"unit":"px","size":"32"},"typography_font_size_mobile":{"unit":"px","size":"24"},"typography_line_height_mobile":{"unit":"px","size":30},"_padding_mobile":{"unit":"px","top":"10","right":"0","bottom":"0","left":"0","isLinked":false},"header_size":"h1"},"elements":[],"isInner":false,"widgetType":"heading","elType":"widget"},{"id":"426c0c33","settings":{"editor":"<p>This is your chance to relax, chill out and enjoy the comforting services of the leading spa resort in the UK. Pick from a wide range of alternative treatments and massages.<\/p>","align":"center","text_color":"#ffffff","typography_typography":"custom","typography_font_size":{"unit":"px","size":"20"},"typography_font_family":"Roboto","typography_font_weight":"300","typography_line_height":{"unit":"em","size":"1.5"},"_padding":{"unit":"px","top":"0","right":"150","bottom":"0","left":"150","isLinked":false},"typography_letter_spacing":{"unit":"px","size":"0.3"},"typography_font_size_tablet":{"unit":"px","size":"16"},"typography_letter_spacing_tablet":{"unit":"px","size":"0.3"},"_padding_tablet":{"unit":"px","top":"0","right":"0","bottom":"0","left":"0","isLinked":false}},"elements":[],"isInner":false,"widgetType":"text-editor","elType":"widget"}],"isInner":false,"elType":"column"}],"isInner":false,"elType":"section"},{"id":"71e2e335","settings":{"structure":"30","background_background":"classic","background_color":"#def6fe","padding":{"unit":"px","top":"120","right":"0","bottom":"90","left":"0","isLinked":false},"margin":{"unit":"px","top":"0","right":0,"bottom":"0","left":0,"isLinked":false},"padding_tablet":{"unit":"px","top":"70","right":"10","bottom":"70","left":"10","isLinked":false},"padding_mobile":{"unit":"px","top":"40","right":"40","bottom":"40","left":"40","isLinked":true}},"elements":[{"id":"2b6d5ea","settings":{"_column_size":33,"_inline_size":null,"margin":{"unit":"px","top":"0","right":"16","bottom":"0","left":"0","isLinked":false},"margin_tablet":{"unit":"px","top":"0","right":"0","bottom":"0","left":"0","isLinked":false},"padding_mobile":{"unit":"px","top":"0","right":"0","bottom":"0","left":"0","isLinked":true}},"elements":[{"id":"53730577","settings":{"image":{"id":"253","url":"http:\/\/localhost\/test\/wp-content\/uploads\/2018\/09\/3-5-1.png"},"image_size":"full"},"elements":[],"isInner":false,"widgetType":"image","elType":"widget"},{"id":"739be6bc","settings":{"padding_tablet":{"unit":"px","top":"0","right":"0","bottom":"0","left":"0","isLinked":true}},"elements":[{"id":"6a12d867","settings":{"_column_size":100,"_inline_size":null,"background_background":"classic","background_color":"#ffffff","margin":{"unit":"px","top":"-120","right":"20","bottom":"0","left":"20","isLinked":false},"padding":{"unit":"px","top":"30","right":"0","bottom":"0","left":"0","isLinked":false},"margin_tablet":{"unit":"px","top":"-100","right":"10","bottom":"0","left":"10","isLinked":false},"margin_mobile":{"unit":"px","top":"-130","right":"20","bottom":"0","left":"20","isLinked":false},"padding_tablet":{"unit":"px","top":"0","right":"0","bottom":"0","left":"0","isLinked":true}},"elements":[{"id":"3fa50e5f","settings":{"title":"MASSAGE","align":"center","title_color":"#000000","typography_typography":"custom","typography_font_size":{"unit":"px","size":"30"},"typography_font_family":"Cinzel","typography_font_weight":"600","typography_letter_spacing":{"unit":"px","size":"1"},"_padding":{"unit":"px","top":"0","right":"0","bottom":"0","left":"0","isLinked":false},"typography_font_size_tablet":{"unit":"px","size":"20"},"typography_text_transform":"uppercase","_padding_tablet":{"unit":"px","top":"30","right":"0","bottom":"0","left":"0","isLinked":false},"header_size":"h3"},"elements":[],"isInner":false,"widgetType":"heading","elType":"widget"},{"id":"560ccf68","settings":{"editor":"<div id=\"Content\"><div class=\"boxed\"><div id=\"lipsum\"><p>Lorem ipsum dolor sit amet, consectetur adipiscing elit. Nam ut sapien quis est consectetur malesuada hendrerit vitae\u00a0<\/p><\/div><\/div><\/div>","align":"center","text_color":"#4f4f4f","typography_typography":"custom","typography_font_size":{"unit":"px","size":"16"},"typography_font_family":"Roboto","typography_font_weight":"300","typography_line_height":{"unit":"em","size":"1.8"},"_padding":{"unit":"px","top":"0","right":"25","bottom":"0","left":"25","isLinked":false},"typography_font_size_tablet":{"unit":"px","size":"14"},"_padding_tablet":{"unit":"px","top":"0","right":"20","bottom":"0","left":"20","isLinked":false}},"elements":[],"isInner":false,"widgetType":"text-editor","elType":"widget"},{"id":"6273ee33","settings":{"text":"read more","align":"justify","typography_typography":"custom","typography_font_size":{"unit":"px","size":"16"},"typography_font_family":"Roboto","typography_font_weight":"bold","typography_text_transform":"uppercase","typography_letter_spacing":{"unit":"px","size":2.2},"background_color":"#5cc4e8","border_radius":{"unit":"px","top":"0","right":"0","bottom":"0","left":"0","isLinked":true},"text_padding":{"unit":"px","top":"25","right":"25","bottom":"25","left":"25","isLinked":true},"typography_font_size_tablet":{"unit":"px","size":"14"},"button_background_hover_color":"#fb57c3"},"elements":[],"isInner":false,"widgetType":"button","elType":"widget"}],"isInner":true,"elType":"column"}],"isInner":true,"elType":"section"}],"isInner":false,"elType":"column"},{"id":"1cb5cb6c","settings":{"_column_size":33,"_inline_size":null,"margin":{"unit":"px","top":"0","right":"8","bottom":"0","left":"8","isLinked":false},"margin_tablet":{"unit":"px","top":"0","right":"0","bottom":"0","left":"0","isLinked":true},"padding_mobile":{"unit":"px","top":"40","right":"0","bottom":"40","left":"0","isLinked":false}},"elements":[{"id":"6470296","settings":{"image":{"id":"254","url":"http:\/\/localhost\/test\/wp-content\/uploads\/2018\/09\/2-6.png"}},"elements":[],"isInner":false,"widgetType":"image","elType":"widget"},{"id":"7d8fecb9","settings":[],"elements":[{"id":"2567ad5a","settings":{"_column_size":100,"_inline_size":null,"background_background":"classic","background_color":"#ffffff","margin":{"unit":"px","top":"-120","right":"20","bottom":"0","left":"20","isLinked":false},"padding":{"unit":"px","top":"30","right":"0","bottom":"0","left":"0","isLinked":false},"margin_tablet":{"unit":"px","top":"-100","right":"10","bottom":"0","left":"10","isLinked":false},"margin_mobile":{"unit":"px","top":"-120","right":"20","bottom":"0","left":"20","isLinked":false},"padding_tablet":{"unit":"px","top":"0","right":"0","bottom":"0","left":"0","isLinked":true}},"elements":[{"id":"49520979","settings":{"title":"beauty","align":"center","title_color":"#000000","typography_typography":"custom","typography_font_size":{"unit":"px","size":"30"},"typography_font_family":"Cinzel","typography_font_weight":"600","typography_letter_spacing":{"unit":"px","size":"1"},"_padding":{"unit":"px","top":"0","right":"0","bottom":"0","left":"0","isLinked":false},"typography_font_size_tablet":{"unit":"px","size":"20"},"typography_text_transform":"uppercase","_padding_tablet":{"unit":"px","top":"30","right":"0","bottom":"0","left":"0","isLinked":false},"header_size":"h3"},"elements":[],"isInner":false,"widgetType":"heading","elType":"widget"},{"id":"7aa5c86e","settings":{"editor":"<div id=\"Content\"><div class=\"boxed\"><div id=\"lipsum\"><p>Lorem ipsum dolor sit amet, consectetur adipiscing elit. Nam ut sapien quis est consectetur malesuada hendrerit vitae\u00a0<\/p><\/div><\/div><\/div>","align":"center","text_color":"#4f4f4f","typography_typography":"custom","typography_font_size":{"unit":"px","size":"16"},"typography_font_family":"Roboto","typography_font_weight":"300","typography_line_height":{"unit":"em","size":"1.8"},"_padding":{"unit":"px","top":"0","right":"25","bottom":"0","left":"25","isLinked":false},"typography_font_size_tablet":{"unit":"px","size":"14"},"_padding_tablet":{"unit":"px","top":"0","right":"20","bottom":"0","left":"20","isLinked":false}},"elements":[],"isInner":false,"widgetType":"text-editor","elType":"widget"},{"id":"473d602f","settings":{"text":"read more","align":"justify","typography_typography":"custom","typography_font_size":{"unit":"px","size":"16"},"typography_font_family":"Roboto","typography_font_weight":"bold","typography_text_transform":"uppercase","typography_letter_spacing":{"unit":"px","size":2.2},"background_color":"#5cc4e8","border_radius":{"unit":"px","top":"0","right":"0","bottom":"0","left":"0","isLinked":true},"text_padding":{"unit":"px","top":"25","right":"25","bottom":"25","left":"25","isLinked":true},"typography_font_size_tablet":{"unit":"px","size":"14"},"button_background_hover_color":"#fb57c3"},"elements":[],"isInner":false,"widgetType":"button","elType":"widget"}],"isInner":true,"elType":"column"}],"isInner":true,"elType":"section"}],"isInner":false,"elType":"column"},{"id":"44da13eb","settings":{"_column_size":33,"_inline_size":null,"margin":{"unit":"px","top":"0","right":"0","bottom":"0","left":"16","isLinked":false},"margin_tablet":{"unit":"px","top":"0","right":"0","bottom":"0","left":"0","isLinked":true},"margin_mobile":{"unit":"px","top":"0","right":"0","bottom":"0","left":"0","isLinked":true},"padding_mobile":{"unit":"px","top":"0","right":"0","bottom":"0","left":"0","isLinked":true}},"elements":[{"id":"59f5fa7f","settings":{"image":{"id":"255","url":"http:\/\/localhost\/test\/wp-content\/uploads\/2018\/09\/1-6.png"}},"elements":[],"isInner":false,"widgetType":"image","elType":"widget"},{"id":"243fbb17","settings":[],"elements":[{"id":"343b0dbc","settings":{"_column_size":100,"_inline_size":null,"background_background":"classic","background_color":"#ffffff","margin":{"unit":"px","top":"-120","right":"20","bottom":"0","left":"20","isLinked":false},"padding":{"unit":"px","top":"30","right":"0","bottom":"0","left":"0","isLinked":false},"margin_tablet":{"unit":"px","top":"-100","right":"10","bottom":"0","left":"10","isLinked":false},"margin_mobile":{"unit":"px","top":"-120","right":"20","bottom":"0","left":"20","isLinked":false},"padding_tablet":{"unit":"px","top":"0","right":"0","bottom":"0","left":"0","isLinked":true}},"elements":[{"id":"39f4c217","settings":{"title":"RELAXATION","align":"center","title_color":"#000000","typography_typography":"custom","typography_font_size":{"unit":"px","size":"30"},"typography_font_family":"Cinzel","typography_font_weight":"600","typography_letter_spacing":{"unit":"px","size":"1"},"_padding":{"unit":"px","top":"0","right":"0","bottom":"0","left":"0","isLinked":false},"typography_font_size_tablet":{"unit":"px","size":"20"},"typography_text_transform":"uppercase","_padding_tablet":{"unit":"px","top":"30","right":"0","bottom":"0","left":"0","isLinked":false},"header_size":"h3"},"elements":[],"isInner":false,"widgetType":"heading","elType":"widget"},{"id":"3f700c","settings":{"editor":"<div id=\"Content\"><div class=\"boxed\"><div id=\"lipsum\"><p>Lorem ipsum dolor sit amet, consectetur adipiscing elit. Nam ut sapien quis est consectetur malesuada hendrerit vitae\u00a0<\/p><\/div><\/div><\/div>","align":"center","text_color":"#4f4f4f","typography_typography":"custom","typography_font_size":{"unit":"px","size":"16"},"typography_font_family":"Roboto","typography_font_weight":"300","typography_line_height":{"unit":"em","size":"1.8"},"_padding":{"unit":"px","top":"0","right":"25","bottom":"0","left":"25","isLinked":false},"typography_font_size_tablet":{"unit":"px","size":"14"},"_padding_tablet":{"unit":"px","top":"0","right":"20","bottom":"0","left":"20","isLinked":false}},"elements":[],"isInner":false,"widgetType":"text-editor","elType":"widget"},{"id":"59d6de2a","settings":{"text":"read more","align":"justify","typography_typography":"custom","typography_font_size":{"unit":"px","size":"16"},"typography_font_family":"Roboto","typography_font_weight":"bold","typography_text_transform":"uppercase","typography_letter_spacing":{"unit":"px","size":2.2},"background_color":"#5cc4e8","border_radius":{"unit":"px","top":"0","right":"0","bottom":"0","left":"0","isLinked":true},"text_padding":{"unit":"px","top":"25","right":"25","bottom":"25","left":"25","isLinked":true},"typography_font_size_tablet":{"unit":"px","size":"14"},"button_background_hover_color":"#fb57c3"},"elements":[],"isInner":false,"widgetType":"button","elType":"widget"}],"isInner":true,"elType":"column"}],"isInner":true,"elType":"section"}],"isInner":false,"elType":"column"}],"isInner":false,"elType":"section"},{"id":"1176da8b","settings":{"padding":{"unit":"px","top":"100","right":"0","bottom":"0","left":"0","isLinked":false},"padding_mobile":{"unit":"px","top":"60","right":"0","bottom":"0","left":"0","isLinked":false},"content_width":{"unit":"px","size":"700"}},"elements":[{"id":"19ab4c50","settings":{"_column_size":100,"_inline_size":null,"padding_tablet":{"unit":"px","top":"0","right":"100","bottom":"0","left":"100","isLinked":false},"padding_mobile":{"unit":"px","top":"0","right":"20","bottom":"0","left":"20","isLinked":false}},"elements":[{"id":"7e24b000","settings":{"title":"treatment menu","align":"center","title_color":"#000000","typography_typography":"custom","typography_font_size":{"unit":"px","size":"30"},"typography_font_family":"Cinzel","typography_font_weight":"600","typography_letter_spacing":{"unit":"px","size":"1"},"_padding":{"unit":"px","top":"0","right":"0","bottom":"0","left":"0","isLinked":false},"typography_font_size_mobile":{"unit":"px","size":"25"}},"elements":[],"isInner":false,"widgetType":"heading","elType":"widget"},{"id":"e227a7","settings":{"editor":"<p>We invite you to explore the variety of treatments that we offer, providing you with the best ways to relax, unwind and feel energized and alive<\/p>","align":"center","text_color":"#4f4f4f","typography_typography":"custom","typography_font_size":{"unit":"px","size":"16"},"typography_font_family":"Roboto","typography_font_weight":"300","typography_line_height":{"unit":"em","size":"1.8"},"_padding":{"unit":"px","top":"10","right":"0","bottom":"30","left":"0","isLinked":false},"typography_letter_spacing":{"unit":"px","size":"0.3"},"typography_font_size_mobile":{"unit":"px","size":"14"},"_padding_tablet":{"unit":"px","top":"10","right":"0","bottom":"20","left":"0","isLinked":false},"_padding_mobile":{"unit":"px","top":"0","right":"0","bottom":"10","left":"0","isLinked":false}},"elements":[],"isInner":false,"widgetType":"text-editor","elType":"widget"},{"id":"7aed2035","settings":{"image":{"id":"256","url":"http:\/\/localhost\/test\/wp-content\/uploads\/2018\/09\/6-5.png"},"space":{"unit":"%","size":"30"},"image_size":"full"},"elements":[],"isInner":false,"widgetType":"image","elType":"widget"}],"isInner":false,"elType":"column"}],"isInner":false,"elType":"section"},{"id":"155a6773","settings":{"padding":{"unit":"px","top":"80","right":"0","bottom":"50","left":"0","isLinked":false},"padding_tablet":{"unit":"px","top":"100","right":"30","bottom":"50","left":"30","isLinked":false},"padding_mobile":{"unit":"px","top":"50","right":"20","bottom":"30","left":"20","isLinked":false}},"elements":[{"id":"449de05b","settings":{"_column_size":100,"_inline_size":null,"background_background":"classic","background_color":"#5cc4e8","padding":{"unit":"px","top":"25","right":"0","bottom":"25","left":"0","isLinked":false}},"elements":[{"id":"1f3f8944","settings":{"title":"MASSAGE Treatments","align":"center","title_color":"#ffffff","typography_typography":"custom","typography_font_size":{"unit":"px","size":"20"},"typography_font_family":"Cinzel","typography_font_weight":"600","typography_letter_spacing":{"unit":"px","size":"2"},"_padding":{"unit":"px","top":"0","right":"0","bottom":"0","left":"0","isLinked":false},"typography_text_transform":"uppercase","typography_font_size_mobile":{"unit":"px","size":"17"},"header_size":"h3"},"elements":[],"isInner":false,"widgetType":"heading","elType":"widget"}],"isInner":false,"elType":"column"}],"isInner":false,"elType":"section"},{"id":"5010447","settings":{"structure":"20","gap":"extended","padding_tablet":{"unit":"px","top":"0","right":"30","bottom":"0","left":"30","isLinked":false}},"elements":[{"id":"730acb2f","settings":{"_column_size":50,"_inline_size":null,"margin":{"unit":"px","top":"0","right":"40","bottom":"0","left":"0","isLinked":false},"margin_tablet":{"unit":"px","top":"0","right":"20","bottom":"0","left":"0","isLinked":false},"margin_mobile":{"unit":"px","top":"0","right":"0","bottom":"0","left":"0","isLinked":true}},"elements":[{"id":"398be6ba","settings":{"price_list":[{"title":"Deep Tissue Massage","item_description":"I am item content. Click edit button to change this text. Lorem ipsum dolor sit amet, consectetur adipiscing elit.","price":"$43","link":{"url":"#","is_external":"","nofollow":""},"_id":"g8599z8","image":{"url":"","id":""}},{"title":"Swedish Massage","item_description":"I am item content. Click edit button to change this text. Lorem ipsum dolor sit amet, consectetur adipiscing elit.","price":"$39","link":{"url":"#","is_external":"","nofollow":""},"_id":"1u9derd","image":{"url":"","id":""}}],"heading_color":"#000000","heading_typography_typography":"custom","heading_typography_font_size":{"unit":"px","size":"21"},"heading_typography_font_family":"Roboto","heading_typography_letter_spacing":{"unit":"px","size":"0.7"},"description_color":"#4f4f4f","description_typography_typography":"custom","description_typography_font_size":{"unit":"px","size":"16"},"description_typography_font_family":"Roboto","separator_style":"solid","separator_weight":{"unit":"px","size":1},"separator_color":"#4f4f4f","separator_spacing":{"unit":"px","size":20},"row_gap":{"unit":"px","size":50},"heading_typography_font_size_tablet":{"unit":"px","size":"18"},"heading_typography_font_size_mobile":{"unit":"px","size":"17"},"description_typography_font_size_tablet":{"unit":"px","size":"14"},"description_typography_font_weight":"300"},"elements":[],"isInner":false,"widgetType":"price-list","elType":"widget"}],"isInner":false,"elType":"column"},{"id":"70fdfe86","settings":{"_column_size":50,"_inline_size":null,"margin":{"unit":"px","top":"0","right":"0","bottom":"0","left":"40","isLinked":false},"margin_tablet":{"unit":"px","top":"0","right":"0","bottom":"0","left":"20","isLinked":false},"margin_mobile":{"unit":"px","top":"15","right":"0","bottom":"0","left":"0","isLinked":false}},"elements":[{"id":"74260016","settings":{"price_list":[{"title":"Aromatherapy Massage","item_description":"I am item content. Click edit button to change this text. Lorem ipsum dolor sit amet, consectetur adipiscing elit.","price":"$43","link":{"url":"#","is_external":"","nofollow":""},"_id":"g8599z8","image":{"url":"","id":""}},{"title":"Hot Stone Massage","item_description":"I am item content. Click edit button to change this text. Lorem ipsum dolor sit amet, consectetur adipiscing elit.","price":"$35","link":{"url":"#","is_external":"","nofollow":""},"_id":"1u9derd","image":{"url":"","id":""}}],"heading_color":"#000000","heading_typography_typography":"custom","heading_typography_font_size":{"unit":"px","size":"21"},"heading_typography_font_family":"Roboto","heading_typography_letter_spacing":{"unit":"px","size":"0.7"},"description_color":"#4f4f4f","description_typography_typography":"custom","description_typography_font_size":{"unit":"px","size":"16"},"description_typography_font_family":"Roboto","separator_style":"solid","separator_color":"#4f4f4f","row_gap":{"unit":"px","size":50},"separator_weight":{"unit":"px","size":1},"separator_spacing":{"unit":"px","size":"20"},"heading_typography_font_size_tablet":{"unit":"px","size":"18"},"heading_typography_font_size_mobile":{"unit":"px","size":"17"},"description_typography_font_size_tablet":{"unit":"px","size":"14"},"description_typography_font_weight":"300"},"elements":[],"isInner":false,"widgetType":"price-list","elType":"widget"}],"isInner":false,"elType":"column"}],"isInner":false,"elType":"section"},{"id":"6bb9a81b","settings":{"padding":{"unit":"px","top":"70","right":"0","bottom":"50","left":"0","isLinked":false},"padding_tablet":{"unit":"px","top":"70","right":"30","bottom":"50","left":"30","isLinked":false},"padding_mobile":{"unit":"px","top":"50","right":"20","bottom":"30","left":"20","isLinked":false}},"elements":[{"id":"aa94076","settings":{"_column_size":100,"_inline_size":null,"background_background":"classic","background_color":"#fb57c3","padding":{"unit":"px","top":"25","right":"0","bottom":"25","left":"0","isLinked":false}},"elements":[{"id":"5967db66","settings":{"title":"Beauty Treatments","align":"center","title_color":"#ffffff","typography_typography":"custom","typography_font_size":{"unit":"px","size":"20"},"typography_font_family":"Cinzel","typography_font_weight":"600","typography_letter_spacing":{"unit":"px","size":"2"},"_padding":{"unit":"px","top":"0","right":"0","bottom":"0","left":"0","isLinked":false},"typography_text_transform":"uppercase","typography_font_size_mobile":{"unit":"px","size":"17"},"header_size":"h3"},"elements":[],"isInner":false,"widgetType":"heading","elType":"widget"}],"isInner":false,"elType":"column"}],"isInner":false,"elType":"section"},{"id":"2090bad4","settings":{"structure":"20","gap":"extended","padding_tablet":{"unit":"px","top":"0","right":"30","bottom":"0","left":"30","isLinked":false}},"elements":[{"id":"6025b3e2","settings":{"_column_size":50,"_inline_size":null,"margin":{"unit":"px","top":"0","right":"40","bottom":"0","left":"0","isLinked":false},"margin_tablet":{"unit":"px","top":"0","right":"20","bottom":"0","left":"0","isLinked":false},"margin_mobile":{"unit":"px","top":"0","right":"0","bottom":"0","left":"0","isLinked":true}},"elements":[{"id":"6925df92","settings":{"price_list":[{"title":"Deep Tissue Massage","item_description":"I am item content. Click edit button to change this text. Lorem ipsum dolor sit amet, consectetur adipiscing elit.","price":"$43","link":{"url":"#","is_external":"","nofollow":""},"_id":"g8599z8","image":{"url":"","id":""}},{"title":"Swedish Massage","item_description":"I am item content. Click edit button to change this text. Lorem ipsum dolor sit amet, consectetur adipiscing elit.","price":"$39","link":{"url":"#","is_external":"","nofollow":""},"_id":"1u9derd","image":{"url":"","id":""}}],"heading_color":"#000000","heading_typography_typography":"custom","heading_typography_font_size":{"unit":"px","size":"21"},"heading_typography_font_family":"Roboto","heading_typography_letter_spacing":{"unit":"px","size":"0.7"},"description_color":"#4f4f4f","description_typography_typography":"custom","description_typography_font_size":{"unit":"px","size":"16"},"description_typography_font_family":"Roboto","separator_style":"solid","separator_weight":{"unit":"px","size":1},"separator_color":"#4f4f4f","separator_spacing":{"unit":"px","size":20},"row_gap":{"unit":"px","size":50},"heading_typography_font_size_tablet":{"unit":"px","size":"18"},"heading_typography_font_size_mobile":{"unit":"px","size":"17"},"description_typography_font_size_tablet":{"unit":"px","size":"14"},"description_typography_font_weight":"300"},"elements":[],"isInner":false,"widgetType":"price-list","elType":"widget"}],"isInner":false,"elType":"column"},{"id":"40bdc72f","settings":{"_column_size":50,"_inline_size":null,"margin":{"unit":"px","top":"0","right":"0","bottom":"0","left":"40","isLinked":false},"margin_tablet":{"unit":"px","top":"0","right":"0","bottom":"0","left":"20","isLinked":false},"margin_mobile":{"unit":"px","top":"15","right":"0","bottom":"0","left":"0","isLinked":false}},"elements":[{"id":"df379e2","settings":{"price_list":[{"title":"Aromatherapy Massage","item_description":"I am item content. Click edit button to change this text. Lorem ipsum dolor sit amet, consectetur adipiscing elit.","price":"$43","link":{"url":"#","is_external":"","nofollow":""},"_id":"g8599z8","image":{"url":"","id":""}},{"title":"Hot Stone Massage","item_description":"I am item content. Click edit button to change this text. Lorem ipsum dolor sit amet, consectetur adipiscing elit.","price":"$35","link":{"url":"#","is_external":"","nofollow":""},"_id":"1u9derd","image":{"url":"","id":""}}],"heading_color":"#000000","heading_typography_typography":"custom","heading_typography_font_size":{"unit":"px","size":"21"},"heading_typography_font_family":"Roboto","heading_typography_letter_spacing":{"unit":"px","size":"0.7"},"description_color":"#4f4f4f","description_typography_typography":"custom","description_typography_font_size":{"unit":"px","size":"16"},"description_typography_font_family":"Roboto","separator_style":"solid","separator_color":"#4f4f4f","row_gap":{"unit":"px","size":50},"separator_weight":{"unit":"px","size":1},"separator_spacing":{"unit":"px","size":"20"},"heading_typography_font_size_tablet":{"unit":"px","size":"18"},"heading_typography_font_size_mobile":{"unit":"px","size":"17"},"description_typography_font_size_tablet":{"unit":"px","size":"14"},"description_typography_font_weight":"300"},"elements":[],"isInner":false,"widgetType":"price-list","elType":"widget"}],"isInner":false,"elType":"column"}],"isInner":false,"elType":"section"},{"id":"545c87b8","settings":{"padding":{"unit":"px","top":"70","right":"0","bottom":"50","left":"0","isLinked":false},"padding_tablet":{"unit":"px","top":"70","right":"30","bottom":"50","left":"30","isLinked":false},"padding_mobile":{"unit":"px","top":"50","right":"20","bottom":"30","left":"20","isLinked":false}},"elements":[{"id":"706ad5c3","settings":{"_column_size":100,"_inline_size":null,"background_background":"classic","background_color":"#26d692","padding":{"unit":"px","top":"25","right":"0","bottom":"25","left":"0","isLinked":false}},"elements":[{"id":"230c0de1","settings":{"title":"Relaxtion Treatments","align":"center","title_color":"#ffffff","typography_typography":"custom","typography_font_size":{"unit":"px","size":"20"},"typography_font_family":"Cinzel","typography_font_weight":"600","typography_letter_spacing":{"unit":"px","size":"2"},"_padding":{"unit":"px","top":"0","right":"0","bottom":"0","left":"0","isLinked":false},"typography_text_transform":"uppercase","typography_font_size_mobile":{"unit":"px","size":"17"},"header_size":"h3"},"elements":[],"isInner":false,"widgetType":"heading","elType":"widget"}],"isInner":false,"elType":"column"}],"isInner":false,"elType":"section"},{"id":"1e23f7f2","settings":{"structure":"20","gap":"extended","padding":{"unit":"px","top":"0","right":"0","bottom":"90","left":"0","isLinked":false},"padding_tablet":{"unit":"px","top":"0","right":"30","bottom":"70","left":"30","isLinked":false},"padding_mobile":{"unit":"px","top":"0","right":"30","bottom":"50","left":"30","isLinked":false}},"elements":[{"id":"d89221e","settings":{"_column_size":50,"_inline_size":null,"margin":{"unit":"px","top":"0","right":"40","bottom":"0","left":"0","isLinked":false},"margin_tablet":{"unit":"px","top":"0","right":"20","bottom":"0","left":"0","isLinked":false},"margin_mobile":{"unit":"px","top":"0","right":"0","bottom":"0","left":"0","isLinked":true}},"elements":[{"id":"f1e5626","settings":{"price_list":[{"title":"Deep Tissue Massage","item_description":"I am item content. Click edit button to change this text. Lorem ipsum dolor sit amet, consectetur adipiscing elit.","price":"$43","link":{"url":"#","is_external":"","nofollow":""},"_id":"g8599z8","image":{"url":"","id":""}},{"title":"Swedish Massage","item_description":"I am item content. Click edit button to change this text. Lorem ipsum dolor sit amet, consectetur adipiscing elit.","price":"$39","link":{"url":"#","is_external":"","nofollow":""},"_id":"1u9derd","image":{"url":"","id":""}}],"heading_color":"#000000","heading_typography_typography":"custom","heading_typography_font_size":{"unit":"px","size":"21"},"heading_typography_font_family":"Roboto","heading_typography_letter_spacing":{"unit":"px","size":"0.7"},"description_color":"#4f4f4f","description_typography_typography":"custom","description_typography_font_size":{"unit":"px","size":"16"},"description_typography_font_family":"Roboto","separator_style":"solid","separator_weight":{"unit":"px","size":1},"separator_color":"#4f4f4f","separator_spacing":{"unit":"px","size":20},"row_gap":{"unit":"px","size":50},"heading_typography_font_size_tablet":{"unit":"px","size":"18"},"heading_typography_font_size_mobile":{"unit":"px","size":"17"},"description_typography_font_size_tablet":{"unit":"px","size":"14"},"description_typography_font_weight":"300"},"elements":[],"isInner":false,"widgetType":"price-list","elType":"widget"}],"isInner":false,"elType":"column"},{"id":"77b13337","settings":{"_column_size":50,"_inline_size":null,"margin":{"unit":"px","top":"0","right":"0","bottom":"0","left":"40","isLinked":false},"margin_tablet":{"unit":"px","top":"0","right":"0","bottom":"0","left":"20","isLinked":false},"margin_mobile":{"unit":"px","top":"15","right":"0","bottom":"0","left":"0","isLinked":false}},"elements":[{"id":"55b77d57","settings":{"price_list":[{"title":"Aromatherapy Massage","item_description":"I am item content. Click edit button to change this text. Lorem ipsum dolor sit amet, consectetur adipiscing elit.","price":"$43","link":{"url":"#","is_external":"","nofollow":""},"_id":"g8599z8","image":{"url":"","id":""}},{"title":"Hot Stone Massage","item_description":"I am item content. Click edit button to change this text. Lorem ipsum dolor sit amet, consectetur adipiscing elit.","price":"$35","link":{"url":"#","is_external":"","nofollow":""},"_id":"1u9derd","image":{"url":"","id":""}}],"heading_color":"#000000","heading_typography_typography":"custom","heading_typography_font_size":{"unit":"px","size":"21"},"heading_typography_font_family":"Roboto","heading_typography_letter_spacing":{"unit":"px","size":"0.7"},"description_color":"#4f4f4f","description_typography_typography":"custom","description_typography_font_size":{"unit":"px","size":"16"},"description_typography_font_family":"Roboto","separator_style":"solid","separator_color":"#4f4f4f","row_gap":{"unit":"px","size":50},"separator_weight":{"unit":"px","size":1},"separator_spacing":{"unit":"px","size":"20"},"heading_typography_font_size_tablet":{"unit":"px","size":"18"},"heading_typography_font_size_mobile":{"unit":"px","size":"17"},"description_typography_font_size_tablet":{"unit":"px","size":"14"},"description_typography_font_weight":"300"},"elements":[],"isInner":false,"widgetType":"price-list","elType":"widget"}],"isInner":false,"elType":"column"}],"isInner":false,"elType":"section"},{"id":"7d1738d6","settings":{"gap":"no","structure":"20","background_background":"classic","background_color":"#def6fe","padding":{"unit":"px","top":"120","right":"0","bottom":"120","left":"0","isLinked":false},"height":"min-height","custom_height":{"unit":"px","size":"400"},"column_position":"stretch","padding_tablet":{"unit":"px","top":"90","right":"0","bottom":"90","left":"0","isLinked":false}},"elements":[{"id":"4368a693","settings":{"_column_size":50,"_inline_size":null,"background_background":"classic","background_image":{"id":"257","url":"http:\/\/localhost\/test\/wp-content\/uploads\/2018\/09\/8-5.png"},"background_size":"cover","padding":{"unit":"px","top":"160","right":"0","bottom":"160","left":"0","isLinked":false},"padding_mobile":{"unit":"px","top":"100","right":"100","bottom":"100","left":"100","isLinked":true}},"elements":[{"id":"7ac75d53","settings":[],"elements":[],"isInner":false,"widgetType":"spacer","elType":"widget"}],"isInner":false,"elType":"column"},{"id":"7b91b6b5","settings":{"_column_size":50,"_inline_size":null},"elements":[{"id":"7ec34c17","settings":{"gap":"no","structure":"20","padding":{"unit":"px","top":"0","right":"0","bottom":"0","left":"0","isLinked":false}},"elements":[{"id":"126490fd","settings":{"_column_size":50,"_inline_size":null,"background_background":"classic","background_image":{"id":"258","url":"http:\/\/localhost\/test\/wp-content\/uploads\/2018\/09\/9-6.png"},"background_size":"cover","padding":{"unit":"px","top":"80","right":"0","bottom":"80","left":"0","isLinked":false},"padding_mobile":{"unit":"px","top":"70","right":"70","bottom":"70","left":"70","isLinked":true},"screen_sm":"custom","screen_sm_width":"50"},"elements":[{"id":"7d34f037","settings":[],"elements":[],"isInner":false,"widgetType":"spacer","elType":"widget"}],"isInner":true,"elType":"column"},{"id":"6b0b57c8","settings":{"_column_size":50,"_inline_size":null,"background_background":"classic","background_image":{"id":"259","url":"http:\/\/localhost\/test\/wp-content\/uploads\/2018\/09\/10-6.png"},"background_size":"cover","padding_mobile":{"unit":"px","top":"70","right":"70","bottom":"70","left":"70","isLinked":true},"screen_sm":"custom","screen_sm_width":"50"},"elements":[{"id":"47abf82d","settings":[],"elements":[],"isInner":false,"widgetType":"spacer","elType":"widget"}],"isInner":true,"elType":"column"}],"isInner":true,"elType":"section"},{"id":"6f61ea23","settings":{"gap":"no"},"elements":[{"id":"3922d1f8","settings":{"_column_size":100,"_inline_size":null,"background_background":"classic","background_image":{"id":"260","url":"http:\/\/localhost\/test\/wp-content\/uploads\/2018\/09\/15-4.png"},"background_size":"cover","padding":{"unit":"px","top":"80","right":"0","bottom":"80","left":"0","isLinked":false},"padding_mobile":{"unit":"px","top":"100","right":"100","bottom":"100","left":"100","isLinked":true}},"elements":[{"id":"bf65663","settings":[],"elements":[],"isInner":false,"widgetType":"spacer","elType":"widget"}],"isInner":true,"elType":"column"}],"isInner":true,"elType":"section"}],"isInner":false,"elType":"column"}],"isInner":false,"elType":"section"},{"id":"11b0b984","settings":{"layout":"full_width","gap":"no","structure":"20","padding":{"unit":"px","top":"120","right":"0","bottom":"0","left":"0","isLinked":false},"padding_tablet":{"unit":"px","top":"90","right":"0","bottom":"0","left":"0","isLinked":false},"padding_mobile":{"unit":"px","top":"50","right":"0","bottom":"0","left":"0","isLinked":false}},"elements":[{"id":"bc869a2","settings":{"_column_size":50,"_inline_size":39.006,"padding":{"unit":"%","top":"0","right":"5","bottom":"0","left":"35","isLinked":false},"margin_tablet":{"unit":"px","top":"30","right":"50","bottom":"0","left":"30","isLinked":false},"margin_mobile":{"unit":"px","top":"0","right":"0","bottom":"0","left":"0","isLinked":true},"padding_tablet":{"unit":"px","top":"0","right":"0","bottom":"0","left":"0","isLinked":true},"padding_mobile":{"unit":"px","top":"0","right":"30","bottom":"60","left":"30","isLinked":false}},"elements":[{"id":"2f3c5804","settings":{"title":"Opening hours","align":"left","title_color":"#000000","typography_typography":"custom","typography_font_size":{"unit":"px","size":"30"},"typography_font_family":"Cinzel","typography_font_weight":"600","typography_letter_spacing":{"unit":"px","size":"1"},"_padding":{"unit":"px","top":"0","right":"0","bottom":"0","left":"0","isLinked":true},"typography_font_size_tablet":{"unit":"px","size":"22"},"typography_text_transform":"uppercase","header_size":"h3"},"elements":[],"isInner":false,"widgetType":"heading","elType":"widget"},{"id":"4b8d7f0b","settings":{"editor":"<div id=\"Content\"><div class=\"boxed\"><div id=\"lipsum\"><p>We'll be happy to accommodate your wishes. If you need further information, don't hesitate to contact us for a free consultation.<\/p><\/div><\/div><\/div>","align":"left","text_color":"#4f4f4f","typography_typography":"custom","typography_font_size":{"unit":"px","size":"16"},"typography_font_family":"Roboto","typography_font_weight":"300","typography_line_height":{"unit":"em","size":"1.8"},"_padding":{"unit":"px","top":"0","right":"0","bottom":"0","left":"0","isLinked":true},"typography_letter_spacing":{"unit":"px","size":"0.3"},"typography_font_size_tablet":{"unit":"px","size":"14"}},"elements":[],"isInner":false,"widgetType":"text-editor","elType":"widget"},{"id":"5fc7c186","settings":{"icon_list":[{"text":"Monday-Fri: 9AM - 6 PM","icon":"fa fa-circle","_id":"xxpyhdm","link":{"url":"","is_external":"","nofollow":""}},{"text":"Saturday: 9AM - 8PM","icon":"fa fa-circle","_id":"uf2eflb","link":{"url":"","is_external":"","nofollow":""}},{"text":"Sunday: 7AM - 4PM","icon":"fa fa-circle","_id":"4rsdsfn","link":{"url":"","is_external":"","nofollow":""}}],"space_between":{"unit":"px","size":"10"},"icon_color":"#000000","icon_size":{"unit":"px","size":"10"},"text_indent":{"unit":"px","size":12},"text_color":"#4f4f4f","icon_typography_typography":"custom","icon_typography_font_size":{"unit":"px","size":"16"},"icon_typography_font_family":"Roboto","icon_typography_font_weight":"400","_padding":{"unit":"px","top":"20","right":"0","bottom":"20","left":"0","isLinked":false},"icon_typography_font_size_tablet":{"unit":"px","size":"14"}},"elements":[],"isInner":false,"widgetType":"icon-list","elType":"widget"},{"id":"601ff64b","settings":{"icon_list":[{"text":"+888 9634 2280","icon":"fa fa-phone","_id":"xxpyhdm","link":{"url":"","is_external":"","nofollow":""}},{"text":"lolyom@noreplay.com","icon":"fa fa-home","_id":"uf2eflb","link":{"url":"","is_external":"","nofollow":""}},{"text":"Malibu Country Mart, 3825 Cross Creek Rd #9a, Malibu, CA 90265","icon":"fa fa-envelope","_id":"4rsdsfn","link":{"url":"","is_external":"","nofollow":""}}],"space_between":{"unit":"px","size":"30"},"icon_color":"#5cc4e8","icon_size":{"unit":"px","size":"30"},"text_indent":{"unit":"px","size":"18"},"text_color":"#4f4f4f","icon_typography_typography":"custom","icon_typography_font_size":{"unit":"px","size":"16"},"icon_typography_font_family":"Roboto","icon_typography_font_weight":"300","icon_typography_line_height":{"unit":"em","size":"1.8"},"icon_typography_letter_spacing":{"unit":"px","size":"0.3"},"_padding":{"unit":"px","top":"0","right":"50","bottom":"0","left":"0","isLinked":false},"icon_typography_font_size_tablet":{"unit":"px","size":"14"},"_padding_tablet":{"unit":"px","top":"0","right":"0","bottom":"0","left":"0","isLinked":false}},"elements":[],"isInner":false,"widgetType":"icon-list","elType":"widget"}],"isInner":false,"elType":"column"},{"id":"61c3092b","settings":{"_column_size":50,"_inline_size":60.994,"background_background":"classic","background_image":{"id":"261","url":"http:\/\/localhost\/test\/wp-content\/uploads\/2018\/09\/7-5.png"},"background_size":"cover","padding_mobile":{"unit":"px","top":"105","right":"105","bottom":"105","left":"105","isLinked":true}},"elements":[{"id":"3b3a0333","settings":[],"elements":[],"isInner":false,"widgetType":"spacer","elType":"widget"}],"isInner":false,"elType":"column"}],"isInner":false,"elType":"section"},{"id":"7247ffce","settings":{"structure":"20","margin":{"unit":"px","top":"","right":0,"bottom":"","left":0,"isLinked":true},"padding":{"unit":"px","top":"0","right":"0","bottom":"100","left":"0","isLinked":false},"margin_mobile":{"unit":"px","top":"0","right":0,"bottom":"0","left":0,"isLinked":true},"padding_mobile":{"unit":"px","top":"0","right":"0","bottom":"50","left":"0","isLinked":false}},"elements":[{"id":"5498fb9b","settings":{"_column_size":50,"_inline_size":44.474},"elements":[],"isInner":false,"elType":"column"},{"id":"6916815d","settings":{"_column_size":50,"_inline_size":55.526,"background_background":"classic","background_color":"#fb57c3","margin":{"unit":"px","top":"-220","right":"0","bottom":"0","left":"0","isLinked":false},"padding":{"unit":"px","top":"60","right":"60","bottom":"60","left":"60","isLinked":true},"margin_tablet":{"unit":"px","top":"-180","right":"0","bottom":"0","left":"0","isLinked":false},"margin_mobile":{"unit":"px","top":"-129","right":"20","bottom":"0","left":"20","isLinked":false},"padding_tablet":{"unit":"px","top":"40","right":"20","bottom":"40","left":"40","isLinked":false},"padding_mobile":{"unit":"px","top":"30","right":"30","bottom":"30","left":"30","isLinked":true}},"elements":[{"id":"ca60dac","settings":{"title":"This  week hot offer","align":"left","title_color":"#ffffff","typography_typography":"custom","typography_font_size":{"unit":"px","size":"30"},"typography_font_family":"Cinzel","typography_font_weight":"600","typography_letter_spacing":{"unit":"px","size":"2"},"_padding":{"unit":"px","top":"0","right":"0","bottom":"0","left":"0","isLinked":false},"typography_text_transform":"uppercase","_margin":{"unit":"px","top":"0","right":"0","bottom":"0","left":"0","isLinked":false},"typography_font_size_tablet":{"unit":"px","size":"22"},"typography_font_size_mobile":{"unit":"px","size":"25"},"typography_line_height_mobile":{"unit":"px","size":32},"typography_letter_spacing_mobile":{"unit":"px","size":"1"},"header_size":"h4","typography_line_height":{"unit":"em","size":"1.2"}},"elements":[],"isInner":false,"widgetType":"heading","elType":"widget"},{"id":"439c8b9","settings":{"editor":"<div id=\"Content\"><div class=\"boxed\"><div id=\"lipsum\"><p>30 min body massage<br \/> 30 min facial treatment<br \/> Free use of the spa Jacuzzi\u00a0&amp; sauna<\/p><\/div><\/div><\/div>","align":"left","text_color":"rgba(255,255,255,0.92)","typography_typography":"custom","typography_font_size":{"unit":"px","size":"21"},"typography_font_family":"Roboto","typography_font_weight":"300","typography_line_height":{"unit":"em","size":"1.8"},"_padding":{"unit":"px","top":"10","right":"0","bottom":"10","left":"0","isLinked":false},"typography_letter_spacing":{"unit":"px","size":"0.3"},"typography_font_size_tablet":{"unit":"px","size":"18"},"typography_font_size_mobile":{"unit":"px","size":"16"},"_padding_tablet":{"unit":"px","top":"5","right":"0","bottom":"5","left":"0","isLinked":false},"_padding_mobile":{"unit":"px","top":"0","right":"0","bottom":"0","left":"0","isLinked":true}},"elements":[],"isInner":false,"widgetType":"text-editor","elType":"widget"},{"id":"742b9189","settings":{"content_position":"middle","structure":"20","gap":"no"},"elements":[{"id":"1a2b7ac0","settings":{"_column_size":50,"_inline_size":"34.667"},"elements":[{"id":"2d7c6b52","settings":{"title":"$129","align":"left","title_color":"#ffffff","typography_typography":"custom","typography_font_size":{"unit":"px","size":"50"},"typography_font_family":"Cinzel","typography_font_weight":"600","typography_letter_spacing":{"unit":"px","size":"1"},"_padding":{"unit":"px","top":"0","right":"0","bottom":"0","left":"0","isLinked":false},"typography_font_size_tablet":{"unit":"px","size":"40"},"_padding_mobile":{"unit":"px","top":"0","right":"0","bottom":"30","left":"0","isLinked":false}},"elements":[],"isInner":false,"widgetType":"heading","elType":"widget"}],"isInner":true,"elType":"column"},{"id":"326775fa","settings":{"_column_size":50,"_inline_size":"65.333"},"elements":[{"id":"6193afe5","settings":{"text":"set an appointment","align":"left","typography_typography":"custom","typography_font_size":{"unit":"px","size":"16"},"typography_font_family":"Roboto","typography_font_weight":"bold","typography_text_transform":"uppercase","typography_letter_spacing":{"unit":"px","size":2.2},"background_color":"#5cc4e8","border_radius":{"unit":"px","top":"0","right":"0","bottom":"0","left":"0","isLinked":true},"text_padding":{"unit":"px","top":"25","right":"30","bottom":"25","left":"30","isLinked":false},"typography_font_size_tablet":{"unit":"px","size":"12"},"typography_font_size_mobile":{"unit":"px","size":"13"},"button_background_hover_color":"#000000","typography_letter_spacing_tablet":{"unit":"px","size":"1.3"}},"elements":[],"isInner":false,"widgetType":"button","elType":"widget"}],"isInner":true,"elType":"column"}],"isInner":true,"elType":"section"}],"isInner":false,"elType":"column"}],"isInner":false,"elType":"section"}]}