{"version":"0.4","title":"OnePage-Wedding-page","type":"page","content":[{"id":"3c67e4f","settings":{"content_width":{"unit":"px","size":1140},"content_position":"middle","background_background":"classic","background_image":{"id":434,"url":"http:\/\/localhost\/test\/wp-content\/uploads\/2018\/09\/top-cover-1.jpg"},"background_position":"center center","background_repeat":"no-repeat","background_size":"cover","background_overlay_title":"","background_overlay_background":"gradient","background_overlay_color":"#fed1e8","background_overlay_opacity":{"unit":"px","size":0.9},"padding":{"unit":"px","top":"100","right":"0","bottom":"200","left":"0","isLinked":false},"background_overlay_color_b":"#0f001c","padding_tablet":{"unit":"px","top":"150","right":"50","bottom":"150","left":"50","isLinked":false},"padding_mobile":{"unit":"px","top":"80","right":"0","bottom":"80","left":"0","isLinked":false}},"elements":[{"id":"2c34a268","settings":{"_column_size":100,"_inline_size":null},"elements":[{"id":"705a9ea4","settings":{"title":"Save The Date","size":"large","align":"center","title_color":"#424141","typography_typography":"custom","typography_font_size":{"unit":"px","size":"120"},"typography_font_family":"Playfair Display","typography_font_weight":"900","typography_font_style":"italic","typography_letter_spacing":{"unit":"px","size":-5},"_padding":{"unit":"px","top":"0","right":"0","bottom":"30","left":"0","isLinked":false},"typography_font_size_tablet":{"unit":"px","size":"100"},"typography_font_size_mobile":{"unit":"px","size":"75"},"header_size":"h1"},"elements":[],"isInner":false,"widgetType":"heading","elType":"widget"},{"id":"48fe920e","settings":{"style":"double","weight":{"unit":"px","size":"6"},"color":"#fed1e8","width":{"unit":"%","size":"60"},"align":"center","gap":{"unit":"px","size":"0"},"_padding":{"unit":"px","top":"0","right":"200","bottom":"0","left":"200","isLinked":false},"_padding_tablet":{"unit":"px","top":"0","right":"50","bottom":"0","left":"50","isLinked":false},"_padding_mobile":{"unit":"px","top":"0","right":"0","bottom":"0","left":"0","isLinked":true}},"elements":[],"isInner":false,"widgetType":"divider","elType":"widget"},{"id":"504995c","settings":{"title":"17.12.2018","align":"center","title_color":"#ffffff","typography_typography":"custom","typography_font_size":{"unit":"px","size":"70"},"typography_font_family":"Poppins","typography_letter_spacing":{"unit":"px","size":"3"},"typography_font_size_mobile":{"unit":"px","size":"37"}},"elements":[],"isInner":false,"widgetType":"heading","elType":"widget"},{"id":"32d95751","settings":{"style":"double","weight":{"unit":"px","size":"6"},"color":"#fed1e8","width":{"unit":"%","size":"60"},"align":"center","gap":{"unit":"px","size":"0"},"_padding":{"unit":"px","top":"0","right":"200","bottom":"0","left":"200","isLinked":false},"_padding_tablet":{"unit":"px","top":"0","right":"50","bottom":"0","left":"50","isLinked":false},"_padding_mobile":{"unit":"px","top":"0","right":"0","bottom":"0","left":"0","isLinked":true}},"elements":[],"isInner":false,"widgetType":"divider","elType":"widget"},{"id":"5b63f9bd","settings":{"icon":"fa fa-heart","primary_color":"#fed1e8","size":{"unit":"px","size":"20"},"_padding":{"unit":"px","top":"20","right":"0","bottom":"0","left":"0","isLinked":false}},"elements":[],"isInner":false,"widgetType":"icon","elType":"widget"},{"id":"6e861e5a","settings":{"title":"Clara & David","size":"large","align":"center","title_color":"#fed1e8","typography_typography":"custom","typography_font_size":{"unit":"px","size":"50"},"typography_font_family":"Niconne","typography_font_weight":"100","typography_font_size_tablet":{"unit":"px","size":"40"},"typography_font_size_mobile":{"unit":"px","size":"32"},"header_size":"h4"},"elements":[],"isInner":false,"widgetType":"heading","elType":"widget"}],"isInner":false,"elType":"column"}],"isInner":false,"elType":"section"},{"id":"6c4b82a8","settings":{"content_width":{"unit":"px","size":"900"},"background_background":"classic","background_overlay_title":"","padding":{"unit":"px","top":"100","right":"0","bottom":"100","left":"0","isLinked":false},"gap":"no","padding_tablet":{"unit":"px","top":"50","right":"30","bottom":"50","left":"30","isLinked":false},"padding_mobile":{"unit":"px","top":"40","right":"20","bottom":"20","left":"20","isLinked":false},"background_color":"#ffffff"},"elements":[{"id":"3173edd8","settings":{"_column_size":100,"_inline_size":null},"elements":[{"id":"2c045569","settings":{"content_width":{"unit":"px","size":1140},"gap":"no","column_position_inner":"middle","content_position_inner":"","structure":"20","background_overlay_title":"","margin":{"unit":"px","top":"0","right":0,"bottom":"0","left":0,"isLinked":true},"padding":{"unit":"px","top":"0","right":"0","bottom":"0","left":"0","isLinked":true},"content_position":"middle"},"elements":[{"id":"4efd7f4","settings":{"_column_size":50,"_inline_size":null,"padding":{"unit":"%","top":"0","right":"0","bottom":"0","left":"0","isLinked":true}},"elements":[{"id":"25a59813","settings":{"image":{"id":435,"url":"http:\/\/localhost\/test\/wp-content\/uploads\/2018\/09\/she.jpg"},"image_border_border":"solid","image_border_width":{"unit":"px","top":"10","right":"10","bottom":"10","left":"10","isLinked":true},"image_border_color":"#ffffff","image_box_shadow_box_shadow_type":"yes","image_box_shadow_box_shadow":{"horizontal":"0","vertical":"0","blur":"20","spread":0,"inset":"","color":"rgba(0,0,0,0.06)"},"_padding":{"unit":"px","top":"0","right":"0","bottom":"0","left":"0","isLinked":false}},"elements":[],"isInner":false,"widgetType":"image","elType":"widget"}],"isInner":true,"elType":"column"},{"id":"1c14e058","settings":{"_column_size":50,"_inline_size":null,"background_background":"classic","background_position":"center right","background_repeat":"no-repeat","margin":{"unit":"px","top":"0","right":"0","bottom":"0","left":"0","isLinked":true},"padding_mobile":{"unit":"px","top":"0","right":"0","bottom":"0","left":"0","isLinked":true}},"elements":[{"id":"7a9605ba","settings":{"view":"stacked","icon":"fa fa-venus","title_text":"The Bride","description_text":"Lorem ipsum dolor sit amet, consectetur adipiscing elit. Ut elit tellus, luctus nec ullamcorper mattis, pulvinar dapibus leo. Morbi scelerisque tortor vitae tincidunt feugiat. Pellentesque pretium magna.","primary_color":"#424141","secondary_color":"#ffffff","icon_size":{"unit":"px","size":"30"},"text_align":"center","title_color":"#424141","title_typography_typography":"custom","title_typography_font_size":{"unit":"px","size":"45"},"title_typography_font_family":"Playfair Display","description_typography_typography":"custom","description_typography_font_size":{"unit":"px","size":"16"},"description_typography_font_family":"Poppins","description_typography_font_weight":"300","description_typography_line_height":{"unit":"em","size":"1.8"},"_padding":{"unit":"px","top":"50","right":"50","bottom":"50","left":"50","isLinked":true},"title_typography_font_size_tablet":{"unit":"px","size":"30"},"description_typography_font_size_tablet":{"unit":"px","size":"15"},"_padding_tablet":{"unit":"px","top":"30","right":"30","bottom":"30","left":"30","isLinked":true}},"elements":[],"isInner":false,"widgetType":"icon-box","elType":"widget"}],"isInner":true,"elType":"column"}],"isInner":true,"elType":"section"},{"id":"46dfd70a","settings":{"content_width":{"unit":"px","size":1140},"gap":"no","column_position_inner":"middle","content_position_inner":"","structure":"20","background_overlay_title":"","margin":{"unit":"px","top":"0","right":0,"bottom":"0","left":0,"isLinked":true},"padding":{"unit":"px","top":"50","right":"0","bottom":"0","left":"0","isLinked":false},"content_position":"middle","reverse_order_mobile":"reverse-mobile"},"elements":[{"id":"7d8eba08","settings":{"_column_size":50,"_inline_size":null,"padding":{"unit":"%","top":"0","right":"0","bottom":"0","left":"0","isLinked":true},"padding_mobile":{"unit":"px","top":"0","right":"0","bottom":"0","left":"0","isLinked":true}},"elements":[{"id":"116aac8f","settings":{"view":"stacked","icon":"fa fa-mars","title_text":"The Groom","description_text":"Lorem ipsum dolor sit amet, consectetur adipiscing elit. Ut elit tellus, luctus nec ullamcorper mattis, pulvinar dapibus leo. Morbi scelerisque tortor vitae tincidunt feugiat. Pellentesque pretium magna.","primary_color":"#424141","secondary_color":"#ffffff","icon_size":{"unit":"px","size":"30"},"text_align":"center","title_color":"#424141","title_typography_typography":"custom","title_typography_font_size":{"unit":"px","size":"45"},"title_typography_font_family":"Playfair Display","description_typography_typography":"custom","description_typography_font_size":{"unit":"px","size":"16"},"description_typography_font_family":"Poppins","description_typography_font_weight":"300","description_typography_line_height":{"unit":"em","size":"1.8"},"_padding":{"unit":"px","top":"50","right":"50","bottom":"50","left":"50","isLinked":true},"title_typography_font_size_tablet":{"unit":"px","size":"30"},"description_typography_font_size_tablet":{"unit":"px","size":"15"},"_padding_tablet":{"unit":"px","top":"30","right":"30","bottom":"30","left":"30","isLinked":true}},"elements":[],"isInner":false,"widgetType":"icon-box","elType":"widget"}],"isInner":true,"elType":"column"},{"id":"174fcad0","settings":{"_column_size":50,"_inline_size":null,"background_background":"classic","background_position":"center right","background_repeat":"no-repeat","margin":{"unit":"px","top":"0","right":"0","bottom":"0","left":"0","isLinked":true}},"elements":[{"id":"4eb825ab","settings":{"image":{"id":436,"url":"http:\/\/localhost\/test\/wp-content\/uploads\/2018\/09\/he.jpg"},"align":"right","image_border_border":"solid","image_border_width":{"unit":"px","top":"10","right":"10","bottom":"10","left":"10","isLinked":true},"image_border_color":"#ffffff","image_box_shadow_box_shadow_type":"yes","image_box_shadow_box_shadow":{"horizontal":0,"vertical":0,"blur":"20","spread":0,"inset":"","color":"rgba(0,0,0,0.06)"}},"elements":[],"isInner":false,"widgetType":"image","elType":"widget"}],"isInner":true,"elType":"column"}],"isInner":true,"elType":"section"}],"isInner":false,"elType":"column"}],"isInner":false,"elType":"section"},{"id":"c6666d0","settings":{"content_width":{"unit":"px","size":1140},"height":"min-height","custom_height":{"unit":"px","size":"0"},"background_background":"classic","background_image":{"id":437,"url":"http:\/\/localhost\/test\/wp-content\/uploads\/2018\/09\/qeute-section.jpg"},"background_overlay_title":"","background_overlay_background":"classic","background_overlay_color":"#110019","padding":{"unit":"px","top":"100","right":"100","bottom":"100","left":"100","isLinked":true},"padding_tablet":{"unit":"px","top":"50","right":"0","bottom":"50","left":"0","isLinked":false},"padding_mobile":{"unit":"px","top":"50","right":"5","bottom":"50","left":"5","isLinked":false}},"elements":[{"id":"7294b7bb","settings":{"_column_size":100,"_inline_size":null,"padding_mobile":{"unit":"px","top":"0","right":"0","bottom":"0","left":"0","isLinked":true}},"elements":[{"id":"7dc0f703","settings":{"title":"\"Happy is the man who finds a true friend, and far happier is he who finds that true friend in his wife\u201d \n","size":"large","align":"center","title_color":"rgba(255,255,255,0.76)","typography_typography":"custom","typography_font_size":{"unit":"px","size":"30"},"typography_font_family":"Playfair Display","typography_font_weight":"600","typography_font_style":"italic","typography_line_height":{"unit":"em","size":"1.6"},"typography_letter_spacing":{"unit":"px","size":"-0.5"},"_padding":{"unit":"%","top":"0","right":"15","bottom":"0","left":"15","isLinked":false},"typography_font_size_tablet":{"unit":"px","size":"26"},"typography_font_size_mobile":{"unit":"px","size":"21"},"header_size":"h5"},"elements":[],"isInner":false,"widgetType":"heading","elType":"widget"}],"isInner":false,"elType":"column"}],"isInner":false,"elType":"section"},{"id":"3aa1763a","settings":{"content_width":{"unit":"px","size":1140},"background_overlay_title":"","padding":{"unit":"px","top":"100","right":"0","bottom":"100","left":"0","isLinked":false},"gap":"no","padding_tablet":{"unit":"px","top":"60","right":"30","bottom":"60","left":"30","isLinked":false}},"elements":[{"id":"3cf0e530","settings":{"_column_size":100,"_inline_size":null},"elements":[{"id":"5886f418","settings":{"title":"Events Schedule","size":"large","align":"center","title_color":"#424141","typography_typography":"custom","typography_font_size":{"unit":"px","size":"60"},"typography_font_family":"Playfair Display","typography_font_weight":"900","_padding":{"unit":"px","top":"0","right":"0","bottom":"90","left":"0","isLinked":false},"typography_font_size_tablet":{"unit":"px","size":"45"},"typography_font_size_mobile":{"unit":"px","size":"50"},"typography_line_height_mobile":{"unit":"em","size":"1.2"},"_padding_tablet":{"unit":"px","top":"0","right":"0","bottom":"60","left":"0","isLinked":false},"_padding_mobile":{"unit":"px","top":"0","right":"0","bottom":"40","left":"0","isLinked":false}},"elements":[],"isInner":false,"widgetType":"heading","elType":"widget"},{"id":"5aa53f8a","settings":{"content_width":{"unit":"px","size":"1140"},"gap":"no","column_position_inner":"middle","content_position_inner":"","structure":"20","background_overlay_title":"","padding":{"unit":"px","top":"0","right":"0","bottom":"0","left":"0","isLinked":false},"padding_mobile":{"unit":"px","top":"0","right":"0","bottom":"0","left":"0","isLinked":true},"reverse_order_mobile":"reverse-mobile"},"elements":[{"id":"6fad43bf","settings":{"_column_size":50,"_inline_size":"50.000","background_background":"classic","background_position":"center right","background_repeat":"no-repeat","margin":{"unit":"px","top":"0","right":"0","bottom":"0","left":"0","isLinked":true}},"elements":[{"id":"1a983911","settings":{"image":{"id":438,"url":"http:\/\/localhost\/test\/wp-content\/uploads\/2018\/09\/cocktail.jpg"},"caption_typography_font_size":{"unit":"px","size":15},"_border_border":"solid","_border_width":{"unit":"px","top":"10","right":"10","bottom":"10","left":"10","isLinked":true},"_border_color":"#fed1e8","image_size":"full"},"elements":[],"isInner":false,"widgetType":"image","elType":"widget"}],"isInner":true,"elType":"column"},{"id":"f78f287","settings":{"_column_size":50,"_inline_size":"50.000","padding":{"unit":"px","top":"100","right":"0","bottom":"0","left":"80","isLinked":false},"padding_tablet":{"unit":"px","top":"70","right":"0","bottom":"0","left":"50","isLinked":false},"padding_mobile":{"unit":"px","top":"0","right":"0","bottom":"30","left":"0","isLinked":false}},"elements":[{"id":"e3a2123","settings":{"title":"Cocktail Party","size":"large","title_color":"#424141","typography_typography":"custom","typography_font_size":{"unit":"px","size":"32"},"typography_font_style":"italic","align_mobile":"center","typography_font_size_tablet":{"unit":"px","size":"25"},"header_size":"h4"},"elements":[],"isInner":false,"widgetType":"heading","elType":"widget"},{"id":"64d1afdc","settings":{"editor":"<p>Toresment Banquets, 16th Desember<\/p>","align":"left","typography_typography":"custom","typography_font_size":{"unit":"px","size":"18"},"typography_font_family":"Poppins","typography_font_weight":"300","typography_line_height":{"unit":"em","size":"1"},"typography_letter_spacing":{"unit":"px","size":"1.5"},"_padding":{"unit":"px","top":"0","right":"0","bottom":"0","left":"0","isLinked":true},"align_mobile":"center","typography_font_size_tablet":{"unit":"px","size":"15"},"typography_letter_spacing_tablet":{"unit":"px","size":"1"}},"elements":[],"isInner":false,"widgetType":"text-editor","elType":"widget"},{"id":"29af28e3","settings":{"weight":{"unit":"px","size":"3"},"color":"#fed1e8","width":{"unit":"%","size":"70"},"align_mobile":"center"},"elements":[],"isInner":false,"widgetType":"divider","elType":"widget"}],"isInner":true,"elType":"column"}],"isInner":true,"elType":"section"},{"id":"73658317","settings":{"content_width":{"unit":"px","size":"1140"},"gap":"no","column_position_inner":"middle","content_position_inner":"","structure":"20","background_overlay_title":"","padding":{"unit":"px","top":"0","right":"0","bottom":"0","left":"0","isLinked":false},"padding_tablet":{"unit":"px","top":"20","right":"0","bottom":"20","left":"0","isLinked":false}},"elements":[{"id":"61eaa97b","settings":{"_column_size":50,"_inline_size":"50.000","background_background":"classic","background_position":"center right","background_repeat":"no-repeat","margin":{"unit":"px","top":"0","right":"0","bottom":"0","left":"0","isLinked":true},"padding":{"unit":"px","top":"100","right":"0","bottom":"0","left":"150","isLinked":false},"padding_tablet":{"unit":"px","top":"60","right":"0","bottom":"0","left":"0","isLinked":false},"padding_mobile":{"unit":"px","top":"30","right":"0","bottom":"30","left":"0","isLinked":false}},"elements":[{"id":"8795307","settings":{"title":"Wedding Ceremony","size":"large","title_color":"#424141","typography_typography":"custom","typography_font_size":{"unit":"px","size":"32"},"_padding":{"unit":"px","top":"0","right":"0","bottom":"0","left":"0","isLinked":false},"typography_font_style":"italic","align_mobile":"center","typography_font_size_tablet":{"unit":"px","size":"25"},"header_size":"h4"},"elements":[],"isInner":false,"widgetType":"heading","elType":"widget"},{"id":"24325394","settings":{"editor":"<p>Deshroom Place, 17th Desember<\/p>","align":"left","typography_typography":"custom","typography_font_size":{"unit":"px","size":"18"},"typography_font_family":"Poppins","typography_font_weight":"300","typography_line_height":{"unit":"em","size":"1"},"typography_letter_spacing":{"unit":"px","size":"1.5"},"_padding":{"unit":"px","top":"0","right":"0","bottom":"0","left":"0","isLinked":false},"align_mobile":"center","typography_font_size_tablet":{"unit":"px","size":"15"},"typography_letter_spacing_tablet":{"unit":"px","size":"1"}},"elements":[],"isInner":false,"widgetType":"text-editor","elType":"widget"},{"id":"5cb550c6","settings":{"weight":{"unit":"px","size":"3"},"color":"#fed1e8","width":{"unit":"%","size":"80"},"_padding":{"unit":"px","top":"0","right":"0","bottom":"0","left":"0","isLinked":false},"align_mobile":"center"},"elements":[],"isInner":false,"widgetType":"divider","elType":"widget"}],"isInner":true,"elType":"column"},{"id":"74fd9db1","settings":{"_column_size":50,"_inline_size":"50.000","padding":{"unit":"px","top":"100","right":"0","bottom":"0","left":"80","isLinked":false},"padding_mobile":{"unit":"px","top":"0","right":"0","bottom":"0","left":"0","isLinked":true}},"elements":[{"id":"1bec7bb9","settings":{"image":{"id":439,"url":"http:\/\/localhost\/test\/wp-content\/uploads\/2018\/09\/ceremony.jpg"},"caption_typography_font_size":{"unit":"px","size":15},"_margin":{"unit":"px","top":"-100","right":"0","bottom":"0","left":"100","isLinked":false},"_padding":{"unit":"px","top":"0","right":"0","bottom":"0","left":"0","isLinked":false},"_border_border":"solid","_border_width":{"unit":"px","top":"10","right":"10","bottom":"10","left":"10","isLinked":true},"_border_color":"#fed1e8","_margin_tablet":{"unit":"px","top":"-100","right":"0","bottom":"0","left":"0","isLinked":false},"_margin_mobile":{"unit":"px","top":"0","right":"0","bottom":"0","left":"0","isLinked":true},"_padding_mobile":{"unit":"px","top":"0","right":"0","bottom":"0","left":"0","isLinked":true}},"elements":[],"isInner":false,"widgetType":"image","elType":"widget"}],"isInner":true,"elType":"column"}],"isInner":true,"elType":"section"},{"id":"733d9b2e","settings":{"content_width":{"unit":"px","size":"1140"},"gap":"no","column_position_inner":"middle","content_position_inner":"","structure":"20","background_overlay_title":"","padding":{"unit":"px","top":"0","right":"0","bottom":"0","left":"0","isLinked":false},"margin_tablet":{"unit":"px","top":"0","right":0,"bottom":"0","left":0,"isLinked":true},"padding_tablet":{"unit":"px","top":"0","right":"0","bottom":"0","left":"0","isLinked":true},"reverse_order_mobile":"reverse-mobile"},"elements":[{"id":"49c959ea","settings":{"_column_size":50,"_inline_size":"50.000","background_background":"classic","background_position":"center right","background_repeat":"no-repeat","margin":{"unit":"px","top":"0","right":"0","bottom":"0","left":"0","isLinked":true},"margin_tablet":{"unit":"px","top":"0","right":"0","bottom":"0","left":"0","isLinked":false},"padding_tablet":{"unit":"px","top":"0","right":"0","bottom":"0","left":"0","isLinked":true}},"elements":[{"id":"433da44d","settings":{"image":{"id":440,"url":"http:\/\/localhost\/test\/wp-content\/uploads\/2018\/09\/party.jpg"},"caption_typography_font_size":{"unit":"px","size":15},"_margin":{"unit":"px","top":"-30","right":"100","bottom":"0","left":"0","isLinked":false},"_border_border":"solid","_border_width":{"unit":"px","top":"10","right":"10","bottom":"10","left":"10","isLinked":true},"_border_color":"#fed1e8","_margin_tablet":{"unit":"px","top":"0","right":"0","bottom":"0","left":"0","isLinked":true},"_padding_tablet":{"unit":"px","top":"0","right":"0","bottom":"0","left":"0","isLinked":true}},"elements":[],"isInner":false,"widgetType":"image","elType":"widget"}],"isInner":true,"elType":"column"},{"id":"1f7f4aec","settings":{"_column_size":50,"_inline_size":"50.000","padding":{"unit":"px","top":"200","right":"0","bottom":"0","left":"80","isLinked":false},"padding_tablet":{"unit":"px","top":"130","right":"0","bottom":"0","left":"50","isLinked":false},"padding_mobile":{"unit":"px","top":"30","right":"0","bottom":"30","left":"0","isLinked":false}},"elements":[{"id":"7376f0f","settings":{"title":"After Wedding Party","size":"large","title_color":"#424141","typography_typography":"custom","typography_font_size":{"unit":"px","size":"32"},"_margin":{"unit":"px","top":"0","right":"0","bottom":"0","left":"0","isLinked":false},"_padding":{"unit":"px","top":"0","right":"0","bottom":"0","left":"0","isLinked":false},"typography_font_style":"italic","align_mobile":"center","typography_font_size_tablet":{"unit":"px","size":"25"},"header_size":"h3"},"elements":[],"isInner":false,"widgetType":"heading","elType":"widget"},{"id":"2536d35c","settings":{"editor":"<p>Montergon Place, 23th Desember<\/p>","align":"left","typography_typography":"custom","typography_font_size":{"unit":"px","size":"18"},"typography_font_family":"Poppins","typography_font_weight":"300","typography_line_height":{"unit":"em","size":"1"},"typography_letter_spacing":{"unit":"px","size":"1.5"},"_padding":{"unit":"px","top":"0","right":"0","bottom":"0","left":"0","isLinked":true},"align_mobile":"center","typography_font_size_tablet":{"unit":"px","size":"15"},"typography_letter_spacing_tablet":{"unit":"px","size":"1"}},"elements":[],"isInner":false,"widgetType":"text-editor","elType":"widget"},{"id":"34ccd8a0","settings":{"weight":{"unit":"px","size":"3"},"color":"#fed1e8","width":{"unit":"%","size":"70"},"align_mobile":"center"},"elements":[],"isInner":false,"widgetType":"divider","elType":"widget"}],"isInner":true,"elType":"column"}],"isInner":true,"elType":"section"}],"isInner":false,"elType":"column"}],"isInner":false,"elType":"section"},{"id":"1283b346","settings":{"content_width":{"unit":"px","size":1140},"background_background":"classic","background_color":"#ebebeb","background_overlay_title":"","padding":{"unit":"px","top":"100","right":"0","bottom":"150","left":"0","isLinked":false},"gap":"no","padding_tablet":{"unit":"px","top":"60","right":"30","bottom":"60","left":"30","isLinked":false}},"elements":[{"id":"26982f02","settings":{"_column_size":100,"_inline_size":null},"elements":[{"id":"6ec71daa","settings":{"title":"The Wedding","size":"large","align":"center","title_color":"#424141","typography_typography":"custom","typography_font_size":{"unit":"px","size":"60"},"typography_font_family":"Playfair Display","typography_font_weight":"900","_padding":{"unit":"px","top":"0","right":"0","bottom":"80","left":"0","isLinked":false},"typography_font_size_tablet":{"unit":"px","size":"45"},"typography_font_size_mobile":{"unit":"px","size":"50"},"typography_line_height_mobile":{"unit":"em","size":"1.2"},"_padding_tablet":{"unit":"px","top":"0","right":"0","bottom":"50","left":"0","isLinked":false},"_padding_mobile":{"unit":"px","top":"0","right":"0","bottom":"40","left":"0","isLinked":false},"header_size":"h3"},"elements":[],"isInner":false,"widgetType":"heading","elType":"widget"},{"id":"21d72625","settings":{"gap":"no","structure":"30"},"elements":[{"id":"6207a335","settings":{"_column_size":33,"_inline_size":null,"background_background":"classic","background_color":"#fed1e8","border_border":"solid","border_width":{"unit":"px","top":"10","right":"10","bottom":"10","left":"10","isLinked":true},"border_color":"#ffffff","margin":{"unit":"%","top":"0","right":"6","bottom":"0","left":"0","isLinked":false},"margin_tablet":{"unit":"%","top":"0","right":"4","bottom":"0","left":"0","isLinked":false},"margin_mobile":{"unit":"px","top":"0","right":"0","bottom":"0","left":"0","isLinked":true}},"elements":[{"id":"5e6b5b62","settings":{"image":{"id":441,"url":"http:\/\/localhost\/test\/wp-content\/uploads\/2018\/09\/1-1-3.jpg"}},"elements":[],"isInner":false,"widgetType":"image","elType":"widget"},{"id":"30d4991b","settings":{"title":"Location","size":"large","title_color":"#424141","typography_typography":"custom","typography_font_size":{"unit":"px","size":"27"},"_margin":{"unit":"px","top":"0","right":"0","bottom":"0","left":"0","isLinked":false},"_padding":{"unit":"px","top":"20","right":"0","bottom":"0","left":"0","isLinked":false},"align":"center","typography_font_style":"italic","typography_font_size_tablet":{"unit":"px","size":"21"},"_padding_tablet":{"unit":"px","top":"0","right":"0","bottom":"0","left":"0","isLinked":false},"header_size":"h4"},"elements":[],"isInner":false,"widgetType":"heading","elType":"widget"},{"id":"45e87048","settings":{"editor":"<p>Lorem ipsum dolor sit amet, consectetur adipiscing elit. Morbi scelerisque tortor vitae tincidunt feugiat.<\/p>","align":"center","typography_typography":"custom","typography_font_size":{"unit":"px","size":"16"},"typography_font_family":"Poppins","typography_line_height":{"unit":"em","size":"1.8"},"typography_letter_spacing":{"unit":"px","size":"0"},"_padding":{"unit":"px","top":"0","right":"30","bottom":"20","left":"30","isLinked":false},"typography_font_weight":"300","typography_font_size_tablet":{"unit":"px","size":"15"},"_padding_tablet":{"unit":"px","top":"5","right":"20","bottom":"10","left":"20","isLinked":false}},"elements":[],"isInner":false,"widgetType":"text-editor","elType":"widget"}],"isInner":true,"elType":"column"},{"id":"30be0f24","settings":{"_column_size":33,"_inline_size":null,"background_background":"classic","background_color":"#fed1e8","border_border":"solid","border_width":{"unit":"px","top":"10","right":"10","bottom":"10","left":"10","isLinked":true},"border_color":"#ffffff","margin":{"unit":"%","top":"0","right":"3","bottom":"0","left":"3","isLinked":false},"margin_tablet":{"unit":"%","top":"0","right":"2","bottom":"0","left":"2","isLinked":false},"margin_mobile":{"unit":"px","top":"30","right":"0","bottom":"30","left":"0","isLinked":false}},"elements":[{"id":"5815f3a3","settings":{"image":{"id":442,"url":"http:\/\/localhost\/test\/wp-content\/uploads\/2018\/09\/2-2-2.jpg"}},"elements":[],"isInner":false,"widgetType":"image","elType":"widget"},{"id":"6e47809","settings":{"title":"Gift Registry","size":"large","title_color":"#424141","typography_typography":"custom","typography_font_size":{"unit":"px","size":"27"},"_margin":{"unit":"px","top":"0","right":"0","bottom":"0","left":"0","isLinked":false},"_padding":{"unit":"px","top":"20","right":"0","bottom":"0","left":"0","isLinked":false},"align":"center","typography_font_style":"italic","typography_font_size_tablet":{"unit":"px","size":"21"},"_padding_tablet":{"unit":"px","top":"5","right":"5","bottom":"5","left":"5","isLinked":true},"header_size":"h4"},"elements":[],"isInner":false,"widgetType":"heading","elType":"widget"},{"id":"4044504c","settings":{"editor":"<p>Lorem ipsum dolor sit amet, consectetur adipiscing elit. Morbi scelerisque tortor vitae tincidunt feugiat.<\/p>","align":"center","typography_typography":"custom","typography_font_size":{"unit":"px","size":"16"},"typography_font_family":"Poppins","typography_line_height":{"unit":"em","size":"1.8"},"typography_letter_spacing":{"unit":"px","size":"0"},"_padding":{"unit":"px","top":"0","right":"30","bottom":"20","left":"30","isLinked":false},"typography_font_weight":"300","typography_font_size_tablet":{"unit":"px","size":"15"},"_padding_tablet":{"unit":"px","top":"5","right":"20","bottom":"10","left":"20","isLinked":false}},"elements":[],"isInner":false,"widgetType":"text-editor","elType":"widget"}],"isInner":true,"elType":"column"},{"id":"438ca6f4","settings":{"_column_size":33,"_inline_size":null,"background_background":"classic","background_color":"#fed1e8","border_border":"solid","border_width":{"unit":"px","top":"10","right":"10","bottom":"10","left":"10","isLinked":true},"border_color":"#ffffff","margin":{"unit":"%","top":"0","right":"0","bottom":"0","left":"6","isLinked":false},"margin_tablet":{"unit":"%","top":"0","right":"0","bottom":"0","left":"4","isLinked":false},"margin_mobile":{"unit":"px","top":"0","right":"0","bottom":"0","left":"0","isLinked":true}},"elements":[{"id":"3d85c5fb","settings":{"image":{"id":443,"url":"http:\/\/localhost\/test\/wp-content\/uploads\/2018\/09\/3-2-2.jpg"}},"elements":[],"isInner":false,"widgetType":"image","elType":"widget"},{"id":"6a46ea0","settings":{"title":"Accommodation","size":"large","title_color":"#424141","typography_typography":"custom","typography_font_size":{"unit":"px","size":"27"},"_margin":{"unit":"px","top":"0","right":"0","bottom":"0","left":"0","isLinked":false},"_padding":{"unit":"px","top":"20","right":"0","bottom":"0","left":"0","isLinked":false},"align":"center","typography_font_style":"italic","typography_font_size_tablet":{"unit":"px","size":"21"},"_padding_tablet":{"unit":"px","top":"0","right":"0","bottom":"0","left":"0","isLinked":true},"header_size":"h4"},"elements":[],"isInner":false,"widgetType":"heading","elType":"widget"},{"id":"5ff6aeab","settings":{"editor":"<p>Lorem ipsum dolor sit amet, consectetur adipiscing elit. Morbi scelerisque tortor vitae tincidunt feugiat.<\/p>","align":"center","typography_typography":"custom","typography_font_size":{"unit":"px","size":"16"},"typography_font_family":"Poppins","typography_line_height":{"unit":"em","size":"1.8"},"typography_letter_spacing":{"unit":"px","size":"0"},"_padding":{"unit":"px","top":"0","right":"30","bottom":"20","left":"30","isLinked":false},"typography_font_weight":"300","typography_font_size_tablet":{"unit":"px","size":"15"},"_padding_tablet":{"unit":"px","top":"5","right":"20","bottom":"10","left":"20","isLinked":false}},"elements":[],"isInner":false,"widgetType":"text-editor","elType":"widget"}],"isInner":true,"elType":"column"}],"isInner":true,"elType":"section"}],"isInner":false,"elType":"column"}],"isInner":false,"elType":"section"},{"id":"2e766a3e","settings":{"background_background":"classic","background_position":"bottom right","background_repeat":"no-repeat","background_overlay_title":"","padding":{"unit":"px","top":"100","right":"0","bottom":"150","left":"0","isLinked":false},"gap":"no","background_color":"#ffffff","padding_tablet":{"unit":"px","top":"60","right":"30","bottom":"60","left":"30","isLinked":false}},"elements":[{"id":"68b38af3","settings":{"_column_size":100,"_inline_size":null},"elements":[{"id":"5c49c1d5","settings":{"title":"Location & Venue","size":"large","align":"center","title_color":"#424141","typography_typography":"custom","typography_font_size":{"unit":"px","size":"60"},"typography_font_family":"Playfair Display","typography_font_weight":"900","_padding":{"unit":"px","top":"0","right":"0","bottom":"80","left":"0","isLinked":false},"typography_font_size_tablet":{"unit":"px","size":"45"},"typography_font_size_mobile":{"unit":"px","size":"50"},"_padding_tablet":{"unit":"px","top":"0","right":"0","bottom":"50","left":"0","isLinked":false},"_padding_mobile":{"unit":"px","top":"0","right":"0","bottom":"40","left":"0","isLinked":false},"header_size":"h3"},"elements":[],"isInner":false,"widgetType":"heading","elType":"widget"},{"id":"1ca5a17","settings":{"content_width":{"unit":"px","size":1140},"gap":"no","column_position_inner":"middle","content_position_inner":"","structure":"20","background_background":"classic","background_color":"#424141","background_repeat":"no-repeat","background_overlay_title":"","padding":{"unit":"px","top":"0","right":"0","bottom":"0","left":"0","isLinked":false},"content_position":"bottom"},"elements":[{"id":"6468cc59","settings":{"_column_size":50,"_inline_size":null,"background_background":"classic","background_color":"#ebebeb","padding":{"unit":"px","top":"80","right":"80","bottom":"80","left":"80","isLinked":true},"padding_tablet":{"unit":"px","top":"80","right":"40","bottom":"80","left":"40","isLinked":false},"padding_mobile":{"unit":"px","top":"50","right":"50","bottom":"50","left":"50","isLinked":true}},"elements":[{"id":"5de931c2","settings":{"title":"Reception - 4:30pm","size":"large","title_color":"#424141","typography_font_size":{"unit":"px","size":"25"},"align":"center","typography_typography":"custom","typography_font_size_tablet":{"unit":"px","size":"25"},"typography_font_family":"Playfair Display","typography_font_style":"italic","header_size":"h4"},"elements":[],"isInner":false,"widgetType":"heading","elType":"widget"},{"id":"3ca1e433","settings":{"editor":"<p>The White Oaks Barn 658 Ranch Road Dahlonega, Georgia 30533<\/p>","align":"center","typography_typography":"custom","typography_font_size":{"unit":"px","size":"16"},"typography_font_family":"Poppins","typography_line_height":{"unit":"em","size":"1.7"},"typography_letter_spacing":{"unit":"px","size":"0"},"typography_font_size_tablet":{"unit":"px","size":"15"},"typography_font_weight":"300"},"elements":[],"isInner":false,"widgetType":"text-editor","elType":"widget"}],"isInner":true,"elType":"column"},{"id":"77f7d93a","settings":{"_column_size":50,"_inline_size":null,"padding":{"unit":"px","top":"80","right":"80","bottom":"80","left":"80","isLinked":true},"padding_tablet":{"unit":"px","top":"80","right":"40","bottom":"80","left":"40","isLinked":false},"padding_mobile":{"unit":"px","top":"50","right":"50","bottom":"50","left":"50","isLinked":true}},"elements":[{"id":"3af24870","settings":{"title":"Ceremony - 3:30pm","size":"large","title_color":"#ffffff","typography_font_size":{"unit":"px","size":"25"},"align":"center","typography_typography":"custom","typography_font_size_tablet":{"unit":"px","size":"25"},"typography_font_family":"Playfair Display","typography_font_style":"italic","header_size":"h4"},"elements":[],"isInner":false,"widgetType":"heading","elType":"widget"},{"id":"e186146","settings":{"editor":"<p>The White Oaks Barn 658 Ranch Road Dahlonega, Georgia 30533<\/p>","align":"center","text_color":"rgba(255,255,255,0.7)","typography_typography":"custom","typography_font_size":{"unit":"px","size":"16"},"typography_font_family":"Poppins","typography_line_height":{"unit":"em","size":"1.7"},"typography_letter_spacing":{"unit":"px","size":"0"},"typography_font_size_tablet":{"unit":"px","size":"15"},"typography_font_weight":"300"},"elements":[],"isInner":false,"widgetType":"text-editor","elType":"widget"}],"isInner":true,"elType":"column"}],"isInner":true,"elType":"section"},{"id":"14d0bf25","settings":{"address":" The White Oaks Barn 658 Ranch Road Dahlonega, Georgia 30533","height":{"unit":"px","size":"300"},"_padding":{"unit":"px","top":"0","right":"0","bottom":"0","left":"0","isLinked":true}},"elements":[],"isInner":false,"widgetType":"google_maps","elType":"widget"}],"isInner":false,"elType":"column"}],"isInner":false,"elType":"section"},{"id":"75581e2b","settings":{"content_width":{"unit":"px","size":"880"},"content_position":"middle","background_background":"classic","background_image":{"id":444,"url":"http:\/\/localhost\/test\/wp-content\/uploads\/2018\/09\/cover-RSVP.jpg"},"background_position":"center center","background_repeat":"no-repeat","background_size":"cover","background_overlay_title":"","background_overlay_background":"gradient","background_overlay_opacity":{"unit":"px","size":"0.7"},"padding":{"unit":"px","top":"150","right":"0","bottom":"150","left":"0","isLinked":false},"background_overlay_color_b":"#0f001c","background_color":"#ffffff","background_color_b":"#424141","background_overlay_image":{"id":444,"url":"http:\/\/localhost\/test\/wp-content\/uploads\/2018\/09\/cover-RSVP.jpg"},"gap":"no","background_overlay_color":"#ffffff","background_overlay_gradient_angle":{"unit":"deg","size":360},"padding_tablet":{"unit":"px","top":"80","right":"50","bottom":"80","left":"50","isLinked":false},"padding_mobile":{"unit":"px","top":"50","right":"20","bottom":"50","left":"20","isLinked":false}},"elements":[{"id":"73664340","settings":{"_column_size":100,"_inline_size":null},"elements":[{"id":"4ea98d00","settings":{"title":"See You in a Bit...","size":"large","align":"center","title_color":"#ffffff","typography_typography":"custom","typography_font_size":{"unit":"px","size":"80"},"typography_font_family":"Playfair Display","typography_font_weight":"900","typography_font_style":"italic","typography_letter_spacing":{"unit":"px","size":-5},"_padding":{"unit":"px","top":"0","right":"0","bottom":"30","left":"0","isLinked":false},"typography_font_size_tablet":{"unit":"px","size":"60"},"typography_font_size_mobile":{"unit":"px","size":"42"},"typography_letter_spacing_mobile":{"unit":"px","size":-2.8},"header_size":"h5"},"elements":[],"isInner":false,"widgetType":"heading","elType":"widget"},{"id":"3364ed8e","settings":{"style":"double","weight":{"unit":"px","size":"6"},"color":"#fed1e8","width":{"unit":"%","size":"60"},"align":"center","gap":{"unit":"px","size":"0"},"_padding":{"unit":"px","top":"0","right":"220","bottom":"0","left":"220","isLinked":false},"_padding_tablet":{"unit":"px","top":"0","right":"100","bottom":"0","left":"100","isLinked":false},"_padding_mobile":{"unit":"px","top":"0","right":"0","bottom":"0","left":"0","isLinked":true}},"elements":[],"isInner":false,"widgetType":"divider","elType":"widget"},{"id":"1731bf1d","settings":{"editor":"<p><i class=\"fa fa-heart\"><\/i> <span style=\"color: #ffffff;\">counting down<\/span> <i class=\"fa fa-heart\"><\/i><\/p>","align":"center","text_color":"#fed1e8","typography_typography":"custom","typography_font_size":{"unit":"px","size":"25"},"typography_font_family":"Poppins","typography_font_weight":"300","typography_text_transform":"capitalize","typography_letter_spacing":{"unit":"px","size":"0"},"_margin":{"unit":"%","top":"","right":"","bottom":"","left":"","isLinked":true},"_padding":{"unit":"%","top":"","right":"","bottom":"","left":"","isLinked":true},"_border_width":{"unit":"px","top":"3","right":"0","bottom":"3","left":"0","isLinked":false},"_border_color":"#ffffff","typography_font_size_mobile":{"unit":"px","size":"18"}},"elements":[],"isInner":false,"widgetType":"text-editor","elType":"widget"},{"id":"2d2f68c","settings":{"style":"double","weight":{"unit":"px","size":"6"},"color":"#fed1e8","width":{"unit":"%","size":"60"},"align":"center","gap":{"unit":"px","size":"0"},"_padding":{"unit":"px","top":"0","right":"220","bottom":"0","left":"220","isLinked":false},"_padding_tablet":{"unit":"px","top":"0","right":"100","bottom":"0","left":"100","isLinked":false},"_padding_mobile":{"unit":"px","top":"0","right":"0","bottom":"0","left":"0","isLinked":true},"_margin":{"unit":"px","top":"-20","right":"0","bottom":"0","left":"0","isLinked":false},"_margin_mobile":{"unit":"px","top":"-10","right":"0","bottom":"0","left":"0","isLinked":false}},"elements":[],"isInner":false,"widgetType":"divider","elType":"widget"},{"id":"102e559e","settings":{"due_date":"2018-01-01 06:16","label_days":"Days","label_hours":"Hours","label_minutes":"Minutes","label_seconds":"Seconds","container_width":{"unit":"%","size":"50"},"box_background_color":"rgba(66,65,65,0.75)","box_spacing":{"unit":"px","size":"20"},"box_spacing_mobile":{"unit":"px","size":"5"},"box_padding":{"unit":"px","top":"25","right":"25","bottom":"25","left":"25","isLinked":true},"box_padding_mobile":{"unit":"px","top":"17","right":"17","bottom":"17","left":"17","isLinked":true},"digits_color":"#ffffff","digits_typography_typography":"custom","digits_typography_font_size":{"unit":"px","size":"50"},"digits_typography_font_size_mobile":{"unit":"px","size":"28"},"digits_typography_font_family":"Poppins","digits_typography_font_weight":"700","label_color":"#fed1e8","label_typography_typography":"custom","label_typography_font_size_mobile":{"unit":"px","size":"13"},"label_typography_font_family":"Playfair Display","label_typography_font_style":"italic","_padding":{"unit":"px","top":"50","right":"0","bottom":"50","left":"0","isLinked":false},"_padding_tablet":{"unit":"px","top":"30","right":"0","bottom":"30","left":"0","isLinked":false}},"elements":[],"isInner":false,"widgetType":"countdown","elType":"widget"},{"id":"2081035f","settings":{"content_width":{"unit":"px","size":"1140"},"column_position_inner":"middle","content_position_inner":"","background_background":"classic","background_color":"#ffffff","background_overlay_title":"","padding":{"unit":"px","top":"0","right":"0","bottom":"0","left":"0","isLinked":false}},"elements":[{"id":"17a014c5","settings":{"_column_size":100,"_inline_size":null,"background_background":"classic","background_color":"#ffffff","border_border":"solid","border_width":{"unit":"px","top":"2","right":"2","bottom":"2","left":"2","isLinked":true},"border_color":"#424141","margin":{"unit":"px","top":"10","right":"10","bottom":"10","left":"10","isLinked":true},"padding":{"unit":"px","top":"40","right":"40","bottom":"40","left":"40","isLinked":true},"padding_tablet":{"unit":"px","top":"30","right":"30","bottom":"30","left":"30","isLinked":true},"padding_mobile":{"unit":"px","top":"30","right":"20","bottom":"30","left":"20","isLinked":false}},"elements":[{"id":"990767a","settings":{"title":"rsvp","size":"large","align":"center","title_color":"#424141","typography_typography":"custom","typography_font_size":{"unit":"px","size":"50"},"typography_text_transform":"uppercase","typography_font_size_tablet":{"unit":"px","size":"35"},"header_size":"h3"},"elements":[],"isInner":false,"widgetType":"heading","elType":"widget"},{"id":"33e2946d","settings":{"editor":"<p>Kindly respond by May 1, 2017<\/p>","align":"center","typography_typography":"custom","typography_font_size":{"unit":"px","size":"18"},"typography_font_family":"Poppins","typography_line_height":{"unit":"em","size":"1.7"},"typography_letter_spacing":{"unit":"px","size":"0"},"_padding":{"unit":"px","top":"0","right":"250","bottom":"30","left":"250","isLinked":false},"typography_font_size_tablet":{"unit":"px","size":"15"},"typography_font_weight":"300","_padding_tablet":{"unit":"px","top":"0","right":"0","bottom":"0","left":"0","isLinked":true}},"elements":[],"isInner":false,"widgetType":"text-editor","elType":"widget"},{"id":"d97dd7d","settings":{"form_name":"New Form","form_fields":[{"_id":"name","field_type":"text","field_label":"Name","placeholder":"Name","width":"33","form_fields_tabs":"","form_fields_content_tab":"","required":"","field_options":"","inline_list":"","width_tablet":"","width_mobile":"","rows":4,"recaptcha_size":"normal","recaptcha_style":"light","css_classes":"","form_fields_advanced_tab":"","shortcode":"","field_value":"","file_sizes":"","file_types":"","allow_multiple_upload":"","max_files":"","acceptance_text":"","checked_by_default":"","field_min":"","field_max":"","min_date":"","max_date":"","use_native_date":"","use_native_time":"","allow_multiple":"","select_size":"","field_html":""},{"_id":"email","field_type":"email","required":"true","field_label":"Email","placeholder":"Email","width":"33","form_fields_tabs":"","form_fields_content_tab":"","field_options":"","inline_list":"","width_tablet":"","width_mobile":"","rows":4,"recaptcha_size":"normal","recaptcha_style":"light","css_classes":"","form_fields_advanced_tab":"","shortcode":"","field_value":"","file_sizes":"","file_types":"","allow_multiple_upload":"","max_files":"","acceptance_text":"","checked_by_default":"","field_min":"","field_max":"","min_date":"","max_date":"","use_native_date":"","use_native_time":"","allow_multiple":"","select_size":"","field_html":""},{"_id":"field_1","field_type":"number","required":"true","field_label":"Number of guests","placeholder":"Number of guests","width":"33","form_fields_tabs":"","form_fields_content_tab":"","field_options":"","inline_list":"","width_tablet":"","width_mobile":"","rows":4,"recaptcha_size":"normal","recaptcha_style":"light","css_classes":"","form_fields_advanced_tab":"","shortcode":"","field_value":"","file_sizes":"","file_types":"","allow_multiple_upload":"","max_files":"","acceptance_text":"","checked_by_default":"","field_min":"","field_max":"","min_date":"","max_date":"","use_native_date":"","use_native_time":"","allow_multiple":"","select_size":"","field_html":""},{"_id":"message","field_type":"textarea","field_label":"Message","placeholder":"Message","width":"100","form_fields_tabs":"","form_fields_content_tab":"","required":"","field_options":"","inline_list":"","width_tablet":"","width_mobile":"","rows":4,"recaptcha_size":"normal","recaptcha_style":"light","css_classes":"","form_fields_advanced_tab":"","shortcode":"","field_value":"","file_sizes":"","file_types":"","allow_multiple_upload":"","max_files":"","acceptance_text":"","checked_by_default":"","field_min":"","field_max":"","min_date":"","max_date":"","use_native_date":"","use_native_time":"","allow_multiple":"","select_size":"","field_html":""}],"show_labels":"","button_text":"Send rsvp","email_content":"[all-fields]","email_content_2":"[all-fields]","success_message":"The form was sent successfully!","error_message":"There's something wrong... Please fill in the required fields.","required_field_message":"Required","invalid_message":"There's something wrong... The form is invalid.","column_gap":{"unit":"px","size":"40"},"row_gap":{"unit":"px","size":"30"},"field_text_color":"#424141","field_typography_typography":"custom","field_typography_font_size_tablet":{"unit":"px","size":"14"},"field_typography_font_family":"Poppins","field_border_color":"#b2afad","field_border_width":{"unit":"px","top":"0","right":"0","bottom":"2","left":"0","isLinked":false},"field_border_radius":{"unit":"px","top":"0","right":"0","bottom":"0","left":"0","isLinked":true},"button_text_color":"#424141","button_typography_typography":"custom","button_typography_font_size":{"unit":"px","size":"20"},"button_typography_font_size_tablet":{"unit":"px","size":"17"},"button_typography_font_family":"Playfair Display","button_typography_font_weight":"900","button_typography_text_transform":"uppercase","button_typography_letter_spacing":{"unit":"px","size":"2"},"button_background_color":"#fed1e8","button_border_width":{"unit":"px","top":"4","right":"4","bottom":"4","left":"4","isLinked":true},"button_border_color":"#fed1e8","button_border_radius":{"unit":"px","top":"0","right":"0","bottom":"0","left":"0","isLinked":true},"button_text_padding":{"unit":"px","top":"20","right":"30","bottom":"20","left":"30","isLinked":false},"_margin_mobile":{"unit":"px","top":"0","right":"0","bottom":"0","left":"0","isLinked":true},"_padding_mobile":{"unit":"px","top":"0","right":"0","bottom":"0","left":"0","isLinked":true},"button_hover_color":"#fed1e8","button_background_hover_color":"#424141"},"elements":[],"isInner":false,"widgetType":"form","elType":"widget"}],"isInner":true,"elType":"column"}],"isInner":true,"elType":"section"}],"isInner":false,"elType":"column"}],"isInner":false,"elType":"section"}]}