{"version":"0.4","title":"OnePage-Yacht-Rental-page","type":"page","content":[{"id":"6b4d6ec9","settings":{"background_background":"video","background_size":"cover","background_video_link":"https:\/\/www.youtube.com\/watch?v=ynkKL3R0rhc&feature=youtu.be","background_overlay_background":"classic","background_overlay_color":"#4461aa","background_overlay_opacity":{"unit":"px","size":"0.3"},"margin":{"unit":"px","top":"0","right":0,"bottom":"-200","left":0,"isLinked":false},"padding":{"unit":"px","top":"300","right":"0","bottom":"0","left":"0","isLinked":false},"section_custom_css_pro":"","custom_css_pro":"","margin_tablet":{"unit":"px","top":"0","right":0,"bottom":"-300","left":0,"isLinked":false},"margin_mobile":{"unit":"px","top":"0","right":0,"bottom":"0","left":0,"isLinked":true},"padding_tablet":{"unit":"px","top":"250","right":"0","bottom":"100","left":"0","isLinked":false},"padding_mobile":{"unit":"px","top":"120","right":"0","bottom":"0","left":"0","isLinked":false},"background_video_fallback":{"id":"463","url":"http:\/\/localhost\/test\/wp-content\/uploads\/2018\/09\/3-5-2.png"}},"elements":[{"id":"4a3c9e85","settings":{"_column_size":100,"_inline_size":null,"section_custom_css_pro":"","custom_css_pro":""},"elements":[{"id":"43384e0f","settings":{"title":"Live life to the fullest\n","header_size":"h1","align":"center","title_color":"#ffffff","typography_typography":"custom","typography_font_size":{"unit":"px","size":"70"},"typography_font_family":"Cormorant SC","typography_font_weight":"600","typography_text_transform":"uppercase","typography_letter_spacing":{"unit":"px","size":2.1},"section_custom_css_pro":"","custom_css_pro":"","typography_font_size_mobile":{"unit":"px","size":"40"}},"elements":[],"isInner":false,"widgetType":"heading","elType":"widget"},{"id":"5311f68","settings":{"title":"Enjoy. Explore. Discover. \n","align":"center","title_color":"#ffffff","typography_typography":"custom","typography_font_size":{"unit":"px","size":"40"},"typography_font_family":"Cormorant SC","typography_font_weight":"600","typography_text_transform":"uppercase","typography_letter_spacing":{"unit":"px","size":2.4},"section_custom_css_pro":"","custom_css_pro":"","typography_font_size_tablet":{"unit":"px","size":"28"},"typography_font_size_mobile":{"unit":"px","size":"14"}},"elements":[],"isInner":false,"widgetType":"heading","elType":"widget"},{"id":"2c420762","settings":{"content_width":{"unit":"px","size":"1050"},"gap":"no","structure":"30","margin":{"unit":"px","top":"250","right":0,"bottom":"0","left":0,"isLinked":false},"section_custom_css_pro":"","custom_css_pro":"","margin_tablet":{"unit":"px","top":"200","right":0,"bottom":"0","left":0,"isLinked":false},"margin_mobile":{"unit":"px","top":"100","right":0,"bottom":"-770","left":0,"isLinked":false},"padding_tablet":{"unit":"px","top":"0","right":"10","bottom":"0","left":"10","isLinked":false},"padding_mobile":{"unit":"px","top":"20","right":"20","bottom":"20","left":"20","isLinked":true},"z_index":1},"elements":[{"id":"7e30c26c","settings":{"_column_size":33,"_inline_size":null,"section_custom_css_pro":"","custom_css_pro":"","margin_tablet":{"unit":"px","top":"0","right":"0","bottom":"0","left":"0","isLinked":true},"padding_tablet":{"unit":"px","top":"0","right":"0","bottom":"0","left":"0","isLinked":true}},"elements":[{"id":"73929f8a","settings":{"editor":"<p>Lorem ipsum dolor sit amet, consectetur adipiscing elit. Donec sed dui egestas, porttitor massa eu ullamcorper\u00a0<\/p>","align":"center","text_color":"#374956","typography_typography":"custom","typography_font_size":{"unit":"px","size":"15"},"_padding":{"unit":"px","top":"60","right":"60","bottom":"60","left":"60","isLinked":true},"_background_background":"classic","_background_color":"#ffffff","_border_width":{"unit":"px","top":"0","right":"0","bottom":"0","left":"0","isLinked":false},"_border_color":"#e3ecef","section_custom_css_pro":"","custom_css_pro":"","typography_line_height":{"unit":"em","size":"1.8"},"_padding_tablet":{"unit":"px","top":"30","right":"30","bottom":"50","left":"30","isLinked":false},"typography_font_size_tablet":{"unit":"px","size":"15"}},"elements":[],"isInner":false,"widgetType":"text-editor","elType":"widget"},{"id":"783f487d","settings":{"view":"stacked","icon":"fa fa-flag","align_tablet":"center","align_mobile":"center","primary_color":"#f8b449","size":{"unit":"px","size":"30"},"icon_padding":{"unit":"px","size":34},"_margin":{"unit":"px","top":"-65","right":"0","bottom":"0","left":"0","isLinked":false},"section_custom_css_pro":"","custom_css_pro":"","hover_primary_color":"#f8b449","hover_secondary_color":"#09183d"},"elements":[],"isInner":false,"widgetType":"icon","elType":"widget"}],"isInner":true,"elType":"column"},{"id":"384c85dc","settings":{"_column_size":33,"_inline_size":null,"section_custom_css_pro":"","custom_css_pro":"","padding_mobile":{"unit":"px","top":"30","right":"0","bottom":"30","left":"0","isLinked":false}},"elements":[{"id":"70f3de16","settings":{"editor":"<p>Donec sed dui egestas, porttitor massa eu, ullamcorper ipsum. Sed mattis dolor neque, at volutpat nulla bibendum\u00a0<\/p>","align":"center","text_color":"#374956","typography_typography":"custom","typography_font_size":{"unit":"px","size":"15"},"_padding":{"unit":"px","top":"60","right":"60","bottom":"60","left":"60","isLinked":true},"_background_background":"classic","_background_color":"#ffffff","_border_border":"solid","_border_width":{"unit":"px","top":"0","right":"2","bottom":"0","left":"2","isLinked":false},"_border_color":"#e3ecef","section_custom_css_pro":"","custom_css_pro":"","typography_line_height":{"unit":"em","size":"1.8"},"_padding_tablet":{"unit":"px","top":"30","right":"30","bottom":"50","left":"30","isLinked":false}},"elements":[],"isInner":false,"widgetType":"text-editor","elType":"widget"},{"id":"1ba981c6","settings":{"view":"stacked","icon":"fa fa-life-bouy","align_tablet":"center","align_mobile":"center","primary_color":"#f8b449","size":{"unit":"px","size":"30"},"icon_padding":{"unit":"px","size":34},"_margin":{"unit":"px","top":"-65","right":"0","bottom":"0","left":"0","isLinked":false},"section_custom_css_pro":"","custom_css_pro":"","hover_primary_color":"#f8b449","hover_secondary_color":"#09183d"},"elements":[],"isInner":false,"widgetType":"icon","elType":"widget"}],"isInner":true,"elType":"column"},{"id":"14d640d2","settings":{"_column_size":33,"_inline_size":null,"section_custom_css_pro":"","custom_css_pro":""},"elements":[{"id":"4a47f421","settings":{"editor":"<p>Sed mattis dolor neque, at volutpat nulla bibendum ut. Ut lacus augue, convallis sit amet enim eget, vehicula fermentum<\/p>","align":"center","text_color":"#374956","typography_typography":"custom","typography_font_size":{"unit":"px","size":"15"},"_padding":{"unit":"px","top":"60","right":"60","bottom":"60","left":"60","isLinked":true},"_background_background":"classic","_background_color":"#ffffff","section_custom_css_pro":"","custom_css_pro":"","typography_line_height":{"unit":"em","size":"1.8"},"_padding_tablet":{"unit":"px","top":"30","right":"30","bottom":"50","left":"30","isLinked":false}},"elements":[],"isInner":false,"widgetType":"text-editor","elType":"widget"},{"id":"14a04714","settings":{"view":"stacked","icon":"fa fa-map-o","align_tablet":"center","align_mobile":"center","primary_color":"#f8b449","size":{"unit":"px","size":"30"},"icon_padding":{"unit":"px","size":34},"_margin":{"unit":"px","top":"-65","right":"0","bottom":"0","left":"0","isLinked":false},"section_custom_css_pro":"","custom_css_pro":"","hover_primary_color":"#f8b449","hover_secondary_color":"#09183d"},"elements":[],"isInner":false,"widgetType":"icon","elType":"widget"}],"isInner":true,"elType":"column"}],"isInner":true,"elType":"section"}],"isInner":false,"elType":"column"}],"isInner":false,"elType":"section"},{"id":"424475ce","settings":{"content_width":{"unit":"px","size":"1050"},"background_background":"classic","background_color":"#e2f0fd","margin":{"unit":"px","top":"0","right":0,"bottom":"0","left":0,"isLinked":false},"padding":{"unit":"px","top":"150","right":"0","bottom":"150","left":"0","isLinked":false},"section_custom_css_pro":"","custom_css_pro":"","padding_tablet":{"unit":"px","top":"150","right":"0","bottom":"150","left":"0","isLinked":false},"padding_mobile":{"unit":"px","top":"400","right":"0","bottom":"400","left":"0","isLinked":false}},"elements":[{"id":"3f2793e1","settings":{"_column_size":100,"_inline_size":null},"elements":[],"isInner":false,"elType":"column"}],"isInner":false,"elType":"section"},{"id":"6daa5352","settings":{"layout":"full_width","gap":"no","content_position":"bottom","structure":"20","section_custom_css_pro":"","custom_css_pro":"","padding_tablet":{"unit":"px","top":"0","right":"0","bottom":"0","left":"0","isLinked":true}},"elements":[{"id":"250b6f9c","settings":{"_column_size":50,"_inline_size":"55.459","background_background":"classic","section_custom_css_pro":"","custom_css_pro":""},"elements":[{"id":"402040e9","settings":{"image":{"id":"464","url":"http:\/\/localhost\/test\/wp-content\/uploads\/2018\/09\/2-5.png"},"align_tablet":"center","align_mobile":"center","space":{"unit":"%","size":"100"},"_margin":{"unit":"px","top":"150","right":"0","bottom":"150","left":"0","isLinked":false},"section_custom_css_pro":"","custom_css_pro":"","_margin_tablet":{"unit":"px","top":"80","right":"0","bottom":"80","left":"0","isLinked":false},"_margin_mobile":{"unit":"px","top":"0","right":"0","bottom":"0","left":"0","isLinked":true},"_padding_mobile":{"unit":"px","top":"0","right":"0","bottom":"0","left":"0","isLinked":true}},"elements":[],"isInner":false,"widgetType":"image","elType":"widget"}],"isInner":false,"elType":"column"},{"id":"6a261228","settings":{"_column_size":50,"_inline_size":"44.541","padding":{"unit":"%","top":"0","right":"15","bottom":"0","left":"15","isLinked":false},"section_custom_css_pro":"","custom_css_pro":"","content_position":"center","padding_tablet":{"unit":"px","top":"40","right":"30","bottom":"40","left":"40","isLinked":false},"border_radius":{"unit":"px","top":"0","right":"0","bottom":"0","left":"0","isLinked":true},"padding_mobile":{"unit":"px","top":"60","right":"30","bottom":"60","left":"30","isLinked":false}},"elements":[{"id":"606c6b6e","settings":{"title":"About us","title_color":"#09183d","typography_typography":"custom","typography_font_size":{"unit":"px","size":"50"},"typography_font_family":"Cormorant","typography_text_transform":"uppercase","typography_letter_spacing":{"unit":"px","size":1.5},"section_custom_css_pro":"","custom_css_pro":"","typography_font_size_tablet":{"unit":"px","size":"35"},"align_mobile":"center","typography_font_size_mobile":{"unit":"px","size":"30"},"header_size":"h3"},"elements":[],"isInner":false,"widgetType":"heading","elType":"widget"},{"id":"59ac5796","settings":{"editor":"<p>Sed vehicula quam felis, at tempor ex cursus et. Integer et orci at est vestibulum mattis in eu leo. Nulla ut ornare eget accumsan enim massa nec odio. Mauris at felis vitae enim suscipit.<\/p>","text_color":"#374956","typography_typography":"custom","typography_font_size":{"unit":"px","size":"15"},"_padding":{"unit":"px","top":"10","right":"0","bottom":"0","left":"0","isLinked":false},"section_custom_css_pro":"","custom_css_pro":"","_padding_tablet":{"unit":"px","top":"0","right":"0","bottom":"0","left":"0","isLinked":true},"align_mobile":"center"},"elements":[],"isInner":false,"widgetType":"text-editor","elType":"widget"},{"id":"781be3b7","settings":{"editor":"<p>Lorem ipsum dolor sit amet, consectetur adipiscing elit. Donec sed dui egestas, porttitor massa eu, ullamcorper ipsum. Sed mattis dolor neque, at volutpat nulla bibendum ut. Ut lacus augue, convallis sit amet enim eget, vehicula fermentum enim.\u00a0Sed vehicula quam felis, at tempor ex cursus et. Integer et orci at est vestibulum mattis in eu leo. Nulla ut ornare orci.\u00a0<\/p>","text_color":"#374956","typography_typography":"custom","typography_font_size":{"unit":"px","size":"15"},"_padding":{"unit":"px","top":"0","right":"0","bottom":"10","left":"0","isLinked":false},"section_custom_css_pro":"","custom_css_pro":"","hide_tablet":"hidden-tablet","align_mobile":"center"},"elements":[],"isInner":false,"widgetType":"text-editor","elType":"widget"},{"id":"68238d87","settings":{"text":"read more","button_text_color":"#09183d","typography_typography":"custom","typography_font_size":{"unit":"px","size":"15"},"typography_font_weight":"bold","typography_text_transform":"uppercase","typography_letter_spacing":{"unit":"px","size":3.1},"background_color":"rgba(0,0,0,0)","border_border":"solid","border_radius":{"unit":"px","top":"0","right":"0","bottom":"0","left":"0","isLinked":true},"section_hover":"","section_custom_css_pro":"","custom_css_pro":"","typography_font_size_tablet":{"unit":"px","size":"14"},"align_mobile":"justify","hover_color":"#f8b449","button_hover_border_color":"#f8b449","border_width":{"unit":"px","top":"3","right":"3","bottom":"3","left":"3","isLinked":true},"border_color":"#09183d"},"elements":[],"isInner":false,"widgetType":"button","elType":"widget"}],"isInner":false,"elType":"column"}],"isInner":false,"elType":"section"},{"id":"34715e3b","settings":{"layout":"full_width","gap":"no","content_position":"bottom","structure":"20","background_background":"classic","background_color":"#e2f0fd","section_custom_css_pro":"","custom_css_pro":"","padding_mobile":{"unit":"px","top":"30","right":"30","bottom":"0","left":"30","isLinked":false}},"elements":[{"id":"2146d77b","settings":{"_column_size":50,"_inline_size":"55.649","padding":{"unit":"%","top":"0","right":"20","bottom":"0","left":"20","isLinked":false},"section_custom_css_pro":"","custom_css_pro":"","margin":{"unit":"px","top":"80","right":"0","bottom":"80","left":"0","isLinked":false},"margin_tablet":{"unit":"px","top":"20","right":"0","bottom":"20","left":"0","isLinked":false},"padding_tablet":{"unit":"px","top":"40","right":"40","bottom":"40","left":"40","isLinked":true},"padding_mobile":{"unit":"px","top":"0","right":"0","bottom":"0","left":"0","isLinked":true}},"elements":[{"id":"4c6869d2","settings":{"title":"Robert oliver","align":"center","title_color":"#09183d","typography_typography":"custom","typography_font_size":{"unit":"px","size":"50"},"typography_font_family":"Cormorant SC","typography_text_transform":"uppercase","typography_letter_spacing":{"unit":"px","size":1.5},"section_custom_css_pro":"","custom_css_pro":"","typography_font_size_tablet":{"unit":"px","size":"35"},"align_mobile":"center","typography_font_size_mobile":{"unit":"px","size":"30"}},"elements":[],"isInner":false,"widgetType":"heading","elType":"widget"},{"id":"7ad1f288","settings":{"title":"Co-Founder and CEO","header_size":"h5","align":"center","title_color":"#f8b449","typography_typography":"custom","typography_font_size":{"unit":"px","size":"30"},"typography_font_family":"Poppins","typography_font_weight":"600","typography_font_size_mobile":{"unit":"px","size":"20"}},"elements":[],"isInner":false,"widgetType":"heading","elType":"widget"},{"id":"2afd4d0f","settings":{"editor":"<p>Mauris at felis vitae enim suscipit vestibulum. In congue, nisl quis cursus tincidunt, libero sapien finibus sapien, vel tempor magna mi quis sem.<\/p>","align":"center","text_color":"#374956","typography_typography":"custom","typography_font_size":{"unit":"px","size":"15"},"_padding":{"unit":"px","top":"20","right":"0","bottom":"0","left":"0","isLinked":false},"section_custom_css_pro":"","custom_css_pro":"","_padding_tablet":{"unit":"px","top":"10","right":"0","bottom":"10","left":"0","isLinked":false},"_padding_mobile":{"unit":"px","top":"0","right":"0","bottom":"0","left":"0","isLinked":true},"hide_tablet":"hidden-tablet"},"elements":[],"isInner":false,"widgetType":"text-editor","elType":"widget"},{"id":"7177b2d0","settings":{"editor":"<p>Sed vehicula quam felis, at tempor ex cursus et mattis in eu leo. Nulla ut ornare orci. Aenean commodo, eros non dignissim lacinia, justo dolor ullamcorper lorem, eget accumsan enim massa nec odio. Mauris at felis vitae enim suscipit vestibulum. In congue, nisl quis cursus tincidunt, libero sapien finibus sapien, vel tempor magna mi quis sem.<\/p>","align":"center","text_color":"#374956","typography_typography":"custom","typography_font_size":{"unit":"px","size":"15"},"_padding":{"unit":"px","top":"0","right":"0","bottom":"20","left":"0","isLinked":false},"section_custom_css_pro":"","custom_css_pro":"","_padding_tablet":{"unit":"px","top":"10","right":"0","bottom":"10","left":"0","isLinked":false}},"elements":[],"isInner":false,"widgetType":"text-editor","elType":"widget"},{"id":"5fd3a7e8","settings":{"title":"Robert oliver","header_size":"h5","align":"center","title_color":"#09183d","typography_typography":"custom","typography_font_size":{"unit":"px","size":"50"},"typography_font_family":"Sacramento","typography_font_weight":"100","typography_text_transform":"capitalize","typography_letter_spacing":{"unit":"px","size":1.5},"section_custom_css_pro":"","custom_css_pro":"","typography_font_size_tablet":{"unit":"px","size":"35"}},"elements":[],"isInner":false,"widgetType":"heading","elType":"widget"}],"isInner":false,"elType":"column"},{"id":"55ae747c","settings":{"_column_size":50,"_inline_size":"44.352","section_custom_css_pro":"","custom_css_pro":"","margin_mobile":{"unit":"px","top":"0","right":"0","bottom":"0","left":"0","isLinked":true},"padding_mobile":{"unit":"px","top":"30","right":"0","bottom":"0","left":"0","isLinked":false}},"elements":[{"id":"10ca4993","settings":{"image":{"id":"465","url":"http:\/\/localhost\/test\/wp-content\/uploads\/2018\/09\/1-5.png"},"align_tablet":"center","align_mobile":"center","_margin":{"unit":"px","top":"-200","right":"50","bottom":"0","left":"-100","isLinked":false},"section_custom_css_pro":"","custom_css_pro":"","_margin_tablet":{"unit":"px","top":"0","right":"0","bottom":"0","left":"0","isLinked":false},"_margin_mobile":{"unit":"px","top":"0","right":"0","bottom":"0","left":"0","isLinked":true},"_padding_mobile":{"unit":"px","top":"0","right":"0","bottom":"0","left":"0","isLinked":true}},"elements":[],"isInner":false,"widgetType":"image","elType":"widget"}],"isInner":false,"elType":"column"}],"isInner":false,"elType":"section"},{"id":"21feaccb","settings":{"background_background":"classic","background_color":"#f8b449","padding":{"unit":"px","top":"30","right":"0","bottom":"30","left":"0","isLinked":false},"section_custom_css_pro":"","custom_css_pro":""},"elements":[{"id":"cbcef1","settings":{"_column_size":100,"_inline_size":null,"background_background":"classic","section_custom_css_pro":"","custom_css_pro":""},"elements":[{"id":"6fce68f","settings":{"title":"best charter destinations","align":"center","title_color":"#09183d","typography_typography":"custom","typography_font_size":{"unit":"px","size":"50"},"typography_font_family":"Cormorant SC","typography_text_transform":"uppercase","typography_letter_spacing":{"unit":"px","size":1.5},"_margin":{"unit":"%","top":"0","right":"5","bottom":"0","left":"5","isLinked":false},"_padding":{"unit":"px","top":"50","right":"0","bottom":"50","left":"0","isLinked":false},"_background_background":"classic","section_custom_css_pro":"","custom_css_pro":"","typography_font_size_tablet":{"unit":"px","size":"35"},"_padding_tablet":{"unit":"px","top":"30","right":"30","bottom":"30","left":"30","isLinked":true},"typography_font_size_mobile":{"unit":"px","size":"30"},"_padding_mobile":{"unit":"px","top":"0","right":"0","bottom":"0","left":"0","isLinked":true}},"elements":[],"isInner":false,"widgetType":"heading","elType":"widget"}],"isInner":false,"elType":"column"}],"isInner":false,"elType":"section"},{"id":"2feadb5","settings":{"structure":"20","background_background":"classic","background_color":"#f8b449","padding_tablet":{"unit":"px","top":"0","right":"20","bottom":"0","left":"20","isLinked":false}},"elements":[{"id":"1bdf7af1","settings":{"_column_size":50,"_inline_size":null,"background_background":"classic","background_image":{"id":"466","url":"http:\/\/localhost\/test\/wp-content\/uploads\/2018\/09\/12-2.png"},"margin":{"unit":"px","top":"0","right":"20","bottom":"0","left":"0","isLinked":false},"margin_mobile":{"unit":"px","top":"0","right":"0","bottom":"0","left":"0","isLinked":true},"padding_mobile":{"unit":"px","top":"0","right":"0","bottom":"0","left":"0","isLinked":true}},"elements":[{"id":"6adb2cc6","settings":[],"elements":[{"id":"28827436","settings":{"_column_size":100,"_inline_size":null,"background_background":"classic","background_color":"rgba(9,24,61,0.57)","margin":{"unit":"px","top":"60","right":"60","bottom":"60","left":"60","isLinked":true},"padding":{"unit":"px","top":"50","right":"50","bottom":"50","left":"50","isLinked":true},"margin_tablet":{"unit":"px","top":"30","right":"30","bottom":"30","left":"30","isLinked":true},"padding_tablet":{"unit":"px","top":"25","right":"25","bottom":"25","left":"25","isLinked":true},"margin_mobile":{"unit":"px","top":"20","right":"20","bottom":"20","left":"20","isLinked":true}},"elements":[{"id":"15bed2f5","settings":{"title":"Caribbean","align":"center","title_color":"#ffffff","typography_typography":"custom","typography_font_size":{"unit":"px","size":"28"},"typography_font_family":"Open Sans","typography_font_weight":"600","typography_text_transform":"capitalize","typography_letter_spacing":{"unit":"px","size":1},"section_custom_css_pro":"","custom_css_pro":"","header_size":"h4"},"elements":[],"isInner":false,"widgetType":"heading","elType":"widget"},{"id":"3036a872","settings":{"editor":"<p>Sed vehicula quam felis, at tempor ex cursus et mattis in eu leo. Nulla ut ornare orci. Aenean commodo, eros non dignissim lacinia.<\/p>","align":"center","text_color":"#ffffff","typography_typography":"custom","typography_font_size":{"unit":"px","size":"15"},"section_custom_css_pro":"","custom_css_pro":""},"elements":[],"isInner":false,"widgetType":"text-editor","elType":"widget"},{"id":"3f637373","settings":{"text":"read more","align":"center","button_text_color":"#f8b449","typography_typography":"custom","typography_font_size":{"unit":"px","size":"15"},"typography_font_weight":"bold","typography_text_transform":"uppercase","typography_letter_spacing":{"unit":"px","size":3.1},"background_color":"rgba(0,0,0,0)","border_border":"solid","border_radius":{"unit":"px","top":"0","right":"0","bottom":"0","left":"0","isLinked":true},"section_hover":"","section_custom_css_pro":"","custom_css_pro":""},"elements":[],"isInner":false,"widgetType":"button","elType":"widget"}],"isInner":true,"elType":"column"}],"isInner":true,"elType":"section"}],"isInner":false,"elType":"column"},{"id":"1a691f06","settings":{"_column_size":50,"_inline_size":null,"background_background":"classic","background_image":{"id":"467","url":"http:\/\/localhost\/test\/wp-content\/uploads\/2018\/09\/11-3.png"},"margin":{"unit":"px","top":"0","right":"0","bottom":"0","left":"20","isLinked":false},"margin_mobile":{"unit":"px","top":"20","right":"0","bottom":"0","left":"0","isLinked":false},"padding_mobile":{"unit":"px","top":"0","right":"0","bottom":"0","left":"0","isLinked":false}},"elements":[{"id":"699bbf7a","settings":[],"elements":[{"id":"ea773ef","settings":{"_column_size":100,"_inline_size":null,"background_background":"classic","background_color":"rgba(9,24,61,0.57)","margin":{"unit":"px","top":"60","right":"60","bottom":"60","left":"60","isLinked":true},"padding":{"unit":"px","top":"50","right":"50","bottom":"50","left":"50","isLinked":true},"margin_tablet":{"unit":"px","top":"30","right":"30","bottom":"30","left":"30","isLinked":true},"padding_tablet":{"unit":"px","top":"25","right":"25","bottom":"25","left":"25","isLinked":true},"margin_mobile":{"unit":"px","top":"20","right":"20","bottom":"20","left":"20","isLinked":true}},"elements":[{"id":"4d45c7f4","settings":{"title":"South America","align":"center","title_color":"#ffffff","typography_typography":"custom","typography_font_size":{"unit":"px","size":"28"},"typography_font_family":"Open Sans","typography_font_weight":"600","typography_text_transform":"capitalize","typography_letter_spacing":{"unit":"px","size":1},"section_custom_css_pro":"","custom_css_pro":"","header_size":"h4"},"elements":[],"isInner":false,"widgetType":"heading","elType":"widget"},{"id":"655a13fa","settings":{"editor":"<p>Aenean dignissim et nibh et ullamcorper. Pellentesque ac purus tincidunt, scelerisque leo et, cursus sem. In sagittis nec nisl.\u00a0<\/p>","align":"center","text_color":"#ffffff","typography_typography":"custom","typography_font_size":{"unit":"px","size":"15"},"section_custom_css_pro":"","custom_css_pro":""},"elements":[],"isInner":false,"widgetType":"text-editor","elType":"widget"},{"id":"2f73e6ef","settings":{"text":"read more","align":"center","button_text_color":"#f8b449","typography_typography":"custom","typography_font_size":{"unit":"px","size":"15"},"typography_font_weight":"bold","typography_text_transform":"uppercase","typography_letter_spacing":{"unit":"px","size":3.1},"background_color":"rgba(0,0,0,0)","border_border":"solid","border_radius":{"unit":"px","top":"0","right":"0","bottom":"0","left":"0","isLinked":true},"section_hover":"","section_custom_css_pro":"","custom_css_pro":""},"elements":[],"isInner":false,"widgetType":"button","elType":"widget"}],"isInner":true,"elType":"column"}],"isInner":true,"elType":"section"}],"isInner":false,"elType":"column"}],"isInner":false,"elType":"section"},{"id":"486f02a7","settings":{"structure":"20","background_background":"classic","background_color":"#f8b449","padding":{"unit":"px","top":"40","right":"0","bottom":"0","left":"0","isLinked":false},"padding_tablet":{"unit":"px","top":"40","right":"20","bottom":"40","left":"20","isLinked":false},"padding_mobile":{"unit":"px","top":"20","right":"20","bottom":"20","left":"20","isLinked":true}},"elements":[{"id":"2fdc4b74","settings":{"_column_size":50,"_inline_size":null,"background_background":"classic","background_image":{"id":"468","url":"http:\/\/localhost\/test\/wp-content\/uploads\/2018\/09\/14-2.png"},"margin":{"unit":"px","top":"0","right":"20","bottom":"0","left":"0","isLinked":false},"margin_mobile":{"unit":"px","top":"0","right":"0","bottom":"0","left":"0","isLinked":true},"padding_mobile":{"unit":"px","top":"0","right":"0","bottom":"0","left":"0","isLinked":true}},"elements":[{"id":"5dcc2184","settings":[],"elements":[{"id":"1919d291","settings":{"_column_size":100,"_inline_size":null,"background_background":"classic","background_color":"rgba(9,24,61,0.57)","margin":{"unit":"px","top":"60","right":"60","bottom":"60","left":"60","isLinked":true},"padding":{"unit":"px","top":"50","right":"50","bottom":"50","left":"50","isLinked":true},"margin_tablet":{"unit":"px","top":"30","right":"30","bottom":"30","left":"30","isLinked":true},"padding_tablet":{"unit":"px","top":"25","right":"25","bottom":"25","left":"25","isLinked":true},"margin_mobile":{"unit":"px","top":"20","right":"20","bottom":"20","left":"20","isLinked":true}},"elements":[{"id":"694bf7ed","settings":{"title":"Mediterranean","align":"center","title_color":"#ffffff","typography_typography":"custom","typography_font_size":{"unit":"px","size":"28"},"typography_font_family":"Open Sans","typography_font_weight":"600","typography_text_transform":"capitalize","typography_letter_spacing":{"unit":"px","size":1},"section_custom_css_pro":"","custom_css_pro":"","header_size":"h4"},"elements":[],"isInner":false,"widgetType":"heading","elType":"widget"},{"id":"1965d6b9","settings":{"editor":"<p>Lorem ipsum dolor sit amet, consectetur adipiscing elit. Donec sed dui egestas, porttitor massa eu, ullamcorper ipsum. Sed mattis dolor neque.<\/p>","align":"center","text_color":"#ffffff","typography_typography":"custom","typography_font_size":{"unit":"px","size":"15"},"section_custom_css_pro":"","custom_css_pro":""},"elements":[],"isInner":false,"widgetType":"text-editor","elType":"widget"},{"id":"43bb9777","settings":{"text":"read more","align":"center","button_text_color":"#f8b449","typography_typography":"custom","typography_font_size":{"unit":"px","size":"15"},"typography_font_weight":"bold","typography_text_transform":"uppercase","typography_letter_spacing":{"unit":"px","size":3.1},"background_color":"rgba(0,0,0,0)","border_border":"solid","border_radius":{"unit":"px","top":"0","right":"0","bottom":"0","left":"0","isLinked":true},"section_hover":"","section_custom_css_pro":"","custom_css_pro":""},"elements":[],"isInner":false,"widgetType":"button","elType":"widget"}],"isInner":true,"elType":"column"}],"isInner":true,"elType":"section"}],"isInner":false,"elType":"column"},{"id":"54dfc951","settings":{"_column_size":50,"_inline_size":null,"background_background":"classic","background_image":{"id":"469","url":"http:\/\/localhost\/test\/wp-content\/uploads\/2018\/09\/13-3.png"},"margin":{"unit":"px","top":"0","right":"0","bottom":"0","left":"20","isLinked":false},"margin_mobile":{"unit":"px","top":"20","right":"0","bottom":"0","left":"0","isLinked":false},"padding_mobile":{"unit":"px","top":"0","right":"0","bottom":"0","left":"0","isLinked":false}},"elements":[{"id":"7d8b04a4","settings":[],"elements":[{"id":"5a870703","settings":{"_column_size":100,"_inline_size":null,"background_background":"classic","background_color":"rgba(9,24,61,0.57)","margin":{"unit":"px","top":"60","right":"60","bottom":"60","left":"60","isLinked":true},"padding":{"unit":"px","top":"50","right":"50","bottom":"50","left":"50","isLinked":true},"margin_tablet":{"unit":"px","top":"30","right":"30","bottom":"30","left":"30","isLinked":true},"padding_tablet":{"unit":"px","top":"25","right":"25","bottom":"25","left":"25","isLinked":true},"margin_mobile":{"unit":"px","top":"20","right":"20","bottom":"20","left":"20","isLinked":true}},"elements":[{"id":"8bdf777","settings":{"title":"Indian Ocean","align":"center","title_color":"#ffffff","typography_typography":"custom","typography_font_size":{"unit":"px","size":"28"},"typography_font_family":"Open Sans","typography_font_weight":"600","typography_text_transform":"capitalize","typography_letter_spacing":{"unit":"px","size":1},"section_custom_css_pro":"","custom_css_pro":""},"elements":[],"isInner":false,"widgetType":"heading","elType":"widget"},{"id":"3d1e6601","settings":{"editor":"<p>Sed vehicula quam felis, at tempor ex cursus et mattis in eu leo. Nulla ut ornare orci. Aenean commodo, eros non dignissim laciniaex cursus.<\/p>","align":"center","text_color":"#ffffff","typography_typography":"custom","typography_font_size":{"unit":"px","size":"15"},"section_custom_css_pro":"","custom_css_pro":""},"elements":[],"isInner":false,"widgetType":"text-editor","elType":"widget"},{"id":"2eec8da3","settings":{"text":"read more","align":"center","button_text_color":"#f8b449","typography_typography":"custom","typography_font_size":{"unit":"px","size":"15"},"typography_font_weight":"bold","typography_text_transform":"uppercase","typography_letter_spacing":{"unit":"px","size":3.1},"background_color":"rgba(0,0,0,0)","border_border":"solid","border_radius":{"unit":"px","top":"0","right":"0","bottom":"0","left":"0","isLinked":true},"section_hover":"","section_custom_css_pro":"","custom_css_pro":""},"elements":[],"isInner":false,"widgetType":"button","elType":"widget"}],"isInner":true,"elType":"column"}],"isInner":true,"elType":"section"}],"isInner":false,"elType":"column"}],"isInner":false,"elType":"section"},{"id":"f7abcf3","settings":{"structure":"20","background_background":"classic","background_color":"#f8b449","padding":{"unit":"px","top":"40","right":"0","bottom":"120","left":"0","isLinked":false},"padding_tablet":{"unit":"px","top":"0","right":"20","bottom":"94","left":"20","isLinked":false}},"elements":[{"id":"e0ec73e","settings":{"_column_size":50,"_inline_size":null,"background_background":"classic","background_image":{"id":"470","url":"http:\/\/localhost\/test\/wp-content\/uploads\/2018\/09\/16-2.png"},"margin":{"unit":"px","top":"0","right":"20","bottom":"0","left":"0","isLinked":false},"margin_mobile":{"unit":"px","top":"0","right":"0","bottom":"0","left":"0","isLinked":true},"padding_mobile":{"unit":"px","top":"0","right":"0","bottom":"0","left":"0","isLinked":true}},"elements":[{"id":"6967154c","settings":[],"elements":[{"id":"69922ef1","settings":{"_column_size":100,"_inline_size":null,"background_background":"classic","background_color":"rgba(9,24,61,0.57)","margin":{"unit":"px","top":"60","right":"60","bottom":"60","left":"60","isLinked":true},"padding":{"unit":"px","top":"50","right":"50","bottom":"50","left":"50","isLinked":true},"margin_tablet":{"unit":"px","top":"30","right":"30","bottom":"30","left":"30","isLinked":true},"padding_tablet":{"unit":"px","top":"25","right":"25","bottom":"25","left":"25","isLinked":true},"margin_mobile":{"unit":"px","top":"20","right":"20","bottom":"20","left":"20","isLinked":true}},"elements":[{"id":"42dd4c83","settings":{"title":"South Pacific","align":"center","title_color":"#ffffff","typography_typography":"custom","typography_font_size":{"unit":"px","size":"28"},"typography_font_family":"Open Sans","typography_font_weight":"600","typography_text_transform":"capitalize","typography_letter_spacing":{"unit":"px","size":1},"section_custom_css_pro":"","custom_css_pro":"","header_size":"h4"},"elements":[],"isInner":false,"widgetType":"heading","elType":"widget"},{"id":"ab99e0b","settings":{"editor":"<p>Sed vehicula quam felis, at tempor ex cursus et mattis in eu leo. Nulla ut ornare orci. Aenean commodo, eros non dignissim lacinia.<\/p>","align":"center","text_color":"#ffffff","typography_typography":"custom","typography_font_size":{"unit":"px","size":"15"},"section_custom_css_pro":"","custom_css_pro":""},"elements":[],"isInner":false,"widgetType":"text-editor","elType":"widget"},{"id":"796cdb2e","settings":{"text":"read more","align":"center","button_text_color":"#f8b449","typography_typography":"custom","typography_font_size":{"unit":"px","size":"15"},"typography_font_weight":"bold","typography_text_transform":"uppercase","typography_letter_spacing":{"unit":"px","size":3.1},"background_color":"rgba(0,0,0,0)","border_border":"solid","border_radius":{"unit":"px","top":"0","right":"0","bottom":"0","left":"0","isLinked":true},"section_hover":"","section_custom_css_pro":"","custom_css_pro":""},"elements":[],"isInner":false,"widgetType":"button","elType":"widget"}],"isInner":true,"elType":"column"}],"isInner":true,"elType":"section"}],"isInner":false,"elType":"column"},{"id":"3b328734","settings":{"_column_size":50,"_inline_size":null,"background_background":"classic","background_image":{"id":"471","url":"http:\/\/localhost\/test\/wp-content\/uploads\/2018\/09\/15-2.png"},"margin":{"unit":"px","top":"0","right":"0","bottom":"0","left":"20","isLinked":false},"margin_mobile":{"unit":"px","top":"20","right":"0","bottom":"0","left":"0","isLinked":false},"padding_mobile":{"unit":"px","top":"0","right":"0","bottom":"0","left":"0","isLinked":true}},"elements":[{"id":"41ca4c2c","settings":[],"elements":[{"id":"171140c2","settings":{"_column_size":100,"_inline_size":null,"background_background":"classic","background_color":"rgba(9,24,61,0.57)","margin":{"unit":"px","top":"60","right":"60","bottom":"60","left":"60","isLinked":true},"padding":{"unit":"px","top":"50","right":"50","bottom":"50","left":"50","isLinked":true},"margin_tablet":{"unit":"px","top":"30","right":"30","bottom":"30","left":"30","isLinked":true},"padding_tablet":{"unit":"px","top":"25","right":"25","bottom":"25","left":"25","isLinked":true},"margin_mobile":{"unit":"px","top":"20","right":"20","bottom":"20","left":"20","isLinked":true}},"elements":[{"id":"5f0b1af7","settings":{"title":"Zanzibar","align":"center","title_color":"#ffffff","typography_typography":"custom","typography_font_size":{"unit":"px","size":"28"},"typography_font_family":"Open Sans","typography_font_weight":"600","typography_text_transform":"capitalize","typography_letter_spacing":{"unit":"px","size":1},"section_custom_css_pro":"","custom_css_pro":"","header_size":"h4"},"elements":[],"isInner":false,"widgetType":"heading","elType":"widget"},{"id":"2b03eef5","settings":{"editor":"<p>Aenean dignissim et nibh et ullamcorper. Pellentesque ac purus tincidunt, scelerisque leo et, cursus sem. In sagittis nec nisl.\u00a0<\/p>","align":"center","text_color":"#ffffff","typography_typography":"custom","typography_font_size":{"unit":"px","size":"15"},"section_custom_css_pro":"","custom_css_pro":""},"elements":[],"isInner":false,"widgetType":"text-editor","elType":"widget"},{"id":"6632fee","settings":{"text":"read more","align":"center","button_text_color":"#f8b449","typography_typography":"custom","typography_font_size":{"unit":"px","size":"15"},"typography_font_weight":"bold","typography_text_transform":"uppercase","typography_letter_spacing":{"unit":"px","size":3.1},"background_color":"rgba(0,0,0,0)","border_border":"solid","border_radius":{"unit":"px","top":"0","right":"0","bottom":"0","left":"0","isLinked":true},"section_hover":"","section_custom_css_pro":"","custom_css_pro":""},"elements":[],"isInner":false,"widgetType":"button","elType":"widget"}],"isInner":true,"elType":"column"}],"isInner":true,"elType":"section"}],"isInner":false,"elType":"column"}],"isInner":false,"elType":"section"},{"id":"2d9c6238","settings":{"background_background":"classic","background_image":{"id":"474","url":"http:\/\/localhost\/test\/wp-content\/uploads\/2018\/09\/17.png"},"background_size":"cover","background_overlay_background":"classic","background_overlay_color":"#09183d","background_overlay_opacity":{"unit":"px","size":"0.3"},"padding":{"unit":"px","top":"100","right":"0","bottom":"100","left":"0","isLinked":false},"section_custom_css_pro":"","custom_css_pro":"","padding_tablet":{"unit":"px","top":"70","right":"0","bottom":"70","left":"0","isLinked":false}},"elements":[{"id":"14c86d70","settings":{"_column_size":100,"_inline_size":null,"section_custom_css_pro":"","custom_css_pro":""},"elements":[{"id":"49b4b7db","settings":{"title":"Testimonials","align":"center","title_color":"#ffffff","typography_typography":"custom","typography_font_size":{"unit":"px","size":"50"},"typography_font_family":"Cormorant SC","typography_text_transform":"uppercase","typography_letter_spacing":{"unit":"px","size":1.5},"_padding":{"unit":"px","top":"0","right":"0","bottom":"100","left":"0","isLinked":false},"section_custom_css_pro":"","custom_css_pro":"","typography_font_size_tablet":{"unit":"px","size":"35"},"_padding_tablet":{"unit":"px","top":"0","right":"0","bottom":"50","left":"0","isLinked":false},"header_size":"h3"},"elements":[],"isInner":false,"widgetType":"heading","elType":"widget"},{"id":"5fc6652e","settings":{"structure":"30","section_custom_css_pro":"","custom_css_pro":"","padding_tablet":{"unit":"px","top":"20","right":"20","bottom":"20","left":"20","isLinked":true}},"elements":[{"id":"3f999829","settings":{"_column_size":33,"_inline_size":null,"padding":{"unit":"px","top":"0","right":"60","bottom":"0","left":"0","isLinked":false},"section_custom_css_pro":"","custom_css_pro":"","padding_tablet":{"unit":"px","top":"0","right":"20","bottom":"0","left":"0","isLinked":false},"margin_mobile":{"unit":"px","top":"0","right":"0","bottom":"0","left":"0","isLinked":true},"padding_mobile":{"unit":"px","top":"0","right":"0","bottom":"0","left":"0","isLinked":true}},"elements":[{"id":"14d52da9","settings":{"icon":"","title_text":"\"","description_text":"Sed vehicula quam felis, at tempor ex cursus et mattis in eu leo. Nulla ut ornare orci. Aenean commodo, eros non dignissim lacinia.","icon_space":{"unit":"px","size":0},"title_bottom_space":{"unit":"px","size":21},"title_color":"#f8b449","title_typography_typography":"custom","title_typography_font_size":{"unit":"px","size":"100"},"title_typography_font_family":"Cormorant","title_typography_line_height":{"unit":"em","size":0.1},"description_color":"#ffffff"},"elements":[],"isInner":false,"widgetType":"icon-box","elType":"widget"},{"id":"6eac5716","settings":{"image":{"id":"472","url":"http:\/\/localhost\/test\/wp-content\/uploads\/2018\/09\/30-1-3.png"},"align_tablet":"center","align_mobile":"center","space":{"unit":"%","size":"30"},"section_custom_css_pro":"","custom_css_pro":""},"elements":[],"isInner":false,"widgetType":"image","elType":"widget"}],"isInner":true,"elType":"column"},{"id":"3d441c9b","settings":{"_column_size":33,"_inline_size":null,"padding":{"unit":"px","top":"0","right":"30","bottom":"0","left":"30","isLinked":false},"section_custom_css_pro":"","custom_css_pro":"","padding_tablet":{"unit":"px","top":"0","right":"10","bottom":"0","left":"10","isLinked":false},"margin_mobile":{"unit":"px","top":"100","right":"0","bottom":"100","left":"0","isLinked":false},"padding_mobile":{"unit":"px","top":"0","right":"0","bottom":"0","left":"0","isLinked":true}},"elements":[{"id":"16e3af04","settings":{"icon":"","title_text":"\"","description_text":"Aenean commodo, eros non dignissim lacinia, justo dolor ullamcorper lorem, eget accumsan enim massa nec odio. Mauris at felis vitae","icon_space":{"unit":"px","size":0},"title_bottom_space":{"unit":"px","size":21},"title_color":"#f8b449","title_typography_typography":"custom","title_typography_font_size":{"unit":"px","size":"100"},"title_typography_font_family":"Cormorant","title_typography_line_height":{"unit":"em","size":0.1},"description_color":"#ffffff"},"elements":[],"isInner":false,"widgetType":"icon-box","elType":"widget"},{"id":"318a0d48","settings":{"image":{"id":"422","url":"http:\/\/localhost\/test\/wp-content\/uploads\/2018\/09\/https-www.pexels.comphotoman-wearing-blue-denim-buttons-up-long-sleeve-and-blace-frame-eyelgasses-26939-2.png"},"align_tablet":"center","align_mobile":"center","space":{"unit":"%","size":"30"},"section_custom_css_pro":"","custom_css_pro":""},"elements":[],"isInner":false,"widgetType":"image","elType":"widget"}],"isInner":true,"elType":"column"},{"id":"1f0f45bb","settings":{"_column_size":33,"_inline_size":null,"padding":{"unit":"px","top":"0","right":"0","bottom":"0","left":"60","isLinked":false},"section_custom_css_pro":"","custom_css_pro":"","padding_tablet":{"unit":"px","top":"0","right":"0","bottom":"0","left":"20","isLinked":false},"padding_mobile":{"unit":"px","top":"0","right":"0","bottom":"0","left":"0","isLinked":true}},"elements":[{"id":"63b7e24b","settings":{"icon":"","title_text":"\"","description_text":"Aenean commodo, eros non dignissim lacinia, justo dolor ullamcorper lorem, eget accumsan enim massa nec odio. Mauris at felis vitae","icon_space":{"unit":"px","size":0},"title_bottom_space":{"unit":"px","size":21},"title_color":"#f8b449","title_typography_typography":"custom","title_typography_font_size":{"unit":"px","size":"100"},"title_typography_font_family":"Cormorant","title_typography_line_height":{"unit":"em","size":0.1},"description_color":"#ffffff"},"elements":[],"isInner":false,"widgetType":"icon-box","elType":"widget"},{"id":"33ab1fda","settings":{"image":{"id":"473","url":"http:\/\/localhost\/test\/wp-content\/uploads\/2018\/09\/31-1.png"},"align_tablet":"center","align_mobile":"center","space":{"unit":"%","size":"30"},"section_custom_css_pro":"","custom_css_pro":""},"elements":[],"isInner":false,"widgetType":"image","elType":"widget"}],"isInner":true,"elType":"column"}],"isInner":true,"elType":"section"}],"isInner":false,"elType":"column"}],"isInner":false,"elType":"section"},{"id":"2d609ae2","settings":{"padding":{"unit":"px","top":"100","right":"0","bottom":"100","left":"0","isLinked":false},"section_custom_css_pro":"","custom_css_pro":"","padding_tablet":{"unit":"px","top":"30","right":"30","bottom":"80","left":"30","isLinked":false},"padding_mobile":{"unit":"px","top":"0","right":"0","bottom":"0","left":"0","isLinked":true}},"elements":[{"id":"167d8dc","settings":{"_column_size":100,"_inline_size":null,"section_custom_css_pro":"","custom_css_pro":""},"elements":[{"id":"f4e8898","settings":{"structure":"30","section_custom_css_pro":"","custom_css_pro":""},"elements":[{"id":"3a56a183","settings":{"_column_size":33,"_inline_size":null,"section_custom_css_pro":"","custom_css_pro":"","screen_sm":"custom","screen_sm_width":"50"},"elements":[{"id":"698186cf","settings":{"image":{"id":"475","url":"http:\/\/localhost\/test\/wp-content\/uploads\/2018\/09\/22-1.png"},"align_tablet":"center","align_mobile":"center","section_custom_css_pro":"","custom_css_pro":""},"elements":[],"isInner":false,"widgetType":"image","elType":"widget"},{"id":"afb5520","settings":{"image":{"id":"476","url":"http:\/\/localhost\/test\/wp-content\/uploads\/2018\/09\/23-1.png"},"align_tablet":"center","align_mobile":"center","section_custom_css_pro":"","custom_css_pro":""},"elements":[],"isInner":false,"widgetType":"image","elType":"widget"}],"isInner":true,"elType":"column"},{"id":"7913f8d7","settings":{"_column_size":33,"_inline_size":null,"section_custom_css_pro":"","custom_css_pro":"","screen_sm":"custom","screen_sm_width":"50"},"elements":[{"id":"2a66a0","settings":{"image":{"id":478,"url":"http:\/\/localhost\/test\/wp-content\/uploads\/2018\/09\/20-3-1.png"},"align_tablet":"center","align_mobile":"center","section_custom_css_pro":"","custom_css_pro":""},"elements":[],"isInner":false,"widgetType":"image","elType":"widget"},{"id":"2d8174ec","settings":{"image":{"id":479,"url":"http:\/\/localhost\/test\/wp-content\/uploads\/2018\/09\/21-2.png"},"align_tablet":"center","align_mobile":"center","section_custom_css_pro":"","custom_css_pro":""},"elements":[],"isInner":false,"widgetType":"image","elType":"widget"}],"isInner":true,"elType":"column"},{"id":"49277dec","settings":{"_column_size":33,"_inline_size":null,"section_custom_css_pro":"","custom_css_pro":""},"elements":[{"id":"72b614f3","settings":{"image":{"id":480,"url":"http:\/\/localhost\/test\/wp-content\/uploads\/2018\/09\/18-1.png"},"align_tablet":"center","align_mobile":"center","section_custom_css_pro":"","custom_css_pro":""},"elements":[],"isInner":false,"widgetType":"image","elType":"widget"},{"id":"37811d93","settings":{"image":{"id":481,"url":"http:\/\/localhost\/test\/wp-content\/uploads\/2018\/09\/19-2.png"},"align_tablet":"center","align_mobile":"center","section_custom_css_pro":"","custom_css_pro":"","hide_mobile":"hidden-phone"},"elements":[],"isInner":false,"widgetType":"image","elType":"widget"}],"isInner":true,"elType":"column"}],"isInner":true,"elType":"section"},{"id":"71272833","settings":{"text":"subscribe to the newsletter","align":"center","button_text_color":"#f8b449","typography_typography":"custom","typography_font_size":{"unit":"px","size":"15"},"typography_font_weight":"bold","typography_text_transform":"uppercase","typography_letter_spacing":{"unit":"px","size":3.1},"background_color":"rgba(0,0,0,0)","border_border":"solid","border_radius":{"unit":"px","top":"0","right":"0","bottom":"0","left":"0","isLinked":true},"section_hover":"","_padding":{"unit":"px","top":"80","right":"0","bottom":"0","left":"0","isLinked":false},"section_custom_css_pro":"","custom_css_pro":"","typography_font_size_mobile":{"unit":"px","size":"14"},"typography_letter_spacing_mobile":{"unit":"px","size":"1.2"},"_padding_mobile":{"unit":"px","top":"30","right":"10","bottom":"50","left":"10","isLinked":false},"hover_color":"#09183d","button_hover_border_color":"#09183d","border_width":{"unit":"px","top":"3","right":"3","bottom":"3","left":"3","isLinked":true},"border_color":"#f8b449"},"elements":[],"isInner":false,"widgetType":"button","elType":"widget"}],"isInner":false,"elType":"column"}],"isInner":false,"elType":"section"},{"id":"11e667d8","settings":{"gap":"no","content_position":"bottom","structure":"20","background_background":"classic","background_color":"#e2f0fd","padding":{"unit":"px","top":"150","right":"0","bottom":"150","left":"0","isLinked":false},"section_custom_css_pro":"","custom_css_pro":"","padding_tablet":{"unit":"px","top":"80","right":"20","bottom":"80","left":"20","isLinked":false},"padding_mobile":{"unit":"px","top":"80","right":"20","bottom":"80","left":"20","isLinked":false}},"elements":[{"id":"54e14f90","settings":{"_column_size":50,"_inline_size":"40.615","margin":{"unit":"px","top":"0","right":"40","bottom":"0","left":"0","isLinked":false},"section_custom_css_pro":"","custom_css_pro":"","padding_tablet":{"unit":"px","top":"0","right":"30","bottom":"0","left":"0","isLinked":false},"margin_mobile":{"unit":"px","top":"0","right":"0","bottom":"0","left":"0","isLinked":true},"padding_mobile":{"unit":"px","top":"0","right":"0","bottom":"0","left":"0","isLinked":true}},"elements":[{"id":"f523282","settings":{"title":"contact info","align":"center","title_color":"#09183d","typography_typography":"custom","typography_font_size":{"unit":"px","size":"35"},"typography_font_family":"Cormorant SC","typography_text_transform":"uppercase","_padding":{"unit":"px","top":"0","right":"0","bottom":"30","left":"0","isLinked":false},"section_custom_css_pro":"","custom_css_pro":"","typography_font_size_tablet":{"unit":"px","size":"25"},"_padding_tablet":{"unit":"px","top":"0","right":"0","bottom":"15","left":"0","isLinked":false},"align_mobile":"center","typography_font_size_mobile":{"unit":"px","size":"30"},"_padding_mobile":{"unit":"px","top":"0","right":"0","bottom":"10","left":"0","isLinked":false}},"elements":[],"isInner":false,"widgetType":"heading","elType":"widget"},{"id":"28e96be8","settings":{"content_position":"bottom","section_custom_css_pro":"","custom_css_pro":""},"elements":[{"id":"36f9e55c","settings":{"_column_size":100,"_inline_size":null,"background_background":"classic","background_color":"#ffffff","padding":{"unit":"px","top":"85","right":"55","bottom":"85","left":"55","isLinked":false},"section_custom_css_pro":"","custom_css_pro":"","padding_tablet":{"unit":"px","top":"76","right":"20","bottom":"76","left":"20","isLinked":false}},"elements":[{"id":"351eb990","settings":{"icon":"fa fa-phone","title_text":"Phone","description_text":"+1 209-948-8236","position":"left","primary_color":"#f8b449","icon_size":{"unit":"px","size":"30"},"title_bottom_space":{"unit":"px","size":"18"},"title_color":"#09183d","title_typography_typography":"custom","title_typography_font_family":"Poppins","title_typography_line_height":{"unit":"em","size":0.6},"description_color":"#374956","description_typography_typography":"custom","description_typography_font_size":{"unit":"px","size":"16"},"description_typography_font_family":"Poppins","title_typography_font_size_tablet":{"unit":"px","size":"18"},"description_typography_font_size_tablet":{"unit":"px","size":"15"}},"elements":[],"isInner":false,"widgetType":"icon-box","elType":"widget"},{"id":"2b0d66af","settings":{"icon":"fa fa-envelope","title_text":"Email Adress","description_text":"yachting@noreplay.com","position":"left","primary_color":"#f8b449","icon_size":{"unit":"px","size":"30"},"title_bottom_space":{"unit":"px","size":"18"},"title_color":"#09183d","title_typography_typography":"custom","title_typography_font_family":"Poppins","title_typography_line_height":{"unit":"em","size":0.6},"description_color":"#374956","description_typography_typography":"custom","description_typography_font_size":{"unit":"px","size":"16"},"description_typography_font_family":"Poppins","_padding":{"unit":"px","top":"40","right":"0","bottom":"40","left":"0","isLinked":false},"title_typography_font_size_tablet":{"unit":"px","size":"18"},"description_typography_font_size_tablet":{"unit":"px","size":"15"}},"elements":[],"isInner":false,"widgetType":"icon-box","elType":"widget"},{"id":"40454e81","settings":{"icon":"fa fa-home","title_text":"Main Office Adress","description_text":"2180 E Mariposa Rd, Stockton, CA 95205","position":"left","primary_color":"#f8b449","icon_size":{"unit":"px","size":"30"},"title_bottom_space":{"unit":"px","size":"18"},"title_color":"#09183d","title_typography_typography":"custom","title_typography_font_family":"Poppins","title_typography_line_height":{"unit":"em","size":"0.5"},"description_color":"#374956","description_typography_typography":"custom","description_typography_font_size":{"unit":"px","size":"16"},"description_typography_font_family":"Poppins","title_typography_font_size_tablet":{"unit":"px","size":"18"},"description_typography_font_size_tablet":{"unit":"px","size":"15"}},"elements":[],"isInner":false,"widgetType":"icon-box","elType":"widget"}],"isInner":true,"elType":"column"}],"isInner":true,"elType":"section"}],"isInner":false,"elType":"column"},{"id":"75fa7511","settings":{"_column_size":50,"_inline_size":"59.384","margin":{"unit":"px","top":"0","right":"0","bottom":"0","left":"0","isLinked":false},"section_custom_css_pro":"","custom_css_pro":"","padding_mobile":{"unit":"px","top":"100","right":"0","bottom":"0","left":"0","isLinked":false}},"elements":[{"id":"23a82d3a","settings":{"title":"write us a massage","align":"center","title_color":"#09183d","typography_typography":"custom","typography_font_size":{"unit":"px","size":"35"},"typography_font_family":"Cormorant SC","typography_text_transform":"uppercase","_padding":{"unit":"px","top":"0","right":"0","bottom":"30","left":"0","isLinked":false},"section_custom_css_pro":"","custom_css_pro":"","typography_font_size_tablet":{"unit":"px","size":"25"},"typography_font_size_mobile":{"unit":"px","size":"30"},"_padding_tablet":{"unit":"px","top":"0","right":"0","bottom":"15","left":"0","isLinked":false},"_padding_mobile":{"unit":"px","top":"0","right":"0","bottom":"10","left":"0","isLinked":false}},"elements":[],"isInner":false,"widgetType":"heading","elType":"widget"},{"id":"e75e4c","settings":{"form_name":"New Form","form_fields":[{"field_type":"text","field_label":"Name","placeholder":"","width":"50","required":"","field_options":"","inline_list":"","rows":4,"recaptcha_size":"normal","recaptcha_style":"light","css_classes":"","_id":"47svgil","width_tablet":"","width_mobile":"","form_fields_tabs":"","form_fields_content_tab":"","form_fields_advanced_tab":"","shortcode":"","field_value":"","file_sizes":"","file_types":"","allow_multiple_upload":"","max_files":"","acceptance_text":"","checked_by_default":"","field_min":"","field_max":"","min_date":"","max_date":"","use_native_date":"","use_native_time":"","allow_multiple":"","select_size":"","field_html":""},{"field_type":"email","required":true,"field_label":"Email","placeholder":"","width":"50","field_options":"","inline_list":"","rows":4,"recaptcha_size":"normal","recaptcha_style":"light","css_classes":"","_id":"ol80ymy","width_tablet":"","width_mobile":"","form_fields_tabs":"","form_fields_content_tab":"","form_fields_advanced_tab":"","shortcode":"","field_value":"","file_sizes":"","file_types":"","allow_multiple_upload":"","max_files":"","acceptance_text":"","checked_by_default":"","field_min":"","field_max":"","min_date":"","max_date":"","use_native_date":"","use_native_time":"","allow_multiple":"","select_size":"","field_html":""},{"field_type":"text","required":true,"field_label":"Email","placeholder":"","width":"50","field_options":"","inline_list":"","rows":4,"recaptcha_size":"normal","recaptcha_style":"light","css_classes":"","_id":"mz5hslf","width_tablet":"","width_mobile":"","form_fields_tabs":"","form_fields_content_tab":"","form_fields_advanced_tab":"","shortcode":"","field_value":"","file_sizes":"","file_types":"","allow_multiple_upload":"","max_files":"","acceptance_text":"","checked_by_default":"","field_min":"","field_max":"","min_date":"","max_date":"","use_native_date":"","use_native_time":"","allow_multiple":"","select_size":"","field_html":""},{"field_type":"text","required":true,"field_label":"Subject","placeholder":"","width":"50","field_options":"","inline_list":"","rows":4,"recaptcha_size":"normal","recaptcha_style":"light","css_classes":"","_id":"g77o8ry","width_tablet":"","width_mobile":"","form_fields_tabs":"","form_fields_content_tab":"","form_fields_advanced_tab":"","shortcode":"","field_value":"","file_sizes":"","file_types":"","allow_multiple_upload":"","max_files":"","acceptance_text":"","checked_by_default":"","field_min":"","field_max":"","min_date":"","max_date":"","use_native_date":"","use_native_time":"","allow_multiple":"","select_size":"","field_html":""},{"field_type":"textarea","field_label":"Message","placeholder":"","width":"100","required":"","field_options":"","inline_list":"","rows":"4","recaptcha_size":"normal","recaptcha_style":"light","css_classes":"","_id":"itd2sg2","width_tablet":"","width_mobile":"","form_fields_tabs":"","form_fields_content_tab":"","form_fields_advanced_tab":"","shortcode":"","field_value":"","file_sizes":"","file_types":"","allow_multiple_upload":"","max_files":"","acceptance_text":"","checked_by_default":"","field_min":"","field_max":"","min_date":"","max_date":"","use_native_date":"","use_native_time":"","allow_multiple":"","select_size":"","field_html":""}],"button_text":"Send","button_align_tablet":"stretch","button_align_mobile":"stretch","success_message":"The message was sent successfully!","error_message":"There's something wrong... Please fill in the required fields.","required_field_message":"Required","invalid_message":"There's something wrong... The form is invalid.","column_gap":{"unit":"px","size":"15"},"row_gap":{"unit":"px","size":25},"label_spacing":{"unit":"px","size":"5"},"label_color":"#09183d","label_typography_typography":"custom","label_typography_font_size":{"unit":"px","size":"18"},"label_typography_font_family":"Open Sans","label_typography_font_weight":"600","field_border_width":{"unit":"px","top":"0","right":"0","bottom":"0","left":"0","isLinked":true},"field_border_radius":{"unit":"px","top":"0","right":"0","bottom":"0","left":"0","isLinked":true},"button_typography_typography":"custom","button_typography_font_family":"Open Sans","button_typography_font_weight":"bold","button_typography_text_transform":"uppercase","button_typography_letter_spacing":{"unit":"px","size":4.1},"button_background_color":"#f8b449","button_border_radius":{"unit":"px","top":"0","right":"0","bottom":"0","left":"0","isLinked":true},"button_text_padding":{"unit":"px","top":"30","right":"30","bottom":"30","left":"30","isLinked":true},"section_custom_css_pro":"","custom_css_pro":"","submit_actions":[],"email_content":"[all-fields]","email_content_2":"[all-fields]","label_typography_font_size_tablet":{"unit":"px","size":"14"},"_margin":{"unit":"px","top":"0","right":"0","bottom":"0","left":"0","isLinked":false},"_margin_tablet":{"unit":"px","top":"0","right":"0","bottom":"0","left":"0","isLinked":true},"_padding":{"unit":"px","top":"50","right":"50","bottom":"50","left":"50","isLinked":true},"_padding_tablet":{"unit":"px","top":"20","right":"20","bottom":"20","left":"20","isLinked":true},"_padding_mobile":{"unit":"px","top":"20","right":"20","bottom":"20","left":"20","isLinked":true},"_background_background":"classic","_background_color":"rgba(9,24,61,0.55)","button_background_hover_color":"#09183d"},"elements":[],"isInner":false,"widgetType":"form","elType":"widget"}],"isInner":false,"elType":"column"}],"isInner":false,"elType":"section"},{"id":"63c38a0f","settings":{"layout":"full_width","gap":"no","section_custom_css_pro":"","custom_css_pro":""},"elements":[{"id":"6c318f02","settings":{"_column_size":100,"_inline_size":null,"section_custom_css_pro":"","custom_css_pro":""},"elements":[{"id":"30f87fe2","settings":{"address":"2180 E Mariposa Rd, Stockton, CA 95205","section_custom_css_pro":"","custom_css_pro":""},"elements":[],"isInner":false,"widgetType":"google_maps","elType":"widget"}],"isInner":false,"elType":"column"}],"isInner":false,"elType":"section"}]}