{"version":"0.4","title":"Archives1-page","type":"page","content":[{"id":"2c30803a","settings":{"custom_height_tablet":{"unit":"px","size":0},"background_background":"classic","background_color":"#eeeeee","margin_tablet":{"unit":"px","top":"","right":0,"bottom":"","left":0,"isLinked":true},"padding":{"unit":"px","top":"100","right":"0","bottom":"100","left":"0","isLinked":false},"padding_tablet":{"unit":"px","top":"100","right":"25","bottom":"100","left":"25","isLinked":false},"padding_mobile":{"unit":"px","top":"50","right":"15","bottom":"50","left":"15","isLinked":false}},"elements":[{"id":"6388b0b2","settings":{"_column_size":100},"elements":[{"id":"3028d42","settings":{"__dynamic__":{"title":"[elementor-tag id=\"\" name=\"archive-title\" settings=\"%7B%22include_context%22%3A%22yes%22%2C%22before%22%3A%22%22%2C%22after%22%3A%22%22%2C%22fallback%22%3A%22%22%7D\"]"},"title":"Add Your Heading Text Here","align":"center","title_color":"#000000","typography_typography":"custom","typography_font_size":{"unit":"px","size":60},"typography_font_size_mobile":{"unit":"px","size":45}},"elements":[],"isInner":false,"widgetType":"theme-archive-title","elType":"widget"},{"id":"5ff2ba6e","settings":{"archive_classic_thumbnail_size_size":"full","archive_classic_image_width_tablet":{"unit":"%","size":100},"archive_classic_meta_data":[],"archive_classic_meta_separator":"\/\/\/","archive_classic_read_more_text":"Read More \u00bb","archive_cards_meta_separator":"\u2022","archive_cards_read_more_text":"Read More \u00bb","archive_classic_title_color":"#000000","archive_classic_excerpt_color":"#000000","archive_classic_read_more_color":"#00ce1b","pagination_page_limit":"5","pagination_prev_label":"&laquo; Previous","pagination_next_label":"Next &raquo;","pagination_color":"#000000","pagination_hover_color":"#00ce1b","pagination_active_color":"#00ce1b","nothing_found_message":"It seems we can't find what you're looking for.","_margin":{"unit":"px","top":"35","right":"0","bottom":"0","left":"0","isLinked":false}},"elements":[],"isInner":false,"widgetType":"archive-posts","elType":"widget"}],"isInner":false,"elType":"column"}],"isInner":false,"elType":"section"}]}