{"version":"0.4","title":"Archives5-page","type":"page","content":[{"id":"14af23ed","settings":{"padding":{"unit":"px","top":"100","right":"0","bottom":"100","left":"0","isLinked":false},"padding_tablet":{"unit":"px","top":"100","right":"25","bottom":"100","left":"25","isLinked":false},"padding_mobile":{"unit":"px","top":"50","right":"15","bottom":"50","left":"15","isLinked":false}},"elements":[{"id":"55f0496f","settings":{"_column_size":100,"padding_tablet":{"unit":"px","top":"0","right":"0","bottom":"0","left":"0","isLinked":true}},"elements":[{"id":"38f0b1fb","settings":{"__dynamic__":{"title":"[elementor-tag id=\"\" name=\"archive-title\" settings=\"%7B%22include_context%22%3A%22yes%22%2C%22before%22%3A%22%22%2C%22after%22%3A%22%22%2C%22fallback%22%3A%22%22%7D\"]"},"title":"Add Your Heading Text Here","align":"center","title_color":"#000000","typography_typography":"custom","typography_font_size":{"unit":"px","size":60},"typography_font_size_mobile":{"unit":"px","size":45}},"elements":[],"isInner":false,"widgetType":"theme-archive-title","elType":"widget"},{"id":"34605619","settings":{"_skin":"archive_cards","archive_classic_meta_separator":"\/\/\/","archive_classic_read_more_text":"Read More \u00bb","archive_cards_columns":"2","archive_cards_thumbnail_size_size":"full","archive_cards_item_ratio":{"unit":"px","size":0.45},"archive_cards_meta_data":[],"archive_cards_meta_separator":"\u2022","archive_cards_show_read_more":"","archive_cards_read_more_text":"Read More \u00bb","archive_cards_show_avatar":"","archive_cards_card_bg_color":"#000000","archive_cards_badge_bg_color":"#00ce1b","archive_cards_badge_color":"#ffffff","archive_cards_title_color":"#ffffff","archive_cards_excerpt_color":"#bcbcbc","pagination_page_limit":"5","pagination_prev_label":"&laquo; Previous","pagination_next_label":"Next &raquo;","pagination_color":"#000000","pagination_hover_color":"#00ce1b","pagination_active_color":"#00ce1b","nothing_found_message":"It seems we can't find what you're looking for.","_padding":{"unit":"px","top":"35","right":"0","bottom":"0","left":"0","isLinked":false}},"elements":[],"isInner":false,"widgetType":"archive-posts","elType":"widget"}],"isInner":false,"elType":"column"}],"isInner":false,"elType":"section"}]}