{"version":"0.4","title":"BeautySalon-Contact-page","type":"page","content":[{"id":"48a5ec60","settings":{"layout":"full_width","gap":"no","height":"min-height","custom_height":{"unit":"vh","size":"100","sizes":[]},"column_position":"stretch","content_position":"middle","structure":"20","margin_mobile":{"unit":"%","top":"","right":"0","bottom":"","left":"0","isLinked":"1"},"_title":"Hero","_timestamp_":"v1Smpyb2xHWDFzTnAyd291dVQ4THc0UT09"},"elements":[{"id":"4b5f72e1","settings":{"_column_size":"50","background_background":"classic","background_image":{"id":20,"url":"http:\/\/localhost\/dieuhau\/wp-content\/uploads\/2021\/04\/ContactPage-Hero.jpg"},"__globals__":{"background_color":""},"_inline_size_tablet":"100","background_position":"center center","background_xpos_tablet":{"unit":"%","size":"-27","sizes":[]},"background_ypos_tablet":{"unit":"px","size":"-235","sizes":[]},"background_repeat":"no-repeat","background_size":"cover","padding_mobile":{"unit":"%","top":"","right":"","bottom":"","left":"","isLinked":"1"}},"elements":[{"id":"65ceb269","settings":{"space_mobile":{"unit":"vh","size":"58","sizes":[]},"space_tablet":{"unit":"vh","size":"40","sizes":[]}},"elements":[],"isInner":false,"widgetType":"spacer","elType":"widget"}],"isInner":"","elType":"column"},{"id":"6c252a3a","settings":{"_column_size":"50","align":"center","background_background":"classic","padding":{"unit":"%","top":"0","right":"24","bottom":"0","left":"24","isLinked":""},"padding_mobile":{"unit":"%","top":"25","right":"15","bottom":"25","left":"15","isLinked":""},"__globals__":{"background_color":""},"_inline_size_tablet":"100","background_color":"#FFFFFF"},"elements":[{"id":"66b50e8a","settings":{"title":"Contact Us","motion_fx_tilt_speed":{"unit":"px","size":"6.8","sizes":[]},"align":"center","title_color":"#000000","typography_typography":"custom","typography_font_family":"Anton","typography_font_size":{"unit":"px","size":"85","sizes":[]},"typography_font_size_tablet":{"unit":"px","size":"45","sizes":[]},"typography_font_size_mobile":{"unit":"px","size":"32","sizes":[]},"typography_font_weight":"400","typography_text_transform":"uppercase","typography_font_style":"normal","typography_text_decoration":"none","typography_line_height":{"unit":"em","size":"1.2","sizes":[]},"typography_line_height_tablet":{"unit":"px","size":"","sizes":[]},"typography_line_height_mobile":{"unit":"px","size":"","sizes":[]},"typography_letter_spacing":{"unit":"px","size":"4.25","sizes":[]},"typography_letter_spacing_mobile":{"unit":"px","size":"3.25","sizes":[]}},"elements":[],"isInner":false,"widgetType":"heading","elType":"widget"},{"id":"5747a5f4","settings":{"title":"TO MAKE AN APPOINTMENT, PLEASE CALL US.<br> We would love to pamper you!","motion_fx_tilt_speed":{"unit":"px","size":"6.8","sizes":[]},"header_size":"h6","align":"center","_animation":"fadeInDown","animation_duration":"slow","__globals__":{"typography_typography":""},"title_color":"#000000","typography_typography":"custom","typography_font_family":"Roboto","typography_font_size":{"unit":"px","size":"14","sizes":[]},"typography_font_weight":"300","typography_text_transform":"uppercase","typography_font_style":"normal","typography_text_decoration":"none","typography_line_height":{"unit":"em","size":"1.3","sizes":[]},"typography_letter_spacing":{"unit":"px","size":"1.53","sizes":[]}},"elements":[],"isInner":false,"widgetType":"heading","elType":"widget"},{"id":"426fc282","settings":{"editor":"<p><strong>Phone:<\/strong><br \/>020-7946-0855<\/p><p><strong>Adress:<\/strong><br \/>36 Crown Street, London, WC2B 8FE<\/p><p><strong>Opening Hours:<\/strong><br \/>Monday - Friday<br \/>09:00 am - 09:00 pm<br \/>Saturday - Sunday - Closed<\/p>","align":"center","_margin":{"unit":"%","top":"5","right":"0","bottom":"0","left":"0","isLinked":""},"_animation":"fadeIn","animation_duration":"slow","text_color":"#000000","typography_typography":"custom","typography_font_family":"Roboto","typography_font_size":{"unit":"px","size":"16","sizes":[]},"typography_font_size_tablet":{"unit":"px","size":"14","sizes":[]},"typography_font_weight":"300","typography_text_transform":"none","typography_font_style":"normal","typography_text_decoration":"none","typography_line_height":{"unit":"em","size":"1.6","sizes":[]},"typography_letter_spacing":{"unit":"px","size":"-0.45","sizes":[]}},"elements":[],"isInner":false,"widgetType":"text-editor","elType":"widget"}],"isInner":"","elType":"column"}],"isInner":"","elType":"section"},{"id":"10fd0bad","settings":{"layout":"full_width","gap":"no","custom_height":{"unit":"vh","size":"","sizes":[]},"column_position":"stretch","margin":{"unit":"%","top":"","right":"0","bottom":"","left":"0","isLinked":"1"},"margin_tablet":{"unit":"%","top":"15","right":"0","bottom":"0","left":"0","isLinked":""},"margin_mobile":{"unit":"%","top":"30","right":"0","bottom":"0","left":"0","isLinked":""},"custom_height_tablet":{"unit":"vh","size":"100","sizes":[]},"background_background":"classic","padding":{"unit":"%","top":"10","right":"28","bottom":"10","left":"28","isLinked":""},"padding_tablet":{"unit":"%","top":"10","right":"15","bottom":"10","left":"15","isLinked":""},"padding_mobile":{"unit":"%","top":"20","right":"10","bottom":"20","left":"10","isLinked":""},"_title":"Contact Form","__globals__":{"background_color":""},"background_color":"#F8F3EF","_timestamp_":"v1Smpyb2xHWDFzTnAyd291dVQ4THc0UT09"},"elements":[{"id":"64110d49","settings":{"_column_size":"100"},"elements":[{"id":"62ab5cb5","settings":{"content_width":{"unit":"px","size":"680","sizes":[]},"gap":"no","margin":{"unit":"px","top":"0","right":"0","bottom":"0","left":"0","isLinked":""},"padding_mobile":{"unit":"%","top":"0","right":"5","bottom":"0","left":"5","isLinked":""},"padding_tablet":{"unit":"%","top":"0","right":"15","bottom":"0","left":"15","isLinked":""}},"elements":[{"id":"42d19497","settings":{"_column_size":"100"},"elements":[{"id":"434c6587","settings":{"title":"All Inquiries","align":"center","title_color":"#000000","typography_typography":"custom","typography_font_family":"Anton","typography_font_size":{"unit":"px","size":"85","sizes":[]},"typography_font_size_tablet":{"unit":"px","size":"45","sizes":[]},"typography_font_size_mobile":{"unit":"px","size":"32","sizes":[]},"typography_font_weight":"400","typography_text_transform":"uppercase","typography_font_style":"normal","typography_text_decoration":"none","typography_line_height":{"unit":"em","size":"1.2","sizes":[]},"typography_line_height_tablet":{"unit":"px","size":"","sizes":[]},"typography_line_height_mobile":{"unit":"px","size":"","sizes":[]},"typography_letter_spacing":{"unit":"px","size":"4.25","sizes":[]},"typography_letter_spacing_mobile":{"unit":"px","size":"3.25","sizes":[]}},"elements":[],"isInner":false,"widgetType":"heading","elType":"widget"},{"id":"1029e7f9","settings":{"editor":"<p>For all service inquires, please fill out the form and we'll get back to you as soon as possible.<br \/>We'll be happy to answer all of your questions and make sure you have an amazing experience at our salon.<\/p>","align":"center","_animation":"fadeIn","text_color":"#000000","typography_typography":"custom","typography_font_family":"Roboto","typography_font_size":{"unit":"px","size":"16","sizes":[]},"typography_font_size_tablet":{"unit":"px","size":"14","sizes":[]},"typography_font_weight":"300","typography_text_transform":"none","typography_font_style":"normal","typography_text_decoration":"none","typography_line_height":{"unit":"em","size":"1.6","sizes":[]},"typography_letter_spacing":{"unit":"px","size":"-0.45","sizes":[]}},"elements":[],"isInner":false,"widgetType":"text-editor","elType":"widget"}],"isInner":"1","elType":"column"}],"isInner":"1","elType":"section"},{"id":"26213cc","settings":{"form_name":"Contact Form","form_fields":[{"_id":"436f233","field_label":"Full Name*","placeholder":"Full Name*","width":"50","custom_id":"field_436f233","rows":"4","file_sizes":"","file_types":"","allow_multiple_upload":"","max_files":"","acceptance_text":"","checked_by_default":"","field_min":"","field_max":"","min_date":"","max_date":"","use_native_date":"","use_native_time":"","previous_button":"","next_button":""},{"field_type":"tel","field_label":"Phone Number*","placeholder":"Phone Number*","width":"50","custom_id":"field_13f8176","_id":"13f8176","rows":"4","file_sizes":"","file_types":"","allow_multiple_upload":"","max_files":"","acceptance_text":"","checked_by_default":"","field_min":"","field_max":"","min_date":"","max_date":"","use_native_date":"","use_native_time":"","previous_button":"","next_button":""},{"custom_id":"email","field_type":"email","required":"true","field_label":"Email Address*","placeholder":"Email Address*","_id":"fa9eb43","width":"50","rows":"4","file_sizes":"","file_types":"","allow_multiple_upload":"","max_files":"","acceptance_text":"","checked_by_default":"","field_min":"","field_max":"","min_date":"","max_date":"","use_native_date":"","use_native_time":"","previous_button":"","next_button":""},{"custom_id":"field_e09e076","required":"true","field_label":"Subject*","placeholder":"Subject*","width":"50","_id":"e09e076","rows":"4","file_sizes":"","file_types":"","allow_multiple_upload":"","max_files":"","acceptance_text":"","checked_by_default":"","field_min":"","field_max":"","min_date":"","max_date":"","use_native_date":"","use_native_time":"","previous_button":"","next_button":""},{"_id":"8fc8fef","field_type":"textarea","field_label":"Message","placeholder":"Message","custom_id":"field_8fc8fef","rows":"4","file_sizes":"","file_types":"","allow_multiple_upload":"","max_files":"","acceptance_text":"","checked_by_default":"","field_min":"","field_max":"","min_date":"","max_date":"","use_native_date":"","use_native_time":"","previous_button":"","next_button":""}],"show_labels":"","button_align":"center","step_next_label":"Next","step_previous_label":"Previous","button_text":"submit message","email_content":"[all-fields]","email_content_2":"[all-fields]","success_message":"The form was sent successfully.","error_message":"An error occurred.","required_field_message":"This field is required.","invalid_message":"There's something wrong. The form is invalid.","field_background_color":"","field_border_width":{"unit":"px","top":"0","right":"0","bottom":"1","left":"0","isLinked":""},"field_border_radius":{"unit":"px","top":"0","right":"0","bottom":"0","left":"0","isLinked":""},"button_text_padding":{"unit":"px","top":"15","right":"22","bottom":"15","left":"22","isLinked":""},"__globals__":{"field_border_color":"","button_background_color":"","button_text_color":"","button_hover_color":"","success_message_color":"","error_message_color":"","inline_message_color":"","button_background_hover_color":"","button_hover_border_color":"","button_border_color":""},"column_gap":{"unit":"px","size":"30","sizes":[]},"row_gap":{"unit":"px","size":"35","sizes":[]},"field_border_color":"#626060","button_border_border":"solid","button_border_width":{"unit":"px","top":"1","right":"1","bottom":"1","left":"1","isLinked":"1"},"button_background_color":"#000000","button_text_color":"#FFFFFF","button_background_hover_color":"#FFFFFF00","button_hover_color":"#000000","button_border_radius":{"unit":"px","top":"0","right":"0","bottom":"0","left":"0","isLinked":""},"success_message_color":"#000000","error_message_color":"#000000","inline_message_color":"#000000","_margin":{"unit":"%","top":"5","right":"0","bottom":"0","left":"0","isLinked":""},"field_text_color":"#000000","field_typography_typography":"custom","field_typography_font_family":"Roboto","field_typography_font_size":{"unit":"px","size":"16","sizes":[]},"field_typography_font_size_tablet":{"unit":"px","size":"14","sizes":[]},"field_typography_font_weight":"300","field_typography_text_transform":"none","field_typography_font_style":"normal","field_typography_text_decoration":"none","field_typography_line_height":{"unit":"em","size":"1.6","sizes":[]},"field_typography_letter_spacing":{"unit":"px","size":"-0.45","sizes":[]},"button_typography_typography":"custom","button_typography_font_family":"Roboto","button_typography_font_size":{"unit":"px","size":"14","sizes":[]},"button_typography_font_weight":"300","button_typography_text_transform":"uppercase","button_typography_font_style":"normal","button_typography_text_decoration":"none","button_typography_line_height":{"unit":"em","size":"1.3","sizes":[]},"button_typography_letter_spacing":{"unit":"px","size":"1.53","sizes":[]},"button_border_color":"#000000","message_typography_typography":"custom","message_typography_font_family":"Roboto","message_typography_font_size":{"unit":"px","size":"16","sizes":[]},"message_typography_font_size_tablet":{"unit":"px","size":"14","sizes":[]},"message_typography_font_weight":"300","message_typography_text_transform":"none","message_typography_font_style":"normal","message_typography_text_decoration":"none","message_typography_line_height":{"unit":"em","size":"1.6","sizes":[]},"message_typography_letter_spacing":{"unit":"px","size":"-0.45","sizes":[]}},"elements":[],"isInner":false,"widgetType":"form","elType":"widget"}],"isInner":"","elType":"column"}],"isInner":"","elType":"section"},{"id":"1aafae03","settings":{"layout":"full_width","gap":"no","custom_height":{"unit":"px","size":"600","sizes":[]},"column_position":"stretch","content_position":"middle","structure":"22","_title":"Maps","reverse_order_mobile":"reverse-mobile","_timestamp_":"v1Smpyb2xHWDFzTnAyd291dVQ4THc0UT09"},"elements":[{"id":"48883223","settings":{"_column_size":"33","_inline_size_tablet":"45","background_position":"center center","background_repeat":"no-repeat","background_size":"cover"},"elements":[{"id":"23390fc8","settings":{"address":"36 Crown Street, London , WC2B 8FE","height":{"unit":"px","size":"600","sizes":[]},"height_tablet":{"unit":"px","size":"380","sizes":[]},"height_mobile":{"unit":"px","size":"210","sizes":[]},"css_filters_css_filter":"custom","css_filters_saturate":{"unit":"px","size":"0","sizes":[]},"css_filters_hover_css_filter":"custom","hover_transition":{"unit":"px","size":"0.6","sizes":[]}},"elements":[],"isInner":false,"widgetType":"google_maps","elType":"widget"}],"isInner":"","elType":"column"},{"id":"9275298","settings":{"_column_size":"66","_inline_size_tablet":"55","background_background":"classic","padding":{"unit":"%","top":"0","right":"10","bottom":"0","left":"8","isLinked":""},"__globals__":{"background_color":""},"padding_mobile":{"unit":"%","top":"20","right":"5","bottom":"20","left":"5","isLinked":""},"background_color":"#FFFFFF"},"elements":[{"id":"5ad17c8f","settings":{"title":"Flare Hair &amp; Beauty Salon","header_size":"h6","__globals__":{"typography_typography":""},"title_color":"#000000","typography_typography":"custom","typography_font_family":"Roboto","typography_font_size":{"unit":"px","size":"14","sizes":[]},"typography_font_weight":"300","typography_text_transform":"uppercase","typography_font_style":"normal","typography_text_decoration":"none","typography_line_height":{"unit":"em","size":"1.3","sizes":[]},"typography_letter_spacing":{"unit":"px","size":"1.53","sizes":[]}},"elements":[],"isInner":false,"widgetType":"heading","elType":"widget"},{"id":"8605341","settings":{"title":"Where To Find Us","header_size":"h3","__globals__":{"typography_typography":""},"title_color":"#000000","typography_typography":"custom","typography_font_family":"Anton","typography_font_size":{"unit":"px","size":"85","sizes":[]},"typography_font_size_tablet":{"unit":"px","size":"45","sizes":[]},"typography_font_size_mobile":{"unit":"px","size":"32","sizes":[]},"typography_font_weight":"400","typography_text_transform":"uppercase","typography_font_style":"normal","typography_text_decoration":"none","typography_line_height":{"unit":"em","size":"1.2","sizes":[]},"typography_line_height_tablet":{"unit":"px","size":"","sizes":[]},"typography_line_height_mobile":{"unit":"px","size":"","sizes":[]},"typography_letter_spacing":{"unit":"px","size":"4.25","sizes":[]},"typography_letter_spacing_mobile":{"unit":"px","size":"3.25","sizes":[]}},"elements":[],"isInner":false,"widgetType":"heading","elType":"widget"}],"isInner":"","elType":"column"}],"isInner":"","elType":"section"}]}