{"version":"0.4","title":"BeautySalon-Home-page","type":"page","content":[{"id":"6656ec16","settings":{"layout":"full_width","gap":"no","height":"min-height","custom_height":{"unit":"vh","size":"100","sizes":[]},"structure":"21","column_position":"stretch","content_position":"middle","overflow":"hidden","_title":"Hero","_timestamp_":"v1Smpyb2xHWDFzTnAyd291dVQ4THc0UT09"},"elements":[{"id":"19989ddb","settings":{"_column_size":"33","background_background":"classic","background_image":{"id":41,"url":"http:\/\/localhost\/dieuhau\/wp-content\/uploads\/2021\/04\/HomePage-Hero.jpg"},"background_position":"center center","background_repeat":"no-repeat","background_size":"cover","z_index":"2","_inline_size_tablet":"100","background_position_mobile":"top center","background_position_tablet":"initial","background_ypos_tablet":{"unit":"px","size":"-90","sizes":[]}},"elements":[{"id":"6a98d1ee","settings":{"space_mobile":{"unit":"vh","size":"60","sizes":[]},"space_tablet":{"unit":"vh","size":"50","sizes":[]}},"elements":[],"isInner":false,"widgetType":"spacer","elType":"widget"}],"isInner":"","elType":"column"},{"id":"243db92f","settings":{"_column_size":"66","_inline_size_tablet":"100","padding_mobile":{"unit":"%","top":"","right":"","bottom":"","left":"","isLinked":"1"}},"elements":[{"id":"61d792ab","settings":{"gap":"no","margin":{"unit":"px","top":"0","right":"0","bottom":"0","left":"0","isLinked":""},"padding":{"unit":"%","top":"0","right":"10","bottom":"0","left":"15","isLinked":""},"z_index":"2","padding_tablet":{"unit":"%","top":"0","right":"5","bottom":"0","left":"5","isLinked":""},"margin_mobile":{"unit":"%","top":"15","right":"0","bottom":"20","left":"0","isLinked":""},"margin_tablet":{"unit":"px","top":"","right":"0","bottom":"","left":"0","isLinked":"1"}},"elements":[{"id":"5d8695c8","settings":{"_column_size":"100"},"elements":[{"id":"74ad6983","settings":{"title":"LOOK AMAZING<br> AND FEEL AS FAB <br>AS EVER\n","animation_duration":"slow","title_color":"#000000","typography_typography":"custom","typography_font_family":"Anton","typography_font_size":{"unit":"px","size":"85","sizes":[]},"typography_font_size_tablet":{"unit":"px","size":"45","sizes":[]},"typography_font_size_mobile":{"unit":"px","size":"32","sizes":[]},"typography_font_weight":"400","typography_text_transform":"uppercase","typography_font_style":"normal","typography_text_decoration":"none","typography_line_height":{"unit":"em","size":"1.2","sizes":[]},"typography_line_height_tablet":{"unit":"px","size":"","sizes":[]},"typography_line_height_mobile":{"unit":"px","size":"","sizes":[]},"typography_letter_spacing":{"unit":"px","size":"4.25","sizes":[]},"typography_letter_spacing_mobile":{"unit":"px","size":"3.25","sizes":[]}},"elements":[],"isInner":false,"widgetType":"heading","elType":"widget"},{"id":"bd3082c","settings":{"editor":"<p>Feel like a superstar everyday, with your own<br \/>look and style<\/p>","_animation":"fadeIn","text_color":"#000000","typography_typography":"custom","typography_font_family":"Roboto","typography_font_size":{"unit":"px","size":"16","sizes":[]},"typography_font_size_tablet":{"unit":"px","size":"14","sizes":[]},"typography_font_weight":"300","typography_text_transform":"none","typography_font_style":"normal","typography_text_decoration":"none","typography_line_height":{"unit":"em","size":"1.6","sizes":[]},"typography_letter_spacing":{"unit":"px","size":"-0.45","sizes":[]}},"elements":[],"isInner":false,"widgetType":"text-editor","elType":"widget"}],"isInner":"1","elType":"column"}],"isInner":"1","elType":"section"},{"id":"1492d440","settings":{"title":"FLAIR","header_size":"span","_position":"absolute","_offset_orientation_v":"end","__globals__":{"typography_typography":"","title_color":""},"align":"justify","_offset_x":{"unit":"vw","size":"-1.5","sizes":[]},"_offset_y_end":{"unit":"px","size":"-5","sizes":[]},"animation_duration":"slow","title_color":"#F8F3EF","typography_typography":"custom","typography_font_family":"Anton","typography_font_size":{"unit":"vw","size":"28","sizes":[]},"typography_font_size_tablet":{"unit":"vw","size":"42","sizes":[]},"typography_font_size_mobile":{"unit":"vw","size":"40","sizes":[]},"typography_font_weight":"400","typography_text_transform":"uppercase","typography_font_style":"normal","typography_text_decoration":"none","typography_line_height":{"unit":"em","size":"0.8","sizes":[]},"typography_letter_spacing":{"unit":"px","size":"50.12","sizes":[]},"typography_letter_spacing_tablet":{"unit":"px","size":"25","sizes":[]},"typography_letter_spacing_mobile":{"unit":"px","size":"15","sizes":[]}},"elements":[],"isInner":false,"widgetType":"heading","elType":"widget"}],"isInner":"","elType":"column"}],"isInner":"","elType":"section"},{"id":"167488af","settings":{"layout":"full_width","gap":"no","custom_height":{"unit":"px","size":"370","sizes":[]},"background_background":"classic","__globals__":{"background_color":""},"custom_height_tablet":{"unit":"px","size":"215","sizes":[]},"overflow":"hidden","_title":"Strip Text","padding":{"unit":"%","top":"8","right":"0","bottom":"8","left":"0","isLinked":""},"background_color":"#FFFFFF","_timestamp_":"v1Smpyb2xHWDFzTnAyd291dVQ4THc0UT09"},"elements":[{"id":"7534c2e3","settings":{"_column_size":"100","background_background":"classic","__globals__":{"background_color":""},"background_color":"#F8F3EF"},"elements":[{"id":"5cd5ab2c","settings":{"layout":"full_width","margin":{"unit":"px","top":"0","right":"0","bottom":"0","left":"0","isLinked":""}},"elements":[{"id":"77e56f5","settings":{"_column_size":"100"},"elements":[{"id":"2a4d0dda","settings":{"title":"WELCOME TO FLAIR LONDON HAIR &amp; BEAUTY SALON","header_size":"h4","__globals__":{"typography_typography":"","_background_color":""},"_margin":{"unit":"px","top":"0","right":"-500","bottom":"0","left":"-500","isLinked":""},"_padding":{"unit":"em","top":"0.6","right":"0","bottom":"0.3","left":"0","isLinked":""},"_background_background":"classic","_animation":"slideInRight","animation_duration":"slow","align":"center","typography_typography":"custom","typography_font_family":"Anton","typography_font_size":{"unit":"vw","size":"4.5","sizes":[]},"typography_font_size_tablet":{"unit":"vw","size":"3.5","sizes":[]},"typography_font_size_mobile":{"unit":"vw","size":"4.8","sizes":[]},"typography_font_weight":"400","typography_text_transform":"uppercase","typography_font_style":"normal","typography_text_decoration":"none","typography_line_height":{"unit":"em","size":"0.9","sizes":[]},"typography_letter_spacing":{"unit":"px","size":"8.55","sizes":[]},"title_color":"#000000"},"elements":[],"isInner":false,"widgetType":"heading","elType":"widget"}],"isInner":"1","elType":"column"}],"isInner":"1","elType":"section"}],"isInner":"","elType":"column"}],"isInner":"","elType":"section"},{"id":"36c8e4cb","settings":{"layout":"full_width","gap":"no","height":"min-height","custom_height":{"unit":"vh","size":"100","sizes":[]},"custom_height_mobile":{"unit":"vh","size":"0","sizes":[]},"column_position":"stretch","content_position":"middle","structure":"22","padding":{"unit":"%","top":"","right":"","bottom":"","left":"","isLinked":"1"},"reverse_order_mobile":"reverse-mobile","_title":"About Us","_timestamp_":"v1Smpyb2xHWDFzTnAyd291dVQ4THc0UT09"},"elements":[{"id":"33a1d080","settings":{"_column_size":"66","_inline_size_tablet":"55","padding":{"unit":"%","top":"0","right":"30","bottom":"0","left":"5","isLinked":""},"padding_tablet":{"unit":"%","top":"0","right":"10","bottom":"0","left":"10","isLinked":""},"padding_mobile":{"unit":"%","top":"10","right":"10","bottom":"0","left":"10","isLinked":""},"background_background":"classic","z_index":"1","__globals__":{"background_color":""},"background_color":"#F2E7DF"},"elements":[{"id":"429ae009","settings":{"gap":"no","structure":"20","margin":{"unit":"px","top":"0","right":"0","bottom":"0","left":"0","isLinked":""}},"elements":[{"id":"74f20d5f","settings":{"_column_size":"50","_inline_size":"40.46","_inline_size_tablet":"100","margin":{"unit":"px","top":"0","right":"10","bottom":"0","left":"0","isLinked":""}},"elements":[{"id":"74eaada1","settings":{"title":"01","header_size":"span","align":"right","__globals__":{"typography_typography":"","title_color":""},"title_color":"#F8F3EF","typography_typography":"custom","typography_font_family":"Anton","typography_font_size":{"unit":"px","size":"215","sizes":[]},"typography_font_weight":"400","typography_text_transform":"uppercase","typography_font_style":"normal","typography_text_decoration":"none","typography_line_height":{"unit":"px","size":"215","sizes":[]},"typography_letter_spacing":{"unit":"px","size":"6.32","sizes":[]}},"elements":[],"isInner":false,"widgetType":"heading","elType":"widget"}],"isInner":"1","elType":"column"},{"id":"d5c5949","settings":{"_column_size":"50","_inline_size":"59.531","_inline_size_tablet":"100","margin_tablet":{"unit":"%","top":"-35","right":"0","bottom":"0","left":"0","isLinked":""}},"elements":[{"id":"642e9c21","settings":{"title":"ABOUT US","title_color":"#000000","typography_typography":"custom","typography_font_family":"Anton","typography_font_size":{"unit":"px","size":"85","sizes":[]},"typography_font_size_tablet":{"unit":"px","size":"45","sizes":[]},"typography_font_size_mobile":{"unit":"px","size":"32","sizes":[]},"typography_font_weight":"400","typography_text_transform":"uppercase","typography_font_style":"normal","typography_text_decoration":"none","typography_line_height":{"unit":"em","size":"1.2","sizes":[]},"typography_line_height_tablet":{"unit":"px","size":"","sizes":[]},"typography_line_height_mobile":{"unit":"px","size":"","sizes":[]},"typography_letter_spacing":{"unit":"px","size":"4.25","sizes":[]},"typography_letter_spacing_mobile":{"unit":"px","size":"3.25","sizes":[]}},"elements":[],"isInner":false,"widgetType":"heading","elType":"widget"},{"id":"3fa25864","settings":{"editor":"Lorem ipsum dolor sit amet, consectet adipiscing\u00a0elit,sed do eiusm por incididunt ut labore et dolore magna aliqua. Ut enim ad minim veniam, quis nostrud exercitation ullamco laboris nisi ut aliquip ex ea sint occae cupidatat non proident, sunt in culpa qui officia mollit natoque t massa quis enim.","text_color":"#000000","typography_typography":"custom","typography_font_family":"Roboto","typography_font_size":{"unit":"px","size":"16","sizes":[]},"typography_font_size_tablet":{"unit":"px","size":"14","sizes":[]},"typography_font_weight":"300","typography_text_transform":"none","typography_font_style":"normal","typography_text_decoration":"none","typography_line_height":{"unit":"em","size":"1.6","sizes":[]},"typography_letter_spacing":{"unit":"px","size":"-0.45","sizes":[]}},"elements":[],"isInner":false,"widgetType":"text-editor","elType":"widget"},{"id":"19fe6f2c","settings":{"text":"MORE ABOUT US \u27f6","icon_align":"right","icon_indent":{"unit":"px","size":"12","sizes":[]},"button_text_color":"#000000","background_color":"#FFFFFF00","text_padding":{"unit":"px","top":"0","right":"0","bottom":"0","left":"0","isLinked":""},"__globals__":{"button_text_color":"","background_color":"","hover_color":"","button_background_hover_color":""},"typography_typography":"custom","typography_font_family":"Roboto","typography_font_size":{"unit":"px","size":"14","sizes":[]},"typography_font_weight":"300","typography_text_transform":"uppercase","typography_font_style":"normal","typography_text_decoration":"none","typography_line_height":{"unit":"em","size":"1.3","sizes":[]},"typography_letter_spacing":{"unit":"px","size":"1.53","sizes":[]},"hover_color":"#626060"},"elements":[],"isInner":false,"widgetType":"button","elType":"widget"}],"isInner":"1","elType":"column"}],"isInner":"1","elType":"section"}],"isInner":"","elType":"column"},{"id":"60809ce","settings":{"_column_size":"33","_inline_size_tablet":"45","content_position":"bottom","background_background":"classic","background_image":{"id":42,"url":"http:\/\/localhost\/dieuhau\/wp-content\/uploads\/2021\/04\/HomePage-AboutUs.jpg"},"background_position":"center center","background_repeat":"no-repeat","background_size":"cover","padding_mobile":{"unit":"%","top":"40","right":"0","bottom":"0","left":"0","isLinked":""}},"elements":[{"id":"5edb7ad","settings":{"title":"FLAIR","header_size":"span","_padding":{"unit":"px","top":"10","right":"13","bottom":"7","left":"20","isLinked":""},"_background_background":"classic","_element_width":"auto","__globals__":{"_background_color":""},"motion_fx_motion_fx_scrolling":"yes","motion_fx_translateX_effect":"yes","motion_fx_translateX_direction":"negative","motion_fx_translateX_affectedRange":{"unit":"%","size":"","sizes":{"start":"0","end":"50"}},"motion_fx_translateX_speed":{"unit":"px","size":"1","sizes":[]},"title_color":"#000000","typography_typography":"custom","typography_font_family":"Anton","typography_font_size":{"unit":"px","size":"85","sizes":[]},"typography_font_size_tablet":{"unit":"px","size":"45","sizes":[]},"typography_font_size_mobile":{"unit":"px","size":"32","sizes":[]},"typography_font_weight":"400","typography_text_transform":"uppercase","typography_font_style":"normal","typography_text_decoration":"none","typography_line_height":{"unit":"em","size":"1.2","sizes":[]},"typography_line_height_tablet":{"unit":"px","size":"","sizes":[]},"typography_line_height_mobile":{"unit":"px","size":"","sizes":[]},"typography_letter_spacing":{"unit":"px","size":"4.25","sizes":[]},"typography_letter_spacing_mobile":{"unit":"px","size":"3.25","sizes":[]},"_background_color":"#FFFFFF"},"elements":[],"isInner":false,"widgetType":"heading","elType":"widget"}],"isInner":"","elType":"column"}],"isInner":"","elType":"section"},{"id":"6ef81acf","settings":{"layout":"full_width","gap":"no","custom_height":{"unit":"vh","size":"","sizes":[]},"column_position":"stretch","content_position":"middle","structure":"20","margin_mobile":{"unit":"%","top":"25","right":"0","bottom":"0","left":"0","isLinked":""},"_title":"Beauty Service","_timestamp_":"v1Smpyb2xHWDFzTnAyd291dVQ4THc0UT09"},"elements":[{"id":"4e66d641","settings":{"_column_size":"50","align":"center","background_background":"classic","padding_mobile":{"unit":"%","top":"25","right":"0","bottom":"25","left":"0","isLinked":""},"__globals__":{"background_color":""},"background_color":"#FFFFFF"},"elements":[{"id":"26bac56","settings":{"title":"b","align":"center","motion_fx_tilt_speed":{"unit":"px","size":"6.8","sizes":[]},"_animation":"fadeInDown","_element_width":"auto","title_color":"#000000","typography_typography":"custom","typography_font_family":"Anton","typography_font_size":{"unit":"px","size":"85","sizes":[]},"typography_font_size_tablet":{"unit":"px","size":"45","sizes":[]},"typography_font_size_mobile":{"unit":"px","size":"32","sizes":[]},"typography_font_weight":"400","typography_text_transform":"uppercase","typography_font_style":"normal","typography_text_decoration":"none","typography_line_height":{"unit":"em","size":"1.2","sizes":[]},"typography_line_height_tablet":{"unit":"px","size":"","sizes":[]},"typography_line_height_mobile":{"unit":"px","size":"","sizes":[]},"typography_letter_spacing":{"unit":"px","size":"4.25","sizes":[]},"typography_letter_spacing_mobile":{"unit":"px","size":"3.25","sizes":[]}},"elements":[],"isInner":false,"widgetType":"heading","elType":"widget"},{"id":"3d06a8f1","settings":{"title":"e","align":"center","_animation":"fadeInUp","_element_width":"auto","title_color":"#000000","typography_typography":"custom","typography_font_family":"Anton","typography_font_size":{"unit":"px","size":"85","sizes":[]},"typography_font_size_tablet":{"unit":"px","size":"45","sizes":[]},"typography_font_size_mobile":{"unit":"px","size":"32","sizes":[]},"typography_font_weight":"400","typography_text_transform":"uppercase","typography_font_style":"normal","typography_text_decoration":"none","typography_line_height":{"unit":"em","size":"1.2","sizes":[]},"typography_line_height_tablet":{"unit":"px","size":"","sizes":[]},"typography_line_height_mobile":{"unit":"px","size":"","sizes":[]},"typography_letter_spacing":{"unit":"px","size":"4.25","sizes":[]},"typography_letter_spacing_mobile":{"unit":"px","size":"3.25","sizes":[]}},"elements":[],"isInner":false,"widgetType":"heading","elType":"widget"},{"id":"5e28031c","settings":{"title":"a","align":"center","_animation":"fadeInDown","_element_width":"auto","title_color":"#000000","typography_typography":"custom","typography_font_family":"Anton","typography_font_size":{"unit":"px","size":"85","sizes":[]},"typography_font_size_tablet":{"unit":"px","size":"45","sizes":[]},"typography_font_size_mobile":{"unit":"px","size":"32","sizes":[]},"typography_font_weight":"400","typography_text_transform":"uppercase","typography_font_style":"normal","typography_text_decoration":"none","typography_line_height":{"unit":"em","size":"1.2","sizes":[]},"typography_line_height_tablet":{"unit":"px","size":"","sizes":[]},"typography_line_height_mobile":{"unit":"px","size":"","sizes":[]},"typography_letter_spacing":{"unit":"px","size":"4.25","sizes":[]},"typography_letter_spacing_mobile":{"unit":"px","size":"3.25","sizes":[]}},"elements":[],"isInner":false,"widgetType":"heading","elType":"widget"},{"id":"7ecc341a","settings":{"title":"u","align":"center","_animation":"fadeInUp","_element_width":"auto","title_color":"#000000","typography_typography":"custom","typography_font_family":"Anton","typography_font_size":{"unit":"px","size":"85","sizes":[]},"typography_font_size_tablet":{"unit":"px","size":"45","sizes":[]},"typography_font_size_mobile":{"unit":"px","size":"32","sizes":[]},"typography_font_weight":"400","typography_text_transform":"uppercase","typography_font_style":"normal","typography_text_decoration":"none","typography_line_height":{"unit":"em","size":"1.2","sizes":[]},"typography_line_height_tablet":{"unit":"px","size":"","sizes":[]},"typography_line_height_mobile":{"unit":"px","size":"","sizes":[]},"typography_letter_spacing":{"unit":"px","size":"4.25","sizes":[]},"typography_letter_spacing_mobile":{"unit":"px","size":"3.25","sizes":[]}},"elements":[],"isInner":false,"widgetType":"heading","elType":"widget"},{"id":"1e548226","settings":{"title":"t","align":"center","_animation":"fadeInDown","_element_width":"auto","title_color":"#000000","typography_typography":"custom","typography_font_family":"Anton","typography_font_size":{"unit":"px","size":"85","sizes":[]},"typography_font_size_tablet":{"unit":"px","size":"45","sizes":[]},"typography_font_size_mobile":{"unit":"px","size":"32","sizes":[]},"typography_font_weight":"400","typography_text_transform":"uppercase","typography_font_style":"normal","typography_text_decoration":"none","typography_line_height":{"unit":"em","size":"1.2","sizes":[]},"typography_line_height_tablet":{"unit":"px","size":"","sizes":[]},"typography_line_height_mobile":{"unit":"px","size":"","sizes":[]},"typography_letter_spacing":{"unit":"px","size":"4.25","sizes":[]},"typography_letter_spacing_mobile":{"unit":"px","size":"3.25","sizes":[]}},"elements":[],"isInner":false,"widgetType":"heading","elType":"widget"},{"id":"2e78d112","settings":{"title":"y","align":"center","_animation":"fadeInUp","_element_width":"auto","title_color":"#000000","typography_typography":"custom","typography_font_family":"Anton","typography_font_size":{"unit":"px","size":"85","sizes":[]},"typography_font_size_tablet":{"unit":"px","size":"45","sizes":[]},"typography_font_size_mobile":{"unit":"px","size":"32","sizes":[]},"typography_font_weight":"400","typography_text_transform":"uppercase","typography_font_style":"normal","typography_text_decoration":"none","typography_line_height":{"unit":"em","size":"1.2","sizes":[]},"typography_line_height_tablet":{"unit":"px","size":"","sizes":[]},"typography_line_height_mobile":{"unit":"px","size":"","sizes":[]},"typography_letter_spacing":{"unit":"px","size":"4.25","sizes":[]},"typography_letter_spacing_mobile":{"unit":"px","size":"3.25","sizes":[]}},"elements":[],"isInner":false,"widgetType":"heading","elType":"widget"}],"isInner":"","elType":"column"},{"id":"77247525","settings":{"_column_size":"50","background_background":"classic","__globals__":{"background_color":""},"background_color":"#F8F3EF"},"elements":[{"id":"36ad81b6","settings":{"bg_image":{"url":"","id":""},"graphic_element":"image","graphic_image":{"id":43,"url":"http:\/\/localhost\/dieuhau\/wp-content\/uploads\/2021\/04\/HomePage-Services-MakeUp.jpg"},"graphic_image_size":"full","title":"","description":"Donec quam felis, ultricies nec, pellentesque eu, pretium consequat, leo eget bibendum soda Lorem ipsum dolor sit amet, consectet ","button":"SERVICES &amp; PRICE LIST \u27f6","min-height":{"unit":"vh","size":"100","sizes":[]},"min-height_tablet":{"unit":"vh","size":"50","sizes":[]},"padding":{"unit":"%","top":"0","right":"25","bottom":"0","left":"25","isLinked":""},"padding_tablet":{"unit":"%","top":"15","right":"10","bottom":"15","left":"10","isLinked":""},"graphic_image_spacing":{"unit":"px","size":"35","sizes":[]},"graphic_image_width":{"unit":"%","size":"100","sizes":[]},"description_spacing":{"unit":"px","size":"35","sizes":[]},"description_color":"#000000","button_text_color":"#000000","button_background_color":"#FFFFFF00","button_hover_text_color":"#626060","button_border_width":{"unit":"px","size":"0","sizes":[]},"transformation":"","__globals__":{"content_bg_color":"","description_color":"","button_text_color":"","button_background_color":"","button_hover_background_color":"","button_hover_text_color":""},"description_typography_typography":"custom","description_typography_font_family":"Roboto","description_typography_font_size":{"unit":"px","size":"16","sizes":[]},"description_typography_font_size_tablet":{"unit":"px","size":"14","sizes":[]},"description_typography_font_weight":"300","description_typography_text_transform":"none","description_typography_font_style":"normal","description_typography_text_decoration":"none","description_typography_line_height":{"unit":"em","size":"1.6","sizes":[]},"description_typography_letter_spacing":{"unit":"px","size":"-0.45","sizes":[]},"content_bg_color":"#FFFFFF00","button_typography_typography":"custom","button_typography_font_family":"Roboto","button_typography_font_size":{"unit":"px","size":"14","sizes":[]},"button_typography_font_weight":"300","button_typography_text_transform":"uppercase","button_typography_font_style":"normal","button_typography_text_decoration":"none","button_typography_line_height":{"unit":"em","size":"1.3","sizes":[]},"button_typography_letter_spacing":{"unit":"px","size":"1.53","sizes":[]}},"elements":[],"isInner":false,"widgetType":"call-to-action","elType":"widget"}],"isInner":"","elType":"column"}],"isInner":"","elType":"section"},{"id":"5a39f464","settings":{"layout":"full_width","gap":"no","custom_height":{"unit":"vh","size":"","sizes":[]},"column_position":"stretch","content_position":"middle","structure":"20","reverse_order_mobile":"reverse-mobile","_title":"Hair Service","_timestamp_":"v1Smpyb2xHWDFzTnAyd291dVQ4THc0UT09"},"elements":[{"id":"3e3dd24d","settings":{"_column_size":"50","background_background":"classic","__globals__":{"background_color":""},"background_color":"#F8F3EF"},"elements":[{"id":"7922e918","settings":{"bg_image":{"url":"","id":""},"graphic_element":"image","graphic_image":{"id":44,"url":"http:\/\/localhost\/dieuhau\/wp-content\/uploads\/2021\/04\/HomePage-Services-Hair.jpg"},"graphic_image_size":"full","title":"","description":"Donec quam felis, ultricies nec, pellentesque eu, pretium consequat, leo eget bibendum soda Lorem ipsum dolor sit amet, consectet ","button":"SERVICES &amp; PRICE LIST \u27f6","min-height":{"unit":"vh","size":"100","sizes":[]},"min-height_tablet":{"unit":"vh","size":"50","sizes":[]},"padding":{"unit":"%","top":"0","right":"25","bottom":"0","left":"25","isLinked":""},"padding_tablet":{"unit":"%","top":"15","right":"10","bottom":"15","left":"10","isLinked":""},"graphic_image_spacing":{"unit":"px","size":"35","sizes":[]},"graphic_image_width":{"unit":"%","size":"100","sizes":[]},"description_spacing":{"unit":"px","size":"35","sizes":[]},"description_color":"#000000","button_text_color":"#000000","button_background_color":"#FFFFFF00","button_hover_text_color":"#626060","button_border_width":{"unit":"px","size":"0","sizes":[]},"transformation":"","__globals__":{"content_bg_color":"","description_color":"","button_text_color":"","button_background_color":"","button_hover_background_color":"","button_hover_text_color":""},"description_typography_typography":"custom","description_typography_font_family":"Roboto","description_typography_font_size":{"unit":"px","size":"16","sizes":[]},"description_typography_font_size_tablet":{"unit":"px","size":"14","sizes":[]},"description_typography_font_weight":"300","description_typography_text_transform":"none","description_typography_font_style":"normal","description_typography_text_decoration":"none","description_typography_line_height":{"unit":"em","size":"1.6","sizes":[]},"description_typography_letter_spacing":{"unit":"px","size":"-0.45","sizes":[]},"content_bg_color":"#FFFFFF00","button_typography_typography":"custom","button_typography_font_family":"Roboto","button_typography_font_size":{"unit":"px","size":"14","sizes":[]},"button_typography_font_weight":"300","button_typography_text_transform":"uppercase","button_typography_font_style":"normal","button_typography_text_decoration":"none","button_typography_line_height":{"unit":"em","size":"1.3","sizes":[]},"button_typography_letter_spacing":{"unit":"px","size":"1.53","sizes":[]}},"elements":[],"isInner":false,"widgetType":"call-to-action","elType":"widget"}],"isInner":"","elType":"column"},{"id":"2147fcde","settings":{"_column_size":"50","align":"center","background_background":"classic","padding_mobile":{"unit":"%","top":"25","right":"0","bottom":"25","left":"0","isLinked":""},"__globals__":{"background_color":""},"background_color":"#FFFFFF"},"elements":[{"id":"4645ffd3","settings":{"title":"h","align":"center","_animation":"fadeInDown","_element_width":"auto","title_color":"#000000","typography_typography":"custom","typography_font_family":"Anton","typography_font_size":{"unit":"px","size":"85","sizes":[]},"typography_font_size_tablet":{"unit":"px","size":"45","sizes":[]},"typography_font_size_mobile":{"unit":"px","size":"32","sizes":[]},"typography_font_weight":"400","typography_text_transform":"uppercase","typography_font_style":"normal","typography_text_decoration":"none","typography_line_height":{"unit":"em","size":"1.2","sizes":[]},"typography_line_height_tablet":{"unit":"px","size":"","sizes":[]},"typography_line_height_mobile":{"unit":"px","size":"","sizes":[]},"typography_letter_spacing":{"unit":"px","size":"4.25","sizes":[]},"typography_letter_spacing_mobile":{"unit":"px","size":"3.25","sizes":[]}},"elements":[],"isInner":false,"widgetType":"heading","elType":"widget"},{"id":"1ad9ab21","settings":{"title":"a","align":"center","_animation":"fadeInUp","_element_width":"auto","title_color":"#000000","typography_typography":"custom","typography_font_family":"Anton","typography_font_size":{"unit":"px","size":"85","sizes":[]},"typography_font_size_tablet":{"unit":"px","size":"45","sizes":[]},"typography_font_size_mobile":{"unit":"px","size":"32","sizes":[]},"typography_font_weight":"400","typography_text_transform":"uppercase","typography_font_style":"normal","typography_text_decoration":"none","typography_line_height":{"unit":"em","size":"1.2","sizes":[]},"typography_line_height_tablet":{"unit":"px","size":"","sizes":[]},"typography_line_height_mobile":{"unit":"px","size":"","sizes":[]},"typography_letter_spacing":{"unit":"px","size":"4.25","sizes":[]},"typography_letter_spacing_mobile":{"unit":"px","size":"3.25","sizes":[]}},"elements":[],"isInner":false,"widgetType":"heading","elType":"widget"},{"id":"671f046","settings":{"title":"i","align":"center","_animation":"fadeInDown","_element_width":"auto","title_color":"#000000","typography_typography":"custom","typography_font_family":"Anton","typography_font_size":{"unit":"px","size":"85","sizes":[]},"typography_font_size_tablet":{"unit":"px","size":"45","sizes":[]},"typography_font_size_mobile":{"unit":"px","size":"32","sizes":[]},"typography_font_weight":"400","typography_text_transform":"uppercase","typography_font_style":"normal","typography_text_decoration":"none","typography_line_height":{"unit":"em","size":"1.2","sizes":[]},"typography_line_height_tablet":{"unit":"px","size":"","sizes":[]},"typography_line_height_mobile":{"unit":"px","size":"","sizes":[]},"typography_letter_spacing":{"unit":"px","size":"4.25","sizes":[]},"typography_letter_spacing_mobile":{"unit":"px","size":"3.25","sizes":[]}},"elements":[],"isInner":false,"widgetType":"heading","elType":"widget"},{"id":"5875154","settings":{"title":"r","align":"center","_animation":"fadeInUp","_element_width":"auto","title_color":"#000000","typography_typography":"custom","typography_font_family":"Anton","typography_font_size":{"unit":"px","size":"85","sizes":[]},"typography_font_size_tablet":{"unit":"px","size":"45","sizes":[]},"typography_font_size_mobile":{"unit":"px","size":"32","sizes":[]},"typography_font_weight":"400","typography_text_transform":"uppercase","typography_font_style":"normal","typography_text_decoration":"none","typography_line_height":{"unit":"em","size":"1.2","sizes":[]},"typography_line_height_tablet":{"unit":"px","size":"","sizes":[]},"typography_line_height_mobile":{"unit":"px","size":"","sizes":[]},"typography_letter_spacing":{"unit":"px","size":"4.25","sizes":[]},"typography_letter_spacing_mobile":{"unit":"px","size":"3.25","sizes":[]}},"elements":[],"isInner":false,"widgetType":"heading","elType":"widget"}],"isInner":"","elType":"column"}],"isInner":"","elType":"section"},{"id":"1b76a6b4","settings":{"layout":"full_width","gap":"no","custom_height":{"unit":"vh","size":"","sizes":[]},"column_position":"stretch","content_position":"middle","structure":"20","margin_mobile":{"unit":"%","top":"","right":"0","bottom":"","left":"0","isLinked":"1"},"_title":"Nails Service","_timestamp_":"v1Smpyb2xHWDFzTnAyd291dVQ4THc0UT09"},"elements":[{"id":"26d3e8ef","settings":{"_column_size":"50","align":"center","background_background":"classic","padding_mobile":{"unit":"%","top":"25","right":"0","bottom":"25","left":"0","isLinked":""},"__globals__":{"background_color":""},"background_color":"#FFFFFF"},"elements":[{"id":"5599f19c","settings":{"title":"n","align":"center","motion_fx_tilt_speed":{"unit":"px","size":"6.8","sizes":[]},"_animation":"fadeInDown","_element_width":"auto","title_color":"#000000","typography_typography":"custom","typography_font_family":"Anton","typography_font_size":{"unit":"px","size":"85","sizes":[]},"typography_font_size_tablet":{"unit":"px","size":"45","sizes":[]},"typography_font_size_mobile":{"unit":"px","size":"32","sizes":[]},"typography_font_weight":"400","typography_text_transform":"uppercase","typography_font_style":"normal","typography_text_decoration":"none","typography_line_height":{"unit":"em","size":"1.2","sizes":[]},"typography_line_height_tablet":{"unit":"px","size":"","sizes":[]},"typography_line_height_mobile":{"unit":"px","size":"","sizes":[]},"typography_letter_spacing":{"unit":"px","size":"4.25","sizes":[]},"typography_letter_spacing_mobile":{"unit":"px","size":"3.25","sizes":[]}},"elements":[],"isInner":false,"widgetType":"heading","elType":"widget"},{"id":"69897590","settings":{"title":"a","align":"center","_animation":"fadeInUp","_element_width":"auto","title_color":"#000000","typography_typography":"custom","typography_font_family":"Anton","typography_font_size":{"unit":"px","size":"85","sizes":[]},"typography_font_size_tablet":{"unit":"px","size":"45","sizes":[]},"typography_font_size_mobile":{"unit":"px","size":"32","sizes":[]},"typography_font_weight":"400","typography_text_transform":"uppercase","typography_font_style":"normal","typography_text_decoration":"none","typography_line_height":{"unit":"em","size":"1.2","sizes":[]},"typography_line_height_tablet":{"unit":"px","size":"","sizes":[]},"typography_line_height_mobile":{"unit":"px","size":"","sizes":[]},"typography_letter_spacing":{"unit":"px","size":"4.25","sizes":[]},"typography_letter_spacing_mobile":{"unit":"px","size":"3.25","sizes":[]}},"elements":[],"isInner":false,"widgetType":"heading","elType":"widget"},{"id":"db2b3f3","settings":{"title":"i","align":"center","_animation":"fadeInDown","_element_width":"auto","title_color":"#000000","typography_typography":"custom","typography_font_family":"Anton","typography_font_size":{"unit":"px","size":"85","sizes":[]},"typography_font_size_tablet":{"unit":"px","size":"45","sizes":[]},"typography_font_size_mobile":{"unit":"px","size":"32","sizes":[]},"typography_font_weight":"400","typography_text_transform":"uppercase","typography_font_style":"normal","typography_text_decoration":"none","typography_line_height":{"unit":"em","size":"1.2","sizes":[]},"typography_line_height_tablet":{"unit":"px","size":"","sizes":[]},"typography_line_height_mobile":{"unit":"px","size":"","sizes":[]},"typography_letter_spacing":{"unit":"px","size":"4.25","sizes":[]},"typography_letter_spacing_mobile":{"unit":"px","size":"3.25","sizes":[]}},"elements":[],"isInner":false,"widgetType":"heading","elType":"widget"},{"id":"54b40c84","settings":{"title":"l","align":"center","_animation":"fadeInUp","_element_width":"auto","title_color":"#000000","typography_typography":"custom","typography_font_family":"Anton","typography_font_size":{"unit":"px","size":"85","sizes":[]},"typography_font_size_tablet":{"unit":"px","size":"45","sizes":[]},"typography_font_size_mobile":{"unit":"px","size":"32","sizes":[]},"typography_font_weight":"400","typography_text_transform":"uppercase","typography_font_style":"normal","typography_text_decoration":"none","typography_line_height":{"unit":"em","size":"1.2","sizes":[]},"typography_line_height_tablet":{"unit":"px","size":"","sizes":[]},"typography_line_height_mobile":{"unit":"px","size":"","sizes":[]},"typography_letter_spacing":{"unit":"px","size":"4.25","sizes":[]},"typography_letter_spacing_mobile":{"unit":"px","size":"3.25","sizes":[]}},"elements":[],"isInner":false,"widgetType":"heading","elType":"widget"},{"id":"47fbcaad","settings":{"title":"s","align":"center","_animation":"fadeInDown","_element_width":"auto","title_color":"#000000","typography_typography":"custom","typography_font_family":"Anton","typography_font_size":{"unit":"px","size":"85","sizes":[]},"typography_font_size_tablet":{"unit":"px","size":"45","sizes":[]},"typography_font_size_mobile":{"unit":"px","size":"32","sizes":[]},"typography_font_weight":"400","typography_text_transform":"uppercase","typography_font_style":"normal","typography_text_decoration":"none","typography_line_height":{"unit":"em","size":"1.2","sizes":[]},"typography_line_height_tablet":{"unit":"px","size":"","sizes":[]},"typography_line_height_mobile":{"unit":"px","size":"","sizes":[]},"typography_letter_spacing":{"unit":"px","size":"4.25","sizes":[]},"typography_letter_spacing_mobile":{"unit":"px","size":"3.25","sizes":[]}},"elements":[],"isInner":false,"widgetType":"heading","elType":"widget"}],"isInner":"","elType":"column"},{"id":"49232581","settings":{"_column_size":"50","background_background":"classic","__globals__":{"background_color":""},"background_color":"#F8F3EF"},"elements":[{"id":"77efe2c5","settings":{"bg_image":{"url":"","id":""},"graphic_element":"image","graphic_image":{"id":45,"url":"http:\/\/localhost\/dieuhau\/wp-content\/uploads\/2021\/04\/HomePage-Services-Nails.jpg"},"graphic_image_size":"full","title":"","description":"Donec quam felis, ultricies nec, pellentesque eu, pretium consequat, leo eget bibendum soda Lorem ipsum dolor sit amet, consectet ","button":"SERVICES &amp; PRICE LIST \u27f6","min-height":{"unit":"vh","size":"100","sizes":[]},"min-height_tablet":{"unit":"vh","size":"50","sizes":[]},"padding":{"unit":"%","top":"0","right":"25","bottom":"0","left":"25","isLinked":""},"padding_tablet":{"unit":"%","top":"15","right":"10","bottom":"15","left":"10","isLinked":""},"graphic_image_spacing":{"unit":"px","size":"35","sizes":[]},"graphic_image_width":{"unit":"%","size":"100","sizes":[]},"description_spacing":{"unit":"px","size":"35","sizes":[]},"description_color":"#000000","button_text_color":"#000000","button_background_color":"#FFFFFF00","button_hover_text_color":"#626060","button_border_width":{"unit":"px","size":"0","sizes":[]},"transformation":"","__globals__":{"content_bg_color":"","description_color":"","button_text_color":"","button_background_color":"","button_hover_background_color":"","button_hover_text_color":""},"description_typography_typography":"custom","description_typography_font_family":"Roboto","description_typography_font_size":{"unit":"px","size":"16","sizes":[]},"description_typography_font_size_tablet":{"unit":"px","size":"14","sizes":[]},"description_typography_font_weight":"300","description_typography_text_transform":"none","description_typography_font_style":"normal","description_typography_text_decoration":"none","description_typography_line_height":{"unit":"em","size":"1.6","sizes":[]},"description_typography_letter_spacing":{"unit":"px","size":"-0.45","sizes":[]},"content_bg_color":"#FFFFFF00","button_typography_typography":"custom","button_typography_font_family":"Roboto","button_typography_font_size":{"unit":"px","size":"14","sizes":[]},"button_typography_font_weight":"300","button_typography_text_transform":"uppercase","button_typography_font_style":"normal","button_typography_text_decoration":"none","button_typography_line_height":{"unit":"em","size":"1.3","sizes":[]},"button_typography_letter_spacing":{"unit":"px","size":"1.53","sizes":[]}},"elements":[],"isInner":false,"widgetType":"call-to-action","elType":"widget"}],"isInner":"","elType":"column"}],"isInner":"","elType":"section"},{"id":"602f6d0a","settings":{"layout":"full_width","gap":"no","custom_height":{"unit":"vh","size":"","sizes":[]},"column_position":"stretch","content_position":"middle","structure":"20","reverse_order_mobile":"reverse-mobile","_title":"Make Up Service","_timestamp_":"v1Smpyb2xHWDFzTnAyd291dVQ4THc0UT09"},"elements":[{"id":"e304f33","settings":{"_column_size":"50","background_background":"classic","__globals__":{"background_color":""},"background_color":"#F8F3EF"},"elements":[{"id":"c6be01e","settings":{"bg_image":{"url":"","id":""},"graphic_element":"image","graphic_image":{"id":46,"url":"http:\/\/localhost\/dieuhau\/wp-content\/uploads\/2021\/04\/HomePage-Services-Beauty.jpg"},"graphic_image_size":"full","title":"","description":"Donec quam felis, ultricies nec, pellentesque eu, pretium consequat, leo eget bibendum soda Lorem ipsum dolor sit amet, consectet ","button":"SERVICES &amp; PRICE LIST \u27f6","min-height":{"unit":"vh","size":"100","sizes":[]},"min-height_tablet":{"unit":"vh","size":"50","sizes":[]},"padding":{"unit":"%","top":"0","right":"25","bottom":"0","left":"25","isLinked":""},"padding_tablet":{"unit":"%","top":"15","right":"10","bottom":"15","left":"10","isLinked":""},"graphic_image_spacing":{"unit":"px","size":"35","sizes":[]},"graphic_image_width":{"unit":"%","size":"100","sizes":[]},"description_spacing":{"unit":"px","size":"35","sizes":[]},"description_color":"#000000","button_text_color":"#000000","button_background_color":"#FFFFFF00","button_hover_text_color":"#626060","button_border_width":{"unit":"px","size":"0","sizes":[]},"transformation":"","__globals__":{"content_bg_color":"","description_color":"","button_text_color":"","button_background_color":"","button_hover_background_color":"","button_hover_text_color":""},"description_typography_typography":"custom","description_typography_font_family":"Roboto","description_typography_font_size":{"unit":"px","size":"16","sizes":[]},"description_typography_font_size_tablet":{"unit":"px","size":"14","sizes":[]},"description_typography_font_weight":"300","description_typography_text_transform":"none","description_typography_font_style":"normal","description_typography_text_decoration":"none","description_typography_line_height":{"unit":"em","size":"1.6","sizes":[]},"description_typography_letter_spacing":{"unit":"px","size":"-0.45","sizes":[]},"content_bg_color":"#FFFFFF00","button_typography_typography":"custom","button_typography_font_family":"Roboto","button_typography_font_size":{"unit":"px","size":"14","sizes":[]},"button_typography_font_weight":"300","button_typography_text_transform":"uppercase","button_typography_font_style":"normal","button_typography_text_decoration":"none","button_typography_line_height":{"unit":"em","size":"1.3","sizes":[]},"button_typography_letter_spacing":{"unit":"px","size":"1.53","sizes":[]}},"elements":[],"isInner":false,"widgetType":"call-to-action","elType":"widget"}],"isInner":"","elType":"column"},{"id":"644a69f5","settings":{"_column_size":"50","align":"center","background_background":"classic","padding_mobile":{"unit":"%","top":"25","right":"0","bottom":"25","left":"0","isLinked":""},"__globals__":{"background_color":""},"background_color":"#FFFFFF"},"elements":[{"id":"7f99f596","settings":{"title":"m","align":"center","_animation":"fadeInDown","_element_width":"auto","title_color":"#000000","typography_typography":"custom","typography_font_family":"Anton","typography_font_size":{"unit":"px","size":"85","sizes":[]},"typography_font_size_tablet":{"unit":"px","size":"45","sizes":[]},"typography_font_size_mobile":{"unit":"px","size":"32","sizes":[]},"typography_font_weight":"400","typography_text_transform":"uppercase","typography_font_style":"normal","typography_text_decoration":"none","typography_line_height":{"unit":"em","size":"1.2","sizes":[]},"typography_line_height_tablet":{"unit":"px","size":"","sizes":[]},"typography_line_height_mobile":{"unit":"px","size":"","sizes":[]},"typography_letter_spacing":{"unit":"px","size":"4.25","sizes":[]},"typography_letter_spacing_mobile":{"unit":"px","size":"3.25","sizes":[]}},"elements":[],"isInner":false,"widgetType":"heading","elType":"widget"},{"id":"2b3fb4a2","settings":{"title":"a","align":"center","_animation":"fadeInUp","_element_width":"auto","title_color":"#000000","typography_typography":"custom","typography_font_family":"Anton","typography_font_size":{"unit":"px","size":"85","sizes":[]},"typography_font_size_tablet":{"unit":"px","size":"45","sizes":[]},"typography_font_size_mobile":{"unit":"px","size":"32","sizes":[]},"typography_font_weight":"400","typography_text_transform":"uppercase","typography_font_style":"normal","typography_text_decoration":"none","typography_line_height":{"unit":"em","size":"1.2","sizes":[]},"typography_line_height_tablet":{"unit":"px","size":"","sizes":[]},"typography_line_height_mobile":{"unit":"px","size":"","sizes":[]},"typography_letter_spacing":{"unit":"px","size":"4.25","sizes":[]},"typography_letter_spacing_mobile":{"unit":"px","size":"3.25","sizes":[]}},"elements":[],"isInner":false,"widgetType":"heading","elType":"widget"},{"id":"4bfb68c4","settings":{"title":"k","align":"center","_animation":"fadeInDown","_element_width":"auto","title_color":"#000000","typography_typography":"custom","typography_font_family":"Anton","typography_font_size":{"unit":"px","size":"85","sizes":[]},"typography_font_size_tablet":{"unit":"px","size":"45","sizes":[]},"typography_font_size_mobile":{"unit":"px","size":"32","sizes":[]},"typography_font_weight":"400","typography_text_transform":"uppercase","typography_font_style":"normal","typography_text_decoration":"none","typography_line_height":{"unit":"em","size":"1.2","sizes":[]},"typography_line_height_tablet":{"unit":"px","size":"","sizes":[]},"typography_line_height_mobile":{"unit":"px","size":"","sizes":[]},"typography_letter_spacing":{"unit":"px","size":"4.25","sizes":[]},"typography_letter_spacing_mobile":{"unit":"px","size":"3.25","sizes":[]}},"elements":[],"isInner":false,"widgetType":"heading","elType":"widget"},{"id":"3338a809","settings":{"title":"e","align":"center","_animation":"fadeInUp","_element_width":"auto","title_color":"#000000","typography_typography":"custom","typography_font_family":"Anton","typography_font_size":{"unit":"px","size":"85","sizes":[]},"typography_font_size_tablet":{"unit":"px","size":"45","sizes":[]},"typography_font_size_mobile":{"unit":"px","size":"32","sizes":[]},"typography_font_weight":"400","typography_text_transform":"uppercase","typography_font_style":"normal","typography_text_decoration":"none","typography_line_height":{"unit":"em","size":"1.2","sizes":[]},"typography_line_height_tablet":{"unit":"px","size":"","sizes":[]},"typography_line_height_mobile":{"unit":"px","size":"","sizes":[]},"typography_letter_spacing":{"unit":"px","size":"4.25","sizes":[]},"typography_letter_spacing_mobile":{"unit":"px","size":"3.25","sizes":[]}},"elements":[],"isInner":false,"widgetType":"heading","elType":"widget"},{"id":"349b9b82","settings":{"title":"u","align":"center","_animation":"fadeInDown","_element_width":"auto","title_color":"#000000","typography_typography":"custom","typography_font_family":"Anton","typography_font_size":{"unit":"px","size":"85","sizes":[]},"typography_font_size_tablet":{"unit":"px","size":"45","sizes":[]},"typography_font_size_mobile":{"unit":"px","size":"32","sizes":[]},"typography_font_weight":"400","typography_text_transform":"uppercase","typography_font_style":"normal","typography_text_decoration":"none","typography_line_height":{"unit":"em","size":"1.2","sizes":[]},"typography_line_height_tablet":{"unit":"px","size":"","sizes":[]},"typography_line_height_mobile":{"unit":"px","size":"","sizes":[]},"typography_letter_spacing":{"unit":"px","size":"4.25","sizes":[]},"typography_letter_spacing_mobile":{"unit":"px","size":"3.25","sizes":[]}},"elements":[],"isInner":false,"widgetType":"heading","elType":"widget"},{"id":"365cc5c5","settings":{"title":"p","align":"center","_animation":"fadeInUp","_element_width":"auto","title_color":"#000000","typography_typography":"custom","typography_font_family":"Anton","typography_font_size":{"unit":"px","size":"85","sizes":[]},"typography_font_size_tablet":{"unit":"px","size":"45","sizes":[]},"typography_font_size_mobile":{"unit":"px","size":"32","sizes":[]},"typography_font_weight":"400","typography_text_transform":"uppercase","typography_font_style":"normal","typography_text_decoration":"none","typography_line_height":{"unit":"em","size":"1.2","sizes":[]},"typography_line_height_tablet":{"unit":"px","size":"","sizes":[]},"typography_line_height_mobile":{"unit":"px","size":"","sizes":[]},"typography_letter_spacing":{"unit":"px","size":"4.25","sizes":[]},"typography_letter_spacing_mobile":{"unit":"px","size":"3.25","sizes":[]}},"elements":[],"isInner":false,"widgetType":"heading","elType":"widget"}],"isInner":"","elType":"column"}],"isInner":"","elType":"section"},{"id":"5f22d03e","settings":{"layout":"full_width","gap":"no","height":"min-height","custom_height":{"unit":"vh","size":"100","sizes":[]},"column_position":"stretch","content_position":"middle","structure":"20","margin_mobile":{"unit":"%","top":"","right":"0","bottom":"","left":"0","isLinked":"1"},"_title":"Our Products","reverse_order_tablet":"reverse-tablet","reverse_order_mobile":"reverse-mobile","_timestamp_":"v1Smpyb2xHWDFzTnAyd291dVQ4THc0UT09"},"elements":[{"id":"5ecb0685","settings":{"_column_size":"50","align":"center","background_background":"classic","padding":{"unit":"%","top":"0","right":"15","bottom":"0","left":"10","isLinked":""},"padding_mobile":{"unit":"%","top":"25","right":"15","bottom":"25","left":"15","isLinked":""},"__globals__":{"background_color":""},"_inline_size_tablet":"100","background_color":"#FFFFFF"},"elements":[{"id":"3ccaa12","settings":{"title":"Our Products","header_size":"span","motion_fx_tilt_speed":{"unit":"px","size":"6.8","sizes":[]},"_animation":"fadeInDown","__globals__":{"typography_typography":""},"title_color":"#000000","typography_typography":"custom","typography_font_family":"Roboto","typography_font_size":{"unit":"px","size":"14","sizes":[]},"typography_font_weight":"300","typography_text_transform":"uppercase","typography_font_style":"normal","typography_text_decoration":"none","typography_line_height":{"unit":"em","size":"1.3","sizes":[]},"typography_letter_spacing":{"unit":"px","size":"1.53","sizes":[]}},"elements":[],"isInner":false,"widgetType":"heading","elType":"widget"},{"id":"6e6f8a3b","settings":{"title":"Your Hair &amp; skin is Our Top Priority","motion_fx_tilt_speed":{"unit":"px","size":"6.8","sizes":[]},"title_color":"#000000","typography_typography":"custom","typography_font_family":"Anton","typography_font_size":{"unit":"px","size":"85","sizes":[]},"typography_font_size_tablet":{"unit":"px","size":"45","sizes":[]},"typography_font_size_mobile":{"unit":"px","size":"32","sizes":[]},"typography_font_weight":"400","typography_text_transform":"uppercase","typography_font_style":"normal","typography_text_decoration":"none","typography_line_height":{"unit":"em","size":"1.2","sizes":[]},"typography_line_height_tablet":{"unit":"px","size":"","sizes":[]},"typography_line_height_mobile":{"unit":"px","size":"","sizes":[]},"typography_letter_spacing":{"unit":"px","size":"4.25","sizes":[]},"typography_letter_spacing_mobile":{"unit":"px","size":"3.25","sizes":[]}},"elements":[],"isInner":false,"widgetType":"heading","elType":"widget"}],"isInner":"","elType":"column"},{"id":"1362e8b9","settings":{"_column_size":"50","background_background":"classic","background_image":{"id":47,"url":"http:\/\/localhost\/dieuhau\/wp-content\/uploads\/2021\/04\/HomePage-OurProducts.jpg"},"__globals__":{"background_color":""},"_inline_size_tablet":"100","background_position":"center center","background_xpos_tablet":{"unit":"%","size":"-27","sizes":[]},"background_ypos_tablet":{"unit":"px","size":"-235","sizes":[]},"background_repeat":"no-repeat","background_size":"cover","padding_mobile":{"unit":"%","top":"","right":"","bottom":"","left":"","isLinked":"1"}},"elements":[{"id":"43b8497e","settings":{"space_mobile":{"unit":"vh","size":"70","sizes":[]},"space_tablet":{"unit":"vh","size":"40","sizes":[]}},"elements":[],"isInner":false,"widgetType":"spacer","elType":"widget"}],"isInner":"","elType":"column"}],"isInner":"","elType":"section"},{"id":"53315a7e","settings":{"layout":"full_width","gap":"no","height":"min-height","custom_height":{"unit":"vh","size":"100","sizes":[]},"custom_height_mobile":{"unit":"vh","size":"0","sizes":[]},"column_position":"stretch","content_position":"middle","structure":"22","padding":{"unit":"%","top":"","right":"","bottom":"","left":"","isLinked":"1"},"_title":"Explore Our Work","_timestamp_":"v1Smpyb2xHWDFzTnAyd291dVQ4THc0UT09"},"elements":[{"id":"143f672d","settings":{"_column_size":"33","_inline_size_tablet":"45","background_background":"classic","background_image":{"id":48,"url":"http:\/\/localhost\/dieuhau\/wp-content\/uploads\/2021\/04\/HomePage-ExploreWork.jpg"},"background_position":"center center","background_repeat":"no-repeat","background_size":"cover","padding_mobile":{"unit":"%","top":"","right":"","bottom":"","left":"","isLinked":"1"}},"elements":[{"id":"43aa8223","settings":{"space_mobile":{"unit":"vh","size":"40","sizes":[]}},"elements":[],"isInner":false,"widgetType":"spacer","elType":"widget"}],"isInner":"","elType":"column"},{"id":"1591107c","settings":{"_column_size":"66","_inline_size_tablet":"55","padding":{"unit":"%","top":"0","right":"15","bottom":"0","left":"10","isLinked":""},"padding_tablet":{"unit":"%","top":"0","right":"10","bottom":"0","left":"10","isLinked":""},"padding_mobile":{"unit":"%","top":"10","right":"10","bottom":"0","left":"10","isLinked":""}},"elements":[{"id":"610d9206","settings":{"gap":"no","structure":"20","margin":{"unit":"px","top":"0","right":"0","bottom":"0","left":"0","isLinked":""}},"elements":[{"id":"7d4c0d60","settings":{"_column_size":"50","_inline_size":"40.46","_inline_size_tablet":"100","margin":{"unit":"px","top":"0","right":"10","bottom":"0","left":"0","isLinked":""}},"elements":[{"id":"2aef0c95","settings":{"title":"02","header_size":"span","align":"right","__globals__":{"typography_typography":"","title_color":""},"title_color":"#F8F3EF","typography_typography":"custom","typography_font_family":"Anton","typography_font_size":{"unit":"px","size":"215","sizes":[]},"typography_font_weight":"400","typography_text_transform":"uppercase","typography_font_style":"normal","typography_text_decoration":"none","typography_line_height":{"unit":"px","size":"215","sizes":[]},"typography_letter_spacing":{"unit":"px","size":"6.32","sizes":[]}},"elements":[],"isInner":false,"widgetType":"heading","elType":"widget"}],"isInner":"1","elType":"column"},{"id":"7c9d1487","settings":{"_column_size":"50","_inline_size":"59.531","_inline_size_tablet":"100","margin_tablet":{"unit":"%","top":"-35","right":"0","bottom":"0","left":"0","isLinked":""}},"elements":[{"id":"5eabd70b","settings":{"title":"EXPLORE OUR STYLE GALLERY\n","title_color":"#000000","typography_typography":"custom","typography_font_family":"Anton","typography_font_size":{"unit":"px","size":"85","sizes":[]},"typography_font_size_tablet":{"unit":"px","size":"45","sizes":[]},"typography_font_size_mobile":{"unit":"px","size":"32","sizes":[]},"typography_font_weight":"400","typography_text_transform":"uppercase","typography_font_style":"normal","typography_text_decoration":"none","typography_line_height":{"unit":"em","size":"1.2","sizes":[]},"typography_line_height_tablet":{"unit":"px","size":"","sizes":[]},"typography_line_height_mobile":{"unit":"px","size":"","sizes":[]},"typography_letter_spacing":{"unit":"px","size":"4.25","sizes":[]},"typography_letter_spacing_mobile":{"unit":"px","size":"3.25","sizes":[]}},"elements":[],"isInner":false,"widgetType":"heading","elType":"widget"},{"id":"60d79be3","settings":{"editor":"Donec quam felis, ultricies nec, pellentesque eu, pretium consequat, leo eget bibendum soda Lorem ipsum dolor sit amet, consectet adipiscing\u00a0elit,sed do eiusm por incididunt ut labore et dolore magna aliqua Ut enim ad minim. ","text_color":"#000000","typography_typography":"custom","typography_font_family":"Roboto","typography_font_size":{"unit":"px","size":"16","sizes":[]},"typography_font_size_tablet":{"unit":"px","size":"14","sizes":[]},"typography_font_weight":"300","typography_text_transform":"none","typography_font_style":"normal","typography_text_decoration":"none","typography_line_height":{"unit":"em","size":"1.6","sizes":[]},"typography_letter_spacing":{"unit":"px","size":"-0.45","sizes":[]}},"elements":[],"isInner":false,"widgetType":"text-editor","elType":"widget"},{"id":"18aaf094","settings":{"text":"Explore Gallery \u27f6","icon_align":"right","icon_indent":{"unit":"px","size":"12","sizes":[]},"button_text_color":"#000000","background_color":"#FFFFFF00","text_padding":{"unit":"px","top":"0","right":"0","bottom":"0","left":"0","isLinked":""},"__globals__":{"button_text_color":"","background_color":"","hover_color":"","button_background_hover_color":""},"typography_typography":"custom","typography_font_family":"Roboto","typography_font_size":{"unit":"px","size":"14","sizes":[]},"typography_font_weight":"300","typography_text_transform":"uppercase","typography_font_style":"normal","typography_text_decoration":"none","typography_line_height":{"unit":"em","size":"1.3","sizes":[]},"typography_letter_spacing":{"unit":"px","size":"1.53","sizes":[]},"hover_color":"#626060"},"elements":[],"isInner":false,"widgetType":"button","elType":"widget"}],"isInner":"1","elType":"column"}],"isInner":"1","elType":"section"}],"isInner":"","elType":"column"}],"isInner":"","elType":"section"},{"id":"5cbab43e","settings":{"layout":"full_width","gap":"no","custom_height":{"unit":"px","size":"200","sizes":[]},"background_background":"classic","__globals__":{"background_color":""},"custom_height_tablet":{"unit":"px","size":"215","sizes":[]},"overflow":"hidden","_title":"Strip Text","content_position":"middle","margin_mobile":{"unit":"%","top":"15","right":"0","bottom":"0","left":"0","isLinked":""},"padding":{"unit":"%","top":"4","right":"0","bottom":"4","left":"0","isLinked":""},"background_color":"#FFFFFF","_timestamp_":"v1Smpyb2xHWDFzTnAyd291dVQ4THc0UT09"},"elements":[{"id":"36328769","settings":{"_column_size":"100"},"elements":[{"id":"4ce6237c","settings":{"title":"What Our Beautiful &amp; Happy Clients Say About Us","header_size":"h4","__globals__":{"typography_typography":"","_background_color":"globals\/colors?id=secondary"},"_margin":{"unit":"px","top":"0","right":"-500","bottom":"0","left":"-500","isLinked":""},"_padding":{"unit":"em","top":"","right":"","bottom":"","left":"","isLinked":"1"},"align":"center","_background_color":"#F8F3EF","title_color":"#000000","typography_typography":"custom","typography_font_family":"Anton","typography_font_size":{"unit":"vw","size":"4.5","sizes":[]},"typography_font_size_tablet":{"unit":"vw","size":"3.5","sizes":[]},"typography_font_size_mobile":{"unit":"vw","size":"4.8","sizes":[]},"typography_font_weight":"400","typography_text_transform":"uppercase","typography_font_style":"normal","typography_text_decoration":"none","typography_line_height":{"unit":"em","size":"0.9","sizes":[]},"typography_letter_spacing":{"unit":"px","size":"5.45","sizes":[]}},"elements":[],"isInner":false,"widgetType":"heading","elType":"widget"}],"isInner":"","elType":"column"}],"isInner":"","elType":"section"},{"id":"4c59c9c9","settings":{"structure":"30","layout":"full_width","gap":"no","custom_height":{"unit":"px","size":"500","sizes":[]},"margin_mobile":{"unit":"%","top":"15","right":"0","bottom":"15","left":"0","isLinked":"1"},"padding":{"unit":"%","top":"10","right":"5","bottom":"10","left":"5","isLinked":""},"padding_mobile":{"unit":"%","top":"0","right":"10","bottom":"0","left":"10","isLinked":""},"_title":"Testimonials","_timestamp_":"v1Smpyb2xHWDFzTnAyd291dVQ4THc0UT09"},"elements":[{"id":"1a35f131","settings":{"_column_size":"33","_inline_size_tablet":"100","margin":{"unit":"%","top":"0","right":"20","bottom":"0","left":"0","isLinked":""},"margin_tablet":{"unit":"px","top":"0","right":"0","bottom":"0","left":"0","isLinked":""}},"elements":[{"id":"6f6be6f","settings":{"selected_icon":{"value":{"id":49,"url":"http:\/\/localhost\/dieuhau\/wp-content\/uploads\/2021\/04\/Quotation.svg"},"library":"svg"},"title_text":"Isabella and her team have been looking after me for over 10 years, and are without a doubt the best in the industry. They know exactly how to make me feel beautiful, and every visit is a relaxing, fabulous experience.","description_text":"Lorena Barker","position":"left","title_size":"p","icon_space":{"unit":"px","size":"28","sizes":[]},"icon_size":{"unit":"px","size":"32","sizes":[]},"title_bottom_space":{"unit":"px","size":"22","sizes":[]},"__globals__":{"title_typography_typography":"","description_typography_typography":"","title_color":"","description_color":""},"primary_color":"#000000","title_color":"#000000","title_typography_typography":"custom","title_typography_font_family":"Roboto","title_typography_font_size":{"unit":"px","size":"16","sizes":[]},"title_typography_font_size_tablet":{"unit":"px","size":"14","sizes":[]},"title_typography_font_weight":"300","title_typography_text_transform":"none","title_typography_font_style":"normal","title_typography_text_decoration":"none","title_typography_line_height":{"unit":"em","size":"1.6","sizes":[]},"title_typography_letter_spacing":{"unit":"px","size":"-0.45","sizes":[]},"description_color":"#000000","description_typography_typography":"custom","description_typography_font_family":"Roboto","description_typography_font_size":{"unit":"px","size":"16","sizes":[]},"description_typography_font_weight":"700","description_typography_text_transform":"none","description_typography_font_style":"normal","description_typography_text_decoration":"none","description_typography_line_height":{"unit":"em","size":"1.6","sizes":[]},"description_typography_letter_spacing":{"unit":"px","size":"-0.45","sizes":[]}},"elements":[],"isInner":false,"widgetType":"icon-box","elType":"widget"}],"isInner":"","elType":"column"},{"id":"5a667737","settings":{"_column_size":"33","_inline_size_tablet":"100","margin":{"unit":"%","top":"0","right":"10","bottom":"0","left":"10","isLinked":""},"margin_tablet":{"unit":"%","top":"8","right":"0","bottom":"0","left":"0","isLinked":""},"margin_mobile":{"unit":"%","top":"20","right":"0","bottom":"0","left":"0","isLinked":""}},"elements":[{"id":"5a85d0bd","settings":{"selected_icon":{"value":{"id":49,"url":"http:\/\/localhost\/dieuhau\/wp-content\/uploads\/2021\/04\/Quotation.svg"},"library":"svg"},"title_text":"I had an amazing experience at Flair Salon. They nailed what I wanted and showed me how to style my hair at home! I'm so happy and will definitely become a regular client. Thank you guys for making me so beautiful.","description_text":"Helen Closs","position":"left","title_size":"p","icon_space":{"unit":"px","size":"28","sizes":[]},"icon_size":{"unit":"px","size":"32","sizes":[]},"title_bottom_space":{"unit":"px","size":"22","sizes":[]},"__globals__":{"title_typography_typography":"","description_typography_typography":"","title_color":"","description_color":""},"primary_color":"#000000","title_color":"#000000","title_typography_typography":"custom","title_typography_font_family":"Roboto","title_typography_font_size":{"unit":"px","size":"16","sizes":[]},"title_typography_font_size_tablet":{"unit":"px","size":"14","sizes":[]},"title_typography_font_weight":"300","title_typography_text_transform":"none","title_typography_font_style":"normal","title_typography_text_decoration":"none","title_typography_line_height":{"unit":"em","size":"1.6","sizes":[]},"title_typography_letter_spacing":{"unit":"px","size":"-0.45","sizes":[]},"description_color":"#000000","description_typography_typography":"custom","description_typography_font_family":"Roboto","description_typography_font_size":{"unit":"px","size":"16","sizes":[]},"description_typography_font_weight":"700","description_typography_text_transform":"none","description_typography_font_style":"normal","description_typography_text_decoration":"none","description_typography_line_height":{"unit":"em","size":"1.6","sizes":[]},"description_typography_letter_spacing":{"unit":"px","size":"-0.45","sizes":[]}},"elements":[],"isInner":false,"widgetType":"icon-box","elType":"widget"}],"isInner":"","elType":"column"},{"id":"35599c5e","settings":{"_column_size":"33","_inline_size_tablet":"100","margin":{"unit":"%","top":"0","right":"0","bottom":"0","left":"20","isLinked":""},"margin_tablet":{"unit":"%","top":"8","right":"0","bottom":"0","left":"0","isLinked":""},"margin_mobile":{"unit":"%","top":"20","right":"0","bottom":"0","left":"0","isLinked":""}},"elements":[{"id":"1cf8ff3","settings":{"selected_icon":{"value":{"id":49,"url":"http:\/\/localhost\/dieuhau\/wp-content\/uploads\/2021\/04\/Quotation.svg"},"library":"svg"},"title_text":"Flair is the best hair and beauty salon in the city, hands down! I've been to many salons, but none of them had the same professionalism and touch as Isabella's team. Highly recommended.","description_text":"Lilly Brown","position":"left","title_size":"p","icon_space":{"unit":"px","size":"28","sizes":[]},"icon_size":{"unit":"px","size":"32","sizes":[]},"title_bottom_space":{"unit":"px","size":"22","sizes":[]},"__globals__":{"title_typography_typography":"","description_typography_typography":"","title_color":"","description_color":""},"primary_color":"#000000","title_color":"#000000","title_typography_typography":"custom","title_typography_font_family":"Roboto","title_typography_font_size":{"unit":"px","size":"16","sizes":[]},"title_typography_font_size_tablet":{"unit":"px","size":"14","sizes":[]},"title_typography_font_weight":"300","title_typography_text_transform":"none","title_typography_font_style":"normal","title_typography_text_decoration":"none","title_typography_line_height":{"unit":"em","size":"1.6","sizes":[]},"title_typography_letter_spacing":{"unit":"px","size":"-0.45","sizes":[]},"description_color":"#000000","description_typography_typography":"custom","description_typography_font_family":"Roboto","description_typography_font_size":{"unit":"px","size":"16","sizes":[]},"description_typography_font_weight":"700","description_typography_text_transform":"none","description_typography_font_style":"normal","description_typography_text_decoration":"none","description_typography_line_height":{"unit":"em","size":"1.6","sizes":[]},"description_typography_letter_spacing":{"unit":"px","size":"-0.45","sizes":[]}},"elements":[],"isInner":false,"widgetType":"icon-box","elType":"widget"}],"isInner":"","elType":"column"}],"isInner":"","elType":"section"}],"page_settings":{"background_background":"classic","background_color":"#F2E7DF"}}