{"version":"0.4","title":"BeautySalon-About-page","type":"page","content":[{"id":"2c4d9398","settings":{"layout":"full_width","gap":"no","custom_height":{"unit":"vh","size":"","sizes":[]},"column_position":"stretch","margin":{"unit":"%","top":"10","right":"0","bottom":"0","left":"0","isLinked":""},"margin_tablet":{"unit":"%","top":"15","right":"0","bottom":"0","left":"0","isLinked":""},"margin_mobile":{"unit":"%","top":"30","right":"0","bottom":"0","left":"0","isLinked":""},"custom_height_tablet":{"unit":"vh","size":"100","sizes":[]},"_title":"Hero","_timestamp_":"v1Smpyb2xHWDFzTnAyd291dVQ4THc0UT09"},"elements":[{"id":"1f35ca92","settings":{"_column_size":"100"},"elements":[{"id":"3cc3444f","settings":{"content_width":{"unit":"px","size":"680","sizes":[]},"gap":"no","margin":{"unit":"px","top":"0","right":"0","bottom":"0","left":"0","isLinked":""},"padding_mobile":{"unit":"%","top":"0","right":"5","bottom":"0","left":"5","isLinked":""},"padding_tablet":{"unit":"%","top":"0","right":"15","bottom":"0","left":"15","isLinked":""}},"elements":[{"id":"40540fef","settings":{"_column_size":"100"},"elements":[{"id":"638e3449","settings":{"title":"Our Salon","align":"center","title_color":"#000000","typography_typography":"custom","typography_font_family":"Anton","typography_font_size":{"unit":"px","size":"85","sizes":[]},"typography_font_size_tablet":{"unit":"px","size":"45","sizes":[]},"typography_font_size_mobile":{"unit":"px","size":"32","sizes":[]},"typography_font_weight":"400","typography_text_transform":"uppercase","typography_font_style":"normal","typography_text_decoration":"none","typography_line_height":{"unit":"em","size":"1.2","sizes":[]},"typography_line_height_tablet":{"unit":"px","size":"","sizes":[]},"typography_line_height_mobile":{"unit":"px","size":"","sizes":[]},"typography_letter_spacing":{"unit":"px","size":"4.25","sizes":[]},"typography_letter_spacing_mobile":{"unit":"px","size":"3.25","sizes":[]}},"elements":[],"isInner":false,"widgetType":"heading","elType":"widget"},{"id":"19518bf9","settings":{"editor":"Lorem ipsum dolor sit amet, consectet adipiscing\u00a0elit,sed do eiusm por incididunt ut labore et dolore magna aliqua. Ut enim ad minim veniam, quis nostrud exercitation ullamco laboris nisi ut aliquip ex ea sint occae cupidatat non proident,.","align":"center","_animation":"fadeIn","text_color":"#000000","typography_typography":"custom","typography_font_family":"Roboto","typography_font_size":{"unit":"px","size":"16","sizes":[]},"typography_font_size_tablet":{"unit":"px","size":"14","sizes":[]},"typography_font_weight":"300","typography_text_transform":"none","typography_font_style":"normal","typography_text_decoration":"none","typography_line_height":{"unit":"em","size":"1.6","sizes":[]},"typography_letter_spacing":{"unit":"px","size":"-0.45","sizes":[]}},"elements":[],"isInner":false,"widgetType":"text-editor","elType":"widget"}],"isInner":"1","elType":"column"}],"isInner":"1","elType":"section"},{"id":"6313606a","settings":{"image":{"id":9,"url":"http:\/\/localhost\/dieuhau\/wp-content\/uploads\/2021\/04\/AboutPage-Hero.jpg"},"image_size":"full","_margin":{"unit":"%","top":"5","right":"0","bottom":"0","left":"0","isLinked":""},"width":{"unit":"%","size":"100","sizes":[]}},"elements":[],"isInner":false,"widgetType":"image","elType":"widget"}],"isInner":"","elType":"column"}],"isInner":"","elType":"section"},{"id":"2591d06f","settings":{"layout":"full_width","gap":"no","content_position":"middle","background_background":"classic","padding":{"unit":"%","top":"7","right":"10","bottom":"7","left":"10","isLinked":""},"padding_mobile":{"unit":"%","top":"15","right":"0","bottom":"15","left":"0","isLinked":""},"__globals__":{"background_color":""},"_title":"Our Mission","background_color":"#F8F3EF","_timestamp_":"v1Smpyb2xHWDFzTnAyd291dVQ4THc0UT09"},"elements":[{"id":"2efec619","settings":{"_column_size":"100"},"elements":[{"id":"3ec13815","settings":{"title":"OUR MISSION AND PHILOSOPHY","header_size":"h6","align":"center","_animation":"fadeInDown","__globals__":{"typography_typography":""},"title_color":"#000000","typography_typography":"custom","typography_font_family":"Roboto","typography_font_size":{"unit":"px","size":"14","sizes":[]},"typography_font_weight":"300","typography_text_transform":"uppercase","typography_font_style":"normal","typography_text_decoration":"none","typography_line_height":{"unit":"em","size":"1.3","sizes":[]},"typography_letter_spacing":{"unit":"px","size":"1.53","sizes":[]}},"elements":[],"isInner":false,"widgetType":"heading","elType":"widget"},{"id":"590128a7","settings":{"title":"Empowering Women and bringing their inner beauty to life","header_size":"h3","align":"center","title_color":"#000000","typography_typography":"custom","typography_font_family":"Anton","typography_font_size":{"unit":"px","size":"85","sizes":[]},"typography_font_size_tablet":{"unit":"px","size":"45","sizes":[]},"typography_font_size_mobile":{"unit":"px","size":"32","sizes":[]},"typography_font_weight":"400","typography_text_transform":"uppercase","typography_font_style":"normal","typography_text_decoration":"none","typography_line_height":{"unit":"em","size":"1.2","sizes":[]},"typography_line_height_tablet":{"unit":"px","size":"","sizes":[]},"typography_line_height_mobile":{"unit":"px","size":"","sizes":[]},"typography_letter_spacing":{"unit":"px","size":"4.25","sizes":[]},"typography_letter_spacing_mobile":{"unit":"px","size":"3.25","sizes":[]}},"elements":[],"isInner":false,"widgetType":"heading","elType":"widget"}],"isInner":"","elType":"column"}],"isInner":"","elType":"section"},{"id":"21c9a3c","settings":{"layout":"full_width","gap":"no","custom_height":{"unit":"px","size":"370","sizes":[]},"background_background":"classic","__globals__":{"background_color":""},"custom_height_tablet":{"unit":"px","size":"215","sizes":[]},"overflow":"hidden","_title":"Strip Text","padding":{"unit":"%","top":"8","right":"0","bottom":"8","left":"0","isLinked":""},"background_color":"#FFFFFF","_timestamp_":"v1Smpyb2xHWDFzTnAyd291dVQ4THc0UT09"},"elements":[{"id":"185106eb","settings":{"_column_size":"100"},"elements":[{"id":"2fc8484a","settings":{"layout":"full_width","overflow":"hidden","background_background":"classic","margin":{"unit":"px","top":"0","right":"0","bottom":"0","left":"0","isLinked":""},"__globals__":{"background_color":""},"background_color":"#F8F3EF"},"elements":[{"id":"7f0ae44c","settings":{"_column_size":"100"},"elements":[{"id":"3c38187","settings":{"title":"FLAIR HAIR STUDIO FLAIR HAIR STUDIO FLAIR HAIR","header_size":"h4","__globals__":{"typography_typography":"","_background_color":""},"_margin":{"unit":"px","top":"0","right":"-500","bottom":"0","left":"-500","isLinked":""},"_padding":{"unit":"em","top":"0.6","right":"0","bottom":"0.3","left":"0","isLinked":""},"_background_background":"classic","_animation":"slideInRight","animation_duration":"slow","align":"center","typography_typography":"custom","typography_font_family":"Anton","typography_font_size":{"unit":"vw","size":"4.5","sizes":[]},"typography_font_size_tablet":{"unit":"vw","size":"3.5","sizes":[]},"typography_font_size_mobile":{"unit":"vw","size":"4.8","sizes":[]},"typography_font_weight":"400","typography_text_transform":"uppercase","typography_font_style":"normal","typography_text_decoration":"none","typography_line_height":{"unit":"em","size":"0.9","sizes":[]},"typography_letter_spacing":{"unit":"px","size":"8.55","sizes":[]},"title_color":"#000000"},"elements":[],"isInner":false,"widgetType":"heading","elType":"widget"}],"isInner":"1","elType":"column"}],"isInner":"1","elType":"section"}],"isInner":"","elType":"column"}],"isInner":"","elType":"section"},{"id":"73937115","settings":{"layout":"full_width","gap":"no","height":"min-height","custom_height":{"unit":"vh","size":"100","sizes":[]},"column_position":"stretch","content_position":"middle","structure":"20","margin_mobile":{"unit":"%","top":"","right":"0","bottom":"","left":"0","isLinked":"1"},"_title":"About Founder","_timestamp_":"v1Smpyb2xHWDFzTnAyd291dVQ4THc0UT09"},"elements":[{"id":"21ae0c5f","settings":{"_column_size":"50","background_background":"classic","background_image":{"id":10,"url":"http:\/\/localhost\/dieuhau\/wp-content\/uploads\/2021\/04\/AboutPage-Isabella_Schultz.jpg"},"__globals__":{"background_color":""},"_inline_size_tablet":"100","background_position":"center center","background_xpos_tablet":{"unit":"%","size":"-27","sizes":[]},"background_ypos_tablet":{"unit":"px","size":"-235","sizes":[]},"background_repeat":"no-repeat","background_size":"cover","padding_mobile":{"unit":"%","top":"","right":"","bottom":"","left":"","isLinked":"1"}},"elements":[{"id":"3157fea3","settings":{"space_mobile":{"unit":"vh","size":"70","sizes":[]},"space_tablet":{"unit":"vh","size":"40","sizes":[]}},"elements":[],"isInner":false,"widgetType":"spacer","elType":"widget"}],"isInner":"","elType":"column"},{"id":"7e69c34d","settings":{"_column_size":"50","align":"center","background_background":"classic","padding":{"unit":"%","top":"0","right":"27","bottom":"0","left":"27","isLinked":""},"padding_mobile":{"unit":"%","top":"15","right":"5","bottom":"15","left":"5","isLinked":""},"__globals__":{"background_color":""},"_inline_size_tablet":"100","padding_tablet":{"unit":"%","top":"0","right":"15","bottom":"0","left":"15","isLinked":""},"background_color":"#F8F3EF"},"elements":[{"id":"4c3c0ce0","settings":{"title":"Founder &amp; OWNER","header_size":"span","motion_fx_tilt_speed":{"unit":"px","size":"6.8","sizes":[]},"_animation":"fadeInDown","__globals__":{"typography_typography":""},"title_color":"#000000","typography_typography":"custom","typography_font_family":"Roboto","typography_font_size":{"unit":"px","size":"14","sizes":[]},"typography_font_weight":"300","typography_text_transform":"uppercase","typography_font_style":"normal","typography_text_decoration":"none","typography_line_height":{"unit":"em","size":"1.3","sizes":[]},"typography_letter_spacing":{"unit":"px","size":"1.53","sizes":[]}},"elements":[],"isInner":false,"widgetType":"heading","elType":"widget"},{"id":"6748e124","settings":{"title":"Isabella Schultz ","motion_fx_tilt_speed":{"unit":"px","size":"6.8","sizes":[]},"title_color":"#000000","typography_typography":"custom","typography_font_family":"Anton","typography_font_size":{"unit":"px","size":"85","sizes":[]},"typography_font_size_tablet":{"unit":"px","size":"45","sizes":[]},"typography_font_size_mobile":{"unit":"px","size":"32","sizes":[]},"typography_font_weight":"400","typography_text_transform":"uppercase","typography_font_style":"normal","typography_text_decoration":"none","typography_line_height":{"unit":"em","size":"1.2","sizes":[]},"typography_line_height_tablet":{"unit":"px","size":"","sizes":[]},"typography_line_height_mobile":{"unit":"px","size":"","sizes":[]},"typography_letter_spacing":{"unit":"px","size":"4.25","sizes":[]},"typography_letter_spacing_mobile":{"unit":"px","size":"3.25","sizes":[]}},"elements":[],"isInner":false,"widgetType":"heading","elType":"widget"},{"id":"2e0958d0","settings":{"editor":"Lorem ipsum dolor sit amet, consectet adipiscing\u00a0elit,sed do eiusm por incididunt ut labore et dolore magna aliqua. Ut enim ad minim veniam, quis nostrud exercitation ullamco laboris nisi ut aliquip ex ea sint occae cupidatat non proident, sunt in culpa qui officia mollit natoque t massa quis enim. Donec pede justo, fringilla semper nisi. ","text_color":"#000000","typography_typography":"custom","typography_font_family":"Roboto","typography_font_size":{"unit":"px","size":"16","sizes":[]},"typography_font_size_tablet":{"unit":"px","size":"14","sizes":[]},"typography_font_weight":"300","typography_text_transform":"none","typography_font_style":"normal","typography_text_decoration":"none","typography_line_height":{"unit":"em","size":"1.6","sizes":[]},"typography_letter_spacing":{"unit":"px","size":"-0.45","sizes":[]}},"elements":[],"isInner":false,"widgetType":"text-editor","elType":"widget"}],"isInner":"","elType":"column"}],"isInner":"","elType":"section"},{"id":"1c4c994d","settings":{"layout":"full_width","gap":"no","custom_height":{"unit":"vh","size":"","sizes":[]},"column_position":"stretch","margin":{"unit":"%","top":"10","right":"0","bottom":"10","left":"0","isLinked":""},"margin_tablet":{"unit":"%","top":"15","right":"0","bottom":"15","left":"0","isLinked":""},"margin_mobile":{"unit":"%","top":"30","right":"0","bottom":"30","left":"0","isLinked":""},"custom_height_tablet":{"unit":"vh","size":"100","sizes":[]},"_title":"The Team","_timestamp_":"v1Smpyb2xHWDFzTnAyd291dVQ4THc0UT09"},"elements":[{"id":"6bb2df72","settings":{"_column_size":"100"},"elements":[{"id":"151a7b6a","settings":{"content_width":{"unit":"px","size":"680","sizes":[]},"gap":"no","margin":{"unit":"px","top":"0","right":"0","bottom":"0","left":"0","isLinked":""},"padding_mobile":{"unit":"%","top":"0","right":"5","bottom":"0","left":"5","isLinked":""},"padding_tablet":{"unit":"%","top":"0","right":"15","bottom":"0","left":"15","isLinked":""}},"elements":[{"id":"c2e1b38","settings":{"_column_size":"100"},"elements":[{"id":"716e2786","settings":{"title":"Meet Our Talented Stylists","header_size":"h6","align":"center","_animation":"fadeInDown","__globals__":{"typography_typography":""},"title_color":"#000000","typography_typography":"custom","typography_font_family":"Roboto","typography_font_size":{"unit":"px","size":"14","sizes":[]},"typography_font_weight":"300","typography_text_transform":"uppercase","typography_font_style":"normal","typography_text_decoration":"none","typography_line_height":{"unit":"em","size":"1.3","sizes":[]},"typography_letter_spacing":{"unit":"px","size":"1.53","sizes":[]}},"elements":[],"isInner":false,"widgetType":"heading","elType":"widget"},{"id":"4581949a","settings":{"title":"The Team","align":"center","title_color":"#000000","typography_typography":"custom","typography_font_family":"Anton","typography_font_size":{"unit":"px","size":"85","sizes":[]},"typography_font_size_tablet":{"unit":"px","size":"45","sizes":[]},"typography_font_size_mobile":{"unit":"px","size":"32","sizes":[]},"typography_font_weight":"400","typography_text_transform":"uppercase","typography_font_style":"normal","typography_text_decoration":"none","typography_line_height":{"unit":"em","size":"1.2","sizes":[]},"typography_line_height_tablet":{"unit":"px","size":"","sizes":[]},"typography_line_height_mobile":{"unit":"px","size":"","sizes":[]},"typography_letter_spacing":{"unit":"px","size":"4.25","sizes":[]},"typography_letter_spacing_mobile":{"unit":"px","size":"3.25","sizes":[]}},"elements":[],"isInner":false,"widgetType":"heading","elType":"widget"},{"id":"29daff4a","settings":{"editor":"Lorem ipsum dolor sit amet, consectet adipiscing\u00a0elit,sed do eiusm por incididunt ut labore et dolore magna aliqua. Ut enim ad minim veniam, quis nostrud exercitation ullamco laboris nisi ut aliquip ex ea sint occae cupidatat non proident, sunt in culpa qui officia mollit natoque t massa quis enim. ","align":"center","text_color":"#000000","typography_typography":"custom","typography_font_family":"Roboto","typography_font_size":{"unit":"px","size":"16","sizes":[]},"typography_font_size_tablet":{"unit":"px","size":"14","sizes":[]},"typography_font_weight":"300","typography_text_transform":"none","typography_font_style":"normal","typography_text_decoration":"none","typography_line_height":{"unit":"em","size":"1.6","sizes":[]},"typography_letter_spacing":{"unit":"px","size":"-0.45","sizes":[]}},"elements":[],"isInner":false,"widgetType":"text-editor","elType":"widget"}],"isInner":"1","elType":"column"}],"isInner":"1","elType":"section"},{"id":"5b1d4537","settings":{"content_width":{"unit":"px","size":"1440","sizes":[]},"gap":"no","margin":{"unit":"%","top":"5","right":"0","bottom":"0","left":"0","isLinked":""},"padding_mobile":{"unit":"%","top":"0","right":"5","bottom":"0","left":"5","isLinked":""},"structure":"30","margin_mobile":{"unit":"%","top":"15","right":"0","bottom":"0","left":"0","isLinked":""},"padding":{"unit":"%","top":"","right":"","bottom":"","left":"","isLinked":"1"},"padding_tablet":{"unit":"%","top":"0","right":"5","bottom":"0","left":"5","isLinked":""}},"elements":[{"id":"6120b4d2","settings":{"_column_size":"33","space_between_widgets":"30","space_between_widgets_tablet":"20","margin":{"unit":"%","top":"0","right":"10","bottom":"0","left":"0","isLinked":""},"margin_mobile":{"unit":"px","top":"0","right":"0","bottom":"0","left":"0","isLinked":""}},"elements":[{"id":"2557eb04","settings":{"bg_image":{"id":11,"url":"http:\/\/localhost\/dieuhau\/wp-content\/uploads\/2021\/04\/AboutPage-Team-Naomi.jpg"},"bg_image_size":"full","title":"CREATIVE DIRECTOR","description":"Naomi","title_tag":"span","button":"","padding":{"unit":"px","top":"45","right":"0","bottom":"0","left":"0","isLinked":""},"image_min_height":{"unit":"px","size":"484","sizes":[]},"image_min_height_tablet":{"unit":"px","size":"250","sizes":[]},"image_min_height_mobile":{"unit":"px","size":"380","sizes":[]},"title_typography_typography":"custom","title_typography_font_family":"Roboto","title_typography_font_size":{"unit":"px","size":"14","sizes":[]},"title_typography_font_weight":"300","title_typography_text_transform":"uppercase","title_typography_font_style":"normal","title_typography_text_decoration":"none","title_typography_line_height":{"unit":"em","size":"1.3","sizes":[]},"title_typography_letter_spacing":{"unit":"px","size":"1.53","sizes":[]},"description_typography_typography":"custom","description_typography_font_family":"Anton","description_typography_font_size":{"unit":"px","size":"20","sizes":[]},"description_typography_font_weight":"400","description_typography_text_transform":"uppercase","description_typography_font_style":"normal","description_typography_text_decoration":"none","description_typography_line_height":{"unit":"px","size":"25","sizes":[]},"description_typography_letter_spacing":{"unit":"px","size":"1","sizes":[]},"description_spacing":{"unit":"px","size":"0","sizes":[]},"content_bg_color":"#FFFFFF00","title_color":"#000000","description_color":"#000000","bg_filters_hover_contrast":{"unit":"px","size":"200","sizes":[]},"effect_duration":{"unit":"px","size":"600","sizes":[]},"__globals__":{"title_typography_typography":"","description_typography_typography":"","content_bg_color":"","title_color":"","description_color":"","overlay_color_hover":""},"graphic_image":{"id":12,"url":"http:\/\/localhost\/dieuhau\/wp-content\/uploads\/2021\/04\/placeholder.png"}},"elements":[],"isInner":false,"widgetType":"call-to-action","elType":"widget"},{"id":"507758fa","settings":{"editor":"<p>Lorem ipsum dolor sit amet, consectet adipiscing\u00a0elit,sed do eiusm por incididunt ut labore et dolore magna aliqua. Ut enim ad minim veniam, quis nostrud exercitation ullamco laboris nisi ut aliquip ex ea sint occae cupidatat non proident, sunt in culpa qui officia mollit natoque t massa quis enim.<\/p>","align":"center","text_color":"#000000","typography_typography":"custom","typography_font_family":"Roboto","typography_font_size":{"unit":"px","size":"16","sizes":[]},"typography_font_size_tablet":{"unit":"px","size":"14","sizes":[]},"typography_font_weight":"300","typography_text_transform":"none","typography_font_style":"normal","typography_text_decoration":"none","typography_line_height":{"unit":"em","size":"1.6","sizes":[]},"typography_letter_spacing":{"unit":"px","size":"-0.45","sizes":[]}},"elements":[],"isInner":false,"widgetType":"text-editor","elType":"widget"}],"isInner":"1","elType":"column"},{"id":"48d5af5a","settings":{"_column_size":"33","space_between_widgets":"30","space_between_widgets_tablet":"20","margin":{"unit":"%","top":"0","right":"5","bottom":"0","left":"5","isLinked":""},"margin_mobile":{"unit":"%","top":"15","right":"0","bottom":"0","left":"0","isLinked":""}},"elements":[{"id":"1dcdc5be","settings":{"bg_image":{"id":13,"url":"http:\/\/localhost\/dieuhau\/wp-content\/uploads\/2021\/04\/AboutPage-Team-Rafael.jpg"},"bg_image_size":"full","title":"SENIOR STYLIST","description":"Rafael","title_tag":"span","button":"","padding":{"unit":"px","top":"45","right":"0","bottom":"0","left":"0","isLinked":""},"image_min_height":{"unit":"px","size":"484","sizes":[]},"image_min_height_tablet":{"unit":"px","size":"250","sizes":[]},"image_min_height_mobile":{"unit":"px","size":"380","sizes":[]},"description_spacing":{"unit":"px","size":"0","sizes":[]},"effect_duration":{"unit":"px","size":"600","sizes":[]},"__globals__":{"title_typography_typography":"","description_typography_typography":"","content_bg_color":"","title_color":"","description_color":""},"title_typography_typography":"custom","title_typography_font_family":"Roboto","title_typography_font_size":{"unit":"px","size":"14","sizes":[]},"title_typography_font_weight":"300","title_typography_text_transform":"uppercase","title_typography_font_style":"normal","title_typography_text_decoration":"none","title_typography_line_height":{"unit":"em","size":"1.3","sizes":[]},"title_typography_letter_spacing":{"unit":"px","size":"1.53","sizes":[]},"description_typography_typography":"custom","description_typography_font_family":"Anton","description_typography_font_size":{"unit":"px","size":"20","sizes":[]},"description_typography_font_weight":"400","description_typography_text_transform":"uppercase","description_typography_font_style":"normal","description_typography_text_decoration":"none","description_typography_line_height":{"unit":"px","size":"25","sizes":[]},"description_typography_letter_spacing":{"unit":"px","size":"1","sizes":[]},"content_bg_color":"#FFFFFF00","title_color":"#000000","description_color":"#000000","graphic_image":{"id":12,"url":"http:\/\/localhost\/dieuhau\/wp-content\/uploads\/2021\/04\/placeholder.png"}},"elements":[],"isInner":false,"widgetType":"call-to-action","elType":"widget"},{"id":"740c1067","settings":{"editor":"<p>Lorem ipsum dolor sit amet, consectet adipiscing\u00a0elit,sed do eiusm por incididunt ut labore et dolore magna aliqua. Ut enim ad minim veniam, quis nostrud exercitation ullamco laboris nisi ut aliquip ex ea sint occae cupidatat non proident, sunt in culpa qui officia mollit natoque t massa quis enim.<\/p>","align":"center","text_color":"#000000","typography_typography":"custom","typography_font_family":"Roboto","typography_font_size":{"unit":"px","size":"16","sizes":[]},"typography_font_size_tablet":{"unit":"px","size":"14","sizes":[]},"typography_font_weight":"300","typography_text_transform":"none","typography_font_style":"normal","typography_text_decoration":"none","typography_line_height":{"unit":"em","size":"1.6","sizes":[]},"typography_letter_spacing":{"unit":"px","size":"-0.45","sizes":[]}},"elements":[],"isInner":false,"widgetType":"text-editor","elType":"widget"}],"isInner":"1","elType":"column"},{"id":"362678fe","settings":{"_column_size":"33","space_between_widgets":"30","space_between_widgets_tablet":"20","margin":{"unit":"%","top":"0","right":"0","bottom":"0","left":"10","isLinked":""},"margin_mobile":{"unit":"%","top":"15","right":"0","bottom":"0","left":"0","isLinked":""}},"elements":[{"id":"52176d2e","settings":{"bg_image":{"id":14,"url":"http:\/\/localhost\/dieuhau\/wp-content\/uploads\/2021\/04\/AboutPage-Team-Florence.jpg"},"bg_image_size":"full","title":"SENIOR STYLIST","description":"Florence","title_tag":"span","button":"","padding":{"unit":"px","top":"45","right":"0","bottom":"0","left":"0","isLinked":""},"image_min_height":{"unit":"px","size":"484","sizes":[]},"image_min_height_tablet":{"unit":"px","size":"250","sizes":[]},"image_min_height_mobile":{"unit":"px","size":"380","sizes":[]},"description_spacing":{"unit":"px","size":"0","sizes":[]},"effect_duration":{"unit":"px","size":"600","sizes":[]},"__globals__":{"title_typography_typography":"","description_typography_typography":"","content_bg_color":"","title_color":"","description_color":""},"title_typography_typography":"custom","title_typography_font_family":"Roboto","title_typography_font_size":{"unit":"px","size":"14","sizes":[]},"title_typography_font_weight":"300","title_typography_text_transform":"uppercase","title_typography_font_style":"normal","title_typography_text_decoration":"none","title_typography_line_height":{"unit":"em","size":"1.3","sizes":[]},"title_typography_letter_spacing":{"unit":"px","size":"1.53","sizes":[]},"description_typography_typography":"custom","description_typography_font_family":"Anton","description_typography_font_size":{"unit":"px","size":"20","sizes":[]},"description_typography_font_weight":"400","description_typography_text_transform":"uppercase","description_typography_font_style":"normal","description_typography_text_decoration":"none","description_typography_line_height":{"unit":"px","size":"25","sizes":[]},"description_typography_letter_spacing":{"unit":"px","size":"1","sizes":[]},"content_bg_color":"#FFFFFF00","title_color":"#000000","description_color":"#000000","graphic_image":{"id":12,"url":"http:\/\/localhost\/dieuhau\/wp-content\/uploads\/2021\/04\/placeholder.png"}},"elements":[],"isInner":false,"widgetType":"call-to-action","elType":"widget"},{"id":"15743388","settings":{"editor":"<p>Lorem ipsum dolor sit amet, consectet adipiscing\u00a0elit,sed do eiusm por incididunt ut labore et dolore magna aliqua. Ut enim ad minim veniam, quis nostrud exercitation ullamco laboris nisi ut aliquip ex ea sint occae cupidatat non proident, sunt in culpa qui officia mollit natoque t massa quis enim.<\/p>","align":"center","text_color":"#000000","typography_typography":"custom","typography_font_family":"Roboto","typography_font_size":{"unit":"px","size":"16","sizes":[]},"typography_font_size_tablet":{"unit":"px","size":"14","sizes":[]},"typography_font_weight":"300","typography_text_transform":"none","typography_font_style":"normal","typography_text_decoration":"none","typography_line_height":{"unit":"em","size":"1.6","sizes":[]},"typography_letter_spacing":{"unit":"px","size":"-0.45","sizes":[]}},"elements":[],"isInner":false,"widgetType":"text-editor","elType":"widget"}],"isInner":"1","elType":"column"}],"isInner":"1","elType":"section"},{"id":"38ef3ccf","settings":{"content_width":{"unit":"px","size":"1440","sizes":[]},"gap":"no","margin":{"unit":"%","top":"5","right":"0","bottom":"0","left":"0","isLinked":""},"padding_mobile":{"unit":"%","top":"0","right":"5","bottom":"0","left":"5","isLinked":""},"structure":"30","margin_mobile":{"unit":"%","top":"15","right":"0","bottom":"0","left":"0","isLinked":""},"padding":{"unit":"%","top":"","right":"","bottom":"","left":"","isLinked":"1"},"padding_tablet":{"unit":"%","top":"0","right":"5","bottom":"0","left":"5","isLinked":""}},"elements":[{"id":"43992724","settings":{"_column_size":"33","space_between_widgets":"30","space_between_widgets_tablet":"20","margin":{"unit":"%","top":"0","right":"10","bottom":"0","left":"0","isLinked":""},"margin_mobile":{"unit":"px","top":"0","right":"0","bottom":"0","left":"0","isLinked":""}},"elements":[{"id":"5fef7195","settings":{"bg_image":{"id":15,"url":"http:\/\/localhost\/dieuhau\/wp-content\/uploads\/2021\/04\/AboutPage-Team-Jenna.jpg"},"bg_image_size":"full","title":"MAKEUP ARTIST","description":"Jenna","title_tag":"span","button":"","padding":{"unit":"px","top":"45","right":"0","bottom":"0","left":"0","isLinked":""},"image_min_height":{"unit":"px","size":"484","sizes":[]},"image_min_height_tablet":{"unit":"px","size":"250","sizes":[]},"image_min_height_mobile":{"unit":"px","size":"380","sizes":[]},"description_spacing":{"unit":"px","size":"0","sizes":[]},"effect_duration":{"unit":"px","size":"600","sizes":[]},"__globals__":{"title_typography_typography":"","description_typography_typography":"","content_bg_color":"","title_color":"","description_color":""},"title_typography_typography":"custom","title_typography_font_family":"Roboto","title_typography_font_size":{"unit":"px","size":"16","sizes":[]},"title_typography_font_size_tablet":{"unit":"px","size":"14","sizes":[]},"title_typography_font_weight":"300","title_typography_text_transform":"none","title_typography_font_style":"normal","title_typography_text_decoration":"none","title_typography_line_height":{"unit":"em","size":"1.6","sizes":[]},"title_typography_letter_spacing":{"unit":"px","size":"-0.45","sizes":[]},"description_typography_typography":"custom","description_typography_font_family":"Anton","description_typography_font_size":{"unit":"px","size":"20","sizes":[]},"description_typography_font_weight":"400","description_typography_text_transform":"uppercase","description_typography_font_style":"normal","description_typography_text_decoration":"none","description_typography_line_height":{"unit":"px","size":"25","sizes":[]},"description_typography_letter_spacing":{"unit":"px","size":"1","sizes":[]},"content_bg_color":"#FFFFFF00","title_color":"#000000","description_color":"#000000","graphic_image":{"id":12,"url":"http:\/\/localhost\/dieuhau\/wp-content\/uploads\/2021\/04\/placeholder.png"}},"elements":[],"isInner":false,"widgetType":"call-to-action","elType":"widget"},{"id":"5b22351b","settings":{"editor":"<p>Lorem ipsum dolor sit amet, consectet adipiscing\u00a0elit,sed do eiusm por incididunt ut labore et dolore magna aliqua. Ut enim ad minim veniam, quis nostrud exercitation ullamco laboris nisi ut aliquip ex ea sint occae cupidatat non proident, sunt in culpa qui officia mollit natoque t massa quis enim.<\/p>","align":"center","text_color":"#000000","typography_typography":"custom","typography_font_family":"Roboto","typography_font_size":{"unit":"px","size":"16","sizes":[]},"typography_font_size_tablet":{"unit":"px","size":"14","sizes":[]},"typography_font_weight":"300","typography_text_transform":"none","typography_font_style":"normal","typography_text_decoration":"none","typography_line_height":{"unit":"em","size":"1.6","sizes":[]},"typography_letter_spacing":{"unit":"px","size":"-0.45","sizes":[]}},"elements":[],"isInner":false,"widgetType":"text-editor","elType":"widget"}],"isInner":"1","elType":"column"},{"id":"2376884","settings":{"_column_size":"33","space_between_widgets":"30","space_between_widgets_tablet":"20","margin":{"unit":"%","top":"0","right":"5","bottom":"0","left":"5","isLinked":""},"margin_mobile":{"unit":"%","top":"15","right":"0","bottom":"0","left":"0","isLinked":""}},"elements":[{"id":"45595525","settings":{"bg_image":{"id":16,"url":"http:\/\/localhost\/dieuhau\/wp-content\/uploads\/2021\/04\/AboutPage-Team-Kristina.jpg"},"bg_image_size":"full","title":"Salon Manager","description":"Kristina","title_tag":"span","button":"","padding":{"unit":"px","top":"45","right":"0","bottom":"0","left":"0","isLinked":""},"image_min_height":{"unit":"px","size":"484","sizes":[]},"image_min_height_tablet":{"unit":"px","size":"250","sizes":[]},"image_min_height_mobile":{"unit":"px","size":"380","sizes":[]},"description_spacing":{"unit":"px","size":"0","sizes":[]},"effect_duration":{"unit":"px","size":"600","sizes":[]},"__globals__":{"title_typography_typography":"","description_typography_typography":"","content_bg_color":"","title_color":"","description_color":""},"title_typography_typography":"custom","title_typography_font_family":"Roboto","title_typography_font_size":{"unit":"px","size":"14","sizes":[]},"title_typography_font_weight":"300","title_typography_text_transform":"uppercase","title_typography_font_style":"normal","title_typography_text_decoration":"none","title_typography_line_height":{"unit":"em","size":"1.3","sizes":[]},"title_typography_letter_spacing":{"unit":"px","size":"1.53","sizes":[]},"description_typography_typography":"custom","description_typography_font_family":"Anton","description_typography_font_size":{"unit":"px","size":"20","sizes":[]},"description_typography_font_weight":"400","description_typography_text_transform":"uppercase","description_typography_font_style":"normal","description_typography_text_decoration":"none","description_typography_line_height":{"unit":"px","size":"25","sizes":[]},"description_typography_letter_spacing":{"unit":"px","size":"1","sizes":[]},"content_bg_color":"#FFFFFF00","title_color":"#000000","description_color":"#000000","graphic_image":{"id":12,"url":"http:\/\/localhost\/dieuhau\/wp-content\/uploads\/2021\/04\/placeholder.png"}},"elements":[],"isInner":false,"widgetType":"call-to-action","elType":"widget"},{"id":"6316270","settings":{"editor":"<p>Lorem ipsum dolor sit amet, consectet adipiscing\u00a0elit,sed do eiusm por incididunt ut labore et dolore magna aliqua. Ut enim ad minim veniam, quis nostrud exercitation ullamco laboris nisi ut aliquip ex ea sint occae cupidatat non proident, sunt in culpa qui officia mollit natoque t massa quis enim.<\/p>","align":"center","text_color":"#000000","typography_typography":"custom","typography_font_family":"Roboto","typography_font_size":{"unit":"px","size":"16","sizes":[]},"typography_font_size_tablet":{"unit":"px","size":"14","sizes":[]},"typography_font_weight":"300","typography_text_transform":"none","typography_font_style":"normal","typography_text_decoration":"none","typography_line_height":{"unit":"em","size":"1.6","sizes":[]},"typography_letter_spacing":{"unit":"px","size":"-0.45","sizes":[]}},"elements":[],"isInner":false,"widgetType":"text-editor","elType":"widget"}],"isInner":"1","elType":"column"},{"id":"522a01c4","settings":{"_column_size":"33","space_between_widgets":"30","space_between_widgets_tablet":"20","margin":{"unit":"%","top":"0","right":"0","bottom":"0","left":"10","isLinked":""},"margin_mobile":{"unit":"%","top":"15","right":"0","bottom":"0","left":"0","isLinked":""}},"elements":[{"id":"757f87db","settings":{"bg_image":{"id":17,"url":"http:\/\/localhost\/dieuhau\/wp-content\/uploads\/2021\/04\/AboutPage-Team-Adrienne.jpg"},"bg_image_size":"full","title":"BEAUTICIAN","description":"Adrienne","title_tag":"span","button":"","padding":{"unit":"px","top":"45","right":"0","bottom":"0","left":"0","isLinked":""},"image_min_height":{"unit":"px","size":"484","sizes":[]},"image_min_height_tablet":{"unit":"px","size":"250","sizes":[]},"image_min_height_mobile":{"unit":"px","size":"380","sizes":[]},"description_spacing":{"unit":"px","size":"0","sizes":[]},"effect_duration":{"unit":"px","size":"600","sizes":[]},"__globals__":{"title_typography_typography":"","description_typography_typography":"","content_bg_color":"","title_color":"","description_color":""},"title_typography_typography":"custom","title_typography_font_family":"Roboto","title_typography_font_size":{"unit":"px","size":"14","sizes":[]},"title_typography_font_weight":"300","title_typography_text_transform":"uppercase","title_typography_font_style":"normal","title_typography_text_decoration":"none","title_typography_line_height":{"unit":"em","size":"1.3","sizes":[]},"title_typography_letter_spacing":{"unit":"px","size":"1.53","sizes":[]},"description_typography_typography":"custom","description_typography_font_family":"Anton","description_typography_font_size":{"unit":"px","size":"20","sizes":[]},"description_typography_font_weight":"400","description_typography_text_transform":"uppercase","description_typography_font_style":"normal","description_typography_text_decoration":"none","description_typography_line_height":{"unit":"px","size":"25","sizes":[]},"description_typography_letter_spacing":{"unit":"px","size":"1","sizes":[]},"content_bg_color":"#FFFFFF00","title_color":"#000000","description_color":"#000000","graphic_image":{"id":12,"url":"http:\/\/localhost\/dieuhau\/wp-content\/uploads\/2021\/04\/placeholder.png"}},"elements":[],"isInner":false,"widgetType":"call-to-action","elType":"widget"},{"id":"322ef49c","settings":{"editor":"<p>Lorem ipsum dolor sit amet, consectet adipiscing\u00a0elit,sed do eiusm por incididunt ut labore et dolore magna aliqua. Ut enim ad minim veniam, quis nostrud exercitation ullamco laboris nisi ut aliquip ex ea sint occae cupidatat non proident, sunt in culpa qui officia mollit natoque t massa quis enim.<\/p>","align":"center","text_color":"#000000","typography_typography":"custom","typography_font_family":"Roboto","typography_font_size":{"unit":"px","size":"16","sizes":[]},"typography_font_size_tablet":{"unit":"px","size":"14","sizes":[]},"typography_font_weight":"300","typography_text_transform":"none","typography_font_style":"normal","typography_text_decoration":"none","typography_line_height":{"unit":"em","size":"1.6","sizes":[]},"typography_letter_spacing":{"unit":"px","size":"-0.45","sizes":[]}},"elements":[],"isInner":false,"widgetType":"text-editor","elType":"widget"}],"isInner":"1","elType":"column"}],"isInner":"1","elType":"section"}],"isInner":"","elType":"column"}],"isInner":"","elType":"section"}]}