{"version":"0.4","title":"BeautySalon-Service-page","type":"page","content":[{"id":"69b8ae2e","settings":{"layout":"full_width","gap":"no","margin":{"unit":"%","top":"","right":"0","bottom":"","left":"0","isLinked":"1"},"padding":{"unit":"%","top":"10","right":"5","bottom":"5","left":"5","isLinked":""},"overflow":"hidden","padding_tablet":{"unit":"%","top":"15","right":"5","bottom":"15","left":"5","isLinked":""},"padding_mobile":{"unit":"%","top":"30","right":"5","bottom":"30","left":"5","isLinked":""},"_title":"Hero","_timestamp_":"v1Smpyb2xHWDFzTnAyd291dVQ4THc0UT09"},"elements":[{"id":"7a159586","settings":{"_column_size":"100"},"elements":[{"id":"3d54fed2","settings":{"title":"Our Services","align":"center","_z_index":"2","_margin":{"unit":"px","top":"40","right":"0","bottom":"0","left":"0","isLinked":""},"title_color":"#000000","typography_typography":"custom","typography_font_family":"Anton","typography_font_size":{"unit":"px","size":"85","sizes":[]},"typography_font_size_tablet":{"unit":"px","size":"45","sizes":[]},"typography_font_size_mobile":{"unit":"px","size":"32","sizes":[]},"typography_font_weight":"400","typography_text_transform":"uppercase","typography_font_style":"normal","typography_text_decoration":"none","typography_line_height":{"unit":"em","size":"1.2","sizes":[]},"typography_line_height_tablet":{"unit":"px","size":"","sizes":[]},"typography_line_height_mobile":{"unit":"px","size":"","sizes":[]},"typography_letter_spacing":{"unit":"px","size":"4.25","sizes":[]},"typography_letter_spacing_mobile":{"unit":"px","size":"3.25","sizes":[]}},"elements":[],"isInner":false,"widgetType":"heading","elType":"widget"},{"id":"31524b1d","settings":{"title":"services","header_size":"span","__globals__":{"typography_typography":"","title_color":""},"align":"center","_offset_x":{"unit":"vw","size":"0","sizes":[]},"_offset_y_end":{"unit":"px","size":"-5","sizes":[]},"animation_duration":"slow","_margin":{"unit":"px","top":"0","right":"-500","bottom":"0","left":"-500","isLinked":""},"title_color":"#F8F3EF","_position":"absolute","typography_typography":"custom","typography_font_family":"Anton","typography_font_size":{"unit":"vw","size":"27","sizes":[]},"typography_font_size_tablet":{"unit":"vw","size":"42","sizes":[]},"typography_font_size_mobile":{"unit":"vw","size":"40","sizes":[]},"typography_font_weight":"400","typography_text_transform":"uppercase","typography_font_style":"normal","typography_text_decoration":"none","typography_line_height":{"unit":"em","size":"0.8","sizes":[]},"typography_letter_spacing":{"unit":"px","size":"50.12","sizes":[]},"typography_letter_spacing_tablet":{"unit":"px","size":"25","sizes":[]},"typography_letter_spacing_mobile":{"unit":"px","size":"15","sizes":[]}},"elements":[],"isInner":false,"widgetType":"heading","elType":"widget"},{"id":"b5c525b","settings":{"image":{"id":53,"url":"http:\/\/localhost\/dieuhau\/wp-content\/uploads\/2021\/04\/ServicesPage-Hero.jpg"},"image_size":"full","_margin":{"unit":"px","top":"30","right":"0","bottom":"0","left":"0","isLinked":""},"_margin_tablet":{"unit":"px","top":"0","right":"0","bottom":"0","left":"0","isLinked":""},"_z_index":"2"},"elements":[],"isInner":false,"widgetType":"image","elType":"widget"},{"id":"590b5b67","settings":{"margin":{"unit":"px","top":"10","right":"0","bottom":"0","left":"0","isLinked":""},"padding":{"unit":"%","top":"0","right":"20","bottom":"0","left":"20","isLinked":""},"padding_tablet":{"unit":"%","top":"0","right":"15","bottom":"0","left":"15","isLinked":""},"padding_mobile":{"unit":"%","top":"0","right":"5","bottom":"0","left":"5","isLinked":""}},"elements":[{"id":"5e21606","settings":{"_column_size":"100","space_between_widgets":"50","space_between_widgets_mobile":"20"},"elements":[{"id":"1c37a09e","settings":{"title":"All the Hair &amp; Beauty Treatments You Need","header_size":"h6","align":"center","__globals__":{"typography_typography":""},"title_color":"#000000","typography_typography":"custom","typography_font_family":"Anton","typography_font_size":{"unit":"px","size":"20","sizes":[]},"typography_font_weight":"400","typography_text_transform":"uppercase","typography_font_style":"normal","typography_text_decoration":"none","typography_line_height":{"unit":"px","size":"25","sizes":[]},"typography_letter_spacing":{"unit":"px","size":"1","sizes":[]}},"elements":[],"isInner":false,"widgetType":"heading","elType":"widget"},{"id":"35914404","settings":{"editor":"Lorem ipsum dolor sit amet, consectet adipiscing\u00a0elit,sed do eiusm por incididunt ut labore et dolore magna aliqua. Ut enim ad minim veniam, quis nostrud exercitation ullamco laboris nisi ut aliquip ex ea sint occae cupidatat non proident, sunt in culpa qui officia mollit natoque t massa quis enim. ","align":"center","text_color":"#000000","typography_typography":"custom","typography_font_family":"Roboto","typography_font_size":{"unit":"px","size":"16","sizes":[]},"typography_font_size_tablet":{"unit":"px","size":"14","sizes":[]},"typography_font_weight":"300","typography_text_transform":"none","typography_font_style":"normal","typography_text_decoration":"none","typography_line_height":{"unit":"em","size":"1.6","sizes":[]},"typography_letter_spacing":{"unit":"px","size":"-0.45","sizes":[]}},"elements":[],"isInner":false,"widgetType":"text-editor","elType":"widget"}],"isInner":"1","elType":"column"}],"isInner":"1","elType":"section"}],"isInner":"","elType":"column"}],"isInner":"","elType":"section"},{"id":"606f7f54","settings":{"content_width":{"unit":"px","size":"1440","sizes":[]},"gap":"no","background_background":"classic","padding":{"unit":"%","top":"10","right":"0","bottom":"10","left":"0","isLinked":""},"padding_tablet":{"unit":"%","top":"15","right":"15","bottom":"15","left":"15","isLinked":"1"},"padding_mobile":{"unit":"%","top":"25","right":"5","bottom":"25","left":"5","isLinked":""},"__globals__":{"background_color":""},"_title":"Prices","background_color":"#F8F3EF","_timestamp_":"v1Smpyb2xHWDFzTnAyd291dVQ4THc0UT09"},"elements":[{"id":"5d9a9aaa","settings":{"_column_size":"100"},"elements":[{"id":"36d9efbe","settings":{"title":"Hair Services","header_size":"h3","align":"center","title_color":"#000000","typography_typography":"custom","typography_font_family":"Anton","typography_font_size":{"unit":"px","size":"85","sizes":[]},"typography_font_size_tablet":{"unit":"px","size":"45","sizes":[]},"typography_font_size_mobile":{"unit":"px","size":"32","sizes":[]},"typography_font_weight":"400","typography_text_transform":"uppercase","typography_font_style":"normal","typography_text_decoration":"none","typography_line_height":{"unit":"em","size":"1.2","sizes":[]},"typography_line_height_tablet":{"unit":"px","size":"","sizes":[]},"typography_line_height_mobile":{"unit":"px","size":"","sizes":[]},"typography_letter_spacing":{"unit":"px","size":"4.25","sizes":[]},"typography_letter_spacing_mobile":{"unit":"px","size":"3.25","sizes":[]}},"elements":[],"isInner":false,"widgetType":"heading","elType":"widget"},{"id":"3160b913","settings":{"layout":"full_width","gap":"no","structure":"20","margin":{"unit":"%","top":"3","right":"0","bottom":"0","left":"0","isLinked":""}},"elements":[{"id":"73c4bb44","settings":{"_column_size":"50","_inline_size_tablet":"100","space_between_widgets":"50","space_between_widgets_mobile":"30","margin":{"unit":"%","top":"0","right":"14","bottom":"0","left":"0","isLinked":""},"margin_tablet":{"unit":"px","top":"0","right":"0","bottom":"0","left":"0","isLinked":""}},"elements":[{"id":"7134aede","settings":{"title":"Cutting &amp; Styling","header_size":"h6","align":"center","__globals__":{"typography_typography":""},"title_color":"#000000","typography_typography":"custom","typography_font_family":"Anton","typography_font_size":{"unit":"px","size":"20","sizes":[]},"typography_font_weight":"400","typography_text_transform":"uppercase","typography_font_style":"normal","typography_text_decoration":"none","typography_line_height":{"unit":"px","size":"25","sizes":[]},"typography_letter_spacing":{"unit":"px","size":"1","sizes":[]}},"elements":[],"isInner":false,"widgetType":"heading","elType":"widget"},{"id":"2d71ecbe","settings":{"price_list":[{"title":"Express Blowdry","item_description":"Lorem ipsum dolor sit amet, consectet adipiscing\u00a0elit,sed do eiusm por ","price":"From \u00a320","_id":"54ed318"},{"title":"Ladies Haircut","item_description":"Lorem ipsum dolor sit amet, consectet adipiscing\u00a0elit,sed do eiusm por ","price":"From \u00a345","_id":"59b3c6d"},{"title":"Ladies Haircut &amp; Blowdry","item_description":"Lorem ipsum dolor sit amet, consectet adipiscing\u00a0elit,sed do eiusm por ","price":"From \u00a375","_id":"bc6a5a2"},{"title":"Gentlemen Haircut","item_description":"Lorem ipsum dolor sit amet, consectet adipiscing\u00a0elit,sed do eiusm por ","price":"From \u00a340","_id":"2b627c7"}],"separator_style":"solid","separator_weight":{"unit":"px","size":"1","sizes":[]},"separator_spacing":{"unit":"px","size":"25","sizes":[]},"image_spacing":{"unit":"px","size":"17","sizes":[]},"row_gap":{"unit":"px","size":"25","sizes":[]},"__globals__":{"heading_typography_typography":"","separator_color":""},"heading_color":"#000000","heading_typography_typography":"custom","heading_typography_font_family":"Roboto","heading_typography_font_size":{"unit":"px","size":"16","sizes":[]},"heading_typography_font_weight":"700","heading_typography_text_transform":"none","heading_typography_font_style":"normal","heading_typography_text_decoration":"none","heading_typography_line_height":{"unit":"em","size":"1.6","sizes":[]},"heading_typography_letter_spacing":{"unit":"px","size":"-0.45","sizes":[]},"description_color":"#000000","description_typography_typography":"custom","description_typography_font_family":"Roboto","description_typography_font_size":{"unit":"px","size":"16","sizes":[]},"description_typography_font_size_tablet":{"unit":"px","size":"14","sizes":[]},"description_typography_font_weight":"300","description_typography_text_transform":"none","description_typography_font_style":"normal","description_typography_text_decoration":"none","description_typography_line_height":{"unit":"em","size":"1.6","sizes":[]},"description_typography_letter_spacing":{"unit":"px","size":"-0.45","sizes":[]},"separator_color":"#626060"},"elements":[],"isInner":false,"widgetType":"price-list","elType":"widget"}],"isInner":"1","elType":"column"},{"id":"7aac009d","settings":{"_column_size":"50","_inline_size_tablet":"100","space_between_widgets":"50","space_between_widgets_mobile":"30","margin":{"unit":"%","top":"0","right":"0","bottom":"0","left":"10","isLinked":""},"margin_tablet":{"unit":"%","top":"10","right":"0","bottom":"0","left":"0","isLinked":""},"margin_mobile":{"unit":"%","top":"15","right":"0","bottom":"0","left":"0","isLinked":""}},"elements":[{"id":"527b0b3c","settings":{"title":"Coloring &amp; Treatments","header_size":"h6","align":"center","__globals__":{"typography_typography":""},"title_color":"#000000","typography_typography":"custom","typography_font_family":"Anton","typography_font_size":{"unit":"px","size":"20","sizes":[]},"typography_font_weight":"400","typography_text_transform":"uppercase","typography_font_style":"normal","typography_text_decoration":"none","typography_line_height":{"unit":"px","size":"25","sizes":[]},"typography_letter_spacing":{"unit":"px","size":"1","sizes":[]}},"elements":[],"isInner":false,"widgetType":"heading","elType":"widget"},{"id":"5481bb84","settings":{"price_list":[{"title":"Root Covering","item_description":"Lorem ipsum dolor sit amet, consectet adipiscing\u00a0elit,sed do eiusm por ","price":"From \u00a365","_id":"54ed318"},{"title":"Full Head Tint","item_description":"Lorem ipsum dolor sit amet, consectet adipiscing\u00a0elit,sed do eiusm por ","price":"From \u00a370","_id":"59b3c6d"},{"title":"Full Head Highlights","item_description":"Lorem ipsum dolor sit amet, consectet adipiscing\u00a0elit,sed do eiusm por ","price":"From \u00a3110","_id":"bc6a5a2"},{"title":"1\/2 Head Highlights","item_description":"Lorem ipsum dolor sit amet, consectet adipiscing\u00a0elit,sed do eiusm por ","price":"From \u00a380","_id":"2b627c7"}],"separator_style":"solid","separator_weight":{"unit":"px","size":"1","sizes":[]},"separator_spacing":{"unit":"px","size":"25","sizes":[]},"image_spacing":{"unit":"px","size":"17","sizes":[]},"row_gap":{"unit":"px","size":"25","sizes":[]},"__globals__":{"heading_typography_typography":"","separator_color":""},"heading_color":"#000000","heading_typography_typography":"custom","heading_typography_font_family":"Roboto","heading_typography_font_size":{"unit":"px","size":"16","sizes":[]},"heading_typography_font_weight":"700","heading_typography_text_transform":"none","heading_typography_font_style":"normal","heading_typography_text_decoration":"none","heading_typography_line_height":{"unit":"em","size":"1.6","sizes":[]},"heading_typography_letter_spacing":{"unit":"px","size":"-0.45","sizes":[]},"description_color":"#000000","description_typography_typography":"custom","description_typography_font_family":"Roboto","description_typography_font_size":{"unit":"px","size":"16","sizes":[]},"description_typography_font_size_tablet":{"unit":"px","size":"14","sizes":[]},"description_typography_font_weight":"300","description_typography_text_transform":"none","description_typography_font_style":"normal","description_typography_text_decoration":"none","description_typography_line_height":{"unit":"em","size":"1.6","sizes":[]},"description_typography_letter_spacing":{"unit":"px","size":"-0.45","sizes":[]},"separator_color":"#626060"},"elements":[],"isInner":false,"widgetType":"price-list","elType":"widget"}],"isInner":"1","elType":"column"}],"isInner":"1","elType":"section"},{"id":"5d8ccfa0","settings":{"title":"Beauty Treatments","header_size":"h3","align":"center","_margin":{"unit":"%","top":"10","right":"0","bottom":"0","left":"0","isLinked":""},"_margin_tablet":{"unit":"%","top":"20","right":"0","bottom":"0","left":"0","isLinked":""},"_margin_mobile":{"unit":"%","top":"25","right":"0","bottom":"0","left":"0","isLinked":""},"title_color":"#000000","typography_typography":"custom","typography_font_family":"Anton","typography_font_size":{"unit":"px","size":"85","sizes":[]},"typography_font_size_tablet":{"unit":"px","size":"45","sizes":[]},"typography_font_size_mobile":{"unit":"px","size":"32","sizes":[]},"typography_font_weight":"400","typography_text_transform":"uppercase","typography_font_style":"normal","typography_text_decoration":"none","typography_line_height":{"unit":"em","size":"1.2","sizes":[]},"typography_line_height_tablet":{"unit":"px","size":"","sizes":[]},"typography_line_height_mobile":{"unit":"px","size":"","sizes":[]},"typography_letter_spacing":{"unit":"px","size":"4.25","sizes":[]},"typography_letter_spacing_mobile":{"unit":"px","size":"3.25","sizes":[]}},"elements":[],"isInner":false,"widgetType":"heading","elType":"widget"},{"id":"4fed308a","settings":{"layout":"full_width","gap":"no","structure":"20","margin":{"unit":"%","top":"3","right":"0","bottom":"0","left":"0","isLinked":""}},"elements":[{"id":"6c2cce71","settings":{"_column_size":"50","_inline_size_tablet":"100","space_between_widgets":"50","space_between_widgets_mobile":"30","margin":{"unit":"%","top":"0","right":"14","bottom":"0","left":"0","isLinked":""},"margin_tablet":{"unit":"px","top":"0","right":"0","bottom":"0","left":"0","isLinked":""}},"elements":[{"id":"4e66c893","settings":{"title":"EYELASHES &amp; BROWS\n","header_size":"h6","align":"center","__globals__":{"typography_typography":""},"title_color":"#000000","typography_typography":"custom","typography_font_family":"Anton","typography_font_size":{"unit":"px","size":"20","sizes":[]},"typography_font_weight":"400","typography_text_transform":"uppercase","typography_font_style":"normal","typography_text_decoration":"none","typography_line_height":{"unit":"px","size":"25","sizes":[]},"typography_letter_spacing":{"unit":"px","size":"1","sizes":[]}},"elements":[],"isInner":false,"widgetType":"heading","elType":"widget"},{"id":"6256d086","settings":{"price_list":[{"title":"Eyebrow Tint","item_description":"Lorem ipsum dolor sit amet, consectet adipiscing\u00a0elit,sed do eiusm por ","price":"\u00a335","_id":"54ed318"},{"title":"Eyebrow Shaping","item_description":"Lorem ipsum dolor sit amet, consectet adipiscing\u00a0elit,sed do eiusm por ","price":"\u00a325","_id":"59b3c6d"},{"title":"Eyelash Tint","item_description":"Lorem ipsum dolor sit amet, consectet adipiscing\u00a0elit,sed do eiusm por ","price":"\u00a325","_id":"bc6a5a2"},{"title":"Eyelash Lift","item_description":"Lorem ipsum dolor sit amet, consectet adipiscing\u00a0elit,sed do eiusm por ","price":"\u00a360","_id":"2b627c7"}],"separator_style":"solid","separator_weight":{"unit":"px","size":"1","sizes":[]},"separator_spacing":{"unit":"px","size":"25","sizes":[]},"image_spacing":{"unit":"px","size":"17","sizes":[]},"row_gap":{"unit":"px","size":"25","sizes":[]},"__globals__":{"heading_typography_typography":"","separator_color":""},"heading_color":"#000000","heading_typography_typography":"custom","heading_typography_font_family":"Roboto","heading_typography_font_size":{"unit":"px","size":"16","sizes":[]},"heading_typography_font_weight":"700","heading_typography_text_transform":"none","heading_typography_font_style":"normal","heading_typography_text_decoration":"none","heading_typography_line_height":{"unit":"em","size":"1.6","sizes":[]},"heading_typography_letter_spacing":{"unit":"px","size":"-0.45","sizes":[]},"description_color":"#000000","description_typography_typography":"custom","description_typography_font_family":"Roboto","description_typography_font_size":{"unit":"px","size":"16","sizes":[]},"description_typography_font_size_tablet":{"unit":"px","size":"14","sizes":[]},"description_typography_font_weight":"300","description_typography_text_transform":"none","description_typography_font_style":"normal","description_typography_text_decoration":"none","description_typography_line_height":{"unit":"em","size":"1.6","sizes":[]},"description_typography_letter_spacing":{"unit":"px","size":"-0.45","sizes":[]},"separator_color":"#626060"},"elements":[],"isInner":false,"widgetType":"price-list","elType":"widget"}],"isInner":"1","elType":"column"},{"id":"128cbbc7","settings":{"_column_size":"50","_inline_size_tablet":"100","space_between_widgets":"50","space_between_widgets_mobile":"30","margin":{"unit":"%","top":"0","right":"0","bottom":"0","left":"10","isLinked":""},"margin_tablet":{"unit":"%","top":"10","right":"0","bottom":"0","left":"0","isLinked":""},"margin_mobile":{"unit":"%","top":"15","right":"0","bottom":"0","left":"0","isLinked":""}},"elements":[{"id":"339463fe","settings":{"title":"Facials","header_size":"h6","align":"center","__globals__":{"typography_typography":""},"title_color":"#000000","typography_typography":"custom","typography_font_family":"Anton","typography_font_size":{"unit":"px","size":"20","sizes":[]},"typography_font_weight":"400","typography_text_transform":"uppercase","typography_font_style":"normal","typography_text_decoration":"none","typography_line_height":{"unit":"px","size":"25","sizes":[]},"typography_letter_spacing":{"unit":"px","size":"1","sizes":[]}},"elements":[],"isInner":false,"widgetType":"heading","elType":"widget"},{"id":"b2ada5b","settings":{"price_list":[{"title":"Deep Cleansing","item_description":"Lorem ipsum dolor sit amet, consectet adipiscing\u00a0elit,sed do eiusm por ","price":"\u00a3180 | 60 mins","_id":"54ed318"},{"title":"Hydra boost","item_description":"Lorem ipsum dolor sit amet, consectet adipiscing\u00a0elit,sed do eiusm por ","price":"\u00a3180 | 90 mins","_id":"59b3c6d"},{"title":"Hydra Peeling","item_description":"Lorem ipsum dolor sit amet, consectet adipiscing\u00a0elit,sed do eiusm por ","price":"\u00a375 | 45 mins","_id":"bc6a5a2"},{"title":"Anti-Aging","item_description":"Lorem ipsum dolor sit amet, consectet adipiscing\u00a0elit,sed do eiusm por ","price":"\u00a375 | 45 mins","_id":"2b627c7"}],"separator_style":"solid","separator_weight":{"unit":"px","size":"1","sizes":[]},"separator_spacing":{"unit":"px","size":"25","sizes":[]},"image_spacing":{"unit":"px","size":"17","sizes":[]},"row_gap":{"unit":"px","size":"25","sizes":[]},"__globals__":{"heading_typography_typography":"","separator_color":""},"heading_color":"#000000","heading_typography_typography":"custom","heading_typography_font_family":"Roboto","heading_typography_font_size":{"unit":"px","size":"16","sizes":[]},"heading_typography_font_weight":"700","heading_typography_text_transform":"none","heading_typography_font_style":"normal","heading_typography_text_decoration":"none","heading_typography_line_height":{"unit":"em","size":"1.6","sizes":[]},"heading_typography_letter_spacing":{"unit":"px","size":"-0.45","sizes":[]},"description_color":"#000000","description_typography_typography":"custom","description_typography_font_family":"Roboto","description_typography_font_size":{"unit":"px","size":"16","sizes":[]},"description_typography_font_size_tablet":{"unit":"px","size":"14","sizes":[]},"description_typography_font_weight":"300","description_typography_text_transform":"none","description_typography_font_style":"normal","description_typography_text_decoration":"none","description_typography_line_height":{"unit":"em","size":"1.6","sizes":[]},"description_typography_letter_spacing":{"unit":"px","size":"-0.45","sizes":[]},"separator_color":"#626060"},"elements":[],"isInner":false,"widgetType":"price-list","elType":"widget"}],"isInner":"1","elType":"column"}],"isInner":"1","elType":"section"},{"id":"6ba0cecb","settings":{"title":"Nail Services","header_size":"h3","align":"center","_margin":{"unit":"%","top":"10","right":"0","bottom":"0","left":"0","isLinked":""},"_margin_tablet":{"unit":"%","top":"20","right":"0","bottom":"0","left":"0","isLinked":""},"_margin_mobile":{"unit":"%","top":"25","right":"0","bottom":"0","left":"0","isLinked":""},"title_color":"#000000","typography_typography":"custom","typography_font_family":"Anton","typography_font_size":{"unit":"px","size":"85","sizes":[]},"typography_font_size_tablet":{"unit":"px","size":"45","sizes":[]},"typography_font_size_mobile":{"unit":"px","size":"32","sizes":[]},"typography_font_weight":"400","typography_text_transform":"uppercase","typography_font_style":"normal","typography_text_decoration":"none","typography_line_height":{"unit":"em","size":"1.2","sizes":[]},"typography_line_height_tablet":{"unit":"px","size":"","sizes":[]},"typography_line_height_mobile":{"unit":"px","size":"","sizes":[]},"typography_letter_spacing":{"unit":"px","size":"4.25","sizes":[]},"typography_letter_spacing_mobile":{"unit":"px","size":"3.25","sizes":[]}},"elements":[],"isInner":false,"widgetType":"heading","elType":"widget"},{"id":"292690f0","settings":{"layout":"full_width","gap":"no","structure":"20","margin":{"unit":"%","top":"3","right":"0","bottom":"0","left":"0","isLinked":""}},"elements":[{"id":"721592c5","settings":{"_column_size":"50","_inline_size_tablet":"100","space_between_widgets":"50","space_between_widgets_mobile":"30","margin":{"unit":"%","top":"0","right":"14","bottom":"0","left":"0","isLinked":""},"margin_tablet":{"unit":"px","top":"0","right":"0","bottom":"0","left":"0","isLinked":""}},"elements":[{"id":"451544df","settings":{"title":"Manicure","header_size":"h6","align":"center","__globals__":{"typography_typography":""},"title_color":"#000000","typography_typography":"custom","typography_font_family":"Anton","typography_font_size":{"unit":"px","size":"20","sizes":[]},"typography_font_weight":"400","typography_text_transform":"uppercase","typography_font_style":"normal","typography_text_decoration":"none","typography_line_height":{"unit":"px","size":"25","sizes":[]},"typography_letter_spacing":{"unit":"px","size":"1","sizes":[]}},"elements":[],"isInner":false,"widgetType":"heading","elType":"widget"},{"id":"2f6780d5","settings":{"price_list":[{"title":"Classic Manicure","item_description":"Lorem ipsum dolor sit amet, consectet adipiscing\u00a0elit,sed do eiusm por ","price":"\u00a345","_id":"54ed318"},{"title":"Signature Manicure","item_description":"Lorem ipsum dolor sit amet, consectet adipiscing\u00a0elit,sed do eiusm por ","price":"\u00a350","_id":"59b3c6d"},{"title":"File &amp; Polish","item_description":"Lorem ipsum dolor sit amet, consectet adipiscing\u00a0elit,sed do eiusm por ","price":"\u00a312","_id":"bc6a5a2"},{"title":"Nail Repair","item_description":"Lorem ipsum dolor sit amet, consectet adipiscing\u00a0elit,sed do eiusm por ","price":"\u00a36","_id":"2b627c7"}],"separator_style":"solid","separator_weight":{"unit":"px","size":"1","sizes":[]},"separator_spacing":{"unit":"px","size":"25","sizes":[]},"image_spacing":{"unit":"px","size":"17","sizes":[]},"row_gap":{"unit":"px","size":"25","sizes":[]},"__globals__":{"heading_typography_typography":"","separator_color":""},"heading_color":"#000000","heading_typography_typography":"custom","heading_typography_font_family":"Roboto","heading_typography_font_size":{"unit":"px","size":"16","sizes":[]},"heading_typography_font_weight":"700","heading_typography_text_transform":"none","heading_typography_font_style":"normal","heading_typography_text_decoration":"none","heading_typography_line_height":{"unit":"em","size":"1.6","sizes":[]},"heading_typography_letter_spacing":{"unit":"px","size":"-0.45","sizes":[]},"description_color":"#000000","description_typography_typography":"custom","description_typography_font_family":"Roboto","description_typography_font_size":{"unit":"px","size":"16","sizes":[]},"description_typography_font_size_tablet":{"unit":"px","size":"14","sizes":[]},"description_typography_font_weight":"300","description_typography_text_transform":"none","description_typography_font_style":"normal","description_typography_text_decoration":"none","description_typography_line_height":{"unit":"em","size":"1.6","sizes":[]},"description_typography_letter_spacing":{"unit":"px","size":"-0.45","sizes":[]},"separator_color":"#626060"},"elements":[],"isInner":false,"widgetType":"price-list","elType":"widget"}],"isInner":"1","elType":"column"},{"id":"4e4c1118","settings":{"_column_size":"50","_inline_size_tablet":"100","space_between_widgets":"50","space_between_widgets_mobile":"30","margin":{"unit":"%","top":"0","right":"0","bottom":"0","left":"10","isLinked":""},"margin_tablet":{"unit":"%","top":"10","right":"0","bottom":"0","left":"0","isLinked":""},"margin_mobile":{"unit":"%","top":"15","right":"0","bottom":"0","left":"0","isLinked":""}},"elements":[{"id":"79b73915","settings":{"title":"Pedicure","header_size":"h6","align":"center","__globals__":{"typography_typography":""},"title_color":"#000000","typography_typography":"custom","typography_font_family":"Anton","typography_font_size":{"unit":"px","size":"20","sizes":[]},"typography_font_weight":"400","typography_text_transform":"uppercase","typography_font_style":"normal","typography_text_decoration":"none","typography_line_height":{"unit":"px","size":"25","sizes":[]},"typography_letter_spacing":{"unit":"px","size":"1","sizes":[]}},"elements":[],"isInner":false,"widgetType":"heading","elType":"widget"},{"id":"57cf218e","settings":{"price_list":[{"title":"Classic Pedicure","item_description":"Lorem ipsum dolor sit amet, consectet adipiscing\u00a0elit,sed do eiusm por ","price":"\u00a345","_id":"54ed318"},{"title":"Luxury Pedicure","item_description":"Lorem ipsum dolor sit amet, consectet adipiscing\u00a0elit,sed do eiusm por ","price":"\u00a360","_id":"59b3c6d"},{"title":"Express Pedicure","item_description":"Lorem ipsum dolor sit amet, consectet adipiscing\u00a0elit,sed do eiusm por ","price":"\u00a330","_id":"bc6a5a2"},{"title":"Additional French Tips \/ Glitter","item_description":"Lorem ipsum dolor sit amet, consectet adipiscing\u00a0elit,sed do eiusm por ","price":"\u00a34","_id":"2b627c7"}],"separator_style":"solid","separator_weight":{"unit":"px","size":"1","sizes":[]},"separator_spacing":{"unit":"px","size":"25","sizes":[]},"image_spacing":{"unit":"px","size":"17","sizes":[]},"row_gap":{"unit":"px","size":"25","sizes":[]},"__globals__":{"heading_typography_typography":"","separator_color":""},"heading_color":"#000000","heading_typography_typography":"custom","heading_typography_font_family":"Roboto","heading_typography_font_size":{"unit":"px","size":"16","sizes":[]},"heading_typography_font_weight":"700","heading_typography_text_transform":"none","heading_typography_font_style":"normal","heading_typography_text_decoration":"none","heading_typography_line_height":{"unit":"em","size":"1.6","sizes":[]},"heading_typography_letter_spacing":{"unit":"px","size":"-0.45","sizes":[]},"description_color":"#000000","description_typography_typography":"custom","description_typography_font_family":"Roboto","description_typography_font_size":{"unit":"px","size":"16","sizes":[]},"description_typography_font_size_tablet":{"unit":"px","size":"14","sizes":[]},"description_typography_font_weight":"300","description_typography_text_transform":"none","description_typography_font_style":"normal","description_typography_text_decoration":"none","description_typography_line_height":{"unit":"em","size":"1.6","sizes":[]},"description_typography_letter_spacing":{"unit":"px","size":"-0.45","sizes":[]},"separator_color":"#626060"},"elements":[],"isInner":false,"widgetType":"price-list","elType":"widget"}],"isInner":"1","elType":"column"}],"isInner":"1","elType":"section"},{"id":"ee2b551","settings":{"title":"MakeUp","header_size":"h3","align":"center","_margin":{"unit":"%","top":"10","right":"0","bottom":"0","left":"0","isLinked":""},"_margin_tablet":{"unit":"%","top":"20","right":"0","bottom":"0","left":"0","isLinked":""},"_margin_mobile":{"unit":"%","top":"25","right":"0","bottom":"0","left":"0","isLinked":""},"title_color":"#000000","typography_typography":"custom","typography_font_family":"Anton","typography_font_size":{"unit":"px","size":"85","sizes":[]},"typography_font_size_tablet":{"unit":"px","size":"45","sizes":[]},"typography_font_size_mobile":{"unit":"px","size":"32","sizes":[]},"typography_font_weight":"400","typography_text_transform":"uppercase","typography_font_style":"normal","typography_text_decoration":"none","typography_line_height":{"unit":"em","size":"1.2","sizes":[]},"typography_line_height_tablet":{"unit":"px","size":"","sizes":[]},"typography_line_height_mobile":{"unit":"px","size":"","sizes":[]},"typography_letter_spacing":{"unit":"px","size":"4.25","sizes":[]},"typography_letter_spacing_mobile":{"unit":"px","size":"3.25","sizes":[]}},"elements":[],"isInner":false,"widgetType":"heading","elType":"widget"},{"id":"63365f6a","settings":{"layout":"full_width","gap":"no","margin":{"unit":"%","top":"3","right":"0","bottom":"0","left":"0","isLinked":""},"padding":{"unit":"%","top":"0","right":"25","bottom":"0","left":"25","isLinked":""},"padding_tablet":{"unit":"px","top":"0","right":"0","bottom":"0","left":"0","isLinked":""}},"elements":[{"id":"1f9cf9b7","settings":{"_column_size":"100","_inline_size_tablet":"100","space_between_widgets_mobile":"30","margin":{"unit":"%","top":"0","right":"14","bottom":"0","left":"0","isLinked":""},"margin_tablet":{"unit":"px","top":"0","right":"0","bottom":"0","left":"0","isLinked":""}},"elements":[{"id":"23bce844","settings":{"price_list":[{"title":"Day Makeup","item_description":"Lorem ipsum dolor sit amet, consectet adipiscing\u00a0elit,sed do eiusm por ","price":"\u00a380","_id":"54ed318"},{"title":"Evening Makeup","item_description":"Lorem ipsum dolor sit amet, consectet adipiscing\u00a0elit,sed do eiusm por ","price":"\u00a3120","_id":"59b3c6d"},{"title":"Bridal Makeup","item_description":"Lorem ipsum dolor sit amet, consectet adipiscing\u00a0elit,sed do eiusm por ","price":"\u00a3250","_id":"bc6a5a2"},{"title":"Makeup Lesson","item_description":"Lorem ipsum dolor sit amet, consectet adipiscing\u00a0elit,sed do eiusm por ","price":"\u00a3265","_id":"2b627c7"}],"separator_style":"solid","separator_weight":{"unit":"px","size":"1","sizes":[]},"separator_spacing":{"unit":"px","size":"25","sizes":[]},"image_spacing":{"unit":"px","size":"17","sizes":[]},"row_gap":{"unit":"px","size":"25","sizes":[]},"__globals__":{"heading_typography_typography":"","separator_color":""},"heading_color":"#000000","heading_typography_typography":"custom","heading_typography_font_family":"Roboto","heading_typography_font_size":{"unit":"px","size":"16","sizes":[]},"heading_typography_font_weight":"700","heading_typography_text_transform":"none","heading_typography_font_style":"normal","heading_typography_text_decoration":"none","heading_typography_line_height":{"unit":"em","size":"1.6","sizes":[]},"heading_typography_letter_spacing":{"unit":"px","size":"-0.45","sizes":[]},"description_color":"#000000","description_typography_typography":"custom","description_typography_font_family":"Roboto","description_typography_font_size":{"unit":"px","size":"16","sizes":[]},"description_typography_font_size_tablet":{"unit":"px","size":"14","sizes":[]},"description_typography_font_weight":"300","description_typography_text_transform":"none","description_typography_font_style":"normal","description_typography_text_decoration":"none","description_typography_line_height":{"unit":"em","size":"1.6","sizes":[]},"description_typography_letter_spacing":{"unit":"px","size":"-0.45","sizes":[]},"separator_color":"#626060"},"elements":[],"isInner":false,"widgetType":"price-list","elType":"widget"}],"isInner":"1","elType":"column"}],"isInner":"1","elType":"section"}],"isInner":"","elType":"column"}],"isInner":"","elType":"section"},{"id":"42b036ba","settings":{"layout":"full_width","gap":"no","height":"min-height","custom_height":{"unit":"px","size":"750","sizes":[]},"column_position":"stretch","content_position":"middle","structure":"22","_title":"Testimonials","custom_height_tablet":{"unit":"vh","size":"100","sizes":[]},"margin_mobile":{"unit":"%","top":"","right":"0","bottom":"","left":"0","isLinked":"1"},"__globals__":{"background_color":""},"_timestamp_":"v1Smpyb2xHWDFzTnAyd291dVQ4THc0UT09"},"elements":[{"id":"10534722","settings":{"_column_size":"66","_inline_size_tablet":"100","background_background":"classic","padding":{"unit":"%","top":"0","right":"10","bottom":"0","left":"8","isLinked":""},"__globals__":{"background_color":""},"padding_mobile":{"unit":"%","top":"15","right":"5","bottom":"15","left":"5","isLinked":""},"background_color":"#FFFFFF"},"elements":[{"id":"68a6169d","settings":{"title":"What Our Beautiful \u2028&amp; Happy Clients Say \u2028About Us","header_size":"h3","__globals__":{"typography_typography":""},"title_color":"#000000","typography_typography":"custom","typography_font_family":"Anton","typography_font_size":{"unit":"px","size":"85","sizes":[]},"typography_font_size_tablet":{"unit":"px","size":"45","sizes":[]},"typography_font_size_mobile":{"unit":"px","size":"32","sizes":[]},"typography_font_weight":"400","typography_text_transform":"uppercase","typography_font_style":"normal","typography_text_decoration":"none","typography_line_height":{"unit":"em","size":"1.2","sizes":[]},"typography_line_height_tablet":{"unit":"px","size":"","sizes":[]},"typography_line_height_mobile":{"unit":"px","size":"","sizes":[]},"typography_letter_spacing":{"unit":"px","size":"4.25","sizes":[]},"typography_letter_spacing_mobile":{"unit":"px","size":"3.25","sizes":[]}},"elements":[],"isInner":false,"widgetType":"heading","elType":"widget"}],"isInner":"","elType":"column"},{"id":"2605eb9b","settings":{"_column_size":"33","_inline_size_tablet":"100","background_background":"classic","background_image":{"id":54,"url":"http:\/\/localhost\/dieuhau\/wp-content\/uploads\/2021\/04\/ServicesPage-Testimonials.jpg"},"background_position":"top center","background_repeat":"no-repeat","background_size":"initial","content_position":"bottom","margin_mobile":{"unit":"%","top":"","right":"","bottom":"","left":"","isLinked":"1"},"padding":{"unit":"%","top":"","right":"","bottom":"","left":"","isLinked":"1"},"padding_mobile":{"unit":"px","top":"160","right":"0","bottom":"0","left":"0","isLinked":""},"__globals__":{"background_color":""}},"elements":[{"id":"4958f619","settings":{"selected_icon":{"value":{"id":"49","url":"http:\/\/localhost\/dieuhau\/wp-content\/uploads\/2021\/04\/Quotation.svg"},"library":"svg"},"title_text":"Isabella and her team have been looking after me for over 10 years, and are without a doubt the best in the industry. They know exactly how to make me feel beautiful, and every visit is a relaxing, fabulous experience.","description_text":"Lorena Barker","position":"left","title_size":"p","icon_space":{"unit":"px","size":"28","sizes":[]},"icon_size":{"unit":"px","size":"32","sizes":[]},"title_bottom_space":{"unit":"px","size":"22","sizes":[]},"__globals__":{"title_typography_typography":"","description_typography_typography":"","title_color":"","description_color":"","_background_color":""},"_padding":{"unit":"%","top":"17","right":"17","bottom":"17","left":"17","isLinked":"1"},"_padding_tablet":{"unit":"%","top":"10","right":"10","bottom":"10","left":"10","isLinked":""},"_background_background":"classic","primary_color":"#000000","title_color":"#000000","title_typography_typography":"custom","title_typography_font_family":"Roboto","title_typography_font_size":{"unit":"px","size":"16","sizes":[]},"title_typography_font_size_tablet":{"unit":"px","size":"14","sizes":[]},"title_typography_font_weight":"300","title_typography_text_transform":"none","title_typography_font_style":"normal","title_typography_text_decoration":"none","title_typography_line_height":{"unit":"em","size":"1.6","sizes":[]},"title_typography_letter_spacing":{"unit":"px","size":"-0.45","sizes":[]},"description_color":"#000000","description_typography_typography":"custom","description_typography_font_family":"Roboto","description_typography_font_size":{"unit":"px","size":"16","sizes":[]},"description_typography_font_weight":"700","description_typography_text_transform":"none","description_typography_font_style":"normal","description_typography_text_decoration":"none","description_typography_line_height":{"unit":"em","size":"1.6","sizes":[]},"description_typography_letter_spacing":{"unit":"px","size":"-0.45","sizes":[]},"_background_color":"#F2E7DF"},"elements":[],"isInner":false,"widgetType":"icon-box","elType":"widget"}],"isInner":"","elType":"column"}],"isInner":"","elType":"section"}],"page_settings":{"background_background":"classic","background_color":"#F2E7DF"}}