{"version":"0.4","title":"Portfolio2","type":"page","content":[{"id":"305759da","settings":{"gap":"no","custom_height":{"unit":"px","size":700},"content_position":"middle","background_color":"#000000","padding":{"unit":"px","top":"100","right":"0","bottom":"100","left":"0","isLinked":false},"structure":"20","padding_tablet":{"unit":"px","top":"100","right":"25","bottom":"100","left":"25","isLinked":false},"padding_mobile":{"unit":"px","top":"50","right":"20","bottom":"50","left":"20","isLinked":false}},"elements":[{"id":"414390c7","settings":{"_column_size":50,"_inline_size":null},"elements":[{"id":"38d029da","settings":{"slides":[{"image":{"id":"1477","url":"http:\/\/localhost\/test\/wp-content\/uploads\/2018\/09\/big1.jpg"},"_id":"f4b94bf","type":"image","image_link_to_type":"","image_link_to":{"url":"","is_external":"","nofollow":""},"video":{"url":"","is_external":"","nofollow":""}},{"image":{"id":"1478","url":"http:\/\/localhost\/test\/wp-content\/uploads\/2018\/09\/big2.jpg"},"_id":"c47533a","type":"image","image_link_to_type":"","image_link_to":{"url":"","is_external":"","nofollow":""},"video":{"url":"","is_external":"","nofollow":""}},{"image":{"id":"1479","url":"http:\/\/localhost\/test\/wp-content\/uploads\/2018\/09\/big3.jpg"},"_id":"07bf11b","type":"image","image_link_to_type":"","image_link_to":{"url":"","is_external":"","nofollow":""},"video":{"url":"","is_external":"","nofollow":""}},{"image":{"id":"1480","url":"http:\/\/localhost\/test\/wp-content\/uploads\/2018\/09\/big4.jpg"},"_id":"9f917f4","type":"image","image_link_to_type":"","image_link_to":{"url":"","is_external":"","nofollow":""},"video":{"url":"","is_external":"","nofollow":""}},{"image":{"id":"1481","url":"http:\/\/localhost\/test\/wp-content\/uploads\/2018\/09\/big6.jpg"},"_id":"403c30b","type":"image","image_link_to_type":"","image_link_to":{"url":"","is_external":"","nofollow":""},"video":{"url":"","is_external":"","nofollow":""}}],"height":{"unit":"px","size":457},"width":{"unit":"%","size":100},"space_between":{"unit":"px","size":8},"slide_border_radius":{"unit":"px","size":0},"pagination_size":{"unit":"px","size":4},"pagination_color":"#ffffff","lightbox_video_width":{"unit":"%","size":50},"skin":"slideshow","slides_per_view":"1","slideshow_height":{"unit":"px","size":450},"thumbs_ratio":"169","slideshow_height_mobile":{"unit":"px","size":280}},"elements":[],"isInner":false,"widgetType":"media-carousel","elType":"widget"}],"isInner":false,"elType":"column"},{"id":"7703612e","settings":{"_column_size":50,"_inline_size":null,"padding":{"unit":"%","top":"0","right":"0","bottom":"0","left":"10","isLinked":false},"padding_mobile":{"unit":"px","top":"25","right":"0","bottom":"0","left":"0","isLinked":false}},"elements":[{"id":"60dd7221","settings":{"title":"Take a peek inside our Wonderworld","header_size":"h5","align":"left","title_color":"#bfbfbf","typography_typography":"custom","typography_font_size":{"unit":"px","size":15},"typography_font_weight":"300","typography_text_transform":"uppercase","typography_font_size_tablet":{"unit":"px","size":12},"typography_font_size_mobile":{"unit":"px","size":12},"typography_letter_spacing":{"unit":"px","size":3},"typography_letter_spacing_tablet":{"unit":"px","size":2},"typography_letter_spacing_mobile":{"unit":"px","size":2}},"elements":[],"isInner":false,"widgetType":"heading","elType":"widget"},{"id":"39404fa3","settings":{"title":"Check out our work","align":"left","title_color":"#000000","typography_typography":"custom","typography_font_size":{"unit":"px","size":65},"typography_font_weight":"600","typography_font_size_tablet":{"unit":"px","size":45},"header_size":"h4"},"elements":[],"isInner":false,"widgetType":"heading","elType":"widget"},{"id":"116a9d3e","settings":{"editor":"<p>I am text block. Click edit button to change this text. Lorem ipsum dolor sit amet, consectetur adipiscing elit. Ut elit tellus, luctus nec ullamcorper mattis, pulvinar dapibus leo.<\/p>","text_color":"#bfbfbf","typography_typography":"custom","typography_font_size":{"unit":"px","size":16},"typography_font_weight":"300","typography_line_height":{"unit":"em","size":1.8},"_padding":{"unit":"px","top":"15","right":"0","bottom":"0","left":"0","isLinked":false}},"elements":[],"isInner":false,"widgetType":"text-editor","elType":"widget"},{"id":"454a6cca","settings":{"text":"Read More","typography_typography":"custom","typography_font_size":{"unit":"px","size":15},"typography_font_weight":"600","typography_text_transform":"uppercase","button_text_color":"#ffffff","background_color":"#000000","hover_color":"#ffffff","button_background_hover_color":"#00ce1b","border_radius":{"unit":"px","top":"0","right":"0","bottom":"0","left":"0","isLinked":true},"text_padding":{"unit":"px","top":"15","right":"45","bottom":"15","left":"45","isLinked":false},"_padding":{"unit":"px","top":"15","right":"0","bottom":"0","left":"0","isLinked":false}},"elements":[],"isInner":false,"widgetType":"button","elType":"widget"}],"isInner":false,"elType":"column"}],"isInner":false,"elType":"section"}]}