{"version":"0.4","title":"Portfolio7","type":"page","content":[{"id":"2eed716c","settings":{"gap":"no","custom_height":{"unit":"px","size":800},"content_position":"middle","padding":{"unit":"px","top":"100","right":"0","bottom":"100","left":"0","isLinked":false},"padding_tablet":{"unit":"px","top":"100","right":"25","bottom":"100","left":"25","isLinked":false},"padding_mobile":{"unit":"px","top":"50","right":"20","bottom":"50","left":"20","isLinked":false}},"elements":[{"id":"742f37bc","settings":{"_column_size":100},"elements":[{"id":"7dbc974d","settings":{"title":"Check out our work","align":"center","title_color":"#000000","typography_typography":"custom","typography_font_size":{"unit":"px","size":65},"typography_font_weight":"600","typography_font_size_mobile":{"unit":"px","size":45},"header_size":"h4"},"elements":[],"isInner":false,"widgetType":"heading","elType":"widget"},{"id":"434c3d5c","settings":{"title":"Take a peek inside our Wonderworld","header_size":"h5","align":"center","title_color":"#bfbfbf","typography_typography":"custom","typography_font_size":{"unit":"px","size":16},"typography_font_weight":"300","_margin":{"unit":"px","top":"-10","right":"0","bottom":"0","left":"0","isLinked":false}},"elements":[],"isInner":false,"widgetType":"heading","elType":"widget"},{"id":"191c6462","settings":{"slides":[{"heading":"","description":"","button_text":"","background_color":"#833ca3","_id":"32fceef","background_image":{"id":"1477","url":"http:\/\/localhost\/test\/wp-content\/uploads\/2018\/09\/big1.jpg"},"background_size":"cover","background_ken_burns":"","zoom_direction":"in","background_overlay":"","background_overlay_color":"rgba(0,0,0,0.5)","link":{"url":"","is_external":"","nofollow":""},"link_click":"slide","custom_style":"","horizontal_position":"","vertical_position":"","text_align":"","content_color":"#ffffff","background_overlay_blend_mode":""},{"heading":"","description":"","button_text":"","background_color":"#4054b2","_id":"b818ae6","background_image":{"id":"1478","url":"http:\/\/localhost\/test\/wp-content\/uploads\/2018\/09\/big2.jpg"},"background_size":"cover","background_ken_burns":"","zoom_direction":"in","background_overlay":"","background_overlay_color":"rgba(0,0,0,0.5)","link":{"url":"","is_external":"","nofollow":""},"link_click":"slide","custom_style":"","horizontal_position":"","vertical_position":"","text_align":"","content_color":"","background_overlay_blend_mode":""},{"heading":"","description":"","button_text":"","background_color":"#1abc9c","_id":"186b1be","background_image":{"id":"1480","url":"http:\/\/localhost\/test\/wp-content\/uploads\/2018\/09\/big4.jpg"},"background_size":"cover","background_ken_burns":"","zoom_direction":"in","background_overlay":"","background_overlay_color":"rgba(0,0,0,0.5)","link":{"url":"","is_external":"","nofollow":""},"link_click":"slide","custom_style":"","horizontal_position":"","vertical_position":"","text_align":"","content_color":"","background_overlay_blend_mode":""}],"slides_height":{"unit":"px","size":450},"transition":"fade","content_max_width":{"unit":"%","size":100},"heading_spacing":{"unit":"px","size":0},"description_spacing":{"unit":"px","size":0},"arrows_size":{"unit":"px","size":45},"arrows_color":"#bfbfbf","dots_size":{"unit":"px","size":8},"dots_color":"#ffffff","_margin":{"unit":"px","top":"0","right":"0","bottom":"0","left":"0","isLinked":true},"_padding":{"unit":"px","top":"35","right":"0","bottom":"0","left":"0","isLinked":false},"slides_height_mobile":{"unit":"px","size":300},"content_max_width_mobile":{"unit":"px","size":""},"_padding_tablet":{"unit":"px","top":"15","right":"0","bottom":"0","left":"0","isLinked":false}},"elements":[],"isInner":false,"widgetType":"slides","elType":"widget"}],"isInner":false,"elType":"column"}],"isInner":false,"elType":"section"}]}