{"content":[{"id":"165b540d","settings":{"height":"min-height","background_background":"classic","background_color":"#6f77f4","layout":"full_width","border_border":"solid","border_width":{"unit":"px","top":"0","right":"50","bottom":"0","left":"50","isLinked":false},"border_color":"#ffffff","margin":{"unit":"px","top":"50","right":0,"bottom":"0","left":0,"isLinked":false},"custom_height":{"unit":"px","size":500,"sizes":[]},"border_width_tablet":{"unit":"px","top":"0","right":"20","bottom":"0","left":"20","isLinked":false},"margin_tablet":{"unit":"px","top":"20","right":0,"bottom":"0","left":0,"isLinked":false},"custom_height_mobile":{"unit":"vh","size":94,"sizes":[]},"_title":"Hero","margin_mobile":{"unit":"px","top":"","right":0,"bottom":"","left":0,"isLinked":true},"z_index":15,"_timestamp_":"v1Smpyb2xHWDFzTnAyd291dVQ4THc0UT09"},"elements":[{"id":"4ca34399","settings":{"_column_size":100,"padding_mobile":{"unit":"px","top":"0","right":"30","bottom":"0","left":"30","isLinked":false}},"elements":[{"id":"d3ea2bf","settings":{"title":"I\u2019m Alex Daniels.","align":"center","title_color":"#3a3a3a","typography_typography":"custom","typography_font_family":"Playfair Display","typography_font_size":{"unit":"px","size":30,"sizes":[]},"typography_font_size_tablet":{"unit":"px","size":25,"sizes":[]},"typography_font_size_mobile":{"unit":"px","size":22,"sizes":[]},"typography_text_transform":"capitalize","header_size":"h3"},"elements":[],"isInner":false,"widgetType":"heading","elType":"widget"},{"id":"61a47859","settings":{"title":"About Me.","align":"center","title_color":"#ffffff","typography_typography":"custom","typography_font_family":"Montserrat","typography_font_size":{"unit":"px","size":100,"sizes":[]},"typography_font_weight":"800","typography_font_size_tablet":{"unit":"px","size":75,"sizes":[]},"typography_font_size_mobile":{"unit":"px","size":60,"sizes":[]},"typography_text_transform":"capitalize","header_size":"h1"},"elements":[],"isInner":false,"widgetType":"heading","elType":"widget"}],"isInner":false,"elType":"column"}],"isInner":false,"elType":"section"},{"id":"70ed37d2","settings":{"layout":"full_width","height":"min-height","custom_height":{"unit":"px","size":700,"sizes":[]},"column_position":"stretch","structure":"20","border_border":"solid","border_width":{"unit":"px","top":"0","right":"50","bottom":"0","left":"50","isLinked":false},"border_color":"#ffffff","overflow":"hidden","border_width_tablet":{"unit":"px","top":"0","right":"20","bottom":"0","left":"20","isLinked":false},"reverse_order_mobile":"reverse-mobile","_title":"About","reverse_order_tablet":"reverse-tablet","z_index":15,"_timestamp_":"v1Smpyb2xHWDFzTnAyd291dVQ4THc0UT09"},"elements":[{"id":"89f476c","settings":{"_column_size":50,"_inline_size":33.3,"content_position":"center","background_background":"classic","background_position":"center center","background_repeat":"no-repeat","background_size":"cover","_inline_size_tablet":100,"background_color":"#ff6666"},"elements":[{"id":"4fd244b0","settings":{"space_mobile":{"unit":"px","size":341,"sizes":[]},"space_tablet":{"unit":"px","size":270,"sizes":[]}},"elements":[],"isInner":false,"widgetType":"spacer","elType":"widget"}],"isInner":false,"elType":"column"},{"id":"76076152","settings":{"_column_size":50,"_inline_size":66.7,"content_position":"center","background_background":"classic","background_color":"#ffd845","padding":{"unit":"%","top":"0","right":"0","bottom":"0","left":"0","isLinked":false},"_inline_size_tablet":100,"padding_mobile":{"unit":"px","top":"50","right":"50","bottom":"50","left":"50","isLinked":false},"padding_tablet":{"unit":"px","top":"50","right":"0","bottom":"50","left":"80","isLinked":false}},"elements":[{"id":"37cfe818","settings":{"structure":"20","margin_tablet":{"unit":"px","top":"","right":0,"bottom":"","left":0,"isLinked":true}},"elements":[{"id":"25880c9b","settings":{"_column_size":50,"_inline_size":34.991,"_inline_size_tablet":98},"elements":[{"id":"c018705","settings":{"image":{"id":612,"url":"http:\/\/localhost\/dieuhau\/wp-content\/uploads\/2021\/09\/About.png"},"_element_width":"initial","_element_custom_width":{"unit":"px","size":607},"_position":"absolute","_offset_x_end":{"size":58.641,"unit":"px"},"_offset_y":{"size":-200,"unit":"px"},"_element_width_tablet":"initial","_element_width_mobile":"initial","_element_custom_width_tablet":{"unit":"px","size":350,"sizes":[]},"_element_custom_width_mobile":{"unit":"px","size":280,"sizes":[]},"_offset_x_end_tablet":{"size":-490.453,"unit":"px"},"_offset_x_end_mobile":{"size":-11.469,"unit":"px"},"_offset_y_tablet":{"size":235,"unit":"px"},"_offset_y_mobile":{"size":614,"unit":"px"},"image_box_shadow_box_shadow_type":"yes","image_box_shadow_box_shadow":{"horizontal":0,"vertical":0,"blur":30,"spread":0,"color":"rgba(0,0,0,0.15)"},"_offset_x_mobile":{"size":-38,"unit":"px"},"_offset_orientation_v":"end","_offset_y_end_mobile":{"size":-870.469,"unit":"px"},"_padding_tablet":{"unit":"px","top":"0","right":"0","bottom":"0","left":"0","isLinked":false},"_offset_x":{"size":-376,"unit":"px"},"_offset_x_tablet":{"size":118,"unit":"px"},"_offset_y_end":{"size":-6.266,"unit":"px"},"_offset_y_end_tablet":{"size":-683.25,"unit":"px"}},"elements":[],"isInner":false,"widgetType":"image","elType":"widget"}],"isInner":true,"elType":"column"},{"id":"6c9ce910","settings":{"_column_size":50,"_inline_size":65,"padding":{"unit":"%","top":"0","right":"35","bottom":"0","left":"0","isLinked":false},"_inline_size_tablet":75,"padding_tablet":{"unit":"px","top":"0","right":"0","bottom":"0","left":"0","isLinked":false},"padding_mobile":{"unit":"px","top":"0","right":"0","bottom":"0","left":"0","isLinked":true}},"elements":[{"id":"41046572","settings":{"title":"design is my passion","align":"left","title_color":"#3a3a3a","typography_typography":"custom","typography_font_family":"Playfair Display","typography_font_size":{"unit":"px","size":18,"sizes":[]},"typography_font_size_tablet":{"unit":"px","size":18,"sizes":[]},"typography_text_transform":"capitalize","header_size":"h3"},"elements":[],"isInner":false,"widgetType":"heading","elType":"widget"},{"id":"21708bf1","settings":{"title":"Get To\n<br>Know Me.","align":"left","title_color":"#3a3a3a","typography_typography":"custom","typography_font_family":"Montserrat","typography_font_size":{"unit":"px","size":65,"sizes":[]},"typography_font_weight":"800","typography_font_size_tablet":{"unit":"px","size":55,"sizes":[]},"typography_text_transform":"capitalize","typography_font_size_mobile":{"unit":"px","size":45,"sizes":[]}},"elements":[],"isInner":false,"widgetType":"heading","elType":"widget"},{"id":"48740d9","settings":{"editor":"<p class=\"p1\"><span class=\"s1\">Lorem ipsum dolor sit amet, consectetur adipiscing elit. Nullam mollis in orci et bibendum. Duis euisod risus metus, a faucibus diam placerat sed. Suspendisse gravida sit amet lorem id ultrices. Donec vehicula odio eu nulla off vehicula vutate. Sed venenatis aliquet.<\/span><\/p>","text_color":"#3a3a3a","typography_typography":"custom","typography_font_family":"Montserrat","typography_font_size":{"unit":"px","size":16,"sizes":[]},"typography_font_weight":"300","typography_line_height":{"unit":"em","size":1.5,"sizes":[]},"_margin":{"unit":"px","top":"20","right":"0","bottom":"20","left":"0","isLinked":false}},"elements":[],"isInner":false,"widgetType":"text-editor","elType":"widget"},{"id":"283fc99e","settings":{"view":"inline","icon_list":[{"text":"","selected_icon":{"value":"fab fa-facebook-f","library":"fa-brands"},"_id":"be15d4c"},{"text":"","selected_icon":{"value":"fab fa-twitter","library":"fa-brands"},"_id":"9ec54df"},{"text":"","selected_icon":{"value":"fab fa-pinterest-p","library":"fa-brands"},"_id":"cefccdd"},{"text":"","selected_icon":{"value":"fab fa-instagram","library":"fa-brands"},"_id":"3b2fb9d"}],"space_between":{"unit":"px","size":"25","sizes":[]},"icon_align":"left","icon_color":"#3a3a3a","icon_color_hover":"#6f77f4","icon_size":{"unit":"px","size":"16","sizes":[]},"icon_align_tablet":"left"},"elements":[],"isInner":false,"widgetType":"icon-list","elType":"widget"}],"isInner":true,"elType":"column"}],"isInner":true,"elType":"section"}],"isInner":false,"elType":"column"}],"isInner":false,"elType":"section"},{"id":"4d4036c","settings":{"layout":"full_width","height":"min-height","custom_height":{"unit":"px","size":"650","sizes":[]},"column_position":"stretch","background_background":"classic","background_color":"#fbfbfb","border_border":"solid","border_width":{"unit":"px","top":"0","right":"50","bottom":"0","left":"50","isLinked":""},"border_color":"#ffffff","custom_height_tablet":{"unit":"px","size":550,"sizes":[]},"border_width_tablet":{"unit":"px","top":"0","right":"20","bottom":"0","left":"20","isLinked":false},"_title":"Experience","padding_tablet":{"unit":"px","top":"80","right":"0","bottom":"80","left":"0","isLinked":false},"z_index":15,"_timestamp_":"v1Smpyb2xHWDFzTnAyd291dVQ4THc0UT09"},"elements":[{"id":"177e9477","settings":{"_column_size":"100","content_position":"center","padding":{"unit":"%","top":"0","right":"10","bottom":"0","left":"10","isLinked":""},"padding_tablet":{"unit":"px","top":"0","right":"30","bottom":"0","left":"80","isLinked":false},"padding_mobile":{"unit":"px","top":"0","right":"50","bottom":"0","left":"50","isLinked":false}},"elements":[{"id":"67664b2f","settings":{"title":"Practice Makes Perfect","align":"left","title_color":"#3a3a3a","typography_typography":"custom","typography_font_family":"Playfair Display","typography_font_size":{"unit":"px","size":18,"sizes":[]},"typography_font_size_tablet":{"unit":"px","size":18,"sizes":[]},"typography_text_transform":"capitalize","header_size":"h4"},"elements":[],"isInner":false,"widgetType":"heading","elType":"widget"},{"id":"22a9deb1","settings":{"title":"Experienced UX\/UI\n<br>Designer.","align":"left","title_color":"#3a3a3a","typography_typography":"custom","typography_font_family":"Montserrat","typography_font_size":{"unit":"px","size":65,"sizes":[]},"typography_font_weight":"800","_padding":{"unit":"%","top":"","right":"","bottom":"","left":"","isLinked":"1"},"typography_font_size_tablet":{"unit":"px","size":55,"sizes":[]},"typography_font_size_mobile":{"unit":"px","size":35,"sizes":[]},"typography_text_transform":"capitalize"},"elements":[],"isInner":false,"widgetType":"heading","elType":"widget"},{"id":"3256a32f","settings":{"layout":"full_width","structure":"30","margin":{"unit":"px","top":"80","right":0,"bottom":"0","left":0,"isLinked":false},"margin_tablet":{"unit":"px","top":"50","right":0,"bottom":"0","left":0,"isLinked":false}},"elements":[{"id":"4cab9e34","settings":{"_column_size":33,"_inline_size":null,"padding":{"unit":"px","top":"0","right":"100","bottom":"0","left":"0","isLinked":false},"_inline_size_tablet":100,"padding_mobile":{"unit":"px","top":"0","right":"0","bottom":"0","left":"0","isLinked":true}},"elements":[{"id":"636eae9b","settings":{"title":"good to know.","title_color":"#3a3a3a","typography_typography":"custom","typography_font_family":"Montserrat","typography_font_size":{"unit":"px","size":24,"sizes":[]},"typography_text_transform":"capitalize"},"elements":[],"isInner":false,"widgetType":"heading","elType":"widget"},{"id":"22df2afb","settings":{"editor":"<p class=\"p1\"><span class=\"s1\">Dolor sit amet ekolor aloma<span class=\"Apple-converted-space\">\u00a0 <\/span>Cons ctetur the old what adips Incidunt ullt labe the off Duis euisod risus metus, a faucibus diam placerat sed Suspendisse gravida sit amet.<\/span><\/p>","text_color":"#3a3a3a","typography_typography":"custom","typography_font_family":"Montserrat","typography_font_size":{"unit":"px","size":16,"sizes":[]},"typography_font_weight":"300","typography_line_height":{"unit":"em","size":1.5,"sizes":[]}},"elements":[],"isInner":false,"widgetType":"text-editor","elType":"widget"},{"id":"3de5cccd","settings":{"color":"#d8d8d8","gap":{"unit":"px","size":2,"sizes":[]},"text":"Divider"},"elements":[],"isInner":false,"widgetType":"divider","elType":"widget"}],"isInner":true,"elType":"column"},{"id":"607a6472","settings":{"_column_size":33,"_inline_size":null,"padding":{"unit":"px","top":"0","right":"100","bottom":"0","left":"0","isLinked":false},"_inline_size_tablet":100,"margin_tablet":{"unit":"px","top":"30","right":"0","bottom":"30","left":"0","isLinked":false},"padding_mobile":{"unit":"px","top":"0","right":"0","bottom":"0","left":"0","isLinked":true}},"elements":[{"id":"d7e4fc3","settings":{"title":"Work Experience.","title_color":"#3a3a3a","typography_typography":"custom","typography_font_family":"Montserrat","typography_font_size":{"unit":"px","size":24,"sizes":[]},"typography_text_transform":"capitalize"},"elements":[],"isInner":false,"widgetType":"heading","elType":"widget"},{"id":"35843d67","settings":{"editor":"<p class=\"p1\"><span class=\"s1\">Dolor sit amet ekolor aloma<span class=\"Apple-converted-space\">\u00a0 <\/span>Cons ctetur the old what adips Incidunt ullt labe the off Duis euisod risus metus, a faucibus diam placerat sed Suspendisse gravida sit amet.<\/span><\/p>","text_color":"#3a3a3a","typography_typography":"custom","typography_font_family":"Montserrat","typography_font_size":{"unit":"px","size":16,"sizes":[]},"typography_font_weight":"300","typography_line_height":{"unit":"em","size":1.5,"sizes":[]}},"elements":[],"isInner":false,"widgetType":"text-editor","elType":"widget"},{"id":"34524448","settings":{"color":"#d8d8d8","gap":{"unit":"px","size":2,"sizes":[]},"text":"Divider"},"elements":[],"isInner":false,"widgetType":"divider","elType":"widget"}],"isInner":true,"elType":"column"},{"id":"13e6b65c","settings":{"_column_size":33,"_inline_size":null,"padding":{"unit":"px","top":"0","right":"100","bottom":"0","left":"0","isLinked":false},"_inline_size_tablet":100,"padding_mobile":{"unit":"px","top":"0","right":"0","bottom":"0","left":"0","isLinked":true}},"elements":[{"id":"5d7a6d2f","settings":{"title":"Education.","title_color":"#3a3a3a","typography_typography":"custom","typography_font_family":"Montserrat","typography_font_size":{"unit":"px","size":24,"sizes":[]},"typography_text_transform":"capitalize"},"elements":[],"isInner":false,"widgetType":"heading","elType":"widget"},{"id":"c8e711","settings":{"editor":"<p class=\"p1\"><span class=\"s1\">Dolor sit amet ekolor aloma<span class=\"Apple-converted-space\">\u00a0 <\/span>Cons ctetur the old what adips Incidunt ullt labe the off Duis euisod risus metus, a faucibus diam placerat sed Suspendisse gravida sit amet.<\/span><\/p>","text_color":"#3a3a3a","typography_typography":"custom","typography_font_family":"Montserrat","typography_font_size":{"unit":"px","size":16,"sizes":[]},"typography_font_weight":"300","typography_line_height":{"unit":"em","size":1.5,"sizes":[]}},"elements":[],"isInner":false,"widgetType":"text-editor","elType":"widget"},{"id":"2245e4a4","settings":{"color":"#d8d8d8","gap":{"unit":"px","size":2,"sizes":[]},"text":"Divider"},"elements":[],"isInner":false,"widgetType":"divider","elType":"widget"}],"isInner":true,"elType":"column"}],"isInner":true,"elType":"section"}],"isInner":"","elType":"column"}],"isInner":"","elType":"section"},{"id":"31a6d96d","settings":{"layout":"full_width","height":"min-height","custom_height":{"unit":"px","size":650,"sizes":[]},"column_position":"stretch","structure":"20","border_border":"solid","border_width":{"unit":"px","top":"0","right":"50","bottom":"0","left":"50","isLinked":""},"border_color":"#ffffff","border_width_tablet":{"unit":"px","top":"0","right":"20","bottom":"0","left":"20","isLinked":false},"_title":"Skills","z_index":515,"_timestamp_":"v1Smpyb2xHWDFzTnAyd291dVQ4THc0UT09"},"elements":[{"id":"321a07d4","settings":{"_column_size":"50","_inline_size":"33.3","content_position":"center","background_background":"classic","background_color":"#6f77f4","background_image":{"id":613,"url":"http:\/\/localhost\/dieuhau\/wp-content\/uploads\/2021\/09\/My-Skills-About-Page-.png"},"background_position":"center center","background_repeat":"no-repeat","background_size":"cover","padding":{"unit":"px","top":"0","right":"0","bottom":"0","left":"0","isLinked":"1"},"_inline_size_tablet":100,"background_slideshow_gallery":[{"id":614,"url":"http:\/\/localhost\/dieuhau\/wp-content\/uploads\/2021\/09\/About-Skills-2.png"},{"id":615,"url":"http:\/\/localhost\/dieuhau\/wp-content\/uploads\/2021\/09\/About-Skills-5.png"},{"id":616,"url":"http:\/\/localhost\/dieuhau\/wp-content\/uploads\/2021\/09\/About-Skills-3.png"},{"id":617,"url":"http:\/\/localhost\/dieuhau\/wp-content\/uploads\/2021\/09\/About-Skills-4.png"}],"background_slideshow_slide_duration":2000,"background_slideshow_transition_duration":300},"elements":[{"id":"1fa867a9","settings":{"space_mobile":{"unit":"px","size":300,"sizes":[]}},"elements":[],"isInner":false,"widgetType":"spacer","elType":"widget"}],"isInner":"","elType":"column"},{"id":"67e9d0c5","settings":{"_column_size":"50","_inline_size":"66.7","content_position":"center","background_background":"classic","background_color":"#6f77f4","padding":{"unit":"%","top":"0","right":"10","bottom":"0","left":"15","isLinked":""},"_inline_size_tablet":100,"padding_tablet":{"unit":"px","top":"50","right":"0","bottom":"50","left":"80","isLinked":false},"padding_mobile":{"unit":"px","top":"100","right":"50","bottom":"100","left":"50","isLinked":false}},"elements":[{"id":"4a2595fd","settings":{"title":"Knowledge is everything","align":"left","title_color":"#ffffff","typography_typography":"custom","typography_font_family":"Playfair Display","typography_font_size":{"unit":"px","size":"20","sizes":[]},"typography_font_weight":"600","typography_font_size_tablet":{"unit":"px","size":18,"sizes":[]},"typography_text_transform":"capitalize","header_size":"h4"},"elements":[],"isInner":false,"widgetType":"heading","elType":"widget"},{"id":"54026ee9","settings":{"title":"My Skills.","align":"left","title_color":"#ffffff","typography_typography":"custom","typography_font_family":"Montserrat","typography_font_size":{"unit":"px","size":"85","sizes":[]},"typography_font_weight":"800","_padding":{"unit":"%","top":"0","right":"80","bottom":"0","left":"0","isLinked":""},"typography_font_size_tablet":{"unit":"px","size":55,"sizes":[]},"typography_font_size_mobile":{"unit":"px","size":45,"sizes":[]},"typography_text_transform":"capitalize"},"elements":[],"isInner":false,"widgetType":"heading","elType":"widget"},{"id":"6e343fbd","settings":{"structure":"30","margin":{"unit":"px","top":"50","right":"0","bottom":"0","left":"0","isLinked":""},"margin_tablet":{"unit":"px","top":"0","right":0,"bottom":"0","left":0,"isLinked":true},"margin_mobile":{"unit":"px","top":"30","right":0,"bottom":"0","left":0,"isLinked":false}},"elements":[{"id":"57ff8561","settings":{"_column_size":33,"margin":{"unit":"%","top":"0","right":"10","bottom":"0","left":"0","isLinked":""},"_inline_size":null,"padding_mobile":{"unit":"px","top":"0","right":"0","bottom":"0","left":"0","isLinked":true}},"elements":[{"id":"536598c4","settings":{"title":"01.","title_color":"#ffffff","typography_typography":"custom","typography_font_family":"Montserrat","typography_font_size":{"unit":"px","size":"18","sizes":[]},"typography_font_weight":"800"},"elements":[],"isInner":false,"widgetType":"heading","elType":"widget"},{"id":"496609a7","settings":{"title":"web design","title_color":"#ffffff","typography_typography":"custom","typography_font_family":"Montserrat","typography_font_size":{"unit":"px","size":"18","sizes":[]},"typography_font_weight":"700","typography_font_size_tablet":{"unit":"px","size":16,"sizes":[]},"typography_text_transform":"uppercase"},"elements":[],"isInner":false,"widgetType":"heading","elType":"widget"},{"id":"74013b20","settings":{"editor":"Dolor sit amet ekolor aloma Cons cteur the old what adis Incint ullt labe olay ery off","text_color":"#ffffff","typography_typography":"custom","typography_font_family":"Montserrat","typography_font_size":{"unit":"px","size":"16","sizes":[]},"typography_font_weight":"200","typography_line_height":{"unit":"em","size":"1.6","sizes":[]}},"elements":[],"isInner":false,"widgetType":"text-editor","elType":"widget"}],"isInner":"1","elType":"column"},{"id":"56f639c3","settings":{"_column_size":33,"margin":{"unit":"%","top":"0","right":"10","bottom":"0","left":"0","isLinked":""},"_inline_size":null,"margin_mobile":{"unit":"px","top":"30","right":"0","bottom":"30","left":"0","isLinked":false},"padding_mobile":{"unit":"px","top":"0","right":"0","bottom":"0","left":"0","isLinked":true}},"elements":[{"id":"357c2b21","settings":{"title":"02.","title_color":"#ffffff","typography_typography":"custom","typography_font_family":"Montserrat","typography_font_size":{"unit":"px","size":"18","sizes":[]},"typography_font_weight":"800"},"elements":[],"isInner":false,"widgetType":"heading","elType":"widget"},{"id":"1f08fe5d","settings":{"title":"product design","title_color":"#ffffff","typography_typography":"custom","typography_font_family":"Montserrat","typography_font_size":{"unit":"px","size":"18","sizes":[]},"typography_font_weight":"700","typography_font_size_tablet":{"unit":"px","size":16,"sizes":[]},"typography_text_transform":"uppercase"},"elements":[],"isInner":false,"widgetType":"heading","elType":"widget"},{"id":"60538ef0","settings":{"editor":"Dolor sit amet ekolor aloma Cons cteur the old what adis Incint ullt labe olay ery off","text_color":"#ffffff","typography_typography":"custom","typography_font_family":"Montserrat","typography_font_size":{"unit":"px","size":"16","sizes":[]},"typography_font_weight":"200","typography_line_height":{"unit":"em","size":"1.6","sizes":[]}},"elements":[],"isInner":false,"widgetType":"text-editor","elType":"widget"}],"isInner":"1","elType":"column"},{"id":"3ff5c19","settings":{"_column_size":33,"margin":{"unit":"%","top":"0","right":"10","bottom":"0","left":"0","isLinked":""},"_inline_size":null,"padding_mobile":{"unit":"px","top":"0","right":"0","bottom":"0","left":"0","isLinked":true}},"elements":[{"id":"149aa6dc","settings":{"title":"03.","title_color":"#ffffff","typography_typography":"custom","typography_font_family":"Montserrat","typography_font_size":{"unit":"px","size":"18","sizes":[]},"typography_font_weight":"800"},"elements":[],"isInner":false,"widgetType":"heading","elType":"widget"},{"id":"3a945b8a","settings":{"title":"illustration","title_color":"#ffffff","typography_typography":"custom","typography_font_family":"Montserrat","typography_font_size":{"unit":"px","size":"18","sizes":[]},"typography_font_weight":"700","typography_font_size_tablet":{"unit":"px","size":16,"sizes":[]},"typography_text_transform":"uppercase"},"elements":[],"isInner":false,"widgetType":"heading","elType":"widget"},{"id":"87e8c3","settings":{"editor":"Dolor sit amet ekolor aloma Cons cteur the old what adis Incint ullt labe olay ery off","text_color":"#ffffff","typography_typography":"custom","typography_font_family":"Montserrat","typography_font_size":{"unit":"px","size":"16","sizes":[]},"typography_font_weight":"200","typography_line_height":{"unit":"em","size":"1.6","sizes":[]}},"elements":[],"isInner":false,"widgetType":"text-editor","elType":"widget"}],"isInner":"1","elType":"column"}],"isInner":"1","elType":"section"}],"isInner":"","elType":"column"}],"isInner":"","elType":"section"},{"id":"7dd3531d","settings":{"layout":"full_width","height":"min-height","custom_height":{"unit":"px","size":"650","sizes":[]},"column_position":"stretch","background_background":"classic","background_color":"#fbfbfb","border_border":"solid","border_width":{"unit":"px","top":"0","right":"50","bottom":"0","left":"50","isLinked":""},"border_color":"#ffffff","custom_height_tablet":{"unit":"px","size":550,"sizes":[]},"border_width_tablet":{"unit":"px","top":"0","right":"20","bottom":"0","left":"20","isLinked":false},"structure":"20","_title":"Extra\n\nStuff.\u200b","padding_mobile":{"unit":"px","top":"50","right":"0","bottom":"50","left":"0","isLinked":false},"z_index":15,"_timestamp_":"v1Smpyb2xHWDFzTnAyd291dVQ4THc0UT09"},"elements":[{"id":"468b1952","settings":{"_column_size":50,"content_position":"center","padding":{"unit":"%","top":"0","right":"0","bottom":"0","left":"30","isLinked":""},"padding_tablet":{"unit":"px","top":"50","right":"150","bottom":"50","left":"80","isLinked":false},"padding_mobile":{"unit":"px","top":"0","right":"50","bottom":"0","left":"50","isLinked":false},"_inline_size":30,"_inline_size_tablet":100},"elements":[{"id":"2fdc66f0","settings":{"title":"more about me","align":"left","title_color":"#3a3a3a","typography_typography":"custom","typography_font_family":"Playfair Display","typography_font_size":{"unit":"px","size":18,"sizes":[]},"typography_font_size_tablet":{"unit":"px","size":18,"sizes":[]},"typography_text_transform":"capitalize","header_size":"h4"},"elements":[],"isInner":false,"widgetType":"heading","elType":"widget"},{"id":"37659718","settings":{"title":"extra\n<br>stuff.","align":"left","title_color":"#3a3a3a","typography_typography":"custom","typography_font_family":"Montserrat","typography_font_size":{"unit":"px","size":65,"sizes":[]},"typography_font_weight":"800","_padding":{"unit":"%","top":"","right":"","bottom":"","left":"","isLinked":"1"},"typography_font_size_tablet":{"unit":"px","size":55,"sizes":[]},"typography_font_size_mobile":{"unit":"px","size":45,"sizes":[]},"typography_text_transform":"capitalize"},"elements":[],"isInner":false,"widgetType":"heading","elType":"widget"},{"id":"10a9d085","settings":{"editor":"Dolor sit amet ekolor aloma  Cons ctetur the old what adips Incidunt ullt labe the off Duis euisod risus metus, a faucib.","text_color":"#3a3a3a","typography_typography":"custom","typography_font_family":"Montserrat","typography_font_size":{"unit":"px","size":16,"sizes":[]},"typography_font_weight":"300","typography_line_height":{"unit":"em","size":1.5,"sizes":[]}},"elements":[],"isInner":false,"widgetType":"text-editor","elType":"widget"}],"isInner":"","elType":"column"},{"id":"4da60cec","settings":{"_column_size":50,"content_position":"center","padding":{"unit":"px","top":"0","right":"100","bottom":"0","left":"100","isLinked":false},"padding_tablet":{"unit":"px","top":"0","right":"30","bottom":"0","left":"60","isLinked":false},"padding_mobile":{"unit":"px","top":"0","right":"0","bottom":"0","left":"0","isLinked":true},"_inline_size":70,"_inline_size_tablet":100},"elements":[{"id":"26d1c381","settings":{"structure":"20"},"elements":[{"id":"6a38cc74","settings":{"_column_size":50,"_inline_size":null,"padding":{"unit":"px","top":"0","right":"100","bottom":"0","left":"50","isLinked":false},"padding_tablet":{"unit":"px","top":"0","right":"20","bottom":"0","left":"20","isLinked":false},"padding_mobile":{"unit":"px","top":"50","right":"50","bottom":"0","left":"50","isLinked":false}},"elements":[{"id":"24c327ef","settings":{"title":"Travel.","title_color":"#3a3a3a","typography_typography":"custom","typography_font_family":"Montserrat","typography_font_size":{"unit":"px","size":24,"sizes":[]},"typography_font_weight":"600","typography_text_transform":"capitalize"},"elements":[],"isInner":false,"widgetType":"heading","elType":"widget"},{"id":"708a97fe","settings":{"editor":"<p class=\"p1\"><span class=\"s1\">Dolor sit amet ekolor aloma<span class=\"Apple-converted-space\">\u00a0 <\/span>Cons ctetur the old what adips Incidunt ullt labe the off Duis euisod risus metus, a faucib.<\/span><\/p>","text_color":"#3a3a3a","typography_typography":"custom","typography_font_family":"Montserrat","typography_font_size":{"unit":"px","size":16,"sizes":[]},"typography_font_weight":"300","typography_line_height":{"unit":"em","size":1.5,"sizes":[]}},"elements":[],"isInner":false,"widgetType":"text-editor","elType":"widget"},{"id":"38af03d2","settings":{"color":"#d8d8d8","gap":{"unit":"px","size":2,"sizes":[]},"text":"Divider"},"elements":[],"isInner":false,"widgetType":"divider","elType":"widget"}],"isInner":true,"elType":"column"},{"id":"32ee3534","settings":{"_column_size":50,"_inline_size":null,"padding":{"unit":"px","top":"0","right":"100","bottom":"0","left":"50","isLinked":false},"padding_tablet":{"unit":"px","top":"0","right":"20","bottom":"0","left":"20","isLinked":false},"padding_mobile":{"unit":"px","top":"30","right":"50","bottom":"0","left":"50","isLinked":false}},"elements":[{"id":"46b060dc","settings":{"title":"Books.","title_color":"#3a3a3a","typography_typography":"custom","typography_font_family":"Montserrat","typography_font_size":{"unit":"px","size":24,"sizes":[]},"typography_font_weight":"600","typography_text_transform":"capitalize"},"elements":[],"isInner":false,"widgetType":"heading","elType":"widget"},{"id":"3a54dd46","settings":{"editor":"<p class=\"p1\"><span class=\"s1\">Dolor sit amet ekolor aloma<span class=\"Apple-converted-space\">\u00a0 <\/span>Cons ctetur the old what adips Incidunt ullt labe the off Duis euisod risus metus, a faucib.<\/span><\/p>","text_color":"#3a3a3a","typography_typography":"custom","typography_font_family":"Montserrat","typography_font_size":{"unit":"px","size":16,"sizes":[]},"typography_font_weight":"300","typography_line_height":{"unit":"em","size":1.5,"sizes":[]}},"elements":[],"isInner":false,"widgetType":"text-editor","elType":"widget"},{"id":"64570334","settings":{"color":"#d8d8d8","gap":{"unit":"px","size":2,"sizes":[]},"text":"Divider"},"elements":[],"isInner":false,"widgetType":"divider","elType":"widget"}],"isInner":true,"elType":"column"}],"isInner":true,"elType":"section"},{"id":"50381b9a","settings":{"structure":"20","margin":{"unit":"px","top":"50","right":0,"bottom":"0","left":0,"isLinked":false},"margin_tablet":{"unit":"px","top":"50","right":0,"bottom":"50","left":0,"isLinked":false},"margin_mobile":{"unit":"px","top":"0","right":0,"bottom":"0","left":0,"isLinked":true},"padding_mobile":{"unit":"px","top":"0","right":"0","bottom":"0","left":"0","isLinked":false}},"elements":[{"id":"4bfc149d","settings":{"_column_size":50,"_inline_size":null,"padding":{"unit":"px","top":"0","right":"100","bottom":"0","left":"50","isLinked":false},"padding_tablet":{"unit":"px","top":"0","right":"20","bottom":"0","left":"20","isLinked":false},"padding_mobile":{"unit":"px","top":"30","right":"50","bottom":"0","left":"50","isLinked":false}},"elements":[{"id":"2a0ee336","settings":{"title":"Cinema.","title_color":"#3a3a3a","typography_typography":"custom","typography_font_family":"Montserrat","typography_font_size":{"unit":"px","size":24,"sizes":[]},"typography_text_transform":"capitalize","typography_font_weight":"600"},"elements":[],"isInner":false,"widgetType":"heading","elType":"widget"},{"id":"7b5f5045","settings":{"editor":"<p class=\"p1\"><span class=\"s1\">Dolor sit amet ekolor aloma<span class=\"Apple-converted-space\">\u00a0 <\/span>Cons ctetur the old what adips Incidunt ullt labe the off Duis euisod risus metus, a faucib.<\/span><\/p>","text_color":"#3a3a3a","typography_typography":"custom","typography_font_family":"Montserrat","typography_font_size":{"unit":"px","size":16,"sizes":[]},"typography_font_weight":"300","typography_line_height":{"unit":"em","size":1.5,"sizes":[]}},"elements":[],"isInner":false,"widgetType":"text-editor","elType":"widget"},{"id":"6a2523d9","settings":{"color":"#d8d8d8","gap":{"unit":"px","size":2,"sizes":[]},"text":"Divider"},"elements":[],"isInner":false,"widgetType":"divider","elType":"widget"}],"isInner":true,"elType":"column"},{"id":"51f260e5","settings":{"_column_size":50,"_inline_size":null,"padding":{"unit":"px","top":"0","right":"100","bottom":"0","left":"50","isLinked":false},"padding_tablet":{"unit":"px","top":"0","right":"20","bottom":"0","left":"20","isLinked":false},"padding_mobile":{"unit":"px","top":"30","right":"50","bottom":"30","left":"50","isLinked":false}},"elements":[{"id":"dcc8234","settings":{"title":"Music.","title_color":"#3a3a3a","typography_typography":"custom","typography_font_family":"Montserrat","typography_font_size":{"unit":"px","size":24,"sizes":[]},"typography_font_weight":"600","typography_text_transform":"capitalize"},"elements":[],"isInner":false,"widgetType":"heading","elType":"widget"},{"id":"56f62ff2","settings":{"editor":"<p class=\"p1\"><span class=\"s1\">Dolor sit amet ekolor aloma<span class=\"Apple-converted-space\">\u00a0 <\/span>Cons ctetur the old what adips Incidunt ullt labe the off Duis euisod risus metus, a faucib.<\/span><\/p>","text_color":"#3a3a3a","typography_typography":"custom","typography_font_family":"Montserrat","typography_font_size":{"unit":"px","size":16,"sizes":[]},"typography_font_weight":"300","typography_line_height":{"unit":"em","size":1.5,"sizes":[]}},"elements":[],"isInner":false,"widgetType":"text-editor","elType":"widget"},{"id":"475bd08b","settings":{"color":"#d8d8d8","gap":{"unit":"px","size":2,"sizes":[]},"text":"Divider"},"elements":[],"isInner":false,"widgetType":"divider","elType":"widget"}],"isInner":true,"elType":"column"}],"isInner":true,"elType":"section"}],"isInner":false,"elType":"column"}],"isInner":"","elType":"section"}],"page_settings":{"porto_layout":"fullwidth","porto_header_type":"","porto_disable_sticky_sidebar":"","porto_container":"","porto_custom_js_body":""},"version":"0.4","title":"Portfolio-Aboutpage-page","type":"page"}