{"content":[{"id":"6de948b3","settings":{"height":"min-height","background_background":"classic","background_color":"#ff6666","layout":"full_width","border_border":"solid","border_width":{"unit":"px","top":"0","right":"50","bottom":"0","left":"50","isLinked":false},"border_color":"#ffffff","margin":{"unit":"px","top":"50","right":0,"bottom":"0","left":0,"isLinked":false},"custom_height":{"unit":"vh","size":96,"sizes":[]},"border_width_tablet":{"unit":"px","top":"0","right":"20","bottom":"0","left":"20","isLinked":false},"margin_tablet":{"unit":"px","top":"20","right":0,"bottom":"0","left":0,"isLinked":false},"custom_height_mobile":{"unit":"vh","size":94,"sizes":[]},"_title":"Hero","background_overlay_background":"classic","background_overlay_image":{"id":599,"url":"http:\/\/localhost\/dieuhau\/wp-content\/uploads\/2021\/09\/Hello-BG.png"},"background_overlay_position":"center center","background_overlay_repeat":"no-repeat","background_overlay_opacity":{"unit":"px","size":0.08,"sizes":[]},"custom_height_tablet":{"unit":"vh","size":98,"sizes":[]},"z_index":15,"_timestamp_":"v1Smpyb2xHWDFzTnAyd291dVQ4THc0UT09","grid_height":"600px"},"elements":[{"id":"6561eb15","settings":{"_column_size":100},"elements":[{"id":"7c29c032","settings":{"title":"I\u2019m Alex Daniels.","align":"center","title_color":"#3a3a3a","typography_typography":"custom","typography_font_family":"Playfair Display","typography_font_size":{"unit":"px","size":40,"sizes":[]},"typography_font_size_tablet":{"unit":"px","size":25,"sizes":[]},"typography_font_size_mobile":{"unit":"px","size":22,"sizes":[]},"typography_text_transform":"capitalize","header_size":"h3"},"elements":[],"isInner":false,"widgetType":"heading","elType":"widget"},{"id":"8cbcf00","settings":{"icon_list":[{"text":"","selected_icon":{"value":"fab fa-facebook-f","library":"fa-brands"},"_id":"be15d4c"},{"text":"","selected_icon":{"value":"fab fa-twitter","library":"fa-brands"},"_id":"9ec54df"},{"text":"","selected_icon":{"value":"fab fa-pinterest-p","library":"fa-brands"},"_id":"cefccdd"},{"text":"","selected_icon":{"value":"fab fa-instagram","library":"fa-brands"},"_id":"3b2fb9d"}],"space_between":{"unit":"px","size":30,"sizes":[]},"icon_align":"center","icon_color":"#3a3a3a","icon_color_hover":"#ffffff","icon_size":{"unit":"px","size":"16","sizes":[]},"icon_align_tablet":"center","_element_width":"initial","_element_custom_width":{"unit":"px","size":22,"sizes":[]},"_position":"absolute","_offset_orientation_h":"end","_offset_x_end":{"unit":"px","size":100,"sizes":[]},"_offset_y":{"unit":"px","size":55,"sizes":[]},"space_between_mobile":{"unit":"px","size":15,"sizes":[]},"_offset_x_end_tablet":{"size":56,"unit":"px"},"_offset_x_end_mobile":{"size":14,"unit":"px"},"_offset_y_tablet":{"size":351,"unit":"px"},"_offset_y_mobile":{"size":220,"unit":"px"}},"elements":[],"isInner":false,"widgetType":"icon-list","elType":"widget"},{"id":"7e6d3e3f","settings":{"title":"A Freelance\n<br>UX\/UI Designer.","align":"center","title_color":"#ffffff","typography_typography":"custom","typography_font_family":"Montserrat","typography_font_size":{"unit":"px","size":90,"sizes":[]},"typography_font_weight":"800","typography_font_size_tablet":{"unit":"px","size":75,"sizes":[]},"typography_font_size_mobile":{"unit":"px","size":40,"sizes":[]},"typography_text_transform":"capitalize","header_size":"h1","typography_line_height":{"unit":"em","size":1.2,"sizes":[]}},"elements":[],"isInner":false,"widgetType":"heading","elType":"widget"}],"isInner":false,"elType":"column"}],"isInner":false,"elType":"section"},{"id":"166ef4cc","settings":{"layout":"full_width","height":"min-height","custom_height":{"unit":"px","size":180,"sizes":[]},"margin":{"unit":"px","top":"-180","right":0,"bottom":"0","left":0,"isLinked":false},"_title":"Arrow","z_index":15,"_timestamp_":"v1Smpyb2xHWDFzTnAyd291dVQ4THc0UT09","grid_height":"600px"},"elements":[{"id":"52ad511e","settings":{"_column_size":100},"elements":[{"id":"54d030cb","settings":{"selected_icon":{"value":{"id":600,"url":"http:\/\/localhost\/dieuhau\/wp-content\/uploads\/2021\/09\/1-1.svg"},"library":"svg"},"primary_color":"#3a3a3a","hover_primary_color":"#ffffff","link":{"url":"#down","is_external":"","nofollow":""},"hover_animation":"sink"},"elements":[],"isInner":false,"widgetType":"icon","elType":"widget"}],"isInner":false,"elType":"column"}],"isInner":false,"elType":"section"},{"id":"2d54da6e","settings":{"layout":"full_width","gap":"no","margin":{"unit":"px","top":"-1","right":0,"bottom":"0","left":0,"isLinked":false},"z_index":15,"_timestamp_":"v1Smpyb2xHWDFzTnAyd291dVQ4THc0UT09","grid_height":"600px"},"elements":[{"id":"6715db00","settings":{"_column_size":100,"padding":{"unit":"px","top":"0","right":"0","bottom":"0","left":"0","isLinked":true}},"elements":[{"id":"3955e9de","settings":{"anchor":"down"},"elements":[],"isInner":false,"widgetType":"menu-anchor","elType":"widget"}],"isInner":false,"elType":"column"}],"isInner":false,"elType":"section"},{"id":"2f929a1c","settings":{"layout":"full_width","height":"min-height","custom_height":{"unit":"px","size":700,"sizes":[]},"column_position":"stretch","structure":"20","border_border":"solid","border_width":{"unit":"px","top":"0","right":"50","bottom":"0","left":"50","isLinked":false},"border_color":"#ffffff","overflow":"hidden","border_width_tablet":{"unit":"px","top":"0","right":"20","bottom":"0","left":"20","isLinked":false},"reverse_order_mobile":"reverse-mobile","_title":"About","custom_height_tablet":{"unit":"px","size":500,"sizes":[]},"margin_tablet":{"unit":"px","top":"","right":0,"bottom":"","left":0,"isLinked":true},"reverse_order_tablet":"reverse-tablet","z_index":15,"_timestamp_":"v1Smpyb2xHWDFzTnAyd291dVQ4THc0UT09","grid_height":"600px"},"elements":[{"id":"7dd89f42","settings":{"_column_size":50,"_inline_size":33.3,"content_position":"center","background_background":"classic","background_image":{"id":601,"url":"http:\/\/localhost\/dieuhau\/wp-content\/uploads\/2021\/09\/Home.png"},"background_position":"center right","background_repeat":"no-repeat","background_size":"cover","_inline_size_tablet":100},"elements":[{"id":"5e2fd9c4","settings":{"space_mobile":{"unit":"px","size":400,"sizes":[]},"space_tablet":{"unit":"px","size":405,"sizes":[]}},"elements":[],"isInner":false,"widgetType":"spacer","elType":"widget"}],"isInner":false,"elType":"column"},{"id":"f96b50","settings":{"_column_size":50,"_inline_size":66.7,"content_position":"center","background_background":"classic","background_color":"#fbfbfb","padding":{"unit":"%","top":"0","right":"0","bottom":"0","left":"0","isLinked":false},"_inline_size_tablet":100,"padding_mobile":{"unit":"px","top":"50","right":"50","bottom":"100","left":"50","isLinked":false},"padding_tablet":{"unit":"px","top":"50","right":"0","bottom":"50","left":"0","isLinked":false}},"elements":[{"id":"43fd0f9d","settings":{"structure":"20","margin_tablet":{"unit":"px","top":"","right":0,"bottom":"","left":0,"isLinked":true},"grid_height":"600px"},"elements":[{"id":"35a3f9c6","settings":{"_column_size":50,"_inline_size_tablet":10,"content_position":"center","_inline_size":44.541},"elements":[{"id":"659da31e","settings":{"carousel":[{"id":602,"url":"http:\/\/localhost\/dieuhau\/wp-content\/uploads\/2021\/09\/3-Easy-to-Use.png"},{"id":603,"url":"http:\/\/localhost\/dieuhau\/wp-content\/uploads\/2021\/09\/2-Easy-to-Use.png"},{"id":604,"url":"http:\/\/localhost\/dieuhau\/wp-content\/uploads\/2021\/09\/1-Easy-to-Use-.png"}],"thumbnail_size":"full","slides_to_show":"1","navigation":"none","_element_width_tablet":"initial","_element_custom_width":{"unit":"px","size":299},"_element_custom_width_tablet":{"unit":"px","size":180,"sizes":[]},"_offset_x":{"size":-7,"unit":"px"},"_offset_x_tablet":{"size":336,"unit":"px"},"_offset_x_mobile":{"size":82,"unit":"px"},"_offset_y":{"size":-107,"unit":"px"},"_offset_y_tablet":{"size":400,"unit":"px"},"_offset_y_mobile":{"size":549,"unit":"px"},"autoplay_speed":2000,"effect":"fade","_element_width":"initial","_position":"absolute","pause_on_hover":"no"},"elements":[],"isInner":false,"widgetType":"image-carousel","elType":"widget"},{"id":"2163399c","settings":{"image":{"id":605,"url":"http:\/\/localhost\/dieuhau\/wp-content\/uploads\/2021\/09\/Home-About-pic.png"},"_element_width":"initial","_element_custom_width":{"unit":"px","size":548},"_position":"absolute","_offset_x_end":{"size":148.125,"unit":"px"},"_offset_y":{"size":-147,"unit":"px"},"_element_width_tablet":"initial","_element_width_mobile":"initial","_element_custom_width_tablet":{"unit":"px","size":200,"sizes":[]},"_element_custom_width_mobile":{"unit":"px","size":198},"_offset_x_end_tablet":{"size":-328.062,"unit":"px"},"_offset_x_end_mobile":{"size":97.516,"unit":"px"},"_offset_y_tablet":{"size":377,"unit":"px"},"_offset_y_mobile":{"size":528,"unit":"px"},"_offset_x":{"size":-351,"unit":"px"},"_offset_x_tablet":{"size":182,"unit":"px"},"_offset_x_mobile":{"size":-58,"unit":"px"}},"elements":[],"isInner":false,"widgetType":"image","elType":"widget"}],"isInner":true,"elType":"column"},{"id":"1fde762a","settings":{"_column_size":50,"_inline_size":75,"padding":{"unit":"%","top":"0","right":"30","bottom":"0","left":"0","isLinked":false},"_inline_size_tablet":75,"padding_tablet":{"unit":"px","top":"0","right":"30","bottom":"0","left":"0","isLinked":false},"content_position":"center"},"elements":[{"id":"47c8a89e","settings":{"title":"im an open book","align":"left","title_color":"#3a3a3a","typography_typography":"custom","typography_font_family":"Playfair Display","typography_font_size":{"unit":"px","size":18,"sizes":[]},"typography_font_size_tablet":{"unit":"px","size":18,"sizes":[]},"typography_text_transform":"capitalize","header_size":"h4"},"elements":[],"isInner":false,"widgetType":"heading","elType":"widget"},{"id":"33a9e7a3","settings":{"title":"About\n<br>Me.","align":"left","title_color":"#3a3a3a","typography_typography":"custom","typography_font_family":"Montserrat","typography_font_size":{"unit":"px","size":85,"sizes":[]},"typography_font_weight":"800","typography_font_size_tablet":{"unit":"px","size":55,"sizes":[]},"typography_text_transform":"capitalize","typography_font_size_mobile":{"unit":"px","size":45,"sizes":[]}},"elements":[],"isInner":false,"widgetType":"heading","elType":"widget"},{"id":"ac69de9","settings":{"editor":"<p>Lorem ipsum dolor sit amet, cons ctetur adipisng elit, seled do eiumod tempor incidnt uhgt labore reliut dolore magna aliqua.<\/p>","text_color":"#3a3a3a","typography_typography":"custom","typography_font_family":"Montserrat","typography_font_size":{"unit":"px","size":16,"sizes":[]},"typography_font_weight":"300","typography_line_height":{"unit":"em","size":1.5,"sizes":[]},"_margin":{"unit":"px","top":"30","right":"0","bottom":"30","left":"0","isLinked":false}},"elements":[],"isInner":false,"widgetType":"text-editor","elType":"widget"},{"id":"7d473afb","settings":{"text":"Learn More","selected_icon":{"value":"fas fa-angle-right","library":"fa-solid"},"icon_align":"right","icon_indent":{"unit":"px","size":10,"sizes":[]},"typography_typography":"custom","typography_font_family":"Montserrat","typography_font_size":{"unit":"px","size":16,"sizes":[]},"typography_font_weight":"600","button_text_color":"#3a3a3a","background_color":"rgba(0,0,0,0)","text_padding":{"unit":"px","top":"0","right":"0","bottom":"5","left":"0","isLinked":false},"_border_border":"solid","_border_width":{"unit":"px","top":"0","right":"0","bottom":"2","left":"0","isLinked":false},"_border_color":"#3a3a3a","_element_width":"auto","hover_color":"#ff6666","_border_hover_width":{"unit":"px","top":"0","right":"0","bottom":"2","left":"0","isLinked":false},"_border_hover_color":"#ff6666","typography_text_transform":"capitalize"},"elements":[],"isInner":false,"widgetType":"button","elType":"widget"}],"isInner":true,"elType":"column"}],"isInner":true,"elType":"section"}],"isInner":false,"elType":"column"}],"isInner":false,"elType":"section"},{"id":"1e5427bf","settings":{"layout":"full_width","height":"min-height","custom_height":{"unit":"px","size":700,"sizes":[]},"column_position":"stretch","structure":"20","border_border":"solid","border_width":{"unit":"px","top":"0","right":"50","bottom":"0","left":"50","isLinked":false},"border_color":"#ffffff","border_width_tablet":{"unit":"px","top":"0","right":"20","bottom":"0","left":"20","isLinked":false},"_title":"Projects","padding_tablet":{"unit":"px","top":"0","right":"0","bottom":"0","left":"0","isLinked":false},"z_index":15,"_timestamp_":"v1Smpyb2xHWDFzTnAyd291dVQ4THc0UT09","grid_height":"600px"},"elements":[{"id":"27520cd6","settings":{"_column_size":50,"_inline_size":66.7,"content_position":"center","background_background":"classic","background_color":"#ffd845","padding":{"unit":"%","top":"0","right":"10","bottom":"0","left":"10","isLinked":false},"padding_mobile":{"unit":"px","top":"0","right":"50","bottom":"0","left":"50","isLinked":false},"_inline_size_tablet":100},"elements":[{"id":"6121916e","settings":{"structure":"20","grid_height":"600px"},"elements":[{"id":"535f2dca","settings":{"_column_size":50,"_inline_size":null,"_inline_size_tablet":90,"padding_tablet":{"unit":"px","top":"80","right":"0","bottom":"80","left":"0","isLinked":false}},"elements":[{"id":"65e00b40","settings":{"title":"take a look","align":"left","title_color":"#3a3a3a","typography_typography":"custom","typography_font_family":"Playfair Display","typography_font_size":{"unit":"px","size":18,"sizes":[]},"typography_text_transform":"capitalize","header_size":"h4"},"elements":[],"isInner":false,"widgetType":"heading","elType":"widget"},{"id":"f2dbdd5","settings":{"title":"My\n<br>Works.","align":"left","title_color":"#3a3a3a","typography_typography":"custom","typography_font_family":"Montserrat","typography_font_size":{"unit":"px","size":85,"sizes":[]},"typography_font_weight":"800","typography_font_size_mobile":{"unit":"px","size":45,"sizes":[]},"typography_text_transform":"capitalize"},"elements":[],"isInner":false,"widgetType":"heading","elType":"widget"},{"id":"4ef70bd","settings":{"editor":"<p>Lorem ipsum dolor sit amet, cons ctetur adipisng elit, seled do iumd tempor incidnt uhgt labore reliut dolore magna aliqua.<\/p>","text_color":"#3a3a3a","typography_typography":"custom","typography_font_family":"Montserrat","typography_font_size":{"unit":"px","size":16,"sizes":[]},"typography_font_weight":"300","typography_line_height":{"unit":"em","size":1.5,"sizes":[]},"_margin":{"unit":"px","top":"30","right":"0","bottom":"30","left":"0","isLinked":false}},"elements":[],"isInner":false,"widgetType":"text-editor","elType":"widget"},{"id":"6e84bbe8","settings":{"text":"Explore","selected_icon":{"value":"fas fa-angle-right","library":"fa-solid"},"icon_align":"right","icon_indent":{"unit":"px","size":10,"sizes":[]},"typography_typography":"custom","typography_font_family":"Montserrat","typography_font_size":{"unit":"px","size":16,"sizes":[]},"typography_font_weight":"600","button_text_color":"#3a3a3a","background_color":"rgba(0,0,0,0)","text_padding":{"unit":"px","top":"0","right":"0","bottom":"5","left":"0","isLinked":false},"_border_border":"solid","_border_width":{"unit":"px","top":"0","right":"0","bottom":"2","left":"0","isLinked":false},"_border_color":"#3a3a3a","_border_hover_width":{"unit":"px","top":"0","right":"0","bottom":"2","left":"0","isLinked":false},"_border_hover_color":"#e05098","_element_width":"auto","typography_text_transform":"capitalize","hover_color":"#6f77f4"},"elements":[],"isInner":false,"widgetType":"button","elType":"widget"}],"isInner":true,"elType":"column"},{"id":"69696264","settings":{"_column_size":50,"_inline_size":null,"_inline_size_tablet":10},"elements":[{"id":"2b24b9f6","settings":{"image":{"id":606,"url":"http:\/\/localhost\/dieuhau\/wp-content\/uploads\/2021\/09\/Card.png"},"_z_index":10,"motion_fx_motion_fx_scrolling":"yes","motion_fx_translateY_effect":"yes","motion_fx_translateY_speed":{"unit":"px","size":5,"sizes":[]},"motion_fx_translateY_affectedRange":{"unit":"%","size":"","sizes":{"start":0,"end":50}},"motion_fx_translateX_effect":"yes","motion_fx_translateX_speed":{"unit":"px","size":5,"sizes":[]},"motion_fx_translateX_affectedRange":{"unit":"%","size":"","sizes":{"start":0,"end":50}},"motion_fx_opacity_range":{"unit":"%","size":"","sizes":{"start":0,"end":50}},"motion_fx_rotateZ_effect":"yes","motion_fx_rotateZ_speed":{"unit":"px","size":1.5,"sizes":[]},"motion_fx_rotateZ_affectedRange":{"unit":"%","size":"","sizes":{"start":0,"end":50}},"motion_fx_scale_effect":"yes","motion_fx_scale_direction":"in-out","motion_fx_scale_speed":{"unit":"px","size":-3.5,"sizes":[]},"motion_fx_scale_range":{"unit":"%","size":"","sizes":{"start":0,"end":50}},"_element_width":"initial","_element_custom_width":{"unit":"px","size":350,"sizes":[]},"_position":"absolute","_offset_orientation_h":"end","_offset_x":{"size":383,"unit":"px"},"_offset_x_end":{"size":-408.187,"unit":"px"},"_offset_y":{"size":51,"unit":"px"},"motion_fx_devices":["desktop"],"_element_width_mobile":"initial","_element_custom_width_mobile":{"unit":"px","size":132},"_offset_x_end_tablet":{"size":39.328,"unit":"px"},"_offset_x_end_mobile":{"size":-21,"unit":"px"},"_offset_y_tablet":{"size":647,"unit":"px"},"_offset_y_mobile":{"size":82,"unit":"px"},"_element_width_tablet":"initial","_element_custom_width_tablet":{"unit":"px","size":269}},"elements":[],"isInner":false,"widgetType":"image","elType":"widget"},{"id":"b988513","settings":{"image":{"id":607,"url":"http:\/\/localhost\/dieuhau\/wp-content\/uploads\/2021\/09\/My-Works.png"},"_element_width":"initial","_element_custom_width":{"unit":"px","size":700,"sizes":[]},"_position":"absolute","_offset_orientation_h":"end","_offset_x":{"size":-361,"unit":"px"},"_offset_x_end":{"size":-447.812,"unit":"px"},"_offset_y":{"size":-66,"unit":"px"},"_element_width_tablet":"initial","_element_width_mobile":"initial","_element_custom_width_tablet":{"unit":"px","size":520,"sizes":[]},"_element_custom_width_mobile":{"unit":"px","size":280,"sizes":[]},"_offset_x_end_tablet":{"size":18.031,"unit":"px"},"_offset_x_end_mobile":{"size":-41.062,"unit":"px"},"_offset_y_tablet":{"size":568,"unit":"px"},"_offset_y_mobile":{"size":30,"unit":"px"}},"elements":[],"isInner":false,"widgetType":"image","elType":"widget"}],"isInner":true,"elType":"column"}],"isInner":true,"elType":"section"}],"isInner":false,"elType":"column"},{"id":"81c22d5","settings":{"_column_size":50,"_inline_size":33.3,"content_position":"center","background_background":"classic","background_color":"#ff6666","_inline_size_tablet":100},"elements":[{"id":"479b2a9c","settings":{"space_mobile":{"unit":"px","size":220,"sizes":[]},"space_tablet":{"unit":"px","size":420,"sizes":[]}},"elements":[],"isInner":false,"widgetType":"spacer","elType":"widget"}],"isInner":false,"elType":"column"}],"isInner":false,"elType":"section"},{"id":"7468f0cb","settings":{"layout":"full_width","border_border":"solid","border_width":{"unit":"px","top":"0","right":"50","bottom":"0","left":"50","isLinked":false},"border_color":"#ffffff","border_width_tablet":{"unit":"px","top":"0","right":"20","bottom":"0","left":"20","isLinked":false},"_title":"Intro Projects","z_index":15,"_timestamp_":"v1Smpyb2xHWDFzTnAyd291dVQ4THc0UT09","grid_height":"600px"},"elements":[{"id":"3c104219","settings":{"_column_size":100,"padding":{"unit":"px","top":"0","right":"0","bottom":"0","left":"0","isLinked":true}},"elements":[{"id":"552d13c6","settings":{"thumbnail_size_size":"full","item_ratio":{"unit":"px","size":1.2,"sizes":[]},"column_gap":{"unit":"px","size":0,"sizes":[]},"row_gap":{"unit":"px","size":0,"sizes":[]},"color_background":"#ffffff","color_title":"#3a3a3a","typography_title_typography":"custom","typography_title_font_family":"Montserrat","typography_title_font_size":{"unit":"px","size":18,"sizes":[]},"typography_title_font_weight":"300","typography_title_line_height":{"unit":"em","size":1.4,"sizes":[]},"posts_include":[],"posts_exclude":["terms"],"typography_title_text_transform":"capitalize"},"elements":[],"isInner":false,"widgetType":"portfolio","elType":"widget"}],"isInner":false,"elType":"column"}],"isInner":false,"elType":"section"},{"id":"409abc4d","settings":{"layout":"full_width","height":"min-height","custom_height":{"unit":"px","size":"650","sizes":[]},"column_position":"stretch","structure":"20","border_border":"solid","border_width":{"unit":"px","top":"0","right":"50","bottom":"0","left":"50","isLinked":""},"border_color":"#ffffff","border_width_tablet":{"unit":"px","top":"0","right":"20","bottom":"0","left":"20","isLinked":false},"_title":"Skills","reverse_order_mobile":"reverse-mobile","z_index":15,"_timestamp_":"v1Smpyb2xHWDFzTnAyd291dVQ4THc0UT09","grid_height":"600px"},"elements":[{"id":"153bf5cf","settings":{"_column_size":"50","_inline_size":"33.3","content_position":"center","background_background":"classic","background_color":"#6f77f4","background_image":{"id":608,"url":"http:\/\/localhost\/dieuhau\/wp-content\/uploads\/2021\/09\/My-Skills-Pic-Texture.png"},"background_position":"center right","background_repeat":"no-repeat","background_size":"cover","padding":{"unit":"px","top":"0","right":"0","bottom":"0","left":"0","isLinked":"1"},"_inline_size_tablet":50},"elements":[{"id":"d1ea7b0","settings":{"space_tablet":{"unit":"px","size":127,"sizes":[]},"space_mobile":{"unit":"px","size":350,"sizes":[]}},"elements":[],"isInner":false,"widgetType":"spacer","elType":"widget"}],"isInner":"","elType":"column"},{"id":"5dc531d0","settings":{"_column_size":"50","_inline_size":"66.7","content_position":"center","background_background":"classic","background_color":"#ff6666","padding":{"unit":"%","top":"0","right":"10","bottom":"0","left":"15","isLinked":""},"_inline_size_tablet":50,"padding_tablet":{"unit":"px","top":"50","right":"50","bottom":"50","left":"50","isLinked":true}},"elements":[{"id":"3c4bb708","settings":{"title":"Knowledge is everything","align":"left","title_color":"#3a3a3a","typography_typography":"custom","typography_font_family":"Playfair Display","typography_font_size":{"unit":"px","size":"20","sizes":[]},"typography_font_weight":"600","typography_font_size_tablet":{"unit":"px","size":18,"sizes":[]},"typography_text_transform":"capitalize","header_size":"h4"},"elements":[],"isInner":false,"widgetType":"heading","elType":"widget"},{"id":"2932e4c1","settings":{"title":"My Skills.","align":"left","title_color":"#3a3a3a","typography_typography":"custom","typography_font_family":"Montserrat","typography_font_size":{"unit":"px","size":"85","sizes":[]},"typography_font_weight":"800","_padding":{"unit":"%","top":"0","right":"80","bottom":"0","left":"0","isLinked":""},"typography_font_size_tablet":{"unit":"px","size":55,"sizes":[]},"typography_font_size_mobile":{"unit":"px","size":45,"sizes":[]},"typography_text_transform":"capitalize"},"elements":[],"isInner":false,"widgetType":"heading","elType":"widget"},{"id":"4cc9b6ac","settings":{"structure":"30","margin":{"unit":"px","top":"50","right":"0","bottom":"0","left":"0","isLinked":""},"margin_tablet":{"unit":"px","top":"0","right":0,"bottom":"0","left":0,"isLinked":true},"grid_height":"600px"},"elements":[{"id":"3caaed74","settings":{"_column_size":"33","margin":{"unit":"%","top":"0","right":"10","bottom":"0","left":"0","isLinked":""},"_inline_size_tablet":100},"elements":[{"id":"2a5b18f5","settings":{"title":"01.","title_color":"#3a3a3a","typography_typography":"custom","typography_font_family":"Montserrat","typography_font_size":{"unit":"px","size":"18","sizes":[]},"typography_font_weight":"800"},"elements":[],"isInner":false,"widgetType":"heading","elType":"widget"},{"id":"7282bf57","settings":{"title":"web design","title_color":"#3a3a3a","typography_typography":"custom","typography_font_family":"Montserrat","typography_font_size":{"unit":"px","size":"18","sizes":[]},"typography_font_weight":"700","typography_font_size_tablet":{"unit":"px","size":16,"sizes":[]},"typography_text_transform":"uppercase"},"elements":[],"isInner":false,"widgetType":"heading","elType":"widget"},{"id":"3baed40b","settings":{"editor":"Dolor sit amet ekolor aloma \nCons ctetur the old what adips\nIncidunt ullt labe olay ery off","text_color":"#3a3a3a","typography_typography":"custom","typography_font_family":"Montserrat","typography_font_size":{"unit":"px","size":"16","sizes":[]},"typography_font_weight":"200","typography_line_height":{"unit":"em","size":"1.6","sizes":[]}},"elements":[],"isInner":false,"widgetType":"text-editor","elType":"widget"}],"isInner":"1","elType":"column"},{"id":"286a7b8f","settings":{"_column_size":"33","margin":{"unit":"%","top":"0","right":"10","bottom":"0","left":"0","isLinked":""},"_inline_size_tablet":100},"elements":[{"id":"63a2cd4a","settings":{"title":"02.","title_color":"#3a3a3a","typography_typography":"custom","typography_font_family":"Montserrat","typography_font_size":{"unit":"px","size":"18","sizes":[]},"typography_font_weight":"800"},"elements":[],"isInner":false,"widgetType":"heading","elType":"widget"},{"id":"60f67aa4","settings":{"title":"product design","title_color":"#3a3a3a","typography_typography":"custom","typography_font_family":"Montserrat","typography_font_size":{"unit":"px","size":"18","sizes":[]},"typography_font_weight":"700","typography_font_size_tablet":{"unit":"px","size":16,"sizes":[]},"typography_text_transform":"uppercase"},"elements":[],"isInner":false,"widgetType":"heading","elType":"widget"},{"id":"43ab7646","settings":{"editor":"Dolor sit amet ekolor aloma \nCons ctetur the old what adips\nIncidunt ullt labe olay ery off","text_color":"#3a3a3a","typography_typography":"custom","typography_font_family":"Montserrat","typography_font_size":{"unit":"px","size":"16","sizes":[]},"typography_font_weight":"200","typography_line_height":{"unit":"em","size":"1.6","sizes":[]}},"elements":[],"isInner":false,"widgetType":"text-editor","elType":"widget"}],"isInner":"1","elType":"column"},{"id":"351f3893","settings":{"_column_size":"33","margin":{"unit":"%","top":"0","right":"10","bottom":"0","left":"0","isLinked":""},"_inline_size_tablet":100},"elements":[{"id":"4c7b5512","settings":{"title":"03.","title_color":"#3a3a3a","typography_typography":"custom","typography_font_family":"Montserrat","typography_font_size":{"unit":"px","size":"18","sizes":[]},"typography_font_weight":"800"},"elements":[],"isInner":false,"widgetType":"heading","elType":"widget"},{"id":"5972d7ac","settings":{"title":"illustration","title_color":"#3a3a3a","typography_typography":"custom","typography_font_family":"Montserrat","typography_font_size":{"unit":"px","size":"18","sizes":[]},"typography_font_weight":"700","typography_font_size_tablet":{"unit":"px","size":16,"sizes":[]},"typography_text_transform":"uppercase"},"elements":[],"isInner":false,"widgetType":"heading","elType":"widget"},{"id":"6e43496b","settings":{"editor":"Dolor sit amet ekolor aloma \nCons ctetur the old what adips\nIncidunt ullt labe olay ery off","text_color":"#3a3a3a","typography_typography":"custom","typography_font_family":"Montserrat","typography_font_size":{"unit":"px","size":"16","sizes":[]},"typography_font_weight":"200","typography_line_height":{"unit":"em","size":"1.6","sizes":[]}},"elements":[],"isInner":false,"widgetType":"text-editor","elType":"widget"}],"isInner":"1","elType":"column"}],"isInner":"1","elType":"section"}],"isInner":"","elType":"column"}],"isInner":"","elType":"section"},{"id":"1ee0a267","settings":{"layout":"full_width","height":"min-height","custom_height":{"unit":"px","size":"650","sizes":[]},"column_position":"stretch","background_background":"classic","background_color":"#fbfbfb","border_border":"solid","border_width":{"unit":"px","top":"0","right":"50","bottom":"0","left":"50","isLinked":""},"border_color":"#ffffff","custom_height_tablet":{"unit":"px","size":550,"sizes":[]},"border_width_tablet":{"unit":"px","top":"0","right":"20","bottom":"0","left":"20","isLinked":false},"_title":"Blog","z_index":15,"_timestamp_":"v1Smpyb2xHWDFzTnAyd291dVQ4THc0UT09","grid_height":"600px"},"elements":[{"id":"9f8d30a","settings":{"_column_size":"100","content_position":"center","padding":{"unit":"%","top":"0","right":"10","bottom":"0","left":"10","isLinked":""},"padding_tablet":{"unit":"px","top":"100","right":"50","bottom":"100","left":"50","isLinked":false},"padding_mobile":{"unit":"px","top":"100","right":"50","bottom":"100","left":"50","isLinked":false}},"elements":[{"id":"6a894cdb","settings":{"title":"something to say","align":"left","title_color":"#3a3a3a","typography_typography":"custom","typography_font_family":"Playfair Display","typography_font_size":{"unit":"px","size":18,"sizes":[]},"typography_font_size_tablet":{"unit":"px","size":18,"sizes":[]},"typography_text_transform":"capitalize","header_size":"h4"},"elements":[],"isInner":false,"widgetType":"heading","elType":"widget"},{"id":"539bc64a","settings":{"title":"The <br>Blog.","align":"left","title_color":"#3a3a3a","typography_typography":"custom","typography_font_family":"Montserrat","typography_font_size":{"unit":"px","size":"85","sizes":[]},"typography_font_weight":"800","_padding":{"unit":"%","top":"","right":"","bottom":"","left":"","isLinked":"1"},"typography_font_size_tablet":{"unit":"px","size":55,"sizes":[]},"typography_font_size_mobile":{"unit":"px","size":45,"sizes":[]},"typography_text_transform":"capitalize"},"elements":[],"isInner":false,"widgetType":"heading","elType":"widget"},{"id":"6e90665c","settings":{"_skin":"cards","classic_posts_per_page":"3","classic_thumbnail":"none","classic_meta_separator":"\/\/\/","classic_show_read_more":"","classic_read_more_text":"Read More \u00bb","cards_posts_per_page":3,"cards_thumbnail":"none","cards_meta_data":["date"],"cards_meta_separator":"\u2022","cards_read_more_text":"","cards_show_avatar":"","classic_column_gap":{"unit":"px","size":"100","sizes":[]},"classic_row_gap":{"unit":"px","size":"30","sizes":[]},"cards_alignment":"left","cards_card_bg_color":"rgba(255,255,255,0)","cards_card_border_width":{"unit":"px","size":"0","sizes":[]},"cards_card_border_radius":{"unit":"px","size":"0","sizes":[]},"cards_card_padding":{"unit":"px","size":"0","sizes":[]},"cards_card_vertical_padding":{"unit":"px","size":"0","sizes":[]},"cards_box_shadow_box_shadow_type":"","cards_meta_border_color":"#e0e0e0","cards_title_color":"#3a3a3a","cards_title_typography_typography":"custom","cards_title_typography_font_family":"Montserrat","cards_title_typography_font_size":{"unit":"px","size":"22","sizes":[]},"cards_title_typography_font_weight":"700","cards_title_typography_text_transform":"uppercase","cards_title_spacing":{"unit":"px","size":15,"sizes":[]},"cards_meta_color":"#3a3a3a","cards_meta_typography_typography":"custom","cards_meta_typography_font_family":"Montserrat","cards_meta_typography_font_size":{"unit":"px","size":"14","sizes":[]},"cards_meta_typography_font_weight":"600","cards_meta_typography_text_transform":"uppercase","cards_excerpt_color":"#3a3a3a","cards_excerpt_typography_typography":"custom","cards_excerpt_typography_font_family":"Montserrat","cards_excerpt_typography_font_size":{"unit":"px","size":"16","sizes":[]},"cards_excerpt_typography_font_weight":"200","cards_excerpt_spacing":{"unit":"px","size":"10","sizes":[]},"cards_read_more_spacing":{"unit":"px","size":"0","sizes":[]},"pagination_page_limit":"5","pagination_prev_label":"&laquo; Previous","pagination_next_label":"Next &raquo;","_margin":{"unit":"px","top":"50","right":"0","bottom":"0","left":"0","isLinked":""},"cards_title_typography_font_size_tablet":{"unit":"px","size":16,"sizes":[]},"_margin_tablet":{"unit":"px","top":"0","right":"0","bottom":"0","left":"0","isLinked":true},"cards_badge_taxonomy":"","posts_include":[],"posts_include_term_ids":[],"cards_column_gap":{"unit":"px","size":50,"sizes":[]},"cards_row_gap":{"unit":"px","size":30,"sizes":[]},"full_content_meta_separator":"\/\/\/","text":"Load More","load_more_no_posts_custom_message":"No more posts to show"},"elements":[],"isInner":false,"widgetType":"posts","elType":"widget"}],"isInner":"","elType":"column"}],"isInner":"","elType":"section"}],"page_settings":{"porto_layout":"fullwidth","porto_header_type":"","porto_disable_sticky_sidebar":"","porto_container":"","porto_custom_js_body":""},"version":"0.4","title":"Portfolio-homepage-page","type":"page"}