{"content":[{"id":"31b2d521","settings":{"height":"min-height","background_background":"classic","background_color":"#ff6666","layout":"full_width","border_border":"solid","border_width":{"unit":"px","top":"0","right":"50","bottom":"0","left":"50","isLinked":false},"border_color":"#ffffff","margin":{"unit":"px","top":"50","right":0,"bottom":"0","left":0,"isLinked":false},"custom_height":{"unit":"px","size":500,"sizes":[]},"border_width_tablet":{"unit":"px","top":"0","right":"20","bottom":"0","left":"20","isLinked":false},"margin_tablet":{"unit":"px","top":"20","right":0,"bottom":"0","left":0,"isLinked":false},"custom_height_mobile":{"unit":"vh","size":94,"sizes":[]},"_title":"Hero","z_index":15,"_timestamp_":"v1Smpyb2xHWDFzTnAyd291dVQ4THc0UT09"},"elements":[{"id":"5e57a668","settings":{"_column_size":100},"elements":[{"id":"228322fb","settings":{"title":"Explore my portfolio.","align":"center","title_color":"#3a3a3a","typography_typography":"custom","typography_font_family":"Playfair Display","typography_font_size":{"unit":"px","size":30,"sizes":[]},"typography_font_size_tablet":{"unit":"px","size":25,"sizes":[]},"typography_font_size_mobile":{"unit":"px","size":22,"sizes":[]},"typography_text_transform":"capitalize","header_size":"h3"},"elements":[],"isInner":false,"widgetType":"heading","elType":"widget"},{"id":"5d738fb6","settings":{"title":"Projects.","align":"center","title_color":"#ffffff","typography_typography":"custom","typography_font_family":"Montserrat","typography_font_size":{"unit":"px","size":100,"sizes":[]},"typography_font_weight":"800","typography_font_size_tablet":{"unit":"px","size":75,"sizes":[]},"typography_font_size_mobile":{"unit":"px","size":50,"sizes":[]},"typography_text_transform":"capitalize","header_size":"h1"},"elements":[],"isInner":false,"widgetType":"heading","elType":"widget"}],"isInner":false,"elType":"column"}],"isInner":false,"elType":"section"},{"id":"2c382ad6","settings":{"layout":"full_width","height":"min-height","custom_height":{"unit":"px","size":430,"sizes":[]},"column_position":"stretch","background_background":"classic","background_color":"#fbfbfb","border_border":"solid","border_width":{"unit":"px","top":"0","right":"50","bottom":"0","left":"50","isLinked":""},"border_color":"#ffffff","custom_height_tablet":{"unit":"px","size":400,"sizes":[]},"border_width_tablet":{"unit":"px","top":"0","right":"20","bottom":"0","left":"20","isLinked":false},"_title":"Intro","z_index":15,"_timestamp_":"v1Smpyb2xHWDFzTnAyd291dVQ4THc0UT09"},"elements":[{"id":"15a1341d","settings":{"_column_size":"100","content_position":"center","padding":{"unit":"%","top":"0","right":"30","bottom":"0","left":"30","isLinked":""},"padding_tablet":{"unit":"px","top":"0","right":"50","bottom":"0","left":"50","isLinked":false},"padding_mobile":{"unit":"px","top":"100","right":"30","bottom":"100","left":"30","isLinked":false}},"elements":[{"id":"64c54e1d","settings":{"title":"Get A glimpse Into my world. design is my passion. my projects are my art. ","align":"center","title_color":"#3a3a3a","typography_typography":"custom","typography_font_family":"Montserrat","typography_font_size":{"unit":"px","size":30,"sizes":[]},"typography_font_weight":"700","_padding":{"unit":"%","top":"","right":"","bottom":"","left":"","isLinked":"1"},"typography_font_size_tablet":{"unit":"px","size":26,"sizes":[]},"typography_font_size_mobile":{"unit":"px","size":24,"sizes":[]},"typography_line_height":{"unit":"em","size":1.5,"sizes":[]},"typography_text_transform":"capitalize"},"elements":[],"isInner":false,"widgetType":"heading","elType":"widget"},{"id":"1df058b2","settings":{"editor":"<p>Lorem ipsum dolor sit amet, consectetur adipiscing elit. Nam augue diam, blandit ut velit sed, luctus pellentesque magna. Pellentesque sodales ante ante, eu suscipit orci maximus sit amet. Vivamus nisi enim, condimentum eu ex non, varius finibus risus. Fusce pretium.<\/p>","text_color":"#3a3a3a","typography_typography":"custom","typography_font_family":"Montserrat","typography_font_size":{"unit":"px","size":16,"sizes":[]},"typography_font_weight":"300","typography_line_height":{"unit":"em","size":1.5,"sizes":[]},"align":"center"},"elements":[],"isInner":false,"widgetType":"text-editor","elType":"widget"}],"isInner":"","elType":"column"}],"isInner":"","elType":"section"},{"id":"63985c1d","settings":{"layout":"full_width","border_border":"solid","border_width":{"unit":"px","top":"0","right":"50","bottom":"0","left":"50","isLinked":false},"border_color":"#ffffff","border_width_tablet":{"unit":"px","top":"0","right":"20","bottom":"0","left":"20","isLinked":false},"_title":"Projects","z_index":15,"_timestamp_":"v1Smpyb2xHWDFzTnAyd291dVQ4THc0UT09"},"elements":[{"id":"44e80782","settings":{"_column_size":100,"padding":{"unit":"px","top":"35","right":"0","bottom":"0","left":"0","isLinked":false},"background_background":"classic","background_color":"#fbfbfb","border_border":"solid","border_width":{"unit":"px","top":"1","right":"0","bottom":"0","left":"0","isLinked":false},"border_color":"#d8d8d8"},"elements":[{"id":"227f4576","settings":{"thumbnail_size_size":"full","item_ratio":{"unit":"px","size":1.2,"sizes":[]},"row_gap":{"unit":"px","size":0,"sizes":[]},"color_background":"#ffffff","color_title":"#3a3a3a","typography_title_typography":"custom","typography_title_font_family":"Montserrat","typography_title_font_size":{"unit":"px","size":18,"sizes":[]},"typography_title_font_weight":"300","typography_title_line_height":{"unit":"em","size":1.4,"sizes":[]},"posts_include":[],"posts_per_page":9,"show_filter_bar":"yes","taxonomy":"category","color_filter":"#3a3a3a","typography_filter_typography":"custom","typography_filter_font_family":"Montserrat","typography_filter_font_size":{"unit":"px","size":18,"sizes":[]},"typography_filter_font_weight":"300","filter_item_spacing":{"unit":"px","size":20,"sizes":[]},"filter_spacing":{"unit":"px","size":35,"sizes":[]},"posts_exclude":["terms"],"color_filter_active":"#ff6666","typography_filter_text_transform":"capitalize"},"elements":[],"isInner":false,"widgetType":"portfolio","elType":"widget"}],"isInner":false,"elType":"column"}],"isInner":false,"elType":"section"}],"page_settings":{"porto_layout":"fullwidth","porto_header_type":"","porto_disable_sticky_sidebar":"","porto_container":"","porto_custom_js_body":""},"version":"0.4","title":"Portfolio-project-page","type":"page"}