{"version":"0.4","title":"Magazine-homepage","type":"page","content":[{"id":"71739bfd","settings":{"layout":"full_width","height":"min-height","custom_height":{"unit":"px","size":"840","sizes":[]},"column_position":"stretch","structure":"20","_title":"Hero","margin":{"unit":"px","top":"","right":"0","bottom":"","left":"0","isLinked":"1"},"_timestamp_":"v1Smpyb2xHWDFzTnAyd291dVQ4THc0UT09"},"elements":[{"id":"7db661d2","settings":{"_column_size":"50","_inline_size":"57","content_position":"top","background_image":{"id":9,"url":"http:\/\/localhost\/dieuhau\/wp-content\/uploads\/2020\/12\/Home-Bg.png"},"background_position":"center center","background_repeat":"no-repeat","background_size":"cover","background_overlay_background":"classic","background_overlay_color":"#0c0c0c","background_overlay_opacity":{"unit":"px","size":"0.55","sizes":[]},"padding":{"unit":"%","top":"0","right":"0","bottom":"0","left":"0","isLinked":"1"},"_inline_size_tablet":"100","padding_tablet":{"unit":"px","top":"80","right":"50","bottom":"80","left":"50","isLinked":""},"padding_mobile":{"unit":"px","top":"0","right":"0","bottom":"50","left":"0","isLinked":""}},"elements":[{"id":"36f87fe3","settings":{"classic_columns":"1","classic_posts_per_page":"1","classic_meta_data":[],"classic_meta_separator":"\/\/\/","classic_read_more_text":"Read More \u00bb","cards_meta_separator":"\u2022","cards_read_more_text":"Read More \u00bb","full_content_meta_separator":"\/\/\/","classic_title_color":"#000000","classic_title_typography_typography":"custom","classic_title_typography_font_family":"Rubik","classic_title_typography_font_size":{"unit":"px","size":"50","sizes":[]},"classic_title_typography_font_weight":"500","classic_title_spacing":{"unit":"px","size":"20","sizes":[]},"classic_excerpt_color":"#ffffff","classic_excerpt_typography_typography":"custom","classic_excerpt_typography_font_family":"Rubik","classic_excerpt_typography_font_size":{"unit":"px","size":"16","sizes":[]},"classic_excerpt_typography_font_weight":"300","classic_excerpt_spacing":{"unit":"px","size":"30","sizes":[]},"classic_read_more_color":"#f40045","classic_read_more_typography_typography":"custom","classic_read_more_typography_font_family":"Rubik","classic_read_more_typography_font_size":{"unit":"px","size":"14","sizes":[]},"classic_read_more_typography_font_weight":"400","classic_read_more_typography_text_transform":"uppercase","classic_read_more_typography_text_decoration":"underline","pagination_page_limit":"5","pagination_prev_label":"&laquo; Previous","pagination_next_label":"Next &raquo;","posts_include":[],"posts_include_term_ids":["19"],"classic_columns_tablet":"1","classic_title_typography_font_size_tablet":{"unit":"px","size":"45","sizes":[]},"classic_title_typography_font_size_mobile":{"unit":"px","size":"22","sizes":[]},"classic_thumbnail_size_size":"full","classic_item_ratio":{"unit":"px","size":"0.53","sizes":[]},"classic_show_excerpt":"","classic_content_padding":{"unit":"px","top":"0","right":"50","bottom":"0","left":"45","isLinked":""},"classic_image_spacing":{"unit":"px","size":"30","sizes":[]},"classic_title_tag":"h1","classic_item_ratio_mobile":{"unit":"px","size":"0.85","sizes":[]}},"elements":[],"isInner":false,"widgetType":"posts","elType":"widget"}],"isInner":"","elType":"column"},{"id":"2c3d915d","settings":{"_column_size":"50","_inline_size":"43","content_position":"top","space_between_widgets":"50","padding":{"unit":"%","top":"15","right":"30","bottom":"10","left":"15","isLinked":""},"_inline_size_tablet":"100","space_between_widgets_mobile":"15","padding_tablet":{"unit":"px","top":"50","right":"50","bottom":"50","left":"50","isLinked":""},"padding_mobile":{"unit":"px","top":"50","right":"20","bottom":"20","left":"20","isLinked":""}},"elements":[{"id":"365a96d6","settings":{"width":{"unit":"px","size":"110","sizes":[]},"align":"left","look":"line_text","text":"On Top","gap":{"unit":"px","size":"5","sizes":[]},"text_color":"#F40045","typography_typography":"custom","typography_font_family":"Rubik","typography_font_size":{"unit":"px","size":"14","sizes":[]},"typography_font_weight":"400","text_align":"right"},"elements":[],"isInner":false,"widgetType":"divider","elType":"widget"},{"id":"e9291fe","settings":{"classic_columns":"1","classic_posts_per_page":"3","classic_thumbnail":"none","classic_meta_data":[],"classic_meta_separator":"\/\/\/","classic_show_read_more":"","classic_read_more_text":"Read More \u00bb","cards_meta_separator":"\u2022","cards_read_more_text":"Read More \u00bb","full_content_meta_separator":"\/\/\/","classic_row_gap":{"unit":"px","size":"50","sizes":[]},"classic_alignment":"left","classic_title_color":"#0c0c0c","classic_title_typography_typography":"custom","classic_title_typography_font_family":"Rubik","classic_title_typography_font_size":{"unit":"px","size":"22","sizes":[]},"classic_title_typography_font_weight":"500","classic_title_spacing":{"unit":"px","size":"15","sizes":[]},"classic_excerpt_color":"#0c0c0c","classic_excerpt_typography_typography":"custom","classic_excerpt_typography_font_family":"Rubik","classic_excerpt_typography_font_size":{"unit":"px","size":"16","sizes":[]},"classic_excerpt_typography_font_weight":"300","pagination_page_limit":"5","pagination_prev_label":"&laquo; Previous","pagination_next_label":"Next &raquo;","classic_columns_tablet":"1","posts_avoid_duplicates":"yes"},"elements":[],"isInner":false,"widgetType":"posts","elType":"widget"},{"id":"551bd026","settings":{"text":"Explore more","selected_icon":{"value":"fas fa-chevron-right","library":"fa-solid"},"icon_align":"right","typography_typography":"custom","typography_font_family":"Rubik","typography_font_size":{"unit":"px","size":"14","sizes":[]},"typography_font_weight":"400","typography_text_transform":"uppercase","button_text_color":"#f40045","background_color":"rgba(255,255,255,0)","border_width":{"unit":"px","top":"0","right":"0","bottom":"1","left":"0","isLinked":""},"border_color":"#f40045","border_radius":{"unit":"px","top":"0","right":"0","bottom":"0","left":"0","isLinked":"1"},"text_padding":{"unit":"px","top":"0","right":"0","bottom":"2","left":"0","isLinked":""},"typography_line_height":{"unit":"em","size":"1.3","sizes":[]},"hover_color":"#0c0c0c","_border_border":"solid","_border_width":{"unit":"px","top":"0","right":"0","bottom":"1","left":"0","isLinked":""},"_border_color":"#f40045","_border_hover_border":"solid","_border_hover_width":{"unit":"px","top":"0","right":"0","bottom":"1","left":"0","isLinked":""},"_border_hover_color":"#0c0c0c","_element_width":"auto","_element_vertical_align":"center","_offset_y":{"unit":"px","size":"670","sizes":[]}},"elements":[],"isInner":false,"widgetType":"button","elType":"widget"}],"isInner":"","elType":"column"}],"isInner":"","elType":"section"},{"id":"5fec6c32","settings":{"content_width":{"unit":"px","size":"1400","sizes":[]},"structure":"20","margin":{"unit":"px","top":"100","right":"0","bottom":"0","left":"0","isLinked":""},"_title":"Popular Stories\u200b Headline","margin_mobile":{"unit":"px","top":"100","right":"0","bottom":"0","left":"0","isLinked":""},"padding_tablet":{"unit":"px","top":"0","right":"50","bottom":"0","left":"50","isLinked":""},"padding_mobile":{"unit":"px","top":"0","right":"20","bottom":"0","left":"20","isLinked":""},"margin_tablet":{"unit":"px","top":"100","right":"0","bottom":"0","left":"0","isLinked":""},"_timestamp_":"v1Smpyb2xHWDFzTnAyd291dVQ4THc0UT09"},"elements":[{"id":"655dd128","settings":{"_column_size":"50","space_between_widgets":"5","padding":{"unit":"px","top":"0","right":"0","bottom":"0","left":"20","isLinked":""},"padding_tablet":{"unit":"px","top":"0","right":"0","bottom":"0","left":"0","isLinked":""}},"elements":[{"id":"698903d5","settings":{"width":{"unit":"px","size":"135","sizes":[]},"align":"left","look":"line_text","text":"On Trend","gap":{"unit":"px","size":"5","sizes":[]},"text_color":"#f40045","typography_typography":"custom","typography_font_family":"Rubik","typography_font_size":{"unit":"px","size":"14","sizes":[]},"typography_font_weight":"400","text_align":"right"},"elements":[],"isInner":false,"widgetType":"divider","elType":"widget"},{"id":"49c52e59","settings":{"title":"Popular Stories","title_color":"#0c0c0c","typography_typography":"custom","typography_font_family":"Rubik","typography_font_size":{"unit":"px","size":"45","sizes":[]},"typography_font_weight":"400","typography_font_size_tablet":{"unit":"px","size":"35","sizes":[]}},"elements":[],"isInner":false,"widgetType":"heading","elType":"widget"}],"isInner":"","elType":"column"},{"id":"19b7774f","settings":{"_column_size":"50","content_position":"bottom","align":"flex-end","padding":{"unit":"px","top":"0","right":"20","bottom":"0","left":"0","isLinked":""},"align_mobile":"flex-start","margin_mobile":{"unit":"px","top":"30","right":"0","bottom":"0","left":"0","isLinked":""},"padding_tablet":{"unit":"px","top":"0","right":"0","bottom":"0","left":"0","isLinked":"1"}},"elements":[{"id":"5917b9ec","settings":{"text":"Explore more","selected_icon":{"value":"fas fa-chevron-right","library":"fa-solid"},"icon_align":"right","typography_typography":"custom","typography_font_family":"Rubik","typography_font_size":{"unit":"px","size":"14","sizes":[]},"typography_font_weight":"400","typography_text_transform":"uppercase","button_text_color":"#f40045","background_color":"rgba(255,255,255,0)","border_width":{"unit":"px","top":"0","right":"0","bottom":"1","left":"0","isLinked":""},"border_color":"#f40045","border_radius":{"unit":"px","top":"0","right":"0","bottom":"0","left":"0","isLinked":"1"},"text_padding":{"unit":"px","top":"0","right":"0","bottom":"2","left":"0","isLinked":""},"typography_line_height":{"unit":"em","size":"1.3","sizes":[]},"hover_color":"#0c0c0c","_border_border":"solid","_border_width":{"unit":"px","top":"0","right":"0","bottom":"1","left":"0","isLinked":""},"_border_color":"#f40045","_border_hover_border":"solid","_border_hover_width":{"unit":"px","top":"0","right":"0","bottom":"1","left":"0","isLinked":""},"_border_hover_color":"#0c0c0c","_element_width":"auto","_offset_y":{"unit":"px","size":"-28","sizes":[]},"align":"right","_offset_x":{"unit":"px","size":"-120","sizes":[]},"align_mobile":"left","_element_vertical_align_mobile":"flex-end"},"elements":[],"isInner":false,"widgetType":"button","elType":"widget"}],"isInner":"","elType":"column"}],"isInner":"","elType":"section"},{"id":"84a7e3a","settings":{"content_width":{"unit":"px","size":"1400","sizes":[]},"margin":{"unit":"px","top":"80","right":"0","bottom":"0","left":"0","isLinked":""},"_title":"Popular Stories\u200b Posts","margin_mobile":{"unit":"px","top":"50","right":"0","bottom":"0","left":"0","isLinked":""},"_timestamp_":"v1Smpyb2xHWDFzTnAyd291dVQ4THc0UT09"},"elements":[{"id":"d936178","settings":{"_column_size":"100","padding":{"unit":"px","top":"0","right":"20","bottom":"0","left":"20","isLinked":""},"padding_tablet":{"unit":"px","top":"0","right":"50","bottom":"0","left":"50","isLinked":""},"padding_mobile":{"unit":"px","top":"20","right":"20","bottom":"20","left":"20","isLinked":"1"}},"elements":[{"id":"5463a6f4","settings":{"classic_columns":"2","classic_posts_per_page":"4","classic_thumbnail":"right","classic_thumbnail_size_size":"full","classic_item_ratio":{"unit":"px","size":"0.55","sizes":[]},"classic_image_width":{"unit":"%","size":"50","sizes":[]},"classic_meta_data":["date"],"classic_meta_separator":"\/\/\/","classic_show_read_more":"","classic_read_more_text":"Read More \u00bb","cards_meta_separator":"\u2022","cards_read_more_text":"Read More \u00bb","full_content_meta_separator":"\/\/\/","classic_column_gap":{"unit":"px","size":"80","sizes":[]},"classic_row_gap":{"unit":"px","size":"60","sizes":[]},"classic_alignment":"left","classic_image_spacing":{"unit":"px","size":"30","sizes":[]},"classic_title_color":"#0c0c0c","classic_title_typography_typography":"custom","classic_title_typography_font_family":"Rubik","classic_title_typography_font_size":{"unit":"px","size":"18","sizes":[]},"classic_title_typography_font_weight":"500","classic_title_typography_line_height":{"unit":"em","size":"1.4","sizes":[]},"classic_title_spacing":{"unit":"px","size":"20","sizes":[]},"classic_meta_color":"#f40045","classic_meta_typography_typography":"custom","classic_meta_typography_font_family":"Rubik","classic_meta_typography_font_size":{"unit":"px","size":"12","sizes":[]},"classic_meta_typography_font_weight":"300","classic_excerpt_color":"#0c0c0c","classic_excerpt_typography_typography":"custom","classic_excerpt_typography_font_family":"Rubik","classic_excerpt_typography_font_size":{"unit":"px","size":"15","sizes":[]},"classic_excerpt_typography_font_weight":"300","pagination_page_limit":"5","pagination_prev_label":"&laquo; Previous","pagination_next_label":"Next &raquo;","posts_include":[],"posts_include_term_ids":["10"],"classic_columns_tablet":"1","classic_item_ratio_mobile":{"unit":"px","size":"2","sizes":[]},"classic_image_width_mobile":{"unit":"%","size":"38","sizes":[]},"classic_excerpt_typography_font_size_mobile":{"unit":"px","size":"12","sizes":[]}},"elements":[],"isInner":false,"widgetType":"posts","elType":"widget"}],"isInner":"","elType":"column"}],"isInner":"","elType":"section"},{"id":"24e6723a","settings":{"layout":"full_width","content_width":{"unit":"px","size":"1400","sizes":[]},"structure":"20","background_background":"classic","background_color":"#ffffff","background_color_stop":{"unit":"%","size":"40","sizes":[]},"background_color_b":"#f7f7f7","background_color_b_stop":{"unit":"%","size":"40","sizes":[]},"background_gradient_angle":{"unit":"deg","size":"90","sizes":[]},"margin":{"unit":"px","top":"180","right":"0","bottom":"0","left":"0","isLinked":""},"_title":"Photography Posts","margin_mobile":{"unit":"px","top":"100","right":"0","bottom":"0","left":"0","isLinked":""},"margin_tablet":{"unit":"px","top":"100","right":"0","bottom":"0","left":"0","isLinked":""},"_timestamp_":"v1Smpyb2xHWDFzTnAyd291dVQ4THc0UT09"},"elements":[{"id":"7a5df554","settings":{"_column_size":"50","_inline_size":"45","background_background":"classic","background_image":{"id":10,"url":"http:\/\/localhost\/dieuhau\/wp-content\/uploads\/2020\/12\/Photography-BG.png"},"background_position":"center right","background_repeat":"no-repeat","padding":{"unit":"px","top":"0","right":"0","bottom":"0","left":"260","isLinked":""},"_inline_size_tablet":"100","padding_tablet":{"unit":"px","top":"0","right":"0","bottom":"0","left":"0","isLinked":"1"}},"elements":[{"id":"11ee2c0b","settings":{"space_tablet":{"unit":"px","size":"384","sizes":[]}},"elements":[],"isInner":false,"widgetType":"spacer","elType":"widget"}],"isInner":"","elType":"column"},{"id":"536a7b92","settings":{"_column_size":"50","_inline_size":"55","content_position":"top","padding":{"unit":"px","top":"0","right":"0","bottom":"0","left":"0","isLinked":"1"},"_inline_size_tablet":"100"},"elements":[{"id":"1f9f96bd","settings":{"height_inner":"min-height","custom_height_inner":{"unit":"px","size":"450","sizes":[]},"background_background":"classic","background_color":"#f7f7f7","margin":{"unit":"px","top":"0","right":"0","bottom":"0","left":"0","isLinked":"1"}},"elements":[{"id":"18ad0406","settings":{"_column_size":"100","content_position":"center","padding":{"unit":"%","top":"0","right":"25","bottom":"0","left":"10","isLinked":""},"padding_mobile":{"unit":"px","top":"20","right":"20","bottom":"20","left":"20","isLinked":"1"},"padding_tablet":{"unit":"%","top":"0","right":"10","bottom":"0","left":"10","isLinked":""}},"elements":[{"id":"1112f23c","settings":{"width":{"unit":"px","size":"135","sizes":[]},"align":"left","look":"line_text","text":"On Focus","gap":{"unit":"px","size":"5","sizes":[]},"text_color":"#f40045","typography_typography":"custom","typography_font_family":"Rubik","typography_font_size":{"unit":"px","size":"14","sizes":[]},"typography_font_weight":"400","text_align":"right"},"elements":[],"isInner":false,"widgetType":"divider","elType":"widget"},{"id":"cc504d0","settings":{"title":"All About<br>Photography","title_color":"#0c0c0c","typography_typography":"custom","typography_font_family":"Rubik","typography_font_size":{"unit":"px","size":"50","sizes":[]},"typography_font_weight":"500","typography_line_height":{"unit":"em","size":"1.2","sizes":[]},"typography_text_transform":"capitalize","typography_font_size_tablet":{"unit":"px","size":"45","sizes":[]},"typography_font_size_mobile":{"unit":"px","size":"34","sizes":[]}},"elements":[],"isInner":false,"widgetType":"heading","elType":"widget"},{"id":"29e9d0f9","settings":{"classic_columns":"2","classic_posts_per_page":"2","classic_thumbnail":"none","classic_thumbnail_size_size":"full","classic_show_excerpt":"","classic_meta_data":["date"],"classic_meta_separator":"\/\/\/","classic_show_read_more":"","classic_read_more_text":"Read More \u00bb","cards_meta_separator":"\u2022","cards_read_more_text":"Read More \u00bb","full_content_meta_separator":"\/\/\/","classic_column_gap":{"unit":"px","size":"50","sizes":[]},"classic_row_gap":{"unit":"px","size":"","sizes":[]},"classic_title_color":"#0c0c0c","classic_title_typography_typography":"custom","classic_title_typography_font_family":"Rubik","classic_title_typography_font_size":{"unit":"px","size":"18","sizes":[]},"classic_title_typography_font_weight":"500","classic_title_typography_line_height":{"unit":"em","size":"1.4","sizes":[]},"classic_title_spacing":{"unit":"px","size":"15","sizes":[]},"classic_meta_color":"rgba(12,12,12,0.5)","classic_meta_typography_typography":"custom","classic_meta_typography_font_family":"Rubik","classic_meta_typography_font_size":{"unit":"px","size":"12","sizes":[]},"classic_meta_typography_font_weight":"300","pagination_page_limit":"5","pagination_prev_label":"&laquo; Previous","pagination_next_label":"Next &raquo;","_margin":{"unit":"px","top":"30","right":"0","bottom":"0","left":"0","isLinked":""},"posts_include":[],"posts_include_term_ids":["5"]},"elements":[],"isInner":false,"widgetType":"posts","elType":"widget"}],"isInner":"1","elType":"column"}],"isInner":"1","elType":"section"},{"id":"1b7c91ec","settings":{"height_inner":"min-height","custom_height_inner":{"unit":"px","size":"60","sizes":[]},"margin":{"unit":"%","top":"5","right":"0","bottom":"0","left":"0","isLinked":""},"margin_mobile":{"unit":"px","top":"30","right":"0","bottom":"0","left":"0","isLinked":""}},"elements":[{"id":"4861188","settings":{"_column_size":"100","content_position":"top","padding":{"unit":"%","top":"0","right":"0","bottom":"0","left":"10","isLinked":""},"padding_mobile":{"unit":"px","top":"0","right":"20","bottom":"20","left":"20","isLinked":""}},"elements":[{"id":"69dca4e4","settings":{"text":"Explore more","selected_icon":{"value":"fas fa-chevron-right","library":"fa-solid"},"icon_align":"right","typography_typography":"custom","typography_font_family":"Rubik","typography_font_size":{"unit":"px","size":"14","sizes":[]},"typography_font_weight":"400","typography_text_transform":"uppercase","button_text_color":"#f40045","background_color":"rgba(255,255,255,0)","border_width":{"unit":"px","top":"0","right":"0","bottom":"1","left":"0","isLinked":""},"border_color":"#f40045","border_radius":{"unit":"px","top":"0","right":"0","bottom":"0","left":"0","isLinked":"1"},"text_padding":{"unit":"px","top":"0","right":"0","bottom":"2","left":"0","isLinked":""},"typography_line_height":{"unit":"em","size":"1.3","sizes":[]},"hover_color":"#0c0c0c","_border_border":"solid","_border_width":{"unit":"px","top":"0","right":"0","bottom":"1","left":"0","isLinked":""},"_border_color":"#f40045","_border_hover_border":"solid","_border_hover_width":{"unit":"px","top":"0","right":"0","bottom":"1","left":"0","isLinked":""},"_border_hover_color":"#0c0c0c","_element_width":"auto","_offset_y":{"unit":"px","size":"-28","sizes":[]},"align":"right","_offset_x":{"unit":"px","size":"-120","sizes":[]}},"elements":[],"isInner":false,"widgetType":"button","elType":"widget"}],"isInner":"1","elType":"column"}],"isInner":"1","elType":"section"}],"isInner":"","elType":"column"}],"isInner":"","elType":"section"},{"id":"77f2d9b3","settings":{"content_width":{"unit":"px","size":"1400","sizes":[]},"structure":"22","margin":{"unit":"px","top":"180","right":"0","bottom":"180","left":"0","isLinked":"1"},"_title":"Travel Posts","margin_mobile":{"unit":"px","top":"100","right":"0","bottom":"0","left":"0","isLinked":""},"margin_tablet":{"unit":"px","top":"100","right":"0","bottom":"0","left":"0","isLinked":""},"_timestamp_":"v1Smpyb2xHWDFzTnAyd291dVQ4THc0UT09"},"elements":[{"id":"13c026eb","settings":{"_column_size":"66","_inline_size":"69.665","padding":{"unit":"px","top":"0","right":"150","bottom":"0","left":"20","isLinked":""},"space_between_widgets":"5","_inline_size_tablet":"100","padding_tablet":{"unit":"px","top":"0","right":"50","bottom":"0","left":"50","isLinked":""},"padding_mobile":{"unit":"px","top":"0","right":"20","bottom":"0","left":"20","isLinked":""}},"elements":[{"id":"d5832c9","settings":{"width":{"unit":"px","size":"135","sizes":[]},"align":"left","look":"line_text","text":"On Flight","gap":{"unit":"px","size":"5","sizes":[]},"text_color":"#f40045","typography_typography":"custom","typography_font_family":"Rubik","typography_font_size":{"unit":"px","size":"14","sizes":[]},"typography_font_weight":"400","text_align":"right"},"elements":[],"isInner":false,"widgetType":"divider","elType":"widget"},{"id":"55e57bc1","settings":{"title":"Travel &amp; Explore the world","title_color":"#0c0c0c","typography_typography":"custom","typography_font_family":"Rubik","typography_font_size":{"unit":"px","size":"45","sizes":[]},"typography_font_weight":"400","typography_text_transform":"capitalize","typography_font_size_tablet":{"unit":"px","size":"35","sizes":[]},"typography_font_size_mobile":{"unit":"px","size":"25","sizes":[]}},"elements":[],"isInner":false,"widgetType":"heading","elType":"widget"},{"id":"4f545e12","settings":{"classic_columns":"1","classic_posts_per_page":"7","classic_thumbnail":"left","classic_thumbnail_size_size":"full","classic_item_ratio":{"unit":"px","size":"0.75","sizes":[]},"classic_image_width":{"unit":"%","size":"35","sizes":[]},"classic_meta_data":["date"],"classic_meta_separator":"\/\/\/","classic_show_read_more":"","classic_read_more_text":"Read More \u00bb","cards_meta_separator":"\u2022","cards_read_more_text":"Read More \u00bb","full_content_meta_separator":"\/\/\/","classic_column_gap":{"unit":"px","size":"50","sizes":[]},"classic_row_gap":{"unit":"px","size":"50","sizes":[]},"classic_alignment":"left","classic_content_padding":{"unit":"px","top":"0","right":"0","bottom":"0","left":"0","isLinked":""},"classic_image_spacing":{"unit":"px","size":"30","sizes":[]},"classic_title_color":"#000000","classic_title_typography_typography":"custom","classic_title_typography_font_family":"Rubik","classic_title_typography_font_size":{"unit":"px","size":"24","sizes":[]},"classic_title_typography_font_weight":"500","classic_title_spacing":{"unit":"px","size":"15","sizes":[]},"classic_meta_color":"#f40045","classic_meta_typography_typography":"custom","classic_meta_typography_font_family":"Rubik","classic_meta_typography_font_size":{"unit":"px","size":"14","sizes":[]},"classic_meta_typography_font_weight":"300","classic_meta_spacing":{"unit":"px","size":"15","sizes":[]},"classic_excerpt_color":"rgba(0,0,0,0.5)","classic_excerpt_typography_typography":"custom","classic_excerpt_typography_font_family":"Rubik","classic_excerpt_typography_font_size":{"unit":"px","size":"18","sizes":[]},"classic_excerpt_typography_font_weight":"300","pagination_page_limit":"5","pagination_prev_label":"&laquo; Previous","pagination_next_label":"Next &raquo;","_margin":{"unit":"px","top":"50","right":"0","bottom":"0","left":"0","isLinked":""},"posts_include":[],"posts_include_term_ids":["4"],"classic_columns_tablet":"1","classic_image_width_mobile":{"unit":"%","size":"42","sizes":[]},"classic_title_typography_font_size_tablet":{"unit":"px","size":"20","sizes":[]},"classic_title_typography_font_size_mobile":{"unit":"px","size":"16","sizes":[]},"classic_excerpt_typography_font_size_tablet":{"unit":"px","size":"15","sizes":[]},"classic_meta_typography_font_size_mobile":{"unit":"px","size":"12","sizes":[]},"classic_excerpt_typography_font_size_mobile":{"unit":"px","size":"12","sizes":[]},"classic_item_ratio_mobile":{"unit":"px","size":"1.3","sizes":[]}},"elements":[],"isInner":false,"widgetType":"posts","elType":"widget"}],"isInner":"","elType":"column"},{"id":"217e2ba3","settings":{"_column_size":"33","_inline_size":"30","padding":{"unit":"px","top":"0","right":"20","bottom":"0","left":"0","isLinked":""},"_inline_size_tablet":"100","hide_tablet":"hidden-tablet","hide_mobile":"hidden-phone"},"elements":[{"id":"62795e80","settings":{"image":{"id":11,"url":"http:\/\/localhost\/dieuhau\/wp-content\/uploads\/2020\/12\/Lumint-ad-Side-Bar.png"},"image_size":"full","align":"right","width":{"unit":"%","size":"100","sizes":[]}},"elements":[],"isInner":false,"widgetType":"image","elType":"widget"},{"id":"1b1fb8f1","settings":{"image":{"id":12,"url":"http:\/\/localhost\/dieuhau\/wp-content\/uploads\/2020\/12\/Flex-Ad-Side-Bar.png"},"image_size":"full","align":"right","width":{"unit":"%","size":"100","sizes":[]}},"elements":[],"isInner":false,"widgetType":"image","elType":"widget"},{"id":"560be5ce","settings":{"space":{"unit":"px","size":"80","sizes":[]}},"elements":[],"isInner":false,"widgetType":"spacer","elType":"widget"},{"id":"654cefef","settings":{"title":"Explore and travel the world","title_color":"#0c0c0c","typography_typography":"custom","typography_font_family":"Rubik","typography_font_size":{"unit":"px","size":"22","sizes":[]},"typography_font_weight":"500","typography_line_height":{"unit":"em","size":"1.2","sizes":[]},"typography_text_transform":"capitalize","header_size":"h4"},"elements":[],"isInner":false,"widgetType":"heading","elType":"widget"},{"id":"66be7c34","settings":{"classic_columns":"1","classic_posts_per_page":"5","classic_thumbnail":"left","classic_thumbnail_size_size":"full","classic_item_ratio":{"unit":"px","size":"0.75","sizes":[]},"classic_image_width":{"unit":"%","size":"35","sizes":[]},"classic_show_excerpt":"","classic_meta_data":["date"],"classic_meta_separator":"\/\/\/","classic_show_read_more":"","classic_read_more_text":"Read More \u00bb","cards_meta_separator":"\u2022","cards_read_more_text":"Read More \u00bb","full_content_meta_separator":"\/\/\/","classic_row_gap":{"unit":"px","size":"15","sizes":[]},"classic_alignment":"left","classic_content_padding":{"unit":"px","top":"10","right":"0","bottom":"0","left":"0","isLinked":""},"classic_image_spacing":{"unit":"px","size":"30","sizes":[]},"classic_title_color":"#000000","classic_title_typography_typography":"custom","classic_title_typography_font_family":"Rubik","classic_title_typography_font_size":{"unit":"px","size":"16","sizes":[]},"classic_title_typography_font_weight":"500","classic_title_spacing":{"unit":"px","size":"20","sizes":[]},"classic_meta_color":"rgba(0,0,0,0.5)","classic_meta_typography_typography":"custom","classic_meta_typography_font_family":"Rubik","classic_meta_typography_font_size":{"unit":"px","size":"14","sizes":[]},"classic_meta_typography_font_weight":"300","classic_meta_spacing":{"unit":"px","size":"20","sizes":[]},"classic_excerpt_color":"rgba(0,0,0,0.5)","classic_excerpt_typography_typography":"custom","classic_excerpt_typography_font_family":"Rubik","classic_excerpt_typography_font_size":{"unit":"px","size":"18","sizes":[]},"classic_excerpt_typography_font_weight":"300","pagination_page_limit":"5","pagination_prev_label":"&laquo; Previous","pagination_next_label":"Next &raquo;","classic_title_typography_line_height":{"unit":"em","size":"1.4","sizes":[]},"posts_include":[],"posts_include_term_ids":["4"],"posts_avoid_duplicates":"yes","_margin":{"unit":"px","top":"20","right":"0","bottom":"0","left":"0","isLinked":""},"classic_image_width_mobile":{"unit":"%","size":"34","sizes":[]}},"elements":[],"isInner":false,"widgetType":"posts","elType":"widget"}],"isInner":"","elType":"column"}],"isInner":"","elType":"section"},{"id":"7813bcc7","settings":{"content_width":{"unit":"px","size":"1400","sizes":[]},"background_color":"#f7f7f7","_title":"Beauty Posts","margin_mobile":{"unit":"px","top":"100","right":"0","bottom":"0","left":"0","isLinked":""},"padding_tablet":{"unit":"px","top":"0","right":"50","bottom":"0","left":"50","isLinked":""},"padding_mobile":{"unit":"px","top":"0","right":"0","bottom":"0","left":"0","isLinked":"1"},"_timestamp_":"v1Smpyb2xHWDFzTnAyd291dVQ4THc0UT09"},"elements":[{"id":"775162b2","settings":{"_column_size":"100","background_background":"classic","background_color":"#f7f7f7","padding":{"unit":"px","top":"80","right":"80","bottom":"80","left":"80","isLinked":"1"},"margin":{"unit":"px","top":"0","right":"20","bottom":"0","left":"20","isLinked":""},"margin_tablet":{"unit":"px","top":"0","right":"0","bottom":"0","left":"0","isLinked":"1"},"padding_tablet":{"unit":"px","top":"40","right":"40","bottom":"40","left":"40","isLinked":"1"},"padding_mobile":{"unit":"px","top":"50","right":"20","bottom":"20","left":"20","isLinked":""}},"elements":[{"id":"68162d88","settings":{"content_width":{"unit":"px","size":"1400","sizes":[]},"structure":"20","margin":{"unit":"px","top":"0","right":"0","bottom":"50","left":"0","isLinked":""}},"elements":[{"id":"3fef6b6b","settings":{"_column_size":"50","space_between_widgets":"10","padding":{"unit":"px","top":"0","right":"0","bottom":"0","left":"0","isLinked":"1"},"_inline_size_tablet":"70"},"elements":[{"id":"49014630","settings":{"width":{"unit":"px","size":"135","sizes":[]},"align":"left","look":"line_text","text":"On Brand","gap":{"unit":"px","size":"5","sizes":[]},"text_color":"#f40045","typography_typography":"custom","typography_font_family":"Rubik","typography_font_size":{"unit":"px","size":"14","sizes":[]},"typography_font_weight":"400","text_align":"right"},"elements":[],"isInner":false,"widgetType":"divider","elType":"widget"},{"id":"6333df32","settings":{"title":"Beauty Tips and Tricks","title_color":"#0c0c0c","typography_typography":"custom","typography_font_family":"Rubik","typography_font_size":{"unit":"px","size":"45","sizes":[]},"typography_font_weight":"400","typography_font_size_tablet":{"unit":"px","size":"35","sizes":[]},"typography_font_size_mobile":{"unit":"px","size":"25","sizes":[]}},"elements":[],"isInner":false,"widgetType":"heading","elType":"widget"}],"isInner":"1","elType":"column"},{"id":"403fde28","settings":{"_column_size":"50","content_position":"center","align":"flex-end","padding":{"unit":"px","top":"0","right":"0","bottom":"0","left":"0","isLinked":"1"},"_inline_size_tablet":"30","content_position_tablet":"bottom","align_mobile":"flex-start","margin_mobile":{"unit":"px","top":"30","right":"0","bottom":"0","left":"0","isLinked":""}},"elements":[{"id":"58cfc27e","settings":{"text":"more beauty secrets","selected_icon":{"value":"fas fa-chevron-right","library":"fa-solid"},"icon_align":"right","typography_typography":"custom","typography_font_family":"Rubik","typography_font_size":{"unit":"px","size":"14","sizes":[]},"typography_font_weight":"400","typography_text_transform":"uppercase","button_text_color":"#f40045","background_color":"rgba(255,255,255,0)","border_width":{"unit":"px","top":"0","right":"0","bottom":"1","left":"0","isLinked":""},"border_color":"#f40045","border_radius":{"unit":"px","top":"0","right":"0","bottom":"0","left":"0","isLinked":"1"},"text_padding":{"unit":"px","top":"0","right":"0","bottom":"2","left":"0","isLinked":""},"typography_line_height":{"unit":"em","size":"1.3","sizes":[]},"hover_color":"#0c0c0c","_border_border":"solid","_border_width":{"unit":"px","top":"0","right":"0","bottom":"1","left":"0","isLinked":""},"_border_color":"#f40045","_border_hover_border":"solid","_border_hover_width":{"unit":"px","top":"0","right":"0","bottom":"1","left":"0","isLinked":""},"_border_hover_color":"#0c0c0c","_element_width":"auto","_element_vertical_align":"center","_offset_y":{"unit":"px","size":"-28","sizes":[]},"align":"right","_offset_x":{"unit":"px","size":"-120","sizes":[]}},"elements":[],"isInner":false,"widgetType":"button","elType":"widget"}],"isInner":"1","elType":"column"}],"isInner":"1","elType":"section"},{"id":"3ed6468d","settings":{"classic_columns":"4","classic_posts_per_page":"4","classic_thumbnail_size_size":"full","classic_item_ratio":{"unit":"px","size":"0.8","sizes":[]},"classic_meta_data":[],"classic_meta_separator":"\/\/\/","classic_show_read_more":"","classic_read_more_text":"Read More \u00bb","cards_meta_separator":"\u2022","cards_read_more_text":"Read More \u00bb","full_content_meta_separator":"\/\/\/","classic_column_gap":{"unit":"px","size":"40","sizes":[]},"classic_row_gap":{"unit":"px","size":"40","sizes":[]},"classic_image_spacing":{"unit":"px","size":"30","sizes":[]},"classic_title_color":"#000000","classic_title_typography_typography":"custom","classic_title_typography_font_family":"Rubik","classic_title_typography_font_size":{"unit":"px","size":"18","sizes":[]},"classic_title_typography_font_weight":"500","classic_title_typography_line_height":{"unit":"em","size":"1.4","sizes":[]},"classic_title_spacing":{"unit":"px","size":"15","sizes":[]},"classic_excerpt_color":"rgba(0,0,0,0.5)","classic_excerpt_typography_typography":"custom","classic_excerpt_typography_font_family":"Rubik","classic_excerpt_typography_font_size":{"unit":"px","size":"15","sizes":[]},"classic_excerpt_typography_font_weight":"300","pagination_page_limit":"5","pagination_prev_label":"&laquo; Previous","pagination_next_label":"Next &raquo;","posts_include":[],"posts_include_term_ids":["6"]},"elements":[],"isInner":false,"widgetType":"posts","elType":"widget"}],"isInner":"","elType":"column"}],"isInner":"","elType":"section"},{"id":"5988af4c","settings":{"layout":"full_width","structure":"20","margin":{"unit":"px","top":"180","right":"0","bottom":"180","left":"0","isLinked":"1"},"_title":"Fashion Posts","margin_mobile":{"unit":"px","top":"100","right":"0","bottom":"0","left":"0","isLinked":""},"reverse_order_tablet":"reverse-tablet","reverse_order_mobile":"reverse-mobile","margin_tablet":{"unit":"px","top":"100","right":"0","bottom":"0","left":"0","isLinked":""},"_timestamp_":"v1Smpyb2xHWDFzTnAyd291dVQ4THc0UT09"},"elements":[{"id":"33b9c0b1","settings":{"_column_size":"50","_inline_size":"55","padding":{"unit":"px","top":"0","right":"0","bottom":"0","left":"0","isLinked":"1"},"_inline_size_tablet":"100","padding_tablet":{"unit":"px","top":"50","right":"50","bottom":"0","left":"50","isLinked":""},"padding_mobile":{"unit":"px","top":"20","right":"20","bottom":"20","left":"20","isLinked":"1"}},"elements":[{"id":"a9f9f6","settings":{"_skin":"cards","classic_columns":"1","classic_posts_per_page":"1","classic_thumbnail_size_size":"full","classic_show_excerpt":"","classic_meta_data":[],"classic_meta_separator":"\/\/\/","classic_read_more_text":"Read More \u00bb","cards_columns":"1","cards_posts_per_page":"1","cards_thumbnail_size_size":"full","cards_item_ratio":{"unit":"px","size":"0.65","sizes":[]},"cards_show_excerpt":"","cards_meta_data":[],"cards_meta_separator":"\u2022","cards_read_more_text":"Read More \u00bb","cards_show_avatar":"","full_content_meta_separator":"\/\/\/","classic_content_padding":{"unit":"px","top":"0","right":"0","bottom":"0","left":"80","isLinked":""},"classic_title_color":"#000000","classic_title_typography_typography":"custom","classic_title_typography_font_family":"Rubik","classic_title_typography_font_size":{"unit":"px","size":"75","sizes":[]},"classic_title_typography_font_weight":"500","classic_read_more_color":"#f40045","classic_read_more_typography_typography":"custom","classic_read_more_typography_font_family":"Rubik","classic_read_more_typography_font_size":{"unit":"px","size":"20","sizes":[]},"classic_read_more_typography_font_weight":"300","classic_read_more_typography_text_transform":"uppercase","cards_card_padding":{"unit":"px","size":"35","sizes":[]},"cards_box_shadow_box_shadow_type":"","cards_hover_effect":"none","cards_badge_position":"left","cards_badge_bg_color":"#f40045","cards_badge_color":"#ffffff","cards_badge_radius":{"unit":"px","size":"0","sizes":[]},"cards_badge_size":{"unit":"px","size":"15","sizes":[]},"cards_badge_margin":{"unit":"px","size":"30","sizes":[]},"cards_badge_typography_typography":"custom","cards_badge_typography_font_family":"Rubik","cards_badge_typography_font_weight":"400","cards_badge_typography_text_transform":"capitalize","cards_title_color":"#000000","cards_title_typography_typography":"custom","cards_title_typography_font_family":"Rubik","cards_title_typography_font_size":{"unit":"px","size":"50","sizes":[]},"cards_title_typography_font_weight":"500","cards_read_more_color":"#f40045","cards_read_more_typography_typography":"custom","cards_read_more_typography_font_family":"Rubik","cards_read_more_typography_font_size":{"unit":"px","size":"18","sizes":[]},"cards_read_more_typography_font_weight":"300","cards_read_more_typography_text_transform":"uppercase","cards_read_more_typography_text_decoration":"underline","pagination_page_limit":"5","pagination_prev_label":"&laquo; Previous","pagination_next_label":"Next &raquo;","posts_include":[],"posts_include_term_ids":["7"],"cards_columns_tablet":"1","cards_title_typography_font_size_tablet":{"unit":"px","size":"28","sizes":[]},"cards_title_typography_font_size_mobile":{"unit":"px","size":"16","sizes":[]},"cards_read_more_typography_font_size_tablet":{"unit":"px","size":"15","sizes":[]},"cards_read_more_typography_font_size_mobile":{"unit":"px","size":"16","sizes":[]}},"elements":[],"isInner":false,"widgetType":"posts","elType":"widget"}],"isInner":"","elType":"column"},{"id":"16728f21","settings":{"_column_size":"50","_inline_size":"45","space_between_widgets":"5","padding":{"unit":"px","top":"0","right":"100","bottom":"0","left":"70","isLinked":""},"_inline_size_tablet":"100","padding_tablet":{"unit":"px","top":"0","right":"50","bottom":"0","left":"50","isLinked":""},"padding_mobile":{"unit":"px","top":"20","right":"20","bottom":"20","left":"20","isLinked":"1"}},"elements":[{"id":"53473e66","settings":{"width":{"unit":"px","size":"135","sizes":[]},"align":"left","look":"line_text","text":"On Style","gap":{"unit":"px","size":"5","sizes":[]},"text_color":"#f40045","typography_typography":"custom","typography_font_family":"Rubik","typography_font_size":{"unit":"px","size":"14","sizes":[]},"typography_font_weight":"400","text_align":"right"},"elements":[],"isInner":false,"widgetType":"divider","elType":"widget"},{"id":"e980729","settings":{"title":"Glorious Fashion","title_color":"#0c0c0c","typography_typography":"custom","typography_font_family":"Rubik","typography_font_size":{"unit":"px","size":"45","sizes":[]},"typography_font_weight":"400","typography_font_size_mobile":{"unit":"px","size":"30","sizes":[]},"typography_font_size_tablet":{"unit":"px","size":"35","sizes":[]}},"elements":[],"isInner":false,"widgetType":"heading","elType":"widget"},{"id":"3fb230ed","settings":{"classic_columns":"1","classic_posts_per_page":"3","classic_thumbnail":"left","classic_thumbnail_size_size":"full","classic_item_ratio":{"unit":"px","size":"0.6","sizes":[]},"classic_image_width":{"unit":"%","size":"40","sizes":[]},"classic_meta_data":[],"classic_meta_separator":"\/\/\/","classic_show_read_more":"","classic_read_more_text":"Read More \u00bb","cards_meta_separator":"\u2022","cards_read_more_text":"Read More \u00bb","full_content_meta_separator":"\/\/\/","classic_column_gap":{"unit":"px","size":"50","sizes":[]},"classic_row_gap":{"unit":"px","size":"50","sizes":[]},"classic_content_padding":{"unit":"px","top":"0","right":"0","bottom":"0","left":"0","isLinked":""},"classic_image_spacing":{"unit":"px","size":"30","sizes":[]},"classic_title_color":"#000000","classic_title_typography_typography":"custom","classic_title_typography_font_family":"Rubik","classic_title_typography_font_size":{"unit":"px","size":"18","sizes":[]},"classic_title_typography_font_weight":"500","classic_title_typography_line_height":{"unit":"em","size":"1.4","sizes":[]},"classic_title_spacing":{"unit":"px","size":"15","sizes":[]},"classic_excerpt_color":"rgba(0,0,0,0.5)","classic_excerpt_typography_typography":"custom","classic_excerpt_typography_font_family":"Rubik","classic_excerpt_typography_font_size":{"unit":"px","size":"15","sizes":[]},"classic_excerpt_typography_font_weight":"300","pagination_page_limit":"5","pagination_prev_label":"&laquo; Previous","pagination_next_label":"Next &raquo;","_margin":{"unit":"px","top":"50","right":"0","bottom":"0","left":"0","isLinked":""},"posts_include":[],"posts_include_term_ids":["7"],"posts_avoid_duplicates":"yes","classic_columns_tablet":"1","classic_image_width_mobile":{"unit":"%","size":"42","sizes":[]},"classic_title_typography_font_size_mobile":{"unit":"px","size":"15","sizes":[]},"classic_excerpt_typography_font_size_mobile":{"unit":"px","size":"12","sizes":[]},"classic_item_ratio_mobile":{"unit":"px","size":"1.35","sizes":[]}},"elements":[],"isInner":false,"widgetType":"posts","elType":"widget"}],"isInner":"","elType":"column"}],"isInner":"","elType":"section"},{"id":"4b4ac90f","settings":{"content_width":{"unit":"px","size":"1400","sizes":[]},"custom_height":{"unit":"px","size":"","sizes":[]},"_title":"Ad","margin_mobile":{"unit":"px","top":"0100","right":"0","bottom":"0","left":"0","isLinked":""},"margin_tablet":{"unit":"px","top":"100","right":"0","bottom":"0","left":"0","isLinked":""},"hide_mobile":"hidden-phone","_timestamp_":"v1Smpyb2xHWDFzTnAyd291dVQ4THc0UT09"},"elements":[{"id":"5e063fd3","settings":{"_column_size":"100","padding":{"unit":"px","top":"0","right":"0","bottom":"0","left":"0","isLinked":"1"},"padding_tablet":{"unit":"px","top":"0","right":"50","bottom":"0","left":"50","isLinked":""},"padding_mobile":{"unit":"px","top":"0","right":"0","bottom":"0","left":"0","isLinked":"1"}},"elements":[{"id":"5413b73d","settings":{"image":{"id":13,"url":"http:\/\/localhost\/dieuhau\/wp-content\/uploads\/2020\/12\/Ad-Time-For-Vacation.png"},"image_size":"full","width_mobile":{"unit":"%","size":"100","sizes":[]}},"elements":[],"isInner":false,"widgetType":"image","elType":"widget"}],"isInner":"","elType":"column"}],"isInner":"","elType":"section"},{"id":"52b09434","settings":{"content_width":{"unit":"px","size":"1400","sizes":[]},"margin":{"unit":"px","top":"180","right":"0","bottom":"180","left":"0","isLinked":"1"},"_title":"Food &amp; Drinks Posts","margin_mobile":{"unit":"px","top":"100","right":"0","bottom":"0","left":"0","isLinked":""},"padding_tablet":{"unit":"px","top":"0","right":"50","bottom":"0","left":"50","isLinked":""},"padding_mobile":{"unit":"px","top":"20","right":"20","bottom":"20","left":"20","isLinked":"1"},"margin_tablet":{"unit":"px","top":"100","right":"0","bottom":"0","left":"0","isLinked":""},"_timestamp_":"v1Smpyb2xHWDFzTnAyd291dVQ4THc0UT09"},"elements":[{"id":"50160cac","settings":{"_column_size":"100","padding":{"unit":"px","top":"0","right":"0","bottom":"0","left":"0","isLinked":"1"}},"elements":[{"id":"21b56f42","settings":{"content_width":{"unit":"px","size":"1400","sizes":[]},"structure":"20","margin_tablet":{"unit":"px","top":"0","right":"0","bottom":"0","left":"0","isLinked":"1"},"margin_mobile":{"unit":"px","top":"0","right":"0","bottom":"0","left":"0","isLinked":"1"}},"elements":[{"id":"663ce132","settings":{"_column_size":"50","_inline_size":"25.5","_inline_size_tablet":"100"},"elements":[{"id":"727a2afe","settings":{"width":{"unit":"px","size":"135","sizes":[]},"align":"left","look":"line_text","text":"On Taste","gap":{"unit":"px","size":"5","sizes":[]},"text_color":"#f40045","typography_typography":"custom","typography_font_family":"Rubik","typography_font_size":{"unit":"px","size":"14","sizes":[]},"typography_font_weight":"400","text_align":"right"},"elements":[],"isInner":false,"widgetType":"divider","elType":"widget"},{"id":"2871a478","settings":{"title":"Food &amp; Drinks From Around the World","title_color":"#0c0c0c","typography_typography":"custom","typography_font_family":"Rubik","typography_font_size":{"unit":"px","size":"45","sizes":[]},"typography_font_weight":"400","typography_font_size_tablet":{"unit":"px","size":"35","sizes":[]},"typography_font_size_mobile":{"unit":"px","size":"25","sizes":[]}},"elements":[],"isInner":false,"widgetType":"heading","elType":"widget"}],"isInner":"1","elType":"column"},{"id":"3847f4b0","settings":{"_column_size":"50","_inline_size":"74.5","padding":{"unit":"px","top":"0","right":"0","bottom":"0","left":"0","isLinked":"1"},"_inline_size_tablet":"100","margin_tablet":{"unit":"px","top":"50","right":"0","bottom":"0","left":"0","isLinked":""}},"elements":[{"id":"6fe889fd","settings":{"_skin":"cards","classic_columns":"1","classic_posts_per_page":"1","classic_thumbnail_size_size":"full","classic_show_excerpt":"","classic_meta_data":[],"classic_meta_separator":"\/\/\/","classic_read_more_text":"Read More \u00bb","cards_posts_per_page":"3","cards_thumbnail_size_size":"full","cards_item_ratio":{"unit":"px","size":"0.6","sizes":[]},"cards_show_excerpt":"","cards_meta_separator":"\u2022","cards_show_read_more":"","cards_read_more_text":"Read More \u00bb","cards_show_badge":"","cards_show_avatar":"","full_content_meta_separator":"\/\/\/","classic_content_padding":{"unit":"px","top":"0","right":"0","bottom":"0","left":"80","isLinked":""},"classic_title_color":"#000000","classic_title_typography_typography":"custom","classic_title_typography_font_family":"Rubik","classic_title_typography_font_size":{"unit":"px","size":"75","sizes":[]},"classic_title_typography_font_weight":"500","classic_read_more_color":"#f40045","classic_read_more_typography_typography":"custom","classic_read_more_typography_font_family":"Rubik","classic_read_more_typography_font_size":{"unit":"px","size":"20","sizes":[]},"classic_read_more_typography_font_weight":"300","classic_read_more_typography_text_transform":"uppercase","cards_row_gap":{"unit":"px","size":"30","sizes":[]},"cards_alignment":"center","cards_card_border_color":"#ededed","cards_card_border_width":{"unit":"px","size":"1","sizes":[]},"cards_card_border_radius":{"unit":"px","size":"0","sizes":[]},"cards_card_padding":{"unit":"px","size":"20","sizes":[]},"cards_box_shadow_box_shadow_type":"","cards_hover_effect":"none","cards_image_spacing":{"unit":"px","size":"0","sizes":[]},"cards_badge_position":"left","cards_badge_bg_color":"#f40045","cards_badge_color":"#ffffff","cards_badge_radius":{"unit":"px","size":"0","sizes":[]},"cards_badge_size":{"unit":"px","size":"15","sizes":[]},"cards_badge_margin":{"unit":"px","size":"30","sizes":[]},"cards_badge_typography_typography":"custom","cards_badge_typography_font_family":"Rubik","cards_badge_typography_font_weight":"400","cards_badge_typography_text_transform":"capitalize","cards_title_color":"#000000","cards_title_typography_typography":"custom","cards_title_typography_font_family":"Rubik","cards_title_typography_font_size":{"unit":"px","size":"18","sizes":[]},"cards_title_typography_font_weight":"400","cards_title_typography_line_height":{"unit":"em","size":"1.4","sizes":[]},"cards_meta_color":"rgba(0,0,0,0.5)","cards_meta_typography_typography":"custom","cards_meta_typography_font_family":"Rubik","cards_meta_typography_font_size":{"unit":"px","size":"12","sizes":[]},"cards_meta_typography_font_weight":"300","cards_read_more_color":"#f40045","cards_read_more_typography_typography":"custom","cards_read_more_typography_font_family":"Rubik","cards_read_more_typography_font_size":{"unit":"px","size":"20","sizes":[]},"cards_read_more_typography_font_weight":"300","cards_read_more_typography_text_transform":"uppercase","pagination_page_limit":"5","pagination_prev_label":"&laquo; Previous","pagination_next_label":"Next &raquo;","posts_include":[],"posts_include_term_ids":["3"],"posts_exclude":["terms"],"cards_columns_tablet":"3","cards_title_typography_font_size_tablet":{"unit":"px","size":"15","sizes":[]},"cards_title_typography_font_size_mobile":{"unit":"px","size":"18","sizes":[]}},"elements":[],"isInner":false,"widgetType":"posts","elType":"widget"}],"isInner":"1","elType":"column"}],"isInner":"1","elType":"section"},{"id":"6de3c929","settings":{"content_width":{"unit":"px","size":"1400","sizes":[]},"margin":{"unit":"px","top":"30","right":"0","bottom":"0","left":"0","isLinked":""}},"elements":[{"id":"245dd5a8","settings":{"_column_size":"100","padding":{"unit":"px","top":"0","right":"0","bottom":"0","left":"0","isLinked":"1"}},"elements":[{"id":"2512d3a4","settings":{"_skin":"cards","classic_columns":"1","classic_posts_per_page":"1","classic_thumbnail_size_size":"full","classic_show_excerpt":"","classic_meta_data":[],"classic_meta_separator":"\/\/\/","classic_read_more_text":"Read More \u00bb","cards_columns":"4","cards_posts_per_page":"4","cards_thumbnail_size_size":"full","cards_item_ratio":{"unit":"px","size":"0.6","sizes":[]},"cards_show_excerpt":"","cards_meta_separator":"\u2022","cards_show_read_more":"","cards_read_more_text":"Read More \u00bb","cards_show_badge":"","cards_show_avatar":"","full_content_meta_separator":"\/\/\/","classic_content_padding":{"unit":"px","top":"0","right":"0","bottom":"0","left":"80","isLinked":""},"classic_title_color":"#000000","classic_title_typography_typography":"custom","classic_title_typography_font_family":"Rubik","classic_title_typography_font_size":{"unit":"px","size":"75","sizes":[]},"classic_title_typography_font_weight":"500","classic_read_more_color":"#f40045","classic_read_more_typography_typography":"custom","classic_read_more_typography_font_family":"Rubik","classic_read_more_typography_font_size":{"unit":"px","size":"20","sizes":[]},"classic_read_more_typography_font_weight":"300","classic_read_more_typography_text_transform":"uppercase","cards_row_gap":{"unit":"px","size":"30","sizes":[]},"cards_alignment":"center","cards_card_border_color":"#ededed","cards_card_border_width":{"unit":"px","size":"1","sizes":[]},"cards_card_border_radius":{"unit":"px","size":"0","sizes":[]},"cards_card_padding":{"unit":"px","size":"20","sizes":[]},"cards_box_shadow_box_shadow_type":"","cards_hover_effect":"none","cards_image_spacing":{"unit":"px","size":"0","sizes":[]},"cards_badge_position":"left","cards_badge_bg_color":"#f40045","cards_badge_color":"#ffffff","cards_badge_radius":{"unit":"px","size":"0","sizes":[]},"cards_badge_size":{"unit":"px","size":"15","sizes":[]},"cards_badge_margin":{"unit":"px","size":"30","sizes":[]},"cards_badge_typography_typography":"custom","cards_badge_typography_font_family":"Rubik","cards_badge_typography_font_weight":"400","cards_badge_typography_text_transform":"capitalize","cards_title_color":"#000000","cards_title_typography_typography":"custom","cards_title_typography_font_family":"Rubik","cards_title_typography_font_size":{"unit":"px","size":"18","sizes":[]},"cards_title_typography_font_weight":"400","cards_title_typography_line_height":{"unit":"em","size":"1.4","sizes":[]},"cards_meta_color":"rgba(0,0,0,0.5)","cards_meta_typography_typography":"custom","cards_meta_typography_font_family":"Rubik","cards_meta_typography_font_size":{"unit":"px","size":"12","sizes":[]},"cards_meta_typography_font_weight":"300","cards_read_more_color":"#f40045","cards_read_more_typography_typography":"custom","cards_read_more_typography_font_family":"Rubik","cards_read_more_typography_font_size":{"unit":"px","size":"20","sizes":[]},"cards_read_more_typography_font_weight":"300","cards_read_more_typography_text_transform":"uppercase","pagination_page_limit":"5","pagination_prev_label":"&laquo; Previous","pagination_next_label":"Next &raquo;","posts_include":[],"posts_include_term_ids":["3"],"posts_avoid_duplicates":"yes"},"elements":[],"isInner":false,"widgetType":"posts","elType":"widget"}],"isInner":"1","elType":"column"}],"isInner":"1","elType":"section"}],"isInner":"","elType":"column"}],"isInner":"","elType":"section"},{"id":"26d529c3","settings":{"layout":"full_width","height":"min-height","custom_height":{"unit":"px","size":"550","sizes":[]},"column_position":"stretch","_title":"Videos Headline","margin_mobile":{"unit":"px","top":"100","right":"0","bottom":"0","left":"0","isLinked":""},"margin_tablet":{"unit":"px","top":"100","right":"0","bottom":"0","left":"0","isLinked":""},"_timestamp_":"v1Smpyb2xHWDFzTnAyd291dVQ4THc0UT09"},"elements":[{"id":"2fff15f9","settings":{"_column_size":"100","content_position":"center","space_between_widgets":"5","background_background":"classic","background_color":"#f7f7f7","margin":{"unit":"%","top":"0","right":"10","bottom":"0","left":"0","isLinked":""},"padding":{"unit":"%","top":"0","right":"55","bottom":"0","left":"10","isLinked":""},"content_position_tablet":"top","space_between_widgets_mobile":"20","margin_tablet":{"unit":"px","top":"0","right":"50","bottom":"0","left":"50","isLinked":""},"margin_mobile":{"unit":"px","top":"0","right":"0","bottom":"0","left":"0","isLinked":"1"},"padding_tablet":{"unit":"px","top":"50","right":"50","bottom":"0","left":"50","isLinked":""},"padding_mobile":{"unit":"px","top":"50","right":"20","bottom":"20","left":"20","isLinked":""},"space_between_widgets_tablet":"20"},"elements":[{"id":"37b1b147","settings":{"width":{"unit":"px","size":"135","sizes":[]},"align":"left","look":"line_text","text":"On Air","gap":{"unit":"px","size":"5","sizes":[]},"text_color":"#f40045","typography_typography":"custom","typography_font_family":"Rubik","typography_font_size":{"unit":"px","size":"14","sizes":[]},"typography_font_weight":"400","text_align":"right","_z_index":"10"},"elements":[],"isInner":false,"widgetType":"divider","elType":"widget"},{"id":"5876b420","settings":{"title":"Watch Animag's Video Channel","title_color":"#0c0c0c","typography_typography":"custom","typography_font_family":"Rubik","typography_font_size":{"unit":"px","size":"50","sizes":[]},"typography_font_weight":"400","typography_line_height":{"unit":"em","size":"1.2","sizes":[]},"_z_index":"10","typography_font_size_tablet":{"unit":"px","size":"40","sizes":[]},"typography_font_size_mobile":{"unit":"px","size":"35","sizes":[]}},"elements":[],"isInner":false,"widgetType":"heading","elType":"widget"},{"id":"5f1caef1","settings":{"editor":"Lorem ipsum dolor sit amet, consectetur acing elit alora sedo eiusmod tempor incididunt ut labore magna aliq.","text_color":"rgba(0,0,0,0.5)","typography_typography":"custom","typography_font_family":"Rubik","typography_font_size":{"unit":"px","size":"15","sizes":[]},"typography_font_weight":"300","_padding":{"unit":"px","top":"15","right":"0","bottom":"50","left":"0","isLinked":""},"_z_index":"10","_padding_mobile":{"unit":"px","top":"0","right":"0","bottom":"0","left":"0","isLinked":"1"},"_padding_tablet":{"unit":"px","top":"0","right":"0","bottom":"20","left":"0","isLinked":""}},"elements":[],"isInner":false,"widgetType":"text-editor","elType":"widget"},{"id":"7ac519f5","settings":{"text":"Watch more videos","selected_icon":{"value":"fas fa-chevron-right","library":"fa-solid"},"icon_align":"right","typography_typography":"custom","typography_font_family":"Rubik","typography_font_size":{"unit":"px","size":"14","sizes":[]},"typography_font_weight":"400","typography_text_transform":"uppercase","button_text_color":"#f40045","background_color":"rgba(255,255,255,0)","border_width":{"unit":"px","top":"0","right":"0","bottom":"1","left":"0","isLinked":""},"border_color":"#f40045","border_radius":{"unit":"px","top":"0","right":"0","bottom":"0","left":"0","isLinked":"1"},"text_padding":{"unit":"px","top":"0","right":"0","bottom":"2","left":"0","isLinked":""},"typography_line_height":{"unit":"em","size":"1.3","sizes":[]},"hover_color":"#0c0c0c","_border_border":"solid","_border_width":{"unit":"px","top":"0","right":"0","bottom":"1","left":"0","isLinked":""},"_border_color":"#f40045","_border_hover_border":"solid","_border_hover_width":{"unit":"px","top":"0","right":"0","bottom":"1","left":"0","isLinked":""},"_border_hover_color":"#0c0c0c","_element_width":"auto","_element_vertical_align":"center","_offset_y":{"unit":"px","size":"-28","sizes":[]},"align":"right","_z_index":"10","_offset_x":{"unit":"px","size":"-120","sizes":[]}},"elements":[],"isInner":false,"widgetType":"button","elType":"widget"}],"isInner":"","elType":"column"}],"isInner":"","elType":"section"},{"id":"1a5fcc71","settings":{"layout":"full_width","height":"min-height","custom_height":{"unit":"px","size":"650","sizes":[]},"column_position":"stretch","structure":"20","margin":{"unit":"%","top":"-24","right":"0","bottom":"0","left":"0","isLinked":""},"_title":"Video","custom_height_mobile":{"unit":"px","size":"250","sizes":[]},"margin_tablet":{"unit":"%","top":"-25","right":"0","bottom":"0","left":"0","isLinked":""},"margin_mobile":{"unit":"%","top":"-56","right":"0","bottom":"0","left":"0","isLinked":""},"custom_height_tablet":{"unit":"px","size":"380","sizes":[]},"_timestamp_":"v1Smpyb2xHWDFzTnAyd291dVQ4THc0UT09"},"elements":[{"id":"553faac2","settings":{"_column_size":"50","_inline_size":"40","_inline_size_tablet":"12"},"elements":[],"isInner":"","elType":"column"},{"id":"849edbf","settings":{"_column_size":"50","_inline_size":"60","padding":{"unit":"%","top":"0","right":"8","bottom":"0","left":"0","isLinked":""},"_inline_size_tablet":"88","padding_tablet":{"unit":"px","top":"0","right":"20","bottom":"0","left":"0","isLinked":""},"padding_mobile":{"unit":"px","top":"0","right":"0","bottom":"0","left":"0","isLinked":"1"}},"elements":[{"id":"22e341bb","settings":{"youtube_url":"https:\/\/www.youtube.com\/watch?v=XHOmBV4js_E","vimeo_url":"https:\/\/vimeo.com\/235215203","dailymotion_url":"https:\/\/www.dailymotion.com\/video\/x6tqhqb","controls":"","show_image_overlay":"yes","image_overlay":{"id":14,"url":"http:\/\/localhost\/dieuhau\/wp-content\/uploads\/2020\/12\/Video-Image.png"},"show_play_icon":"","lightbox":"yes","css_filters_brightness":{"unit":"px","size":"55","sizes":[]}},"elements":[],"isInner":false,"widgetType":"video","elType":"widget"}],"isInner":"","elType":"column"}],"isInner":"","elType":"section"},{"id":"41b5044a","settings":{"content_width":{"unit":"px","size":"1760","sizes":[]},"margin":{"unit":"px","top":"180","right":"0","bottom":"0","left":"0","isLinked":""},"_title":"Decor Posts","margin_mobile":{"unit":"px","top":"100","right":"0","bottom":"0","left":"0","isLinked":""},"margin_tablet":{"unit":"px","top":"100","right":"0","bottom":"0","left":"0","isLinked":""},"_timestamp_":"v1Smpyb2xHWDFzTnAyd291dVQ4THc0UT09"},"elements":[{"id":"79bbd334","settings":{"_column_size":"100","padding":{"unit":"px","top":"0","right":"30","bottom":"0","left":"30","isLinked":""}},"elements":[{"id":"145083c1","settings":{"width":{"unit":"px","size":"135","sizes":[]},"align":"left","look":"line_text","text":"On Point","gap":{"unit":"px","size":"5","sizes":[]},"text_color":"#f40045","typography_typography":"custom","typography_font_family":"Rubik","typography_font_size":{"unit":"px","size":"14","sizes":[]},"typography_font_weight":"400","text_align":"right"},"elements":[],"isInner":false,"widgetType":"divider","elType":"widget"},{"id":"298d87a1","settings":{"title":"Decorate Your Home","title_color":"#0c0c0c","typography_typography":"custom","typography_font_family":"Rubik","typography_font_size":{"unit":"px","size":"45","sizes":[]},"typography_font_weight":"400","typography_text_transform":"capitalize","typography_font_size_tablet":{"unit":"px","size":"35","sizes":[]},"typography_font_size_mobile":{"unit":"px","size":"30","sizes":[]}},"elements":[],"isInner":false,"widgetType":"heading","elType":"widget"},{"id":"57025684","settings":{"columns":"5","posts_per_page":"5","thumbnail_size_size":"full","item_ratio":{"unit":"px","size":"0.85","sizes":[]},"column_gap":{"unit":"px","size":"40","sizes":[]},"color_background":"rgba(0,0,0,0.65)","color_title":"#ffffff","typography_title_typography":"custom","typography_title_font_family":"Rubik","typography_title_font_size":{"unit":"px","size":"18","sizes":[]},"typography_title_font_weight":"300","typography_title_line_height":{"unit":"em","size":"1.4","sizes":[]},"_margin":{"unit":"px","top":"50","right":"0","bottom":"0","left":"0","isLinked":""},"posts_include":[],"posts_include_term_ids":["8"],"columns_tablet":"3","row_gap":{"unit":"px","size":"40","sizes":[]},"_margin_mobile":{"unit":"px","top":"30","right":"0","bottom":"0","left":"0","isLinked":""},"typography_title_font_size_tablet":{"unit":"px","size":"16","sizes":[]}},"elements":[],"isInner":false,"widgetType":"portfolio","elType":"widget"}],"isInner":"","elType":"column"}],"isInner":"","elType":"section"}]}