{"version":"0.4","title":"magazine-block4","type":"page","content":[{"id":"1ca64b21","settings":{"content_width":{"unit":"px","size":"1400","sizes":[]},"height":"min-height","custom_height":{"unit":"px","size":"350","sizes":[]},"column_position":"stretch","structure":"20","background_color":"#ffffff","background_color_stop":{"unit":"%","size":"50","sizes":[]},"background_color_b":"#f7f7f7","background_color_b_stop":{"unit":"%","size":"50","sizes":[]},"background_gradient_angle":{"unit":"deg","size":"90","sizes":[]},"margin":{"unit":"px","top":"180","right":"0","bottom":"0","left":"0","isLinked":""},"_title":"Footer - Newsletter","margin_tablet":{"unit":"px","top":"80","right":"0","bottom":"0","left":"0","isLinked":""},"padding":{"unit":"%","top":"","right":"","bottom":"","left":"","isLinked":"1"},"padding_tablet":{"unit":"px","top":"0","right":"50","bottom":"0","left":"50","isLinked":""},"padding_mobile":{"unit":"px","top":"0","right":"0","bottom":"0","left":"0","isLinked":"1"},"layout":"full_width","css_classes":"ignore-toc","_timestamp_":"v1Smpyb2xHWDFzTnAyd291dVQ4THc0UT09"},"elements":[{"id":"58c5b0d7","settings":{"_column_size":"50","content_position":"center","padding":{"unit":"%","top":"0","right":"8","bottom":"0","left":"28","isLinked":""},"background_background":"classic","background_color":"#ffffff","_inline_size_tablet":"100","padding_tablet":{"unit":"px","top":"0","right":"0","bottom":"0","left":"0","isLinked":"1"}},"elements":[{"id":"1ba3a7a0","settings":{"structure":"20","margin":{"unit":"px","top":"0","right":"0","bottom":"0","left":"0","isLinked":"1"},"background_background":"classic","padding_tablet":{"unit":"px","top":"0","right":"0","bottom":"50","left":"0","isLinked":""}},"elements":[{"id":"26fba34e","settings":{"_column_size":"50","_inline_size":"20","content_position":"center","padding":{"unit":"px","top":"0","right":"0","bottom":"0","left":"0","isLinked":""},"background_background":"classic"},"elements":[{"id":"ea544fe","settings":{"image":{"id":29,"url":"http:\/\/localhost\/dieuhau\/wp-content\/uploads\/2020\/12\/Logo-Footer-New.png"},"image_size":"full","align":"left","link_to":"custom","__dynamic__":{"link":"[elementor-tag id=\"cc47f49\" name=\"site-url\" settings=\"%7B%7D\"]"},"align_mobile":"center"},"elements":[],"isInner":false,"widgetType":"image","elType":"widget"}],"isInner":"1","elType":"column"},{"id":"2faeb57a","settings":{"_column_size":"50","_inline_size":"80","margin_mobile":{"unit":"px","top":"20","right":"0","bottom":"0","left":"0","isLinked":""},"padding_tablet":{"unit":"px","top":"0","right":"0","bottom":"0","left":"0","isLinked":"1"},"padding":{"unit":"px","top":"0","right":"0","bottom":"0","left":"30","isLinked":""}},"elements":[{"id":"6992e5ff","settings":{"title":"A Magazine About <br> The Good Life","title_color":"#0c0c0c","typography_typography":"custom","typography_font_family":"Rubik","typography_font_size":{"unit":"px","size":"40","sizes":[]},"typography_font_weight":"500","typography_line_height":{"unit":"em","size":"1.2","sizes":[]},"align_mobile":"center","typography_font_size_tablet":{"unit":"px","size":"45","sizes":[]},"typography_font_size_mobile":{"unit":"px","size":"30","sizes":[]}},"elements":[],"isInner":false,"widgetType":"heading","elType":"widget"}],"isInner":"1","elType":"column"}],"isInner":"1","elType":"section"}],"isInner":"","elType":"column"},{"id":"7ec3d927","settings":{"_column_size":"50","content_position":"center","space_between_widgets":"15","background_background":"classic","padding":{"unit":"%","top":"0","right":"28","bottom":"0","left":"8","isLinked":""},"background_color":"#F7F7F7","_inline_size_tablet":"100","margin_tablet":{"unit":"px","top":"0","right":"0","bottom":"0","left":"0","isLinked":""},"padding_tablet":{"unit":"px","top":"50","right":"50","bottom":"50","left":"50","isLinked":"1"}},"elements":[{"id":"25dbb37c","settings":{"width":{"unit":"px","size":"215","sizes":[]},"align":"left","look":"line_text","text":"Receive the latest news","gap":{"unit":"px","size":"5","sizes":[]},"text_color":"#f40045","typography_typography":"custom","typography_font_family":"Rubik","typography_font_size":{"unit":"px","size":"14","sizes":[]},"typography_font_weight":"400","text_align":"right"},"elements":[],"isInner":false,"widgetType":"divider","elType":"widget"},{"id":"38fdde90","settings":{"title":"Subscribe To Our Weekly Newsletter\n","title_color":"#0c0c0c","typography_typography":"custom","typography_font_family":"Rubik","typography_font_size":{"unit":"px","size":"22","sizes":[]},"typography_font_weight":"500"},"elements":[],"isInner":false,"widgetType":"heading","elType":"widget"},{"id":"258a37b1","settings":{"form_name":"New Form","form_fields":[{"custom_id":"email_footer","field_type":"email","required":"true","field_label":"Email Address","placeholder":"Email Address","width":"66","_id":"66a929d","rows":"4","file_sizes":"","file_types":"","allow_multiple_upload":"","max_files":"","acceptance_text":"","checked_by_default":"","field_min":"","field_max":"","min_date":"","max_date":"","use_native_date":"","use_native_time":"","previous_button":"","next_button":""}],"show_labels":"","button_text":"subscribe","email_content":"[all-fields]","email_content_2":"[all-fields]","success_message":"The form was sent successfully.","error_message":"An error occured.","required_field_message":"This field is required.","invalid_message":"There's something wrong. The form is invalid.","column_gap":{"unit":"px","size":"0","sizes":[]},"row_gap":{"unit":"px","size":"0","sizes":[]},"field_text_color":"#cacaca","field_typography_typography":"custom","field_typography_font_family":"Rubik","field_typography_font_size":{"unit":"px","size":"16","sizes":[]},"field_typography_font_weight":"300","field_border_width":{"unit":"px","top":"0","right":"0","bottom":"0","left":"0","isLinked":"1"},"field_border_radius":{"unit":"px","top":"0","right":"0","bottom":"0","left":"0","isLinked":"1"},"button_background_color":"#0c0c0c","button_typography_typography":"custom","button_typography_font_family":"Rubik","button_typography_font_size":{"unit":"px","size":"15","sizes":[]},"button_typography_font_weight":"300","button_typography_text_transform":"uppercase","button_border_radius":{"unit":"px","top":"0","right":"0","bottom":"0","left":"0","isLinked":"1"},"button_background_hover_color":"#f40045","input_size":"md","button_size":"md","button_width":"33","_margin":{"unit":"px","top":"20","right":"0","bottom":"0","left":"0","isLinked":""},"step_next_label":"Next","step_previous_label":"Previous"},"elements":[],"isInner":false,"widgetType":"form","elType":"widget"},{"id":"74ae59bb","settings":{"structure":"20","margin":{"unit":"px","top":"30","right":"0","bottom":"0","left":"0","isLinked":""}},"elements":[{"id":"735ee347","settings":{"_column_size":"50","_inline_size":"28","content_position":"center","padding_mobile":{"unit":"px","top":"0","right":"0","bottom":"25","left":"0","isLinked":""}},"elements":[{"id":"e2f257d","settings":{"title":"Find Us Here","title_color":"#0c0c0c","typography_typography":"custom","typography_font_family":"Rubik","typography_font_size":{"unit":"px","size":"16","sizes":[]},"typography_font_weight":"300","align_mobile":"center"},"elements":[],"isInner":false,"widgetType":"heading","elType":"widget"}],"isInner":"1","elType":"column"},{"id":"34e7f723","settings":{"_column_size":"50","_inline_size":"72","padding":{"unit":"px","top":"0","right":"0","bottom":"0","left":"0","isLinked":"1"}},"elements":[{"id":"688a9d6f","settings":{"social_icon_list":[{"social_icon":{"value":"fab fa-facebook-f","library":"fa-brands"},"_id":"4ab3639","item_icon_color":"custom","item_icon_primary_color":"#ededed","item_icon_secondary_color":"#acacac"},{"social_icon":{"value":"fab fa-twitter","library":"fa-brands"},"_id":"c6cf71e","item_icon_color":"custom","item_icon_primary_color":"#ededed","item_icon_secondary_color":"#acacac"},{"social_icon":{"value":"fab fa-linkedin-in","library":"fa-brands"},"_id":"19d88b2","item_icon_color":"custom","item_icon_primary_color":"#ededed","item_icon_secondary_color":"#acacac"},{"social_icon":{"value":"fab fa-youtube","library":"fa-brands"},"_id":"baa991c","item_icon_color":"custom","item_icon_primary_color":"#ededed","item_icon_secondary_color":"#acacac"}],"shape":"circle","align":"right","icon_color":"custom","icon_size":{"unit":"px","size":"16","sizes":[]},"icon_padding":{"unit":"em","size":"0.8","sizes":[]},"icon_spacing":{"unit":"px","size":"15","sizes":[]},"hover_secondary_color":"#f40045","hover_animation":"grow","align_mobile":"center"},"elements":[],"isInner":false,"widgetType":"social-icons","elType":"widget"}],"isInner":"1","elType":"column"}],"isInner":"1","elType":"section"}],"isInner":"","elType":"column"}],"isInner":"","elType":"section"},{"id":"78c0ee51","settings":{"content_width":{"unit":"px","size":"1400","sizes":[]},"height":"min-height","custom_height":{"unit":"px","size":"80","sizes":[]},"background_background":"classic","background_color":"#0c0c0c","_title":"Footer - Categories","hide_mobile":"hidden-phone","css_classes":"ignore-toc","_timestamp_":"v1Smpyb2xHWDFzTnAyd291dVQ4THc0UT09"},"elements":[{"id":"3cc9aaae","settings":{"_column_size":"100","padding":{"unit":"px","top":"0","right":"0","bottom":"0","left":"0","isLinked":"1"}},"elements":[{"id":"1fb5e3bd","settings":{"align_items":"center","pointer":"none","menu_typography_typography":"custom","menu_typography_font_family":"Rubik","menu_typography_font_size":{"unit":"px","size":"15","sizes":[]},"menu_typography_font_weight":"100","menu_typography_text_transform":"uppercase","menu_typography_letter_spacing":{"unit":"px","size":"0.7","sizes":[]},"color_menu_item":"#ffffff","color_menu_item_hover":"#f40045","color_menu_item_active":"#f40045","padding_horizontal_menu_item":{"unit":"px","size":"4","sizes":[]},"menu_space_between":{"unit":"px","size":"100","sizes":[]},"dropdown":"mobile","padding_vertical_menu_item_tablet":{"unit":"px","size":"10","sizes":[]},"menu_space_between_tablet":{"unit":"px","size":"70","sizes":[]}},"elements":[],"isInner":false,"widgetType":"nav-menu","elType":"widget"}],"isInner":"","elType":"column"}],"isInner":"","elType":"section"},{"id":"268ac0a5","settings":{"content_width":{"unit":"px","size":"1400","sizes":[]},"height":"min-height","custom_height":{"unit":"px","size":"50","sizes":[]},"structure":"20","background_background":"classic","background_color":"#0c0c0c","border_border":"solid","border_width":{"unit":"px","top":"1","right":"0","bottom":"0","left":"0","isLinked":""},"border_color":"rgba(255,255,255,0.2)","_title":"Footer -\u00a0All Rights Reserved","css_classes":"ignore-toc","_timestamp_":"v1Smpyb2xHWDFzTnAyd291dVQ4THc0UT09"},"elements":[{"id":"70f39d57","settings":{"_column_size":"50","content_position":"center","padding":{"unit":"px","top":"0","right":"0","bottom":"0","left":"0","isLinked":"1"},"content_position_tablet":"center","padding_tablet":{"unit":"px","top":"0","right":"0","bottom":"0","left":"80","isLinked":""},"padding_mobile":{"unit":"px","top":"15","right":"0","bottom":"0","left":"0","isLinked":""}},"elements":[{"id":"5af35f7e","settings":{"editor":"The <span style=\"color: #f40045\">Animag<\/span> Life Style Magazine.","align":"left","text_color":"#ffffff","typography_typography":"custom","typography_font_family":"Rubik","typography_font_size":{"unit":"px","size":"14","sizes":[]},"typography_font_weight":"200","align_mobile":"center"},"elements":[],"isInner":false,"widgetType":"text-editor","elType":"widget"}],"isInner":"","elType":"column"},{"id":"61f844bc","settings":{"_column_size":"50","content_position":"center","padding":{"unit":"px","top":"0","right":"0","bottom":"0","left":"0","isLinked":"1"},"padding_tablet":{"unit":"px","top":"0","right":"80","bottom":"0","left":"0","isLinked":""},"padding_mobile":{"unit":"px","top":"15","right":"0","bottom":"15","left":"0","isLinked":""}},"elements":[{"id":"362471b7","settings":{"title":"All Rights Reserved \u00a9 2020","align":"right","title_color":"#ffffff","typography_typography":"custom","typography_font_family":"Rubik","typography_font_size":{"unit":"px","size":"14","sizes":[]},"typography_font_weight":"200","typography_letter_spacing":{"unit":"px","size":"0.4","sizes":[]},"align_mobile":"center"},"elements":[],"isInner":false,"widgetType":"heading","elType":"widget"}],"isInner":"","elType":"column"}],"isInner":"","elType":"section"}]}