{"version":"0.4","title":"magazine-block11","type":"page","content":[{"id":"63b0eccc","settings":{"layout":"full_width","structure":"20","_title":"Contact Us Form","height":"min-height","custom_height":{"unit":"px","size":"680","sizes":[]},"column_position":"stretch","_timestamp_":"v1Smpyb2xHWDFzTnAyd291dVQ4THc0UT09"},"elements":[{"id":"941d77a","settings":{"_column_size":"50","padding":{"unit":"px","top":"0","right":"0","bottom":"0","left":"0","isLinked":"1"},"_inline_size":"45","background_background":"classic","background_image":{"id":61,"url":"http:\/\/localhost\/dieuhau\/wp-content\/uploads\/2020\/12\/404-page.png"},"background_position":"center center","background_repeat":"no-repeat","background_size":"cover","_inline_size_tablet":"100"},"elements":[{"id":"52490879","settings":{"space_tablet":{"unit":"px","size":"300","sizes":[]},"space_mobile":{"unit":"px","size":"100","sizes":[]}},"elements":[],"isInner":false,"widgetType":"spacer","elType":"widget"}],"isInner":"","elType":"column"},{"id":"2b249b19","settings":{"_column_size":"50","padding":{"unit":"%","top":"10","right":"30","bottom":"10","left":"15","isLinked":""},"_inline_size":"55","content_position":"center","_inline_size_tablet":"100","padding_tablet":{"unit":"px","top":"50","right":"50","bottom":"50","left":"50","isLinked":"1"},"padding_mobile":{"unit":"px","top":"20","right":"20","bottom":"20","left":"20","isLinked":"1"}},"elements":[{"id":"36e4af7d","settings":{"width":{"unit":"px","size":"85","sizes":[]},"align":"left","look":"line_text","text":"404","gap":{"unit":"px","size":"5","sizes":[]},"text_color":"#f40045","typography_typography":"custom","typography_font_family":"Rubik","typography_font_size":{"unit":"px","size":"14","sizes":[]},"typography_font_weight":"400","text_align":"right"},"elements":[],"isInner":false,"widgetType":"divider","elType":"widget"},{"id":"2e046a7c","settings":{"title":"Oops! It seems like you got lost... ","title_color":"#0c0c0c","typography_typography":"custom","typography_font_family":"Rubik","typography_font_size":{"unit":"px","size":"55","sizes":[]},"typography_font_weight":"400","typography_font_size_mobile":{"unit":"px","size":"30","sizes":[]},"typography_font_size_tablet":{"unit":"px","size":"35","sizes":[]},"typography_line_height":{"unit":"em","size":"1.2","sizes":[]}},"elements":[],"isInner":false,"widgetType":"heading","elType":"widget"},{"id":"77295991","settings":{"editor":"<p>Sorry! We can\u2019t find the content you\u2019re looking for.<br \/>Try to search again or go back to <span style=\"text-decoration: underline;color: #f40045\">Home Page<\/span>.<\/p>","text_color":"rgba(0, 0, 0, 0.6)","typography_typography":"custom","typography_font_family":"Rubik","typography_font_size":{"unit":"px","size":"16","sizes":[]},"typography_font_weight":"400"},"elements":[],"isInner":false,"widgetType":"text-editor","elType":"widget"},{"id":"c65dfb2","settings":{"placeholder":"Search...","button_type":"text","button_text":"GO","input_typography_typography":"custom","input_typography_font_family":"Rubik","input_typography_font_size":{"unit":"px","size":"16","sizes":[]},"input_typography_font_weight":"300","input_text_color":"#000000","input_background_color":"#FFFFFF","input_border_color":"#E2E2E2","button_border_width":{"unit":"px","top":"1","right":"1","bottom":"1","left":"1","isLinked":"1"},"border_radius":{"unit":"px","size":"0","sizes":[]},"button_typography_typography":"custom","button_typography_font_family":"Rubik","button_typography_font_size":{"unit":"px","size":"15","sizes":[]},"button_typography_font_weight":"400","button_typography_letter_spacing":{"unit":"px","size":"1","sizes":[]},"button_text_color":"#FFFFFF","button_background_color":"#000000","button_width":{"unit":"px","size":"2.5","sizes":[]}},"elements":[],"isInner":false,"widgetType":"search-form","elType":"widget"}],"isInner":"","elType":"column"}],"isInner":"","elType":"section"}]}