{"version":"0.4","title":"magazine-block6","type":"page","content":[{"id":"75fd2196","settings":{"content_width":{"unit":"px","size":"1400","sizes":[]},"height":"min-height","custom_height":{"unit":"px","size":"80","sizes":[]},"structure":"30","_title":"Header - Logo","padding_tablet":{"unit":"px","top":"0","right":"50","bottom":"0","left":"50","isLinked":""},"padding_mobile":{"unit":"px","top":"0","right":"0","bottom":"0","left":"0","isLinked":"1"},"_timestamp_":"v1Smpyb2xHWDFzTnAyd291dVQ4THc0UT09"},"elements":[{"id":"6da88228","settings":{"_column_size":"33","content_position":"center","padding":{"unit":"px","top":"0","right":"0","bottom":"0","left":"0","isLinked":"1"},"_inline_size_mobile":"50","hide_mobile":"hidden-phone"},"elements":[{"id":"5604e6c0","settings":{"align_items":"left","pointer":"none","menu_typography_typography":"custom","menu_typography_font_family":"Rubik","menu_typography_font_size":{"unit":"px","size":"15","sizes":[]},"menu_typography_font_weight":"400","menu_typography_text_transform":"uppercase","menu_typography_text_decoration":"underline","menu_typography_letter_spacing":{"unit":"px","size":"0.7","sizes":[]},"color_menu_item":"#f40045","color_menu_item_hover":"#000000","color_menu_item_active":"#000000","padding_horizontal_menu_item":{"unit":"px","size":"0","sizes":[]},"padding_vertical_menu_item":{"unit":"px","size":"0","sizes":[]},"menu_space_between":{"unit":"px","size":"40","sizes":[]},"dropdown":"none"},"elements":[],"isInner":false,"widgetType":"nav-menu","elType":"widget"}],"isInner":"","elType":"column"},{"id":"16dae745","settings":{"_column_size":"33","content_position":"center","_inline_size_mobile":"50","padding_mobile":{"unit":"px","top":"0","right":"0","bottom":"0","left":"20","isLinked":""}},"elements":[{"id":"155238c8","settings":{"image":{"id":36,"url":"http:\/\/localhost\/dieuhau\/wp-content\/uploads\/2020\/12\/Logo-Header.png"},"link_to":"custom","__dynamic__":{"link":"[elementor-tag id=\"dcd2a05\" name=\"site-url\" settings=\"%7B%7D\"]"},"align_mobile":"left","image_size":"full","width":{"unit":"px","size":"130","sizes":[]},"width_tablet":{"unit":"px","size":"","sizes":[]},"width_mobile":{"unit":"px","size":"","sizes":[]}},"elements":[],"isInner":false,"widgetType":"image","elType":"widget"}],"isInner":"","elType":"column"},{"id":"29ef9579","settings":{"_column_size":"33","content_position":"center","padding":{"unit":"px","top":"0","right":"0","bottom":"0","left":"0","isLinked":"1"},"padding_mobile":{"unit":"px","top":"0","right":"20","bottom":"0","left":"0","isLinked":""},"_inline_size_mobile":"50","content_position_mobile":"center","align":"flex-end"},"elements":[{"id":"1cd89007","settings":{"text":"Subscribe","selected_icon":{"value":"fas fa-chevron-right","library":"fa-solid"},"icon_align":"right","typography_typography":"custom","typography_font_family":"Rubik","typography_font_size":{"unit":"px","size":"14","sizes":[]},"typography_font_weight":"400","typography_text_transform":"uppercase","button_text_color":"#F40045","background_color":"rgba(255,255,255,0)","border_width":{"unit":"px","top":"0","right":"0","bottom":"1","left":"0","isLinked":""},"border_color":"#f40045","border_radius":{"unit":"px","top":"0","right":"0","bottom":"0","left":"0","isLinked":"1"},"text_padding":{"unit":"px","top":"0","right":"0","bottom":"2","left":"0","isLinked":""},"typography_line_height":{"unit":"em","size":"1.3","sizes":[]},"hover_color":"#0c0c0c","_border_border":"solid","_border_width":{"unit":"px","top":"0","right":"0","bottom":"1","left":"0","isLinked":""},"_border_color":"#f40045","_border_hover_border":"solid","_border_hover_width":{"unit":"px","top":"0","right":"0","bottom":"1","left":"0","isLinked":""},"_border_hover_color":"#0c0c0c","_element_width":"auto","_element_vertical_align":"center","_offset_orientation_h":"end","_offset_y":{"unit":"px","size":"10","sizes":[]},"link":{"url":"","is_external":"","nofollow":""},"__dynamic__":{"link":"[elementor-tag id=\"ea3da93\" name=\"popup\" settings=\"%7B%22popup%22%3A%22347%22%7D\"]"}},"elements":[],"isInner":false,"widgetType":"button","elType":"widget"}],"isInner":"","elType":"column"}],"isInner":"","elType":"section"},{"id":"103cd897","settings":{"content_width":{"unit":"px","size":"1400","sizes":[]},"height":"min-height","custom_height":{"unit":"px","size":"50","sizes":[]},"structure":"33","background_background":"classic","background_color":"#000000","_title":"Header - Categories","padding_tablet":{"unit":"px","top":"0","right":"50","bottom":"0","left":"50","isLinked":""},"padding_mobile":{"unit":"px","top":"0","right":"20","bottom":"0","left":"20","isLinked":""},"z_index":"10","sticky":"top","_timestamp_":"v1Smpyb2xHWDFzTnAyd291dVQ4THc0UT09"},"elements":[{"id":"6d0623bb","settings":{"_column_size":"25","_inline_size":"5","content_position":"center","padding":{"unit":"px","top":"5","right":"0","bottom":"0","left":"0","isLinked":""},"_inline_size_mobile":"15"},"elements":[{"id":"5a8ddac1","settings":{"selected_icon":{"value":{"id":37,"url":"http:\/\/localhost\/dieuhau\/wp-content\/uploads\/2020\/12\/email.svg"},"library":"svg"},"align":"left","primary_color":"#ffffff","size":{"unit":"px","size":"25","sizes":[]},"hover_primary_color":"#f40045","__dynamic__":{"link":"[elementor-tag id=\"940a0e6\" name=\"popup\" settings=\"%7B%22popup%22%3A%221087%22%7D\"]"}},"elements":[],"isInner":false,"widgetType":"icon","elType":"widget"}],"isInner":"","elType":"column"},{"id":"2def86ef","settings":{"_column_size":"50","_inline_size":"90","content_position":"center","padding":{"unit":"px","top":"0","right":"0","bottom":"0","left":"0","isLinked":"1"},"_inline_size_mobile":"20"},"elements":[{"id":"5615d50e","settings":{"align_items":"center","pointer":"none","menu_typography_typography":"custom","menu_typography_font_family":"Rubik","menu_typography_font_size":{"unit":"px","size":"15","sizes":[]},"menu_typography_font_weight":"100","menu_typography_text_transform":"uppercase","menu_typography_letter_spacing":{"unit":"px","size":"0.7","sizes":[]},"color_menu_item":"#FFFFFF","color_menu_item_hover":"#F40045","color_menu_item_active":"#f40045","padding_horizontal_menu_item":{"unit":"px","size":"30","sizes":[]},"menu_space_between":{"unit":"px","size":"10","sizes":[]},"full_width":"stretch","toggle_align":"left","toggle_color":"#ffffff","menu_typography_font_size_mobile":{"unit":"px","size":"16","sizes":[]},"color_dropdown_item":"#FFFFFF","background_color_dropdown_item":"#000000","color_dropdown_item_hover":"#F40045","background_color_dropdown_item_hover":"#000000","color_dropdown_item_active":"#F40045","background_color_dropdown_item_active":"#000000","dropdown_typography_font_family":"Rubik","dropdown_typography_font_size_mobile":{"unit":"px","size":"39","sizes":[]},"padding_horizontal_dropdown_item_mobile":{"unit":"px","size":"30","sizes":[]},"padding_vertical_dropdown_item_mobile":{"unit":"px","size":"20","sizes":[]},"dropdown_top_distance_mobile":{"unit":"px","size":"-10","sizes":[]},"padding_horizontal_dropdown_item_tablet":{"unit":"px","size":"50","sizes":[]},"padding_vertical_dropdown_item_tablet":{"unit":"px","size":"25","sizes":[]},"dropdown_top_distance_tablet":{"unit":"px","size":"0","sizes":[]},"toggle_size":{"unit":"px","size":"25","sizes":[]},"toggle_border_width":{"unit":"px","size":"0","sizes":[]},"toggle_border_radius":{"unit":"px","size":"0","sizes":[]}},"elements":[],"isInner":false,"widgetType":"nav-menu","elType":"widget"}],"isInner":"","elType":"column"},{"id":"201f7d27","settings":{"_column_size":"25","_inline_size":"5","content_position":"center","padding":{"unit":"px","top":"1","right":"1","bottom":"1","left":"1","isLinked":"1"},"_inline_size_mobile":"65"},"elements":[{"id":"7f40c32f","settings":{"skin":"full_screen","placeholder":"","button_text":"Search","toggle_align":"right","toggle_size":{"unit":"px","size":"35","sizes":[]},"icon_size_minimal":{"unit":"px","size":"15","sizes":[]},"overlay_background_color":"rgba(12,12,12,0.85)","input_text_color":"#ffffff","toggle_color":"#ffffff","toggle_icon_size":{"unit":"px","size":"50","sizes":[]},"toggle_color_hover":"#f40045","input_typography_typography":"custom","input_typography_font_family":"Rubik","input_typography_font_size":{"unit":"px","size":"24","sizes":[]},"input_typography_font_weight":"300","input_border_color":"#ffffff","border_radius":{"unit":"px","size":"0","sizes":[]}},"elements":[],"isInner":false,"widgetType":"search-form","elType":"widget"}],"isInner":"","elType":"column"}],"isInner":"","elType":"section"}]}