{"version":"0.4","title":"magazine-block2","type":"page","content":[{"id":"47bb555c","settings":{"content_width":{"unit":"px","size":"1400","sizes":[]},"margin":{"unit":"px","top":"100","right":"0","bottom":"0","left":"0","isLinked":""},"_title":"Post Title","margin_tablet":{"unit":"px","top":"0","right":"0","bottom":"0","left":"0","isLinked":"1"},"margin_mobile":{"unit":"px","top":"50","right":"0","bottom":"0","left":"0","isLinked":""},"_timestamp_":"v1Smpyb2xHWDFzTnAyd291dVQ4THc0UT09"},"elements":[{"id":"7760c49","settings":{"_column_size":"100","padding":{"unit":"%","top":"0","right":"30","bottom":"0","left":"0","isLinked":""},"padding_tablet":{"unit":"px","top":"50","right":"50","bottom":"50","left":"50","isLinked":"1"},"padding_mobile":{"unit":"px","top":"0","right":"20","bottom":"0","left":"20","isLinked":""}},"elements":[{"id":"22e9c34a","settings":{"__dynamic__":{"title":"[elementor-tag id=\"\" name=\"post-title\" settings=\"%7B%22before%22%3A%22%22%2C%22after%22%3A%22%22%2C%22fallback%22%3A%22%22%7D\"]"},"title":"Add Your Heading Text Here","title_color":"#0c0c0c","typography_typography":"custom","typography_font_family":"Rubik","typography_font_size":{"unit":"px","size":"55","sizes":[]},"typography_font_weight":"500","typography_line_height":{"unit":"em","size":"1.4","sizes":[]},"typography_font_size_tablet":{"unit":"px","size":"35","sizes":[]},"typography_font_size_mobile":{"unit":"px","size":"25","sizes":[]}},"elements":[],"isInner":false,"widgetType":"theme-post-title","elType":"widget"},{"id":"5e386736","settings":{"icon_list":[{"selected_icon":{"value":"fas fa-calendar","library":"fa-solid"},"_id":"5b276ce","custom_date_format":"F j, Y","custom_time_format":"g:i a","comments_custom_strings":"","show_icon":"none"},{"type":"comments","selected_icon":{"value":"far fa-comment-dots","library":"fa-regular"},"_id":"fb2fc86","custom_date_format":"F j, Y","custom_time_format":"g:i a","comments_custom_strings":"","show_icon":"none"}],"space_between":{"unit":"px","size":"20","sizes":[]},"divider":"yes","divider_weight":{"unit":"px","size":"4","sizes":[]},"divider_height":{"unit":"%","size":"15","sizes":[]},"divider_color":"#f40045","icon_size":{"unit":"px","size":"0","sizes":[]},"text_indent":{"unit":"px","size":"0","sizes":[]},"text_color":"#f40045","icon_typography_typography":"custom","icon_typography_font_family":"Rubik","icon_typography_font_size":{"unit":"px","size":"16","sizes":[]},"icon_typography_font_weight":"300"},"elements":[],"isInner":false,"widgetType":"post-info","elType":"widget"}],"isInner":"","elType":"column"}],"isInner":"","elType":"section"},{"id":"98b4a0a","settings":{"layout":"full_width","margin":{"unit":"px","top":"50","right":"0","bottom":"0","left":"0","isLinked":""},"_title":"Featured Image","margin_tablet":{"unit":"px","top":"0","right":"0","bottom":"0","left":"0","isLinked":"1"},"margin_mobile":{"unit":"px","top":"50","right":"0","bottom":"0","left":"0","isLinked":""},"_timestamp_":"v1Smpyb2xHWDFzTnAyd291dVQ4THc0UT09"},"elements":[{"id":"4de3cf4","settings":{"_column_size":"100","background_background":"classic","padding":{"unit":"px","top":"0","right":"0","bottom":"0","left":"0","isLinked":"1"},"padding_tablet":{"unit":"px","top":"0","right":"50","bottom":"0","left":"50","isLinked":""},"padding_mobile":{"unit":"px","top":"0","right":"20","bottom":"0","left":"20","isLinked":""}},"elements":[{"id":"729a1acc","settings":{"__dynamic__":{"image":"[elementor-tag id=\"\" name=\"post-featured-image\" settings=\"%7B%22fallback%22%3A%7B%22url%22%3A%22%22%2C%22id%22%3A%22%22%7D%7D\"]"},"image_size":"full","align":"right","image":{"id":22,"url":"http:\/\/localhost\/dieuhau\/wp-content\/uploads\/2020\/12\/placeholder.png"}},"elements":[],"isInner":false,"widgetType":"theme-post-featured-image","elType":"widget"}],"isInner":"","elType":"column"}],"isInner":"","elType":"section"},{"id":"59a4d1db","settings":{"content_width":{"unit":"px","size":"1400","sizes":[]},"structure":"20","margin":{"unit":"px","top":"180","right":"0","bottom":"0","left":"0","isLinked":""},"_title":"Post Content","margin_tablet":{"unit":"px","top":"100","right":"0","bottom":"0","left":"0","isLinked":""},"margin_mobile":{"unit":"px","top":"50","right":"0","bottom":"0","left":"0","isLinked":""},"_timestamp_":"v1Smpyb2xHWDFzTnAyd291dVQ4THc0UT09"},"elements":[{"id":"38fd1b74","settings":{"_column_size":"50","_inline_size":"70","space_between_widgets":"50","padding":{"unit":"px","top":"0","right":"150","bottom":"0","left":"20","isLinked":""},"_inline_size_tablet":"100","padding_tablet":{"unit":"px","top":"0","right":"50","bottom":"50","left":"50","isLinked":""},"padding_mobile":{"unit":"px","top":"0","right":"20","bottom":"0","left":"20","isLinked":""}},"elements":[{"id":"77a9591d","settings":{"__dynamic__":{"excerpt":"[elementor-tag id=\"\" name=\"post-excerpt\" settings=\"%7B%22before%22%3A%22%22%2C%22after%22%3A%22%22%2C%22fallback%22%3A%22%22%7D\"]"},"title_color":"#0c0c0c","typography_typography":"custom","typography_font_family":"Rubik","typography_font_size":{"unit":"px","size":"32","sizes":[]},"typography_line_height":{"unit":"em","size":"1.4","sizes":[]},"typography_font_size_tablet":{"unit":"px","size":"26","sizes":[]},"typography_font_size_mobile":{"unit":"px","size":"20","sizes":[]}},"elements":[],"isInner":false,"widgetType":"theme-post-excerpt","elType":"widget"},{"id":"2d0762fa","settings":{"text_color":"#0c0c0c","typography_typography":"custom","typography_font_family":"Rubik","typography_font_size":{"unit":"px","size":"18","sizes":[]},"typography_font_weight":"300"},"elements":[],"isInner":false,"widgetType":"theme-post-content","elType":"widget"},{"id":"4d2c008a","settings":{"structure":"20","margin":{"unit":"px","top":"30","right":"0","bottom":"80","left":"0","isLinked":""},"css_classes":"ignore-toc"},"elements":[{"id":"37898efa","settings":{"_column_size":"50","_inline_size":"25","content_position":"center","_inline_size_tablet":"15"},"elements":[{"id":"57ce0d76","settings":{"title":"Share:","title_color":"#0c0c0c","typography_typography":"custom","typography_font_family":"Rubik","typography_font_size":{"unit":"px","size":"22","sizes":[]},"typography_font_weight":"500","align_mobile":"center","header_size":"h4"},"elements":[],"isInner":false,"widgetType":"heading","elType":"widget"}],"isInner":"1","elType":"column"},{"id":"1f2d1240","settings":{"_column_size":"50","_inline_size":"75","content_position":"center","padding":{"unit":"px","top":"0","right":"0","bottom":"0","left":"0","isLinked":"1"},"_inline_size_tablet":"85","_inline_size_mobile":"100","margin_mobile":{"unit":"px","top":"20","right":"0","bottom":"0","left":"0","isLinked":""}},"elements":[{"id":"794f5389","settings":{"share_buttons":[{"_id":"5d05ae9"},{"button":"twitter","_id":"34ab94d"},{"button":"pinterest","_id":"37a2ade"},{"button":"linkedin","_id":"c7ae72d"}],"skin":"flat","alignment":"right","column_gap":{"unit":"px","size":"20","sizes":[]},"row_gap":{"unit":"px","size":"0","sizes":[]},"button_size":{"unit":"px","size":"1","sizes":[]},"icon_size":{"unit":"em","size":"1.6","sizes":[]},"typography_typography":"custom","typography_font_family":"Rubik","typography_font_size":{"unit":"px","size":"16","sizes":[]},"typography_font_weight":"200","alignment_mobile":"center","column_gap_mobile":{"unit":"px","size":"25","sizes":[]},"row_gap_mobile":{"unit":"px","size":"25","sizes":[]}},"elements":[],"isInner":false,"widgetType":"share-buttons","elType":"widget"}],"isInner":"1","elType":"column"}],"isInner":"1","elType":"section"},{"id":"e985e07","settings":{"author_name":"John Doe","author_bio":"Lorem ipsum dolor sit amet consectetur adipiscing elit dolor","link_text":"All Posts","layout":"left","alignment":"left","image_size":{"unit":"px","size":"100","sizes":[]},"image_gap":{"unit":"px","size":"50","sizes":[]},"name_color":"#0c0c0c","name_typography_typography":"custom","name_typography_font_family":"Rubik","name_typography_font_size":{"unit":"px","size":"22","sizes":[]},"name_typography_font_weight":"300","name_typography_text_transform":"capitalize","name_gap":{"unit":"px","size":"10","sizes":[]},"bio_color":"rgba(12,12,12,0.5)","bio_typography_typography":"custom","bio_typography_font_family":"Rubik","bio_typography_font_size":{"unit":"px","size":"15","sizes":[]},"bio_typography_font_weight":"300","_margin":{"unit":"px","top":"0","right":"0","bottom":"80","left":"0","isLinked":""},"_padding":{"unit":"%","top":"3","right":"35","bottom":"3","left":"0","isLinked":""},"_border_border":"solid","_border_width":{"unit":"px","top":"1","right":"0","bottom":"1","left":"0","isLinked":""},"_border_color":"#dddddd","image_size_mobile":{"unit":"px","size":"75","sizes":[]},"image_gap_mobile":{"unit":"px","size":"10","sizes":[]},"_margin_mobile":{"unit":"px","top":"0","right":"0","bottom":"0","left":"0","isLinked":"1"},"_padding_mobile":{"unit":"px","top":"30","right":"0","bottom":"30","left":"0","isLinked":""},"_css_classes":"ignore-toc","author_avatar":{"id":22,"url":"http:\/\/localhost\/dieuhau\/wp-content\/uploads\/2020\/12\/placeholder.png"}},"elements":[],"isInner":false,"widgetType":"author-box","elType":"widget"},{"id":"2ad2c496","settings":{"_skin":"theme_comments","_css_classes":"ignore-toc"},"elements":[],"isInner":false,"widgetType":"post-comments","elType":"widget"}],"isInner":"","elType":"column"},{"id":"1d970b63","settings":{"_column_size":"50","_inline_size":"30","padding":{"unit":"px","top":"0","right":"20","bottom":"0","left":"0","isLinked":""},"_inline_size_tablet":"100","padding_tablet":{"unit":"px","top":"0","right":"50","bottom":"0","left":"50","isLinked":""},"padding_mobile":{"unit":"px","top":"20","right":"20","bottom":"20","left":"20","isLinked":"1"},"content_position":"top","margin":{"unit":"px","top":"0","right":"0","bottom":"0","left":"0","isLinked":""},"hide_tablet":"hidden-tablet","hide_mobile":"hidden-phone"},"elements":[{"id":"4914005","settings":{"title":"Table of Contents","exclude_headings_by_selector":".ignore-toc","background_color":"#F7F7F7","border_width":{"unit":"px","size":"1","sizes":[]},"border_radius":{"unit":"px","size":"0","sizes":[]},"padding":{"unit":"px","size":"25","sizes":[]},"header_typography_typography":"custom","header_typography_font_family":"Rubik","header_typography_font_size":{"unit":"px","size":"18","sizes":[]},"header_typography_font_weight":"400","list_typography_typography":"custom","list_typography_font_family":"Rubik","list_typography_font_size":{"unit":"px","size":"16","sizes":[]},"list_typography_font_weight":"300","item_text_color_normal":"#000000","item_text_color_hover":"#F40045","item_text_color_active":"#F40045","marker_color":"#000000","_z_index":"1","sticky":"top","sticky_parent":"yes","header_text_color":"#000000","_element_custom_width":{"unit":"%","size":"27","sizes":[]},"_offset_orientation_h":"end","_offset_y":{"unit":"%","size":"82","sizes":[]},"sticky_offset":80},"elements":[],"isInner":false,"widgetType":"table-of-contents","elType":"widget"}],"isInner":"","elType":"column"}],"isInner":"","elType":"section"},{"id":"3b1be050","settings":{"content_width":{"unit":"px","size":"1400","sizes":[]},"margin":{"unit":"px","top":"80","right":"0","bottom":"0","left":"0","isLinked":""},"_title":"Next\/Previous","padding_tablet":{"unit":"px","top":"0","right":"50","bottom":"0","left":"50","isLinked":""},"padding_mobile":{"unit":"px","top":"0","right":"20","bottom":"0","left":"20","isLinked":""},"css_classes":"ignore-toc","_timestamp_":"v1Smpyb2xHWDFzTnAyd291dVQ4THc0UT09"},"elements":[{"id":"7f07e4b9","settings":{"_column_size":"100","padding":{"unit":"px","top":"0","right":"0","bottom":"0","left":"0","isLinked":"1"}},"elements":[{"id":"617540bb","settings":{"prev_label":"Previous","next_label":"Next","show_borders":"","label_color":"#0c0c0c","label_typography_typography":"custom","label_typography_font_family":"Rubik","label_typography_font_size":{"unit":"px","size":"16","sizes":[]},"label_typography_font_weight":"300","arrow_color":"#0c0c0c","label_typography_text_transform":"capitalize","text_color":"#0c0c0c","title_typography_typography":"custom","title_typography_font_family":"Rubik","title_typography_font_size":{"unit":"px","size":"18","sizes":[]},"title_typography_font_weight":"400","arrow_size":{"unit":"px","size":"18","sizes":[]},"arrow_padding":{"unit":"px","size":"15","sizes":[]},"_padding":{"unit":"px","top":"30","right":"30","bottom":"30","left":"30","isLinked":"1"},"_background_background":"classic","_background_color":"#f7f7f7","_border_border":"solid","_border_width":{"unit":"px","top":"1","right":"1","bottom":"1","left":"1","isLinked":"1"},"_border_color":"rgba(12,12,12,0.1)","in_same_term":["post"],"post_taxonomy":"category"},"elements":[],"isInner":false,"widgetType":"post-navigation","elType":"widget"}],"isInner":"","elType":"column"}],"isInner":"","elType":"section"},{"id":"1a647953","settings":{"content_width":{"unit":"px","size":"1400","sizes":[]},"margin":{"unit":"px","top":"180","right":"0","bottom":"0","left":"0","isLinked":""},"_title":"Related Posts","margin_tablet":{"unit":"px","top":"0","right":"0","bottom":"0","left":"0","isLinked":"1"},"margin_mobile":{"unit":"px","top":"100","right":"0","bottom":"0","left":"0","isLinked":""},"css_classes":"ignore-toc","_timestamp_":"v1Smpyb2xHWDFzTnAyd291dVQ4THc0UT09"},"elements":[{"id":"45df3ad5","settings":{"_column_size":"100","space_between_widgets":"10","padding":{"unit":"px","top":"0","right":"20","bottom":"0","left":"20","isLinked":""},"padding_tablet":{"unit":"px","top":"50","right":"50","bottom":"50","left":"50","isLinked":"1"},"padding_mobile":{"unit":"px","top":"0","right":"20","bottom":"0","left":"20","isLinked":""}},"elements":[{"id":"4077c458","settings":{"width":{"unit":"px","size":"135","sizes":[]},"align":"left","look":"line_text","text":"On Key","gap":{"unit":"px","size":"5","sizes":[]},"text_color":"#f40045","typography_typography":"custom","typography_font_family":"Rubik","typography_font_size":{"unit":"px","size":"14","sizes":[]},"typography_font_weight":"400","text_align":"right"},"elements":[],"isInner":false,"widgetType":"divider","elType":"widget"},{"id":"6ae37596","settings":{"title":"Related Posts","title_color":"#0c0c0c","typography_typography":"custom","typography_font_family":"Rubik","typography_font_size":{"unit":"px","size":"45","sizes":[]},"typography_font_weight":"400","typography_font_size_tablet":{"unit":"px","size":"35","sizes":[]},"typography_font_size_mobile":{"unit":"px","size":"25","sizes":[]}},"elements":[],"isInner":false,"widgetType":"heading","elType":"widget"},{"id":"509ee8da","settings":{"classic_columns":"4","classic_posts_per_page":"4","classic_thumbnail_size_size":"full","classic_item_ratio":{"unit":"px","size":"0.75","sizes":[]},"classic_meta_data":[],"classic_meta_separator":"\/\/\/","classic_show_read_more":"","classic_read_more_text":"Read More \u00bb","cards_meta_separator":"\u2022","cards_read_more_text":"Read More \u00bb","full_content_meta_separator":"\/\/\/","classic_image_spacing":{"unit":"px","size":"30","sizes":[]},"classic_title_color":"#0c0c0c","classic_title_typography_typography":"custom","classic_title_typography_font_family":"Rubik","classic_title_typography_font_size":{"unit":"px","size":"18","sizes":[]},"classic_title_typography_font_weight":"400","classic_title_typography_line_height":{"unit":"em","size":"1.6","sizes":[]},"classic_title_spacing":{"unit":"px","size":"20","sizes":[]},"classic_excerpt_color":"rgba(12,12,12,0.5)","classic_excerpt_typography_typography":"custom","classic_excerpt_typography_font_family":"Rubik","classic_excerpt_typography_font_size":{"unit":"px","size":"15","sizes":[]},"classic_excerpt_typography_font_weight":"300","classic_excerpt_spacing":{"unit":"px","size":"0","sizes":[]},"pagination_page_limit":"5","pagination_prev_label":"&laquo; Previous","pagination_next_label":"Next &raquo;","_margin":{"unit":"px","top":"50","right":"0","bottom":"0","left":"0","isLinked":""},"posts_include":[],"posts_related_taxonomies":["category"],"posts_exclude":["terms"]},"elements":[],"isInner":false,"widgetType":"posts","elType":"widget"}],"isInner":"","elType":"column"}],"isInner":"","elType":"section"}]}