{"version":"0.4","title":"magazine-block8","type":"page","content":[{"id":"2a69d371","settings":{"layout":"full_width","content_width":{"unit":"px","size":"1400","sizes":[]},"gap":"no","structure":"20","background_color":"#f7f7f7","_title":"Archive Name &amp; Image","_timestamp_":"v1Smpyb2xHWDFzTnAyd291dVQ4THc0UT09"},"elements":[{"id":"282790c2","settings":{"_column_size":"50","_inline_size":"55","content_position":"top","background_background":"classic"},"elements":[{"id":"17f3bcb","settings":{"height_inner":"min-height","custom_height_inner":{"unit":"px","size":"220","sizes":[]},"background_background":"classic","background_color":"#f7f7f7","margin":{"unit":"px","top":"0","right":"0","bottom":"0","left":"0","isLinked":""},"content_width":{"unit":"px","size":"680","sizes":[]},"custom_height_inner_tablet":{"unit":"px","size":"141","sizes":[]},"custom_height_inner_mobile":{"unit":"px","size":"100","sizes":[]}},"elements":[{"id":"1221a2ac","settings":{"_column_size":"100","content_position":"center","space_between_widgets":"0","padding":{"unit":"%","top":"0","right":"30","bottom":"0","left":"11","isLinked":""}},"elements":[{"id":"5a99baed","settings":{"__dynamic__":{"title":"[elementor-tag id=\"\" name=\"archive-title\" settings=\"%7B%22include_context%22%3A%22%22%7D\"]"},"title":"Add Your Heading Text Here","title_color":"#0c0c0c","typography_typography":"custom","typography_font_family":"Rubik","typography_font_size":{"unit":"px","size":"40","sizes":[]},"typography_font_weight":"500","typography_line_height":{"unit":"em","size":"1.4","sizes":[]},"typography_font_size_tablet":{"unit":"px","size":"30","sizes":[]},"typography_font_size_mobile":{"unit":"px","size":"30","sizes":[]}},"elements":[],"isInner":false,"widgetType":"theme-archive-title","elType":"widget"}],"isInner":"1","elType":"column"}],"isInner":"1","elType":"section"}],"isInner":"","elType":"column"},{"id":"2440d971","settings":{"_column_size":"50","_inline_size":"45","background_position":"center center","background_repeat":"no-repeat","background_size":"cover","padding":{"unit":"px","top":"0","right":"0","bottom":"0","left":"0","isLinked":"1"}},"elements":[{"id":"3505e060","settings":{"image_size":"full","align":"right","image":{"id":45,"url":"http:\/\/localhost\/dieuhau\/wp-content\/uploads\/2020\/12\/Food-Archive-Pic.png"},"width":{"unit":"%","size":100,"sizes":[]}},"elements":[],"isInner":false,"widgetType":"image","elType":"widget"}],"isInner":"","elType":"column"}],"isInner":"","elType":"section"},{"id":"213e39c6","settings":{"content_width":{"unit":"px","size":"1400","sizes":[]},"structure":"22","margin":{"unit":"px","top":"180","right":"0","bottom":"0","left":"0","isLinked":""},"_title":"Posts","margin_tablet":{"unit":"px","top":"100","right":"0","bottom":"0","left":"0","isLinked":""},"_timestamp_":"v1Smpyb2xHWDFzTnAyd291dVQ4THc0UT09"},"elements":[{"id":"3d1a2d05","settings":{"_column_size":"66","_inline_size":"69.665","space_between_widgets":"5","padding":{"unit":"px","top":"0","right":"150","bottom":"0","left":"20","isLinked":""},"_inline_size_tablet":"100","padding_tablet":{"unit":"px","top":"0","right":"50","bottom":"0","left":"50","isLinked":""},"padding_mobile":{"unit":"px","top":"20","right":"20","bottom":"20","left":"20","isLinked":"1"}},"elements":[{"id":"654a81ae","settings":{"width":{"unit":"px","size":"135","sizes":[]},"align":"left","look":"line_text","text":"On Top","gap":{"unit":"px","size":"5","sizes":[]},"text_color":"#f40045","typography_typography":"custom","typography_font_family":"Rubik","typography_font_size":{"unit":"px","size":"14","sizes":[]},"typography_font_weight":"400","text_align":"right"},"elements":[],"isInner":false,"widgetType":"divider","elType":"widget"},{"id":"102c9b0f","settings":{"title":"Recent Stories","title_color":"#0c0c0c","typography_typography":"custom","typography_font_family":"Rubik","typography_font_size":{"unit":"px","size":"45","sizes":[]},"typography_font_weight":"400","typography_font_size_tablet":{"unit":"px","size":"35","sizes":[]},"typography_font_size_mobile":{"unit":"px","size":"25","sizes":[]}},"elements":[],"isInner":false,"widgetType":"heading","elType":"widget"},{"id":"23c59013","settings":{"classic_columns":"1","classic_posts_per_page":"10","classic_thumbnail":"left","classic_thumbnail_size_size":"full","classic_item_ratio":{"unit":"px","size":"0.75","sizes":[]},"classic_image_width":{"unit":"%","size":"35","sizes":[]},"classic_meta_data":["date"],"classic_meta_separator":"\/\/\/","classic_show_read_more":"","classic_read_more_text":"Read More \u00bb","cards_meta_separator":"\u2022","cards_read_more_text":"Read More \u00bb","full_content_meta_separator":"\/\/\/","classic_column_gap":{"unit":"px","size":"50","sizes":[]},"classic_row_gap":{"unit":"px","size":"50","sizes":[]},"classic_alignment":"left","classic_content_padding":{"unit":"px","top":"0","right":"0","bottom":"0","left":"0","isLinked":""},"classic_image_spacing":{"unit":"px","size":"30","sizes":[]},"classic_title_color":"#000000","classic_title_typography_typography":"custom","classic_title_typography_font_family":"Rubik","classic_title_typography_font_size":{"unit":"px","size":"24","sizes":[]},"classic_title_typography_font_weight":"500","classic_title_spacing":{"unit":"px","size":"15","sizes":[]},"classic_meta_color":"#f40045","classic_meta_typography_typography":"custom","classic_meta_typography_font_family":"Rubik","classic_meta_typography_font_size":{"unit":"px","size":"14","sizes":[]},"classic_meta_typography_font_weight":"300","classic_meta_spacing":{"unit":"px","size":"15","sizes":[]},"classic_excerpt_color":"rgba(0,0,0,0.5)","classic_excerpt_typography_typography":"custom","classic_excerpt_typography_font_family":"Rubik","classic_excerpt_typography_font_size":{"unit":"px","size":"18","sizes":[]},"classic_excerpt_typography_font_weight":"300","pagination_page_limit":"5","pagination_prev_label":"&laquo; Previous","pagination_next_label":"Next &raquo;","_margin":{"unit":"px","top":"50","right":"0","bottom":"0","left":"0","isLinked":""},"classic_columns_tablet":"1","classic_item_ratio_tablet":{"unit":"px","size":"0.8","sizes":[]},"classic_image_width_tablet":{"unit":"%","size":"45","sizes":[]},"classic_image_width_mobile":{"unit":"%","size":"35","sizes":[]},"classic_title_typography_font_size_mobile":{"unit":"px","size":"16","sizes":[]},"classic_meta_typography_font_size_mobile":{"unit":"px","size":"12","sizes":[]},"classic_excerpt_typography_font_size_mobile":{"unit":"px","size":"12","sizes":[]},"classic_item_ratio_mobile":{"unit":"px","size":"1.75","sizes":[]}},"elements":[],"isInner":false,"widgetType":"posts","elType":"widget"}],"isInner":"","elType":"column"},{"id":"4e7d6a82","settings":{"_column_size":"33","_inline_size":"30","padding":{"unit":"px","top":"0","right":"20","bottom":"0","left":"0","isLinked":""},"_inline_size_tablet":"100","padding_tablet":{"unit":"px","top":"0","right":"50","bottom":"0","left":"50","isLinked":""},"padding_mobile":{"unit":"px","top":"20","right":"20","bottom":"20","left":"20","isLinked":"1"}},"elements":[{"id":"4748cba3","settings":{"image":{"id":"11","url":"http:\/\/localhost\/dieuhau\/wp-content\/uploads\/2020\/12\/Lumint-ad-Side-Bar.png"},"image_size":"full","align":"right","width":{"unit":"%","size":"100","sizes":[]},"hide_tablet":"hidden-tablet","hide_mobile":"hidden-phone"},"elements":[],"isInner":false,"widgetType":"image","elType":"widget"},{"id":"26d1adee","settings":{"image":{"id":"12","url":"http:\/\/localhost\/dieuhau\/wp-content\/uploads\/2020\/12\/Flex-Ad-Side-Bar.png"},"image_size":"full","align":"right","width":{"unit":"%","size":"100","sizes":[]},"_margin":{"unit":"px","top":"20","right":"0","bottom":"0","left":"0","isLinked":""},"hide_tablet":"hidden-tablet","hide_mobile":"hidden-phone"},"elements":[],"isInner":false,"widgetType":"image","elType":"widget"},{"id":"679419f3","settings":{"title":"Social Media","title_color":"#0c0c0c","typography_typography":"custom","typography_font_family":"Rubik","typography_font_size":{"unit":"px","size":"22","sizes":[]},"typography_font_weight":"500","_margin":{"unit":"px","top":"70","right":"0","bottom":"0","left":"0","isLinked":""},"header_size":"h4"},"elements":[],"isInner":false,"widgetType":"heading","elType":"widget"},{"id":"114bd227","settings":{"social_icon_list":[{"social_icon":{"value":"fab fa-facebook-f","library":"fa-brands"},"_id":"1872cd5","item_icon_color":"custom","item_icon_primary_color":"#3b5997","item_icon_secondary_color":"#ffffff"},{"social_icon":{"value":"fab fa-youtube","library":"fa-brands"},"_id":"b178676","item_icon_color":"custom","item_icon_primary_color":"#ed4141","item_icon_secondary_color":"#ffffff"},{"social_icon":{"value":"fab fa-twitter","library":"fa-brands"},"_id":"a81b987","item_icon_color":"custom","item_icon_primary_color":"#1ab7ea","item_icon_secondary_color":"#ffffff"},{"social_icon":{"value":"fab fa-instagram","library":"fa-brands"},"_id":"323f473","item_icon_color":"custom","item_icon_primary_color":"#125d8f","item_icon_secondary_color":"#ffffff"}],"shape":"square","align":"left","icon_size":{"unit":"px","size":"19","sizes":[]},"icon_padding":{"unit":"em","size":"1.7","sizes":[]},"icon_spacing":{"unit":"px","size":"21","sizes":[]},"_margin":{"unit":"px","top":"20","right":"0","bottom":"0","left":"0","isLinked":""},"icon_size_mobile":{"unit":"px","size":"20","sizes":[]},"icon_padding_mobile":{"unit":"em","size":"1","sizes":[]}},"elements":[],"isInner":false,"widgetType":"social-icons","elType":"widget"},{"id":"78619274","settings":{"title":"New From Animag","title_color":"#0c0c0c","typography_typography":"custom","typography_font_family":"Rubik","typography_font_size":{"unit":"px","size":"22","sizes":[]},"typography_font_weight":"500","_margin":{"unit":"px","top":"70","right":"0","bottom":"0","left":"0","isLinked":""},"header_size":"h4"},"elements":[],"isInner":false,"widgetType":"heading","elType":"widget"},{"id":"11cb8eb","settings":{"classic_columns":"1","classic_posts_per_page":"4","classic_thumbnail":"left","classic_thumbnail_size_size":"full","classic_item_ratio":{"unit":"px","size":"0.75","sizes":[]},"classic_image_width":{"unit":"%","size":"40","sizes":[]},"classic_show_excerpt":"","classic_meta_data":["date"],"classic_meta_separator":"\/\/\/","classic_show_read_more":"","classic_read_more_text":"Read More \u00bb","cards_meta_separator":"\u2022","cards_read_more_text":"Read More \u00bb","full_content_meta_separator":"\/\/\/","classic_row_gap":{"unit":"px","size":"30","sizes":[]},"classic_alignment":"left","classic_content_padding":{"unit":"px","top":"20","right":"0","bottom":"0","left":"0","isLinked":""},"classic_title_color":"#0c0c0c","classic_title_typography_typography":"custom","classic_title_typography_font_family":"Rubik","classic_title_typography_font_size":{"unit":"px","size":"16","sizes":[]},"classic_title_typography_font_weight":"500","classic_title_spacing":{"unit":"px","size":"10","sizes":[]},"classic_meta_color":"rgba(12,12,12,0.5)","classic_meta_separator_color":"rgba(12,12,12,0.5)","classic_meta_typography_typography":"custom","classic_meta_typography_font_family":"Rubik","classic_meta_typography_font_size":{"unit":"px","size":"14","sizes":[]},"classic_meta_typography_font_weight":"300","classic_meta_typography_text_transform":"capitalize","classic_meta_spacing":{"unit":"px","size":"0","sizes":[]},"pagination_page_limit":"5","pagination_prev_label":"&laquo; Previous","pagination_next_label":"Next &raquo;","_margin":{"unit":"px","top":"24","right":"0","bottom":"0","left":"0","isLinked":""},"classic_image_width_mobile":{"unit":"%","size":"40","sizes":[]},"posts_include":[],"posts_include_term_ids":["19"],"classic_item_ratio_tablet":{"unit":"px","size":"1.2","sizes":[]},"classic_item_ratio_mobile":{"unit":"px","size":"1","sizes":[]},"classic_image_width_tablet":{"unit":"%","size":"35","sizes":[]}},"elements":[],"isInner":false,"widgetType":"posts","elType":"widget"},{"id":"24ea33eb","settings":{"background_background":"classic","background_color":"#f7f7f7","border_border":"solid","border_width":{"unit":"px","top":"1","right":"1","bottom":"1","left":"1","isLinked":"1"},"border_color":"rgba(12,12,12,0.1)","margin":{"unit":"px","top":"70","right":"0","bottom":"0","left":"0","isLinked":""}},"elements":[{"id":"4f06e817","settings":{"_column_size":"100","space_between_widgets":"20","padding":{"unit":"px","top":"50","right":"50","bottom":"50","left":"50","isLinked":"1"},"padding_mobile":{"unit":"px","top":"30","right":"30","bottom":"30","left":"30","isLinked":"1"}},"elements":[{"id":"300e42d8","settings":{"width":{"unit":"px","size":"215","sizes":[]},"align":"left","look":"line_text","text":"Get The Latest Updates","gap":{"unit":"px","size":"5","sizes":[]},"text_color":"#f40045","typography_typography":"custom","typography_font_family":"Rubik","typography_font_size":{"unit":"px","size":"14","sizes":[]},"typography_font_weight":"400","text_align":"right"},"elements":[],"isInner":false,"widgetType":"divider","elType":"widget"},{"id":"1456476e","settings":{"title":"Subscribe To Our Weekly Newsletter\n","title_color":"#0c0c0c","typography_typography":"custom","typography_font_family":"Rubik","typography_font_size":{"unit":"px","size":"30","sizes":[]},"typography_font_weight":"500","typography_font_size_mobile":{"unit":"px","size":"28","sizes":[]},"typography_line_height_mobile":{"unit":"em","size":"1.2","sizes":[]},"header_size":"h3"},"elements":[],"isInner":false,"widgetType":"heading","elType":"widget"},{"id":"44631ecb","settings":{"editor":"No spam, notifications only about new products, updates.","text_color":"rgba(12,12,12,0.5)","typography_typography":"custom","typography_font_family":"Rubik","typography_font_size":{"unit":"px","size":"16","sizes":[]},"typography_font_weight":"300"},"elements":[],"isInner":false,"widgetType":"text-editor","elType":"widget"},{"id":"59d43dbd","settings":{"form_name":"New Form","form_fields":[{"custom_id":"email","field_type":"email","required":"true","field_label":"Email Address","placeholder":"Email Address","_id":"66a929d","rows":"4","file_sizes":"","file_types":"","allow_multiple_upload":"","max_files":"","acceptance_text":"","checked_by_default":"","field_min":"","field_max":"","min_date":"","max_date":"","use_native_date":"","use_native_time":"","previous_button":"","next_button":""}],"show_labels":"","button_text":"subscribe","email_content":"[all-fields]","email_content_2":"[all-fields]","success_message":"The form was sent successfully.","error_message":"An error occured.","required_field_message":"This field is required.","invalid_message":"There's something wrong. The form is invalid.","column_gap":{"unit":"px","size":"20","sizes":[]},"row_gap":{"unit":"px","size":"20","sizes":[]},"field_text_color":"#cacaca","field_typography_typography":"custom","field_typography_font_family":"Rubik","field_typography_font_size":{"unit":"px","size":"16","sizes":[]},"field_typography_font_weight":"300","field_border_width":{"unit":"px","top":"0","right":"0","bottom":"0","left":"0","isLinked":"1"},"field_border_radius":{"unit":"px","top":"0","right":"0","bottom":"0","left":"0","isLinked":"1"},"button_background_color":"#0c0c0c","button_typography_typography":"custom","button_typography_font_family":"Rubik","button_typography_font_size":{"unit":"px","size":"15","sizes":[]},"button_typography_font_weight":"300","button_typography_text_transform":"uppercase","button_typography_line_height":{"unit":"em","size":"1.6","sizes":[]},"button_border_radius":{"unit":"px","top":"0","right":"0","bottom":"0","left":"0","isLinked":"1"},"button_background_hover_color":"#f40045","_margin":{"unit":"px","top":"30","right":"0","bottom":"0","left":"0","isLinked":""},"step_next_label":"Next","step_previous_label":"Previous"},"elements":[],"isInner":false,"widgetType":"form","elType":"widget"}],"isInner":"1","elType":"column"}],"isInner":"1","elType":"section"},{"id":"602a1db1","settings":{"title":"Categories","title_color":"#0c0c0c","typography_typography":"custom","typography_font_family":"Rubik","typography_font_size":{"unit":"px","size":"22","sizes":[]},"typography_font_weight":"500","_margin":{"unit":"px","top":"70","right":"0","bottom":"0","left":"0","isLinked":""},"header_size":"h4"},"elements":[],"isInner":false,"widgetType":"heading","elType":"widget"},{"id":"11418bc7","settings":{"align_items":"left","pointer":"none","menu_typography_typography":"custom","menu_typography_font_family":"Rubik","menu_typography_font_size":{"unit":"px","size":"16","sizes":[]},"menu_typography_font_weight":"300","menu_typography_text_decoration":"underline","color_menu_item":"#0c0c0c","color_menu_item_hover":"#f40045","color_menu_item_active":"#f40045","padding_horizontal_menu_item":{"unit":"px","size":"0","sizes":[]},"padding_vertical_menu_item":{"unit":"px","size":"10","sizes":[]},"dropdown":"none","menu_space_between":{"unit":"px","size":"30","sizes":[]},"menu_space_between_tablet":{"unit":"px","size":"18","sizes":[]}},"elements":[],"isInner":false,"widgetType":"nav-menu","elType":"widget"}],"isInner":"","elType":"column"}],"isInner":"","elType":"section"},{"id":"61cd239f","settings":{"content_width":{"unit":"px","size":"1400","sizes":[]},"background_color":"#f7f7f7","margin":{"unit":"px","top":"180","right":"0","bottom":"0","left":"0","isLinked":""},"_title":"Popular Posts","margin_tablet":{"unit":"px","top":"100","right":"0","bottom":"0","left":"0","isLinked":""},"padding_tablet":{"unit":"px","top":"0","right":"50","bottom":"0","left":"50","isLinked":""},"padding_mobile":{"unit":"px","top":"0","right":"0","bottom":"0","left":"0","isLinked":"1"},"_timestamp_":"v1Smpyb2xHWDFzTnAyd291dVQ4THc0UT09"},"elements":[{"id":"5eee78cf","settings":{"_column_size":"100","background_background":"classic","background_color":"#f7f7f7","padding":{"unit":"px","top":"80","right":"80","bottom":"80","left":"80","isLinked":"1"},"margin":{"unit":"px","top":"0","right":"20","bottom":"0","left":"20","isLinked":""},"margin_tablet":{"unit":"px","top":"0","right":"0","bottom":"0","left":"0","isLinked":"1"},"padding_tablet":{"unit":"px","top":"40","right":"40","bottom":"40","left":"40","isLinked":"1"},"padding_mobile":{"unit":"px","top":"50","right":"20","bottom":"20","left":"20","isLinked":""}},"elements":[{"id":"45551695","settings":{"content_width":{"unit":"px","size":"1400","sizes":[]},"structure":"20","margin":{"unit":"px","top":"0","right":"0","bottom":"50","left":"0","isLinked":""}},"elements":[{"id":"7d0a191","settings":{"_column_size":"50","space_between_widgets":"10","padding":{"unit":"px","top":"0","right":"0","bottom":"0","left":"0","isLinked":"1"},"_inline_size_tablet":"70"},"elements":[{"id":"45675dc7","settings":{"width":{"unit":"px","size":"135","sizes":[]},"align":"left","look":"line_text","text":"On Trend","gap":{"unit":"px","size":"5","sizes":[]},"text_color":"#f40045","typography_typography":"custom","typography_font_family":"Rubik","typography_font_size":{"unit":"px","size":"14","sizes":[]},"typography_font_weight":"400","text_align":"right"},"elements":[],"isInner":false,"widgetType":"divider","elType":"widget"},{"id":"6deee98f","settings":{"title":"Most Popular Stories","title_color":"#0c0c0c","typography_typography":"custom","typography_font_family":"Rubik","typography_font_size":{"unit":"px","size":"45","sizes":[]},"typography_font_weight":"400","typography_font_size_tablet":{"unit":"px","size":"35","sizes":[]},"typography_font_size_mobile":{"unit":"px","size":"25","sizes":[]}},"elements":[],"isInner":false,"widgetType":"heading","elType":"widget"}],"isInner":"1","elType":"column"},{"id":"2e370145","settings":{"_column_size":"50","content_position":"center","align":"flex-end","padding":{"unit":"px","top":"0","right":"0","bottom":"0","left":"0","isLinked":"1"},"_inline_size_tablet":"30","content_position_tablet":"bottom","align_mobile":"flex-start","margin_mobile":{"unit":"px","top":"30","right":"0","bottom":"0","left":"0","isLinked":""}},"elements":[{"id":"2d3637e6","settings":{"text":"Explore more","selected_icon":{"value":"fas fa-chevron-right","library":"fa-solid"},"icon_align":"right","typography_typography":"custom","typography_font_family":"Rubik","typography_font_size":{"unit":"px","size":"14","sizes":[]},"typography_font_weight":"400","typography_text_transform":"uppercase","button_text_color":"#f40045","background_color":"rgba(255,255,255,0)","border_width":{"unit":"px","top":"0","right":"0","bottom":"1","left":"0","isLinked":""},"border_color":"#f40045","border_radius":{"unit":"px","top":"0","right":"0","bottom":"0","left":"0","isLinked":"1"},"text_padding":{"unit":"px","top":"0","right":"0","bottom":"2","left":"0","isLinked":""},"typography_line_height":{"unit":"em","size":"1.3","sizes":[]},"hover_color":"#0c0c0c","_border_border":"solid","_border_width":{"unit":"px","top":"0","right":"0","bottom":"1","left":"0","isLinked":""},"_border_color":"#f40045","_border_hover_border":"solid","_border_hover_width":{"unit":"px","top":"0","right":"0","bottom":"1","left":"0","isLinked":""},"_border_hover_color":"#0c0c0c","_element_width":"auto","_element_vertical_align":"center","_offset_y":{"unit":"px","size":"-28","sizes":[]},"align":"right","_offset_x":{"unit":"px","size":"-120","sizes":[]}},"elements":[],"isInner":false,"widgetType":"button","elType":"widget"}],"isInner":"1","elType":"column"}],"isInner":"1","elType":"section"},{"id":"3a95ca3f","settings":{"classic_columns":"4","classic_posts_per_page":"4","classic_thumbnail_size_size":"full","classic_item_ratio":{"unit":"px","size":"0.8","sizes":[]},"classic_meta_data":[],"classic_meta_separator":"\/\/\/","classic_show_read_more":"","classic_read_more_text":"Read More \u00bb","cards_meta_separator":"\u2022","cards_read_more_text":"Read More \u00bb","full_content_meta_separator":"\/\/\/","classic_column_gap":{"unit":"px","size":"40","sizes":[]},"classic_row_gap":{"unit":"px","size":"40","sizes":[]},"classic_image_spacing":{"unit":"px","size":"30","sizes":[]},"classic_title_color":"#000000","classic_title_typography_typography":"custom","classic_title_typography_font_family":"Rubik","classic_title_typography_font_size":{"unit":"px","size":"18","sizes":[]},"classic_title_typography_font_weight":"500","classic_title_typography_line_height":{"unit":"em","size":"1.4","sizes":[]},"classic_title_spacing":{"unit":"px","size":"15","sizes":[]},"classic_excerpt_color":"rgba(0,0,0,0.5)","classic_excerpt_typography_typography":"custom","classic_excerpt_typography_font_family":"Rubik","classic_excerpt_typography_font_size":{"unit":"px","size":"15","sizes":[]},"classic_excerpt_typography_font_weight":"300","pagination_page_limit":"5","pagination_prev_label":"&laquo; Previous","pagination_next_label":"Next &raquo;","posts_include":[],"posts_include_term_ids":["10"]},"elements":[],"isInner":false,"widgetType":"posts","elType":"widget"}],"isInner":"","elType":"column"}],"isInner":"","elType":"section"}]}