{"version":"0.4","title":"magazine-block10","type":"page","content":[{"id":"3ff0edc1","settings":{"content_width":{"unit":"px","size":"1400","sizes":[]},"height":"min-height","custom_height":{"unit":"px","size":"120","sizes":[]},"background_background":"classic","background_color":"#f7f7f7","_timestamp_":"v1Smpyb2xHWDFzTnAyd291dVQ4THc0UT09"},"elements":[{"id":"14f0e742","settings":{"_column_size":"100","padding":{"unit":"px","top":"0","right":"0","bottom":"0","left":"0","isLinked":"1"},"padding_tablet":{"unit":"px","top":"0","right":"0","bottom":"0","left":"50","isLinked":""},"padding_mobile":{"unit":"px","top":"0","right":"0","bottom":"0","left":"20","isLinked":""}},"elements":[{"id":"6c8ef1f7","settings":{"__dynamic__":{"title":"[elementor-tag id=\"\" name=\"archive-title\" settings=\"%7B%22include_context%22%3A%22yes%22%2C%22before%22%3A%22%22%2C%22after%22%3A%22%22%2C%22fallback%22%3A%22%22%7D\"]"},"title":"Add Your Heading Text Here","title_color":"#0c0c0c","typography_typography":"custom","typography_font_family":"Rubik","typography_font_size":{"unit":"px","size":"30","sizes":[]},"typography_font_weight":"500","typography_line_height":{"unit":"em","size":"1.4","sizes":[]},"typography_font_size_mobile":{"unit":"px","size":"25","sizes":[]}},"elements":[],"isInner":false,"widgetType":"theme-archive-title","elType":"widget"}],"isInner":"","elType":"column"}],"isInner":"","elType":"section"},{"id":"4b116364","settings":{"content_width":{"unit":"px","size":"1400","sizes":[]},"margin":{"unit":"px","top":"180","right":"0","bottom":"0","left":"0","isLinked":""},"margin_tablet":{"unit":"px","top":"100","right":"0","bottom":"0","left":"0","isLinked":""},"padding_tablet":{"unit":"px","top":"0","right":"50","bottom":"0","left":"50","isLinked":""},"padding_mobile":{"unit":"px","top":"0","right":"20","bottom":"0","left":"20","isLinked":""},"_timestamp_":"v1Smpyb2xHWDFzTnAyd291dVQ4THc0UT09"},"elements":[{"id":"75607d15","settings":{"_column_size":"100","padding":{"unit":"px","top":"0","right":"0","bottom":"0","left":"0","isLinked":"1"}},"elements":[{"id":"7d7c3291","settings":{"archive_classic_thumbnail_size_size":"full","archive_classic_item_ratio":{"unit":"px","size":"0.4","sizes":[]},"archive_classic_meta_data":[],"archive_classic_meta_separator":"\/\/\/","archive_classic_show_read_more":"","archive_classic_read_more_text":"Read More \u00bb","archive_cards_meta_separator":"\u2022","archive_cards_read_more_text":"Read More \u00bb","archive_full_content_meta_separator":"\/\/\/","archive_classic_title_color":"#000000","archive_classic_title_typography_typography":"custom","archive_classic_title_typography_font_family":"Rubik","archive_classic_title_typography_font_size":{"unit":"px","size":"20","sizes":[]},"archive_classic_title_typography_font_weight":"500","archive_classic_title_spacing":{"unit":"px","size":"10","sizes":[]},"archive_classic_excerpt_color":"rgba(0, 0, 0, 0.5)","archive_classic_excerpt_typography_typography":"custom","archive_classic_excerpt_typography_font_family":"Rubik","archive_classic_excerpt_typography_font_size":{"unit":"px","size":"15","sizes":[]},"archive_classic_excerpt_typography_font_weight":"300","pagination_type":"","pagination_page_limit":"5","pagination_prev_label":"&laquo; Previous","pagination_next_label":"Next &raquo;","nothing_found_message":"It seems we can't find what you're looking for.","nothing_found_color":"#000000","nothing_found_typography_typography":"custom","nothing_found_typography_font_family":"Rubik","nothing_found_typography_font_size":{"unit":"px","size":"18","sizes":[]},"nothing_found_typography_font_weight":"400"},"elements":[],"isInner":false,"widgetType":"archive-posts","elType":"widget"}],"isInner":"","elType":"column"}],"isInner":"","elType":"section"}]}