{"version":"0.4","title":"magazine-block7","type":"page","content":[{"id":"2f0926c5","settings":{"content_width":{"unit":"px","size":"1400","sizes":[]},"height":"min-height","custom_height":{"unit":"px","size":"120","sizes":[]},"background_background":"classic","background_color":"#f7f7f7","_title":"Archive Name","_timestamp_":"v1Smpyb2xHWDFzTnAyd291dVQ4THc0UT09"},"elements":[{"id":"5b13bfb","settings":{"_column_size":"100","padding":{"unit":"px","top":"0","right":"0","bottom":"0","left":"0","isLinked":"1"},"padding_tablet":{"unit":"px","top":"0","right":"0","bottom":"0","left":"50","isLinked":""},"padding_mobile":{"unit":"px","top":"0","right":"0","bottom":"0","left":"20","isLinked":""}},"elements":[{"id":"291eac4a","settings":{"__dynamic__":{"title":"[elementor-tag id=\"\" name=\"archive-title\" settings=\"%7B%22include_context%22%3A%22%22%7D\"]"},"title":"Add Your Heading Text Here","title_color":"#0c0c0c","typography_typography":"custom","typography_font_family":"Rubik","typography_font_size":{"unit":"px","size":"40","sizes":[]},"typography_font_weight":"500","typography_line_height":{"unit":"em","size":"1.4","sizes":[]},"typography_font_size_tablet":{"unit":"px","size":"35","sizes":[]},"typography_font_size_mobile":{"unit":"px","size":"30","sizes":[]}},"elements":[],"isInner":false,"widgetType":"theme-archive-title","elType":"widget"}],"isInner":"","elType":"column"}],"isInner":"","elType":"section"},{"id":"615d2b4a","settings":{"layout":"full_width","_title":"Main Image","custom_height_mobile":{"unit":"px","size":"440","sizes":[]},"padding":{"unit":"%","top":"0","right":"0","bottom":"0","left":"0","isLinked":false},"_timestamp_":"v1Smpyb2xHWDFzTnAyd291dVQ4THc0UT09"},"elements":[{"id":"5552d258","settings":{"_column_size":"100","padding":{"unit":"%","top":"0","right":"0","bottom":"0","left":"12","isLinked":""}},"elements":[{"id":"36bdc71e","settings":{"image":{"id":41,"url":"http:\/\/localhost\/dieuhau\/wp-content\/uploads\/2020\/12\/Travel-Category-Pic.png"},"image_size":"full","align":"right","width":{"unit":"%","size":100,"sizes":[]}},"elements":[],"isInner":false,"widgetType":"image","elType":"widget"}],"isInner":"","elType":"column"}],"isInner":"","elType":"section"},{"id":"5e430ee8","settings":{"content_width":{"unit":"px","size":"1400","sizes":[]},"margin":{"unit":"px","top":"180","right":"0","bottom":"0","left":"0","isLinked":""},"padding":{"unit":"px","top":"0","right":"20","bottom":"0","left":"20","isLinked":""},"_title":"Posts","margin_tablet":{"unit":"px","top":"100","right":"0","bottom":"0","left":"0","isLinked":""},"padding_tablet":{"unit":"px","top":"0","right":"50","bottom":"0","left":"50","isLinked":""},"padding_mobile":{"unit":"px","top":"0","right":"20","bottom":"0","left":"20","isLinked":""},"_timestamp_":"v1Smpyb2xHWDFzTnAyd291dVQ4THc0UT09"},"elements":[{"id":"22d003d4","settings":{"_column_size":"100","padding":{"unit":"px","top":"0","right":"20","bottom":"0","left":"20","isLinked":""},"padding_tablet":{"unit":"px","top":"0","right":"0","bottom":"0","left":"0","isLinked":"1"},"padding_mobile":{"unit":"px","top":"0","right":"0","bottom":"0","left":"0","isLinked":"1"}},"elements":[{"id":"6dfc376d","settings":{"classic_columns":"2","classic_posts_per_page":"12","classic_thumbnail_size_size":"full","classic_item_ratio":{"unit":"px","size":"0.4","sizes":[]},"classic_meta_data":[],"classic_meta_separator":"\/\/\/","classic_show_read_more":"","classic_read_more_text":"Read More \u00bb","cards_meta_separator":"\u2022","cards_read_more_text":"Read More \u00bb","full_content_meta_separator":"\/\/\/","classic_column_gap":{"unit":"px","size":"50","sizes":[]},"classic_row_gap":{"unit":"px","size":"50","sizes":[]},"classic_alignment":"left","classic_title_color":"#000000","classic_title_typography_typography":"custom","classic_title_typography_font_family":"Rubik","classic_title_typography_font_size":{"unit":"px","size":"20","sizes":[]},"classic_title_typography_font_weight":"500","classic_title_spacing":{"unit":"px","size":"15","sizes":[]},"classic_meta_color":"#f40045","classic_meta_typography_typography":"custom","classic_meta_typography_font_family":"Rubik","classic_meta_typography_font_size":{"unit":"px","size":"14","sizes":[]},"classic_meta_typography_font_weight":"300","classic_meta_spacing":{"unit":"px","size":"20","sizes":[]},"classic_excerpt_color":"rgba(0,0,0,0.5)","classic_excerpt_typography_typography":"custom","classic_excerpt_typography_font_family":"Rubik","classic_excerpt_typography_font_size":{"unit":"px","size":"15","sizes":[]},"classic_excerpt_typography_font_weight":"300","pagination_page_limit":"5","pagination_prev_label":"&laquo; Previous","pagination_next_label":"Next &raquo;","classic_title_typography_line_height":{"unit":"em","size":"1.4","sizes":[]},"posts_include":[],"posts_include_term_ids":["4"]},"elements":[],"isInner":false,"widgetType":"posts","elType":"widget"}],"isInner":"","elType":"column"}],"isInner":"","elType":"section"},{"id":"13c7cefe","settings":{"content_width":{"unit":"px","size":"1400","sizes":[]},"background_color":"#f7f7f7","margin":{"unit":"px","top":"180","right":"0","bottom":"0","left":"0","isLinked":""},"_title":"Popular Posts","margin_tablet":{"unit":"px","top":"100","right":"0","bottom":"0","left":"0","isLinked":""},"padding_tablet":{"unit":"px","top":"0","right":"50","bottom":"0","left":"50","isLinked":""},"padding_mobile":{"unit":"px","top":"0","right":"0","bottom":"0","left":"0","isLinked":"1"},"_timestamp_":"v1Smpyb2xHWDFzTnAyd291dVQ4THc0UT09"},"elements":[{"id":"61613232","settings":{"_column_size":"100","background_background":"classic","background_color":"#f7f7f7","padding":{"unit":"px","top":"80","right":"80","bottom":"80","left":"80","isLinked":"1"},"margin":{"unit":"px","top":"0","right":"20","bottom":"0","left":"20","isLinked":""},"margin_tablet":{"unit":"px","top":"0","right":"0","bottom":"0","left":"0","isLinked":"1"},"padding_tablet":{"unit":"px","top":"40","right":"40","bottom":"40","left":"40","isLinked":"1"},"padding_mobile":{"unit":"px","top":"50","right":"20","bottom":"20","left":"20","isLinked":""}},"elements":[{"id":"3297067e","settings":{"content_width":{"unit":"px","size":"1400","sizes":[]},"structure":"20","margin":{"unit":"px","top":"0","right":"0","bottom":"50","left":"0","isLinked":""}},"elements":[{"id":"60e93bbe","settings":{"_column_size":"50","space_between_widgets":"10","padding":{"unit":"px","top":"0","right":"0","bottom":"0","left":"0","isLinked":"1"},"_inline_size_tablet":"70"},"elements":[{"id":"60e59d85","settings":{"width":{"unit":"px","size":"135","sizes":[]},"align":"left","look":"line_text","text":"On Trend","gap":{"unit":"px","size":"5","sizes":[]},"text_color":"#f40045","typography_typography":"custom","typography_font_family":"Rubik","typography_font_size":{"unit":"px","size":"14","sizes":[]},"typography_font_weight":"400","text_align":"right"},"elements":[],"isInner":false,"widgetType":"divider","elType":"widget"},{"id":"769ece8f","settings":{"title":"Most Popular Stories","title_color":"#0c0c0c","typography_typography":"custom","typography_font_family":"Rubik","typography_font_size":{"unit":"px","size":"45","sizes":[]},"typography_font_weight":"400","typography_font_size_tablet":{"unit":"px","size":"35","sizes":[]},"typography_font_size_mobile":{"unit":"px","size":"25","sizes":[]}},"elements":[],"isInner":false,"widgetType":"heading","elType":"widget"}],"isInner":"1","elType":"column"},{"id":"398a5c90","settings":{"_column_size":"50","content_position":"center","align":"flex-end","padding":{"unit":"px","top":"0","right":"0","bottom":"0","left":"0","isLinked":"1"},"_inline_size_tablet":"30","content_position_tablet":"bottom","align_mobile":"flex-start","margin_mobile":{"unit":"px","top":"30","right":"0","bottom":"0","left":"0","isLinked":""}},"elements":[{"id":"2b4204a9","settings":{"text":"Explore more","selected_icon":{"value":"fas fa-chevron-right","library":"fa-solid"},"icon_align":"right","typography_typography":"custom","typography_font_family":"Rubik","typography_font_size":{"unit":"px","size":"14","sizes":[]},"typography_font_weight":"400","typography_text_transform":"uppercase","button_text_color":"#f40045","background_color":"rgba(255,255,255,0)","border_width":{"unit":"px","top":"0","right":"0","bottom":"1","left":"0","isLinked":""},"border_color":"#f40045","border_radius":{"unit":"px","top":"0","right":"0","bottom":"0","left":"0","isLinked":"1"},"text_padding":{"unit":"px","top":"0","right":"0","bottom":"2","left":"0","isLinked":""},"typography_line_height":{"unit":"em","size":"1.3","sizes":[]},"hover_color":"#0c0c0c","_border_border":"solid","_border_width":{"unit":"px","top":"0","right":"0","bottom":"1","left":"0","isLinked":""},"_border_color":"#f40045","_border_hover_border":"solid","_border_hover_width":{"unit":"px","top":"0","right":"0","bottom":"1","left":"0","isLinked":""},"_border_hover_color":"#0c0c0c","_element_width":"auto","_element_vertical_align":"center","_offset_y":{"unit":"px","size":"-28","sizes":[]},"align":"right","_offset_x":{"unit":"px","size":"-120","sizes":[]}},"elements":[],"isInner":false,"widgetType":"button","elType":"widget"}],"isInner":"1","elType":"column"}],"isInner":"1","elType":"section"},{"id":"47e7e0b8","settings":{"classic_columns":"4","classic_posts_per_page":"4","classic_thumbnail_size_size":"full","classic_item_ratio":{"unit":"px","size":"0.8","sizes":[]},"classic_meta_data":[],"classic_meta_separator":"\/\/\/","classic_show_read_more":"","classic_read_more_text":"Read More \u00bb","cards_meta_separator":"\u2022","cards_read_more_text":"Read More \u00bb","full_content_meta_separator":"\/\/\/","classic_column_gap":{"unit":"px","size":"40","sizes":[]},"classic_row_gap":{"unit":"px","size":"40","sizes":[]},"classic_image_spacing":{"unit":"px","size":"30","sizes":[]},"classic_title_color":"#000000","classic_title_typography_typography":"custom","classic_title_typography_font_family":"Rubik","classic_title_typography_font_size":{"unit":"px","size":"18","sizes":[]},"classic_title_typography_font_weight":"500","classic_title_typography_line_height":{"unit":"em","size":"1.4","sizes":[]},"classic_title_spacing":{"unit":"px","size":"15","sizes":[]},"classic_excerpt_color":"rgba(0,0,0,0.5)","classic_excerpt_typography_typography":"custom","classic_excerpt_typography_font_family":"Rubik","classic_excerpt_typography_font_size":{"unit":"px","size":"15","sizes":[]},"classic_excerpt_typography_font_weight":"300","pagination_page_limit":"5","pagination_prev_label":"&laquo; Previous","pagination_next_label":"Next &raquo;","posts_include":[],"posts_include_term_ids":["10"]},"elements":[],"isInner":false,"widgetType":"posts","elType":"widget"}],"isInner":"","elType":"column"}],"isInner":"","elType":"section"}]}