{"version":"0.4","title":"magazine-block5","type":"page","content":[{"id":"585d64b3","settings":{"content_width":{"unit":"px","size":"1400","sizes":[]},"margin":{"unit":"px","top":"100","right":"0","bottom":"0","left":"0","isLinked":""},"_title":"Post Title","margin_tablet":{"unit":"px","top":"0","right":"0","bottom":"0","left":"0","isLinked":"1"},"margin_mobile":{"unit":"px","top":"50","right":"0","bottom":"0","left":"0","isLinked":""},"_timestamp_":"v1Smpyb2xHWDFzTnAyd291dVQ4THc0UT09"},"elements":[{"id":"4513d487","settings":{"_column_size":"100","padding":{"unit":"%","top":"0","right":"30","bottom":"0","left":"0","isLinked":""},"padding_tablet":{"unit":"px","top":"50","right":"50","bottom":"50","left":"50","isLinked":"1"},"padding_mobile":{"unit":"px","top":"0","right":"20","bottom":"0","left":"20","isLinked":""}},"elements":[{"id":"64a17374","settings":{"__dynamic__":{"title":"[elementor-tag id=\"\" name=\"post-title\" settings=\"%7B%22before%22%3A%22%22%2C%22after%22%3A%22%22%2C%22fallback%22%3A%22%22%7D\"]"},"title":"Add Your Heading Text Here","title_color":"#0c0c0c","typography_typography":"custom","typography_font_family":"Rubik","typography_font_size":{"unit":"px","size":"50","sizes":[]},"typography_font_weight":"500","typography_line_height":{"unit":"em","size":"1.4","sizes":[]},"typography_font_size_tablet":{"unit":"px","size":"35","sizes":[]},"typography_font_size_mobile":{"unit":"px","size":"25","sizes":[]}},"elements":[],"isInner":false,"widgetType":"theme-post-title","elType":"widget"},{"id":"9072805","settings":{"icon_list":[{"selected_icon":{"value":"fas fa-calendar","library":"fa-solid"},"_id":"5b276ce","custom_date_format":"F j, Y","custom_time_format":"g:i a","comments_custom_strings":"","show_icon":"none"},{"type":"comments","selected_icon":{"value":"far fa-comment-dots","library":"fa-regular"},"_id":"fb2fc86","custom_date_format":"F j, Y","custom_time_format":"g:i a","comments_custom_strings":"","show_icon":"none"}],"space_between":{"unit":"px","size":"20","sizes":[]},"divider":"yes","divider_weight":{"unit":"px","size":"4","sizes":[]},"divider_height":{"unit":"%","size":"15","sizes":[]},"divider_color":"#f40045","icon_size":{"unit":"px","size":"0","sizes":[]},"text_indent":{"unit":"px","size":"0","sizes":[]},"text_color":"#f40045","icon_typography_typography":"custom","icon_typography_font_family":"Rubik","icon_typography_font_size":{"unit":"px","size":"16","sizes":[]},"icon_typography_font_weight":"300"},"elements":[],"isInner":false,"widgetType":"post-info","elType":"widget"}],"isInner":"","elType":"column"}],"isInner":"","elType":"section"},{"id":"4574a1f4","settings":{"layout":"full_width","margin":{"unit":"px","top":"50","right":"0","bottom":"0","left":"0","isLinked":""},"_title":"Featured Image","margin_tablet":{"unit":"px","top":"0","right":"0","bottom":"0","left":"0","isLinked":"1"},"margin_mobile":{"unit":"px","top":"50","right":"0","bottom":"0","left":"0","isLinked":""},"_timestamp_":"v1Smpyb2xHWDFzTnAyd291dVQ4THc0UT09"},"elements":[{"id":"6811adef","settings":{"_column_size":"100","background_background":"classic","padding":{"unit":"px","top":"0","right":"0","bottom":"0","left":"0","isLinked":"1"},"padding_tablet":{"unit":"px","top":"0","right":"50","bottom":"0","left":"50","isLinked":""},"padding_mobile":{"unit":"px","top":"0","right":"20","bottom":"0","left":"20","isLinked":""}},"elements":[{"id":"65ddd11d","settings":{"__dynamic__":{"image":"[elementor-tag id=\"\" name=\"post-featured-image\" settings=\"%7B%22fallback%22%3A%7B%22url%22%3A%22%22%2C%22id%22%3A%22%22%7D%7D\"]"},"image_size":"full","align":"right","image":{"id":"22","url":"http:\/\/localhost\/dieuhau\/wp-content\/uploads\/2020\/12\/placeholder.png"}},"elements":[],"isInner":false,"widgetType":"theme-post-featured-image","elType":"widget"}],"isInner":"","elType":"column"}],"isInner":"","elType":"section"},{"id":"5878bb52","settings":{"content_width":{"unit":"px","size":"1400","sizes":[]},"structure":"20","margin":{"unit":"px","top":"180","right":"0","bottom":"0","left":"0","isLinked":""},"_title":"Post Content","margin_tablet":{"unit":"px","top":"100","right":"0","bottom":"0","left":"0","isLinked":""},"margin_mobile":{"unit":"px","top":"50","right":"0","bottom":"0","left":"0","isLinked":""},"_timestamp_":"v1Smpyb2xHWDFzTnAyd291dVQ4THc0UT09"},"elements":[{"id":"ac19960","settings":{"_column_size":"50","_inline_size":"70","space_between_widgets":"50","padding":{"unit":"px","top":"0","right":"150","bottom":"0","left":"20","isLinked":""},"_inline_size_tablet":"100","padding_tablet":{"unit":"px","top":"0","right":"50","bottom":"50","left":"50","isLinked":""},"padding_mobile":{"unit":"px","top":"0","right":"20","bottom":"0","left":"20","isLinked":""}},"elements":[{"id":"63606140","settings":{"__dynamic__":{"excerpt":"[elementor-tag id=\"\" name=\"post-excerpt\" settings=\"%7B%22before%22%3A%22%22%2C%22after%22%3A%22%22%2C%22fallback%22%3A%22%22%7D\"]"},"title_color":"#0c0c0c","typography_typography":"custom","typography_font_family":"Rubik","typography_font_size":{"unit":"px","size":"36","sizes":[]},"typography_line_height":{"unit":"em","size":"1.4","sizes":[]},"typography_font_size_tablet":{"unit":"px","size":"26","sizes":[]},"typography_font_size_mobile":{"unit":"px","size":"20","sizes":[]}},"elements":[],"isInner":false,"widgetType":"theme-post-excerpt","elType":"widget"},{"id":"70c111af","settings":{"text_color":"#0c0c0c","typography_typography":"custom","typography_font_family":"Rubik","typography_font_size":{"unit":"px","size":"18","sizes":[]},"typography_font_weight":"300"},"elements":[],"isInner":false,"widgetType":"theme-post-content","elType":"widget"},{"id":"6213a3b2","settings":{"structure":"20","margin":{"unit":"px","top":"30","right":"0","bottom":"80","left":"0","isLinked":""},"css_classes":"ignore-toc"},"elements":[{"id":"15d78662","settings":{"_column_size":"50","_inline_size":"25","content_position":"center","_inline_size_tablet":"15"},"elements":[{"id":"6ad1137c","settings":{"title":"Share:","title_color":"#0c0c0c","typography_typography":"custom","typography_font_family":"Rubik","typography_font_size":{"unit":"px","size":"22","sizes":[]},"typography_font_weight":"500","align_mobile":"center"},"elements":[],"isInner":false,"widgetType":"heading","elType":"widget"}],"isInner":"1","elType":"column"},{"id":"5df98764","settings":{"_column_size":"50","_inline_size":"75","content_position":"center","padding":{"unit":"px","top":"0","right":"0","bottom":"0","left":"0","isLinked":"1"},"_inline_size_tablet":"85","_inline_size_mobile":"100","margin_mobile":{"unit":"px","top":"20","right":"0","bottom":"0","left":"0","isLinked":""}},"elements":[{"id":"7ef8eabc","settings":{"share_buttons":[{"_id":"5d05ae9"},{"button":"twitter","_id":"34ab94d"},{"button":"pinterest","_id":"37a2ade"},{"button":"linkedin","_id":"c7ae72d"}],"skin":"flat","alignment":"right","column_gap":{"unit":"px","size":"20","sizes":[]},"row_gap":{"unit":"px","size":"0","sizes":[]},"button_size":{"unit":"px","size":"1","sizes":[]},"icon_size":{"unit":"em","size":"1.6","sizes":[]},"typography_typography":"custom","typography_font_family":"Rubik","typography_font_size":{"unit":"px","size":"16","sizes":[]},"typography_font_weight":"200","alignment_mobile":"center","column_gap_mobile":{"unit":"px","size":"25","sizes":[]},"row_gap_mobile":{"unit":"px","size":"25","sizes":[]}},"elements":[],"isInner":false,"widgetType":"share-buttons","elType":"widget"}],"isInner":"1","elType":"column"}],"isInner":"1","elType":"section"},{"id":"37f888b1","settings":{"author_name":"John Doe","author_bio":"Lorem ipsum dolor sit amet consectetur adipiscing elit dolor","link_text":"All Posts","layout":"left","alignment":"left","image_size":{"unit":"px","size":"100","sizes":[]},"image_gap":{"unit":"px","size":"50","sizes":[]},"name_color":"#0c0c0c","name_typography_typography":"custom","name_typography_font_family":"Rubik","name_typography_font_size":{"unit":"px","size":"22","sizes":[]},"name_typography_font_weight":"300","name_typography_text_transform":"capitalize","name_gap":{"unit":"px","size":"10","sizes":[]},"bio_color":"rgba(12,12,12,0.5)","bio_typography_typography":"custom","bio_typography_font_family":"Rubik","bio_typography_font_size":{"unit":"px","size":"15","sizes":[]},"bio_typography_font_weight":"300","_margin":{"unit":"px","top":"0","right":"0","bottom":"80","left":"0","isLinked":""},"_padding":{"unit":"%","top":"3","right":"35","bottom":"3","left":"0","isLinked":""},"_border_border":"solid","_border_width":{"unit":"px","top":"1","right":"0","bottom":"1","left":"0","isLinked":""},"_border_color":"#dddddd","image_size_mobile":{"unit":"px","size":"75","sizes":[]},"image_gap_mobile":{"unit":"px","size":"10","sizes":[]},"_margin_mobile":{"unit":"px","top":"0","right":"0","bottom":"0","left":"0","isLinked":"1"},"_padding_mobile":{"unit":"px","top":"30","right":"0","bottom":"30","left":"0","isLinked":""},"_css_classes":"ignore-toc","author_avatar":{"id":"22","url":"http:\/\/localhost\/dieuhau\/wp-content\/uploads\/2020\/12\/placeholder.png"}},"elements":[],"isInner":false,"widgetType":"author-box","elType":"widget"},{"id":"2f8ce63a","settings":{"_skin":"theme_comments","_css_classes":"ignore-toc"},"elements":[],"isInner":false,"widgetType":"post-comments","elType":"widget"}],"isInner":"","elType":"column"},{"id":"10ab5f6c","settings":{"_column_size":"50","_inline_size":"30","padding":{"unit":"px","top":"0","right":"20","bottom":"0","left":"0","isLinked":""},"_inline_size_tablet":"100","padding_tablet":{"unit":"px","top":"0","right":"50","bottom":"0","left":"50","isLinked":""},"padding_mobile":{"unit":"px","top":"20","right":"20","bottom":"20","left":"20","isLinked":"1"}},"elements":[{"id":"16b12fed","settings":{"image":{"id":"11","url":"http:\/\/localhost\/dieuhau\/wp-content\/uploads\/2020\/12\/Lumint-ad-Side-Bar.png"},"image_size":"full","align":"right","width":{"unit":"%","size":"100","sizes":[]},"hide_tablet":"hidden-tablet","hide_mobile":"hidden-phone"},"elements":[],"isInner":false,"widgetType":"image","elType":"widget"},{"id":"56c48ab1","settings":{"image":{"id":"12","url":"http:\/\/localhost\/dieuhau\/wp-content\/uploads\/2020\/12\/Flex-Ad-Side-Bar.png"},"image_size":"full","align":"right","width":{"unit":"%","size":"100","sizes":[]},"_margin":{"unit":"px","top":"20","right":"0","bottom":"0","left":"0","isLinked":""},"hide_tablet":"hidden-tablet","hide_mobile":"hidden-phone"},"elements":[],"isInner":false,"widgetType":"image","elType":"widget"},{"id":"4f79134f","settings":{"title":"Social Media","title_color":"#0c0c0c","typography_typography":"custom","typography_font_family":"Rubik","typography_font_size":{"unit":"px","size":"22","sizes":[]},"typography_font_weight":"500","_margin":{"unit":"px","top":"70","right":"0","bottom":"0","left":"0","isLinked":""},"_css_classes":"ignore-toc"},"elements":[],"isInner":false,"widgetType":"heading","elType":"widget"},{"id":"6fdf9bde","settings":{"social_icon_list":[{"social_icon":{"value":"fab fa-facebook-f","library":"fa-brands"},"_id":"1872cd5","item_icon_color":"custom","item_icon_primary_color":"#3b5997","item_icon_secondary_color":"#ffffff"},{"social_icon":{"value":"fab fa-youtube","library":"fa-brands"},"_id":"b178676","item_icon_color":"custom","item_icon_primary_color":"#ed4141","item_icon_secondary_color":"#ffffff"},{"social_icon":{"value":"fab fa-twitter","library":"fa-brands"},"_id":"a81b987","item_icon_color":"custom","item_icon_primary_color":"#1ab7ea","item_icon_secondary_color":"#ffffff"},{"social_icon":{"value":"fab fa-instagram","library":"fa-brands"},"_id":"323f473","item_icon_color":"custom","item_icon_primary_color":"#125d8f","item_icon_secondary_color":"#ffffff"}],"shape":"square","align":"left","icon_size":{"unit":"px","size":"19","sizes":[]},"icon_padding":{"unit":"em","size":"1.7","sizes":[]},"icon_spacing":{"unit":"px","size":"21","sizes":[]},"_margin":{"unit":"px","top":"20","right":"0","bottom":"0","left":"0","isLinked":""},"icon_size_mobile":{"unit":"px","size":"20","sizes":[]},"icon_padding_mobile":{"unit":"em","size":"1","sizes":[]},"_css_classes":"ignore-toc"},"elements":[],"isInner":false,"widgetType":"social-icons","elType":"widget"},{"id":"4b9b4e6a","settings":{"title":"Most Popular","title_color":"#0c0c0c","typography_typography":"custom","typography_font_family":"Rubik","typography_font_size":{"unit":"px","size":"22","sizes":[]},"typography_font_weight":"500","_margin":{"unit":"px","top":"70","right":"0","bottom":"0","left":"0","isLinked":""},"_css_classes":"ignore-toc"},"elements":[],"isInner":false,"widgetType":"heading","elType":"widget"},{"id":"4ca5f412","settings":{"classic_columns":"1","classic_posts_per_page":"4","classic_thumbnail":"left","classic_thumbnail_size_size":"full","classic_item_ratio":{"unit":"px","size":"0.75","sizes":[]},"classic_image_width":{"unit":"%","size":"40","sizes":[]},"classic_show_excerpt":"","classic_meta_data":["date"],"classic_meta_separator":"\/\/\/","classic_show_read_more":"","classic_read_more_text":"Read More \u00bb","cards_meta_separator":"\u2022","cards_read_more_text":"Read More \u00bb","full_content_meta_separator":"\/\/\/","classic_row_gap":{"unit":"px","size":"30","sizes":[]},"classic_alignment":"left","classic_content_padding":{"unit":"px","top":"20","right":"0","bottom":"0","left":"0","isLinked":""},"classic_title_color":"#0c0c0c","classic_title_typography_typography":"custom","classic_title_typography_font_family":"Rubik","classic_title_typography_font_size":{"unit":"px","size":"16","sizes":[]},"classic_title_typography_font_weight":"500","classic_title_spacing":{"unit":"px","size":"10","sizes":[]},"classic_meta_color":"rgba(12,12,12,0.5)","classic_meta_separator_color":"rgba(12,12,12,0.5)","classic_meta_typography_typography":"custom","classic_meta_typography_font_family":"Rubik","classic_meta_typography_font_size":{"unit":"px","size":"14","sizes":[]},"classic_meta_typography_font_weight":"300","classic_meta_typography_text_transform":"capitalize","classic_meta_spacing":{"unit":"px","size":"0","sizes":[]},"pagination_page_limit":"5","pagination_prev_label":"&laquo; Previous","pagination_next_label":"Next &raquo;","_margin":{"unit":"px","top":"24","right":"0","bottom":"0","left":"0","isLinked":""},"classic_image_width_mobile":{"unit":"%","size":"40","sizes":[]},"posts_include":[],"posts_include_term_ids":["10"],"classic_item_ratio_tablet":{"unit":"px","size":"1.2","sizes":[]},"classic_item_ratio_mobile":{"unit":"px","size":"1","sizes":[]},"classic_image_width_tablet":{"unit":"%","size":"35","sizes":[]},"_css_classes":"ignore-toc"},"elements":[],"isInner":false,"widgetType":"posts","elType":"widget"},{"id":"4c17e804","settings":{"background_background":"classic","background_color":"#f7f7f7","border_border":"solid","border_width":{"unit":"px","top":"1","right":"1","bottom":"1","left":"1","isLinked":"1"},"border_color":"rgba(12,12,12,0.1)","margin":{"unit":"px","top":"70","right":"0","bottom":"0","left":"0","isLinked":""},"css_classes":"ignore-toc"},"elements":[{"id":"524dc326","settings":{"_column_size":"100","space_between_widgets":"20","padding":{"unit":"px","top":"50","right":"50","bottom":"50","left":"50","isLinked":"1"},"padding_mobile":{"unit":"px","top":"30","right":"30","bottom":"30","left":"30","isLinked":"1"}},"elements":[{"id":"43e07998","settings":{"width":{"unit":"px","size":"215","sizes":[]},"align":"left","look":"line_text","text":"Get The Latest Updates","gap":{"unit":"px","size":"5","sizes":[]},"text_color":"#f40045","typography_typography":"custom","typography_font_family":"Rubik","typography_font_size":{"unit":"px","size":"14","sizes":[]},"typography_font_weight":"400","text_align":"right"},"elements":[],"isInner":false,"widgetType":"divider","elType":"widget"},{"id":"7953a167","settings":{"title":"Subscribe To Our Weekly Newsletter\n","title_color":"#0c0c0c","typography_typography":"custom","typography_font_family":"Rubik","typography_font_size":{"unit":"px","size":"30","sizes":[]},"typography_font_weight":"500","typography_font_size_mobile":{"unit":"px","size":"28","sizes":[]},"typography_line_height_mobile":{"unit":"em","size":"1.2","sizes":[]},"_css_classes":"ignore-toc"},"elements":[],"isInner":false,"widgetType":"heading","elType":"widget"},{"id":"400ad178","settings":{"editor":"No spam, notifications only about new products, updates.","text_color":"rgba(12,12,12,0.5)","typography_typography":"custom","typography_font_family":"Rubik","typography_font_size":{"unit":"px","size":"16","sizes":[]},"typography_font_weight":"300"},"elements":[],"isInner":false,"widgetType":"text-editor","elType":"widget"},{"id":"4703f05f","settings":{"form_name":"New Form","form_fields":[{"custom_id":"email","field_type":"email","required":"true","field_label":"Email Address","placeholder":"Email Address","_id":"66a929d","rows":"4","file_sizes":"","file_types":"","allow_multiple_upload":"","max_files":"","acceptance_text":"","checked_by_default":"","field_min":"","field_max":"","min_date":"","max_date":"","use_native_date":"","use_native_time":"","previous_button":"","next_button":""}],"show_labels":"","button_text":"subscribe","email_content":"[all-fields]","email_content_2":"[all-fields]","success_message":"The form was sent successfully.","error_message":"An error occured.","required_field_message":"This field is required.","invalid_message":"There's something wrong. The form is invalid.","column_gap":{"unit":"px","size":"20","sizes":[]},"row_gap":{"unit":"px","size":"20","sizes":[]},"field_text_color":"#cacaca","field_typography_typography":"custom","field_typography_font_family":"Rubik","field_typography_font_size":{"unit":"px","size":"16","sizes":[]},"field_typography_font_weight":"300","field_border_width":{"unit":"px","top":"0","right":"0","bottom":"0","left":"0","isLinked":"1"},"field_border_radius":{"unit":"px","top":"0","right":"0","bottom":"0","left":"0","isLinked":"1"},"button_background_color":"#0c0c0c","button_typography_typography":"custom","button_typography_font_family":"Rubik","button_typography_font_size":{"unit":"px","size":"15","sizes":[]},"button_typography_font_weight":"300","button_typography_text_transform":"uppercase","button_typography_line_height":{"unit":"em","size":"1.6","sizes":[]},"button_border_radius":{"unit":"px","top":"0","right":"0","bottom":"0","left":"0","isLinked":"1"},"button_background_hover_color":"#f40045","_margin":{"unit":"px","top":"30","right":"0","bottom":"0","left":"0","isLinked":""},"step_next_label":"Next","step_previous_label":"Previous"},"elements":[],"isInner":false,"widgetType":"form","elType":"widget"}],"isInner":"1","elType":"column"}],"isInner":"1","elType":"section"},{"id":"2ef3f517","settings":{"title":"Categories","title_color":"#0c0c0c","typography_typography":"custom","typography_font_family":"Rubik","typography_font_size":{"unit":"px","size":"22","sizes":[]},"typography_font_weight":"500","_margin":{"unit":"px","top":"70","right":"0","bottom":"0","left":"0","isLinked":""},"_css_classes":"ignore-toc"},"elements":[],"isInner":false,"widgetType":"heading","elType":"widget"},{"id":"13906346","settings":{"align_items":"left","pointer":"none","menu_typography_typography":"custom","menu_typography_font_family":"Rubik","menu_typography_font_size":{"unit":"px","size":"16","sizes":[]},"menu_typography_font_weight":"300","menu_typography_text_decoration":"underline","color_menu_item":"#0c0c0c","color_menu_item_hover":"#f40045","color_menu_item_active":"#f40045","padding_horizontal_menu_item":{"unit":"px","size":"0","sizes":[]},"padding_vertical_menu_item":{"unit":"px","size":"10","sizes":[]},"dropdown":"none","menu_space_between":{"unit":"px","size":"30","sizes":[]},"menu_space_between_tablet":{"unit":"px","size":"18","sizes":[]},"_css_classes":"ignore-toc"},"elements":[],"isInner":false,"widgetType":"nav-menu","elType":"widget"}],"isInner":"","elType":"column"}],"isInner":"","elType":"section"},{"id":"5e22a099","settings":{"content_width":{"unit":"px","size":"1400","sizes":[]},"margin":{"unit":"px","top":"80","right":"0","bottom":"0","left":"0","isLinked":""},"_title":"Next\/Previous","padding_tablet":{"unit":"px","top":"0","right":"50","bottom":"0","left":"50","isLinked":""},"padding_mobile":{"unit":"px","top":"0","right":"20","bottom":"0","left":"20","isLinked":""},"css_classes":"ignore-toc","_timestamp_":"v1Smpyb2xHWDFzTnAyd291dVQ4THc0UT09"},"elements":[{"id":"26449d91","settings":{"_column_size":"100","padding":{"unit":"px","top":"0","right":"0","bottom":"0","left":"0","isLinked":"1"}},"elements":[{"id":"d4893d3","settings":{"prev_label":"Previous","next_label":"Next","show_borders":"","label_color":"#0c0c0c","label_typography_typography":"custom","label_typography_font_family":"Rubik","label_typography_font_size":{"unit":"px","size":"16","sizes":[]},"label_typography_font_weight":"300","arrow_color":"#0c0c0c","label_typography_text_transform":"capitalize","text_color":"#0c0c0c","title_typography_typography":"custom","title_typography_font_family":"Rubik","title_typography_font_size":{"unit":"px","size":"18","sizes":[]},"title_typography_font_weight":"400","arrow_size":{"unit":"px","size":"18","sizes":[]},"arrow_padding":{"unit":"px","size":"15","sizes":[]},"_padding":{"unit":"px","top":"30","right":"30","bottom":"30","left":"30","isLinked":"1"},"_background_background":"classic","_background_color":"#f7f7f7","_border_border":"solid","_border_width":{"unit":"px","top":"1","right":"1","bottom":"1","left":"1","isLinked":"1"},"_border_color":"rgba(12,12,12,0.1)","in_same_term":["post"],"post_taxonomy":"category"},"elements":[],"isInner":false,"widgetType":"post-navigation","elType":"widget"}],"isInner":"","elType":"column"}],"isInner":"","elType":"section"},{"id":"1afd7740","settings":{"content_width":{"unit":"px","size":"1400","sizes":[]},"margin":{"unit":"px","top":"180","right":"0","bottom":"0","left":"0","isLinked":""},"_title":"Related Posts","margin_tablet":{"unit":"px","top":"0","right":"0","bottom":"0","left":"0","isLinked":"1"},"margin_mobile":{"unit":"px","top":"100","right":"0","bottom":"0","left":"0","isLinked":""},"css_classes":"ignore-toc","_timestamp_":"v1Smpyb2xHWDFzTnAyd291dVQ4THc0UT09"},"elements":[{"id":"15c360e6","settings":{"_column_size":"100","space_between_widgets":"10","padding":{"unit":"px","top":"0","right":"20","bottom":"0","left":"20","isLinked":""},"padding_tablet":{"unit":"px","top":"50","right":"50","bottom":"50","left":"50","isLinked":"1"},"padding_mobile":{"unit":"px","top":"0","right":"20","bottom":"0","left":"20","isLinked":""}},"elements":[{"id":"5bec1b48","settings":{"width":{"unit":"px","size":"135","sizes":[]},"align":"left","look":"line_text","text":"On Key","gap":{"unit":"px","size":"5","sizes":[]},"text_color":"#f40045","typography_typography":"custom","typography_font_family":"Rubik","typography_font_size":{"unit":"px","size":"14","sizes":[]},"typography_font_weight":"400","text_align":"right"},"elements":[],"isInner":false,"widgetType":"divider","elType":"widget"},{"id":"3bdb5a55","settings":{"title":"Related Posts","title_color":"#0c0c0c","typography_typography":"custom","typography_font_family":"Rubik","typography_font_size":{"unit":"px","size":"45","sizes":[]},"typography_font_weight":"400","typography_font_size_tablet":{"unit":"px","size":"35","sizes":[]},"typography_font_size_mobile":{"unit":"px","size":"25","sizes":[]}},"elements":[],"isInner":false,"widgetType":"heading","elType":"widget"},{"id":"31b94b13","settings":{"classic_columns":"4","classic_posts_per_page":"4","classic_thumbnail_size_size":"full","classic_item_ratio":{"unit":"px","size":"0.75","sizes":[]},"classic_meta_data":[],"classic_meta_separator":"\/\/\/","classic_show_read_more":"","classic_read_more_text":"Read More \u00bb","cards_meta_separator":"\u2022","cards_read_more_text":"Read More \u00bb","full_content_meta_separator":"\/\/\/","classic_image_spacing":{"unit":"px","size":"30","sizes":[]},"classic_title_color":"#0c0c0c","classic_title_typography_typography":"custom","classic_title_typography_font_family":"Rubik","classic_title_typography_font_size":{"unit":"px","size":"18","sizes":[]},"classic_title_typography_font_weight":"400","classic_title_typography_line_height":{"unit":"em","size":"1.6","sizes":[]},"classic_title_spacing":{"unit":"px","size":"20","sizes":[]},"classic_excerpt_color":"rgba(12,12,12,0.5)","classic_excerpt_typography_typography":"custom","classic_excerpt_typography_font_family":"Rubik","classic_excerpt_typography_font_size":{"unit":"px","size":"15","sizes":[]},"classic_excerpt_typography_font_weight":"300","classic_excerpt_spacing":{"unit":"px","size":"0","sizes":[]},"pagination_page_limit":"5","pagination_prev_label":"&laquo; Previous","pagination_next_label":"Next &raquo;","_margin":{"unit":"px","top":"50","right":"0","bottom":"0","left":"0","isLinked":""},"posts_include":[],"posts_related_taxonomies":["category"],"posts_exclude":["terms"]},"elements":[],"isInner":false,"widgetType":"posts","elType":"widget"}],"isInner":"","elType":"column"}],"isInner":"","elType":"section"}]}