{"version":"0.4","title":"Landingpage-Conference5-page","type":"page","content":[{"id":"66ad8533","settings":{"content_width":{"unit":"px","size":"850"},"custom_height":{"unit":"vh","size":"57"},"background_background":"classic","background_position":"center center","background_repeat":"no-repeat","background_size":"cover","padding":{"unit":"px","top":"150","right":"0","bottom":"280","left":"0","isLinked":""},"background_color":"#04093f","background_overlay_position":"center center","background_overlay_repeat":"no-repeat","background_overlay_size":"cover","background_overlay_opacity":{"unit":"px","size":"0.43"},"z_index":"5","padding_tablet":{"unit":"px","top":"150","right":"0","bottom":"150","left":"0","isLinked":""},"margin_mobile":{"unit":"px","top":"0","right":"0","bottom":"0","left":"0","isLinked":"1"},"padding_mobile":{"unit":"px","top":"80","right":"20","bottom":"150","left":"20","isLinked":""},"background_image":{"id":"8","url":"http:\/\/localhost\/dieuhau\/wp-content\/uploads\/2020\/10\/backgroud_hero_section.jpg"},"background_overlay_color":"#04093f","_title":"Hero","_timestamp_":"v1Smpyb2xHWDFzTnAyd291dVQ4THc0UT09"},"elements":[{"id":"27fdccdc","settings":{"_column_size":"100"},"elements":[{"id":"4b17a7bc","settings":{"_margin":{"unit":"px","top":"0","right":"0700","bottom":"120","left":"-20","isLinked":""},"_margin_mobile":{"unit":"%","top":"-6","right":"60","bottom":"0","left":"20","isLinked":""},"_border_border":"solid","_border_width":{"unit":"px","top":"7","right":"7","bottom":"7","left":"7","isLinked":"1"},"_border_color":"rgba(255,194,233,0.47)","jet_tricks_widget_satellite_text":"Lorem Ipsum","jet_tricks_widget_tooltip_description":"Lorem Ipsum","space":{"unit":"px","size":"140"},"_border_radius":{"unit":"px","top":"0","right":"0","bottom":"0","left":"050","isLinked":""},"space_mobile":{"unit":"px","size":"80"},"_margin_tablet":{"unit":"px","top":"0","right":"0600","bottom":"100","left":"0","isLinked":""},"hide_mobile":"hidden-phone"},"elements":[],"isInner":false,"widgetType":"spacer","elType":"widget"},{"id":"1d5758a8","settings":{"_margin":{"unit":"px","top":"-160","right":"800","bottom":"-150","left":"-40","isLinked":""},"_margin_mobile":{"unit":"%","top":"-6","right":"60","bottom":"0","left":"20","isLinked":""},"_border_border":"solid","_border_width":{"unit":"px","top":"6","right":"6","bottom":"6","left":"6","isLinked":"1"},"_border_color":"rgba(224,153,36,0.47)","jet_tricks_widget_satellite_text":"Lorem Ipsum","jet_tricks_widget_tooltip_description":"Lorem Ipsum","space":{"unit":"px","size":"62"},"_border_radius":{"unit":"px","top":"0","right":"0","bottom":"0","left":"0","isLinked":""},"_margin_tablet":{"unit":"px","top":"-160","right":"600","bottom":"-160","left":"80","isLinked":""},"hide_mobile":"hidden-phone"},"elements":[],"isInner":false,"widgetType":"spacer","elType":"widget"},{"id":"164746a5","settings":{"title":"Design conference","align":"right","title_color":"#ffffff","typography_typography":"custom","typography_font_size":{"unit":"px","size":"50"},"typography_font_size_tablet":{"unit":"px","size":"40"},"typography_font_weight":"600","typography_line_height":{"unit":"em","size":"1"},"typography_letter_spacing":{"unit":"px","size":"1"},"_margin":{"unit":"px","top":"0","right":"50","bottom":"-95","left":"0","isLinked":""},"_margin_tablet":{"unit":"px","top":"0","right":"50","bottom":"-70","left":"0","isLinked":""},"align_mobile":"center","typography_font_size_mobile":{"unit":"px","size":"30"},"_margin_mobile":{"unit":"px","top":"0","right":"0","bottom":"0","left":"0","isLinked":""},"typography_font_family":"Teko"},"elements":[],"isInner":false,"widgetType":"heading","elType":"widget"},{"id":"78122bc4","settings":{"title":"Tokyo","header_size":"h1","align":"center","title_color":"#79e1e8","typography_typography":"custom","typography_font_size":{"unit":"px","size":"400"},"typography_font_weight":"500","typography_letter_spacing":{"unit":"px","size":"-5"},"text_shadow_text_shadow_type":"yes","text_shadow_text_shadow":{"horizontal":"-10","vertical":"0","blur":"50","color":"rgba(0,0,0,0.69)"},"jet_tricks_widget_satellite_text":"Lorem Ipsum","jet_tricks_widget_tooltip_description":"Lorem Ipsum","typography_font_size_tablet":{"unit":"px","size":"250"},"_margin_tablet":{"unit":"px","top":"0","right":"0","bottom":"0","left":"0","isLinked":""},"typography_font_size_mobile":{"unit":"px","size":"100"},"typography_letter_spacing_mobile":{"unit":"px","size":"5"},"_margin_mobile":{"unit":"px","top":"-20","right":"0","bottom":"0","left":"0","isLinked":""},"typography_font_family":"Teko"},"elements":[],"isInner":false,"widgetType":"heading","elType":"widget"},{"id":"54213bea","settings":{"title":"2021","align":"right","title_color":"#79e1e8","typography_typography":"custom","typography_font_size":{"unit":"px","size":"75"},"typography_font_weight":"500","typography_letter_spacing":{"unit":"px","size":"6.6"},"_margin":{"unit":"px","top":"-90","right":"055","bottom":"0","left":"0","isLinked":""},"jet_tricks_widget_satellite_text":"Lorem Ipsum","jet_tricks_widget_tooltip_description":"Lorem Ipsum","_margin_tablet":{"unit":"px","top":"-70","right":"80","bottom":"0","left":"0","isLinked":""},"align_mobile":"center","typography_font_size_tablet":{"unit":"px","size":"80"},"typography_font_size_mobile":{"unit":"px","size":"30"},"_margin_mobile":{"unit":"px","top":"-20","right":"0","bottom":"0","left":"0","isLinked":""},"typography_font_family":"Teko"},"elements":[],"isInner":false,"widgetType":"heading","elType":"widget"},{"id":"1bdc5210","settings":{"evergreen_counter_hours":"23","show_days":"","label_days":"Days","label_hours":"Hours","label_minutes":"Minutes","label_seconds":"Seconds","expire_actions":["hide","message"],"message_after_expire":"Sorry, our sale is over, see you next time","container_width_tablet":{"unit":"%","size":"60"},"box_background_color":"rgba(0,0,0,0)","box_spacing":{"unit":"px","size":"30"},"box_spacing_tablet":{"unit":"px","size":"0"},"digits_color":"#ffc2e9","digits_typography_typography":"custom","digits_typography_font_family":"Teko","digits_typography_font_size":{"unit":"px","size":"150"},"digits_typography_font_weight":"400","digits_typography_line_height":{"unit":"em","size":"0.7"},"label_color":"#ffc2e9","label_typography_typography":"custom","label_typography_font_size":{"unit":"px","size":"22"},"label_typography_font_weight":"400","label_typography_letter_spacing":{"unit":"px","size":"2"},"align":"left","text_color":"#ffc2e9","typography_typography":"custom","typography_font_family":"Teko","typography_font_size":{"unit":"px","size":"60"},"typography_line_height":{"unit":"em","size":"0.9"},"typography_letter_spacing":{"unit":"px","size":"0"},"_margin":{"unit":"px","top":"-100","right":"400","bottom":"0","left":"0","isLinked":""},"_margin_tablet":{"unit":"px","top":"-110","right":"180","bottom":"0","left":"-50","isLinked":""},"evergreen_counter_minutes":"0.3","due_date":"2021-12-30 08:39","container_width_mobile":{"unit":"%","size":"80"},"digits_typography_font_size_tablet":{"unit":"px","size":"100"},"digits_typography_font_size_mobile":{"unit":"px","size":"80"},"_margin_mobile":{"unit":"px","top":"-20","right":"0","bottom":"0","left":"0","isLinked":""},"label_typography_font_family":"Teko"},"elements":[],"isInner":false,"widgetType":"countdown","elType":"widget"}],"isInner":"","elType":"column"}],"isInner":"","elType":"section"},{"id":"6325633f","settings":{"content_width":{"unit":"px","size":"900"},"structure":"20","background_background":"classic","background_color":"#04093f","margin":{"unit":"px","top":"0","right":"0","bottom":"0","left":"0","isLinked":""},"padding":{"unit":"px","top":"0","right":"0","bottom":"220","left":"0","isLinked":""},"margin_tablet":{"unit":"px","top":"","right":"0","bottom":"","left":"0","isLinked":"1"},"padding_tablet":{"unit":"px","top":"10","right":"10","bottom":"120","left":"0","isLinked":""},"padding_mobile":{"unit":"px","top":"10","right":"10","bottom":"10","left":"10","isLinked":"1"},"_title":"The most influential speakers","_timestamp_":"v1Smpyb2xHWDFzTnAyd291dVQ4THc0UT09"},"elements":[{"id":"325ffc3e","settings":{"_column_size":"50","margin":{"unit":"px","top":"-100","right":"0","bottom":"0","left":"0","isLinked":""}},"elements":[{"id":"10fa65b1","settings":{"icon":"fa fa-play","view":"framed","shape":"square","primary_color":"#79e1e8","size":{"unit":"px","size":"26"},"border_width":{"unit":"px","top":"4","right":"4","bottom":"4","left":"4","isLinked":"1"},"_border_width":{"unit":"px","top":"3","right":"3","bottom":"3","left":"3","isLinked":"1"},"_border_color":"#79e1e8","__dynamic__":{"link":"[elementor-tag id=\"15f1125\" name=\"lightbox\" settings=\"%7B%22type%22%3A%22video%22%2C%22video_url%22%3A%22https%3A%2F%2Fwww.youtube.com%2Fwatch%3Fv%3DoRt9DO5OCP0%22%7D\"]"},"align":"left","_margin":{"unit":"px","top":"-40","right":"0","bottom":"0","left":"-30","isLinked":""},"_margin_tablet":{"unit":"px","top":"0","right":"0","bottom":"0","left":"0","isLinked":""},"_margin_mobile":{"unit":"px","top":"0","right":"0","bottom":"0","left":"0","isLinked":"1"},"_z_index":"10","selected_icon":{"value":"fas fa-play","library":"fa-solid"},"__fa4_migrated":{"selected_icon":"1"}},"elements":[],"isInner":false,"widgetType":"icon","elType":"widget"},{"id":"585a3e08","settings":{"image":{"id":"9","url":"http:\/\/localhost\/dieuhau\/wp-content\/uploads\/2020\/10\/speaker1.jpg"},"align":"left","width":{"unit":"%","size":"70"},"image_box_shadow_box_shadow_type":"yes","image_box_shadow_box_shadow":{"horizontal":"0","vertical":"0","blur":"50","spread":"0","color":"rgba(0,0,0,0.69)"},"_margin":{"unit":"px","top":"-60","right":"0","bottom":"0","left":"0","isLinked":""},"_z_index":"6","jet_tricks_widget_satellite_text":"Lorem Ipsum","jet_tricks_widget_tooltip_description":"Lorem Ipsum","_margin_tablet":{"unit":"px","top":"-50","right":"0","bottom":"0","left":"25","isLinked":""}},"elements":[],"isInner":false,"widgetType":"image","elType":"widget"},{"id":"6ce343bf","settings":{"_margin":{"unit":"px","top":"-140","right":"60","bottom":"0","left":"180","isLinked":""},"_margin_mobile":{"unit":"px","top":"-80","right":"030","bottom":"0","left":"180","isLinked":""},"_border_border":"solid","_border_width":{"unit":"px","top":"7","right":"7","bottom":"7","left":"7","isLinked":"1"},"_border_color":"#b828ea","jet_tricks_widget_satellite_text":"Lorem Ipsum","jet_tricks_widget_tooltip_description":"Lorem Ipsum","space":{"unit":"px","size":"165"},"space_tablet":{"unit":"px","size":"100"},"space_mobile":{"unit":"px","size":"100"},"_margin_tablet":{"unit":"px","top":"-90","right":"50","bottom":"0","left":"200","isLinked":""}},"elements":[],"isInner":false,"widgetType":"spacer","elType":"widget"},{"id":"2c98c6bb","settings":{"_margin":{"unit":"px","top":"-35","right":"300","bottom":"0","left":"70","isLinked":""},"_margin_mobile":{"unit":"px","top":"-40","right":"0200","bottom":"0","left":"70","isLinked":""},"_border_border":"solid","_border_width":{"unit":"px","top":"5","right":"5","bottom":"5","left":"5","isLinked":"1"},"_border_color":"#ffc2e9","jet_tricks_widget_satellite_text":"Lorem Ipsum","jet_tricks_widget_tooltip_description":"Lorem Ipsum","space_tablet":{"unit":"px","size":"45"},"space_mobile":{"unit":"px","size":"42"},"_margin_tablet":{"unit":"px","top":"-30","right":"230","bottom":"0","left":"80","isLinked":""},"hide_mobile":"hidden-phone"},"elements":[],"isInner":false,"widgetType":"spacer","elType":"widget"}],"isInner":"","elType":"column"},{"id":"285b684","settings":{"_column_size":"50","content_position":"center"},"elements":[{"id":"6bf292f1","settings":{"space":{"unit":"px","size":"70"},"_margin":{"unit":"px","top":"0","right":"0","bottom":"40","left":"0","isLinked":""},"_border_border":"solid","_border_width":{"unit":"px","top":"0","right":"0","bottom":"0","left":"5","isLinked":""},"_border_color":"#ffc2e9","jet_tricks_widget_satellite_text":"Lorem Ipsum","jet_tricks_widget_tooltip_description":"Lorem Ipsum","hide_mobile":"hidden-phone","space_mobile":{"unit":"px","size":"10","sizes":[]}},"elements":[],"isInner":false,"widgetType":"spacer","elType":"widget"},{"id":"424d9a39","settings":{"title":"The most influential speakers","title_color":"#79e1e8","typography_typography":"custom","typography_font_size":{"unit":"px","size":"40"},"typography_font_weight":"400","jet_tricks_widget_satellite_text":"Lorem Ipsum","jet_tricks_widget_tooltip_description":"Lorem Ipsum","typography_font_size_mobile":{"unit":"px","size":"50"},"_margin_mobile":{"unit":"px","top":"0","right":"0","bottom":"0","left":"0","isLinked":""},"typography_font_family":"Teko"},"elements":[],"isInner":false,"widgetType":"heading","elType":"widget"},{"id":"75fa35ad","settings":{"jet_tricks_widget_satellite_text":"Lorem Ipsum","jet_tricks_widget_tooltip_description":"Lorem Ipsum","editor":"<p>Lorem ipsum dolor sit amet, consectetur adipiscing elit, sed do eiusmod tempor incididunt ut labore et dolore magna aliqua. Congue nisi vitae suscipit tellus.<\/p>","text_color":"rgba(255,255,255,0.7)","typography_typography":"custom"},"elements":[],"isInner":false,"widgetType":"text-editor","elType":"widget"}],"isInner":"","elType":"column"}],"isInner":"","elType":"section"},{"id":"16f01aee","settings":{"content_width":{"unit":"px","size":"900"},"structure":"20","background_background":"classic","background_color":"#04093f","background_position":"center right","background_repeat":"no-repeat","background_size":"contain","background_overlay_background":"classic","background_overlay_image":{"id":"11","url":"http:\/\/localhost\/dieuhau\/wp-content\/uploads\/2020\/10\/background_Section_rating.jpg"},"background_overlay_position":"center right","background_overlay_repeat":"no-repeat","background_overlay_size":"contain","background_overlay_opacity":{"unit":"px","size":"0.31"},"overlay_blend_mode":"luminosity","margin":{"unit":"px","top":"0","right":"0","bottom":"0","left":"0","isLinked":""},"padding":{"unit":"px","top":"0","right":"0","bottom":"100","left":"0","isLinked":""},"padding_mobile":{"unit":"px","top":"20","right":"10","bottom":"10","left":"10","isLinked":""},"z_index":"1","margin_mobile":{"unit":"px","top":"-1","right":"0","bottom":"-1","left":"0","isLinked":"1"},"padding_tablet":{"unit":"px","top":"20","right":"20","bottom":"20","left":"20","isLinked":"1"},"_title":"Participant Ratings","_timestamp_":"v1Smpyb2xHWDFzTnAyd291dVQ4THc0UT09"},"elements":[{"id":"7ab775c8","settings":{"_column_size":"50","content_position":"center","margin":{"unit":"px","top":"0","right":"90","bottom":"0","left":"0","isLinked":""},"margin_mobile":{"unit":"px","top":"0","right":"0","bottom":"0","left":"0","isLinked":"1"},"margin_tablet":{"unit":"px","top":"0","right":"30","bottom":"0","left":"0","isLinked":""}},"elements":[{"id":"7a700ae","settings":{"title":"Participant Ratings","title_color":"#ffc2e9","typography_typography":"custom","typography_font_size":{"unit":"px","size":"60"},"typography_font_weight":"400","jet_tricks_widget_satellite_text":"Lorem Ipsum","jet_tricks_widget_tooltip_description":"Lorem Ipsum","typography_font_size_tablet":{"unit":"px","size":"50"},"typography_font_size_mobile":{"unit":"px","size":"50"},"typography_font_family":"Teko"},"elements":[],"isInner":false,"widgetType":"heading","elType":"widget"},{"id":"584e00bc","settings":{"editor":"<p>Ipsum suspendisse ultrices gravida dictum fusce ut placerat orci nulla.<\/p>","text_color":"rgba(255,255,255,0.7)","jet_tricks_widget_satellite_text":"Lorem Ipsum","jet_tricks_widget_tooltip_description":"Lorem Ipsum"},"elements":[],"isInner":false,"widgetType":"text-editor","elType":"widget"},{"id":"674e345","settings":{"title":"Location","title_typography_typography":"custom","title_typography_font_family":"Teko","title_typography_font_size":{"unit":"px","size":"30"},"title_color":"#79e1e8","stars_color":"#e09924","stars_unmarked_color":"#79e1e8","_border_border":"dotted","_border_width":{"unit":"px","top":"0","right":"0","bottom":"2","left":"0","isLinked":""},"_border_color":"#e09924","align":"justify","title_gap_mobile":{"unit":"px","size":"140"},"jet_tricks_widget_satellite_text":"Lorem Ipsum","jet_tricks_widget_tooltip_description":"Lorem Ipsum","rating":"4.5"},"elements":[],"isInner":false,"widgetType":"star-rating","elType":"widget"},{"id":"5cf5450b","settings":{"title":"Speakers","title_typography_typography":"custom","title_typography_font_family":"Teko","title_typography_font_size":{"unit":"px","size":"30"},"title_color":"#79e1e8","stars_color":"#e09924","stars_unmarked_color":"#79e1e8","_border_border":"dotted","_border_width":{"unit":"px","top":"0","right":"0","bottom":"2","left":"0","isLinked":""},"_border_color":"#e09924","align":"justify","title_gap_mobile":{"unit":"px","size":"135"},"jet_tricks_widget_satellite_text":"Lorem Ipsum","jet_tricks_widget_tooltip_description":"Lorem Ipsum","rating":"4"},"elements":[],"isInner":false,"widgetType":"star-rating","elType":"widget"},{"id":"48a597c9","settings":{"title":"Catering","title_typography_typography":"custom","title_typography_font_family":"Teko","title_typography_font_size":{"unit":"px","size":"30"},"title_color":"#79e1e8","stars_color":"#e09924","stars_unmarked_color":"#79e1e8","_border_border":"dotted","_border_width":{"unit":"px","top":"0","right":"0","bottom":"2","left":"0","isLinked":""},"_border_color":"#e09924","align":"justify","title_gap_mobile":{"unit":"px","size":"170"},"jet_tricks_widget_satellite_text":"Lorem Ipsum","jet_tricks_widget_tooltip_description":"Lorem Ipsum","rating":"3.5"},"elements":[],"isInner":false,"widgetType":"star-rating","elType":"widget"}],"isInner":"","elType":"column"},{"id":"1accef39","settings":{"_column_size":"50","content_position":"top","margin":{"unit":"px","top":"0","right":"0","bottom":"0","left":"0","isLinked":""},"margin_mobile":{"unit":"px","top":"50","right":"0","bottom":"0","left":"0","isLinked":""}},"elements":[{"id":"5ef569ef","settings":{"_margin":{"unit":"px","top":"-50","right":"0","bottom":"0","left":"310","isLinked":""},"_margin_mobile":{"unit":"px","top":"0","right":"-20","bottom":"-70","left":"230","isLinked":""},"_border_border":"solid","_border_width":{"unit":"px","top":"5","right":"5","bottom":"5","left":"5","isLinked":"1"},"_border_color":"#e09924","jet_tricks_widget_satellite_text":"Lorem Ipsum","jet_tricks_widget_tooltip_description":"Lorem Ipsum","space":{"unit":"px","size":"110"},"space_tablet":{"unit":"px","size":"80"},"space_mobile":{"unit":"px","size":"100"},"_margin_tablet":{"unit":"px","top":"0","right":"20","bottom":"0","left":"200","isLinked":""}},"elements":[],"isInner":false,"widgetType":"spacer","elType":"widget"},{"id":"572c1746","settings":{"image":{"id":"10","url":"http:\/\/localhost\/dieuhau\/wp-content\/uploads\/2020\/10\/gallery_people.png"},"align":"left","width":{"unit":"px","size":"400"},"image_box_shadow_box_shadow_type":"yes","image_box_shadow_box_shadow":{"horizontal":"0","vertical":"0","blur":"50","spread":"0","color":"rgba(0,0,0,0.69)"},"_margin":{"unit":"px","top":"-50","right":"0","bottom":"0","left":"0","isLinked":""},"_z_index":"5","_margin_mobile":{"unit":"px","top":"0","right":"0","bottom":"0","left":"0","isLinked":""},"jet_tricks_widget_satellite_text":"Lorem Ipsum","jet_tricks_widget_tooltip_description":"Lorem Ipsum"},"elements":[],"isInner":false,"widgetType":"image","elType":"widget"},{"id":"1e074ae3","settings":{"_margin":{"unit":"px","top":"-50","right":"390","bottom":"0","left":"-30","isLinked":""},"_margin_mobile":{"unit":"px","top":"-50","right":"270","bottom":"0","left":"-20","isLinked":""},"_border_border":"solid","_border_width":{"unit":"px","top":"5","right":"5","bottom":"5","left":"5","isLinked":"1"},"_border_color":"rgba(184,40,234,0.3)","jet_tricks_widget_satellite_text":"Lorem Ipsum","jet_tricks_widget_tooltip_description":"Lorem Ipsum","space":{"unit":"px","size":"60"},"space_mobile":{"unit":"px","size":"60"},"_margin_tablet":{"unit":"px","top":"-50","right":"280","bottom":"0","left":"-20","isLinked":""},"_box_shadow_box_shadow_type":"yes","_box_shadow_box_shadow":{"horizontal":"20","vertical":"20","blur":"0","spread":"0","color":"rgba(255,255,255,0.06)"}},"elements":[],"isInner":false,"widgetType":"spacer","elType":"widget"},{"id":"4a5834e3","settings":{"space":{"unit":"px","size":"100"},"_margin":{"unit":"px","top":"0","right":"-80","bottom":"-180","left":"0","isLinked":""},"_border_border":"solid","_border_width":{"unit":"px","top":"0","right":"5","bottom":"0","left":"0","isLinked":""},"_border_color":"#79e1e8","jet_tricks_widget_satellite_text":"Lorem Ipsum","jet_tricks_widget_tooltip_description":"Lorem Ipsum","_border_radius":{"unit":"px","top":"0","right":"0","bottom":"0","left":"0","isLinked":"1"},"space_mobile":{"unit":"px","size":"100"},"_margin_tablet":{"unit":"px","top":"0","right":"0","bottom":"-80","left":"0","isLinked":""},"_margin_mobile":{"unit":"px","top":"-80","right":"30","bottom":"0","left":"0","isLinked":""}},"elements":[],"isInner":false,"widgetType":"spacer","elType":"widget"}],"isInner":"","elType":"column"}],"isInner":"","elType":"section"},{"id":"7c6396d8","settings":{"background_background":"classic","background_color":"#04093f","padding":{"unit":"px","top":"100","right":"0","bottom":"120","left":"0","isLinked":""},"padding_tablet":{"unit":"px","top":"100","right":"50","bottom":"050","left":"50","isLinked":""},"padding_mobile":{"unit":"px","top":"0","right":"0","bottom":"0","left":"0","isLinked":"1"},"_title":"Section","_timestamp_":"v1Smpyb2xHWDFzTnAyd291dVQ4THc0UT09"},"elements":[{"id":"76224f1a","settings":{"_column_size":"100"},"elements":[{"id":"fa226b7","settings":{"jet_tricks_widget_satellite_text":"Lorem Ipsum","jet_tricks_widget_tooltip_description":"Lorem Ipsum","space_mobile":{"unit":"px","size":"10"}},"elements":[],"isInner":false,"widgetType":"spacer","elType":"widget"}],"isInner":"","elType":"column"}],"isInner":"","elType":"section"},{"id":"396d04c5","settings":{"content_width":{"unit":"px","size":"900"},"gap":"no","structure":"20","background_background":"gradient","background_color":"#04093f","background_color_b":"#000b5e","background_overlay_background":"classic","background_overlay_image":{"id":19,"url":"http:\/\/localhost\/dieuhau\/wp-content\/uploads\/2020\/10\/baceground_section_gallery-1.jpg"},"background_overlay_position":"bottom left","background_overlay_repeat":"no-repeat","background_overlay_size":"contain","margin":{"unit":"px","top":"0","right":"0","bottom":"0","left":"0","isLinked":""},"padding":{"unit":"px","top":"0","right":"0","bottom":"0","left":"0","isLinked":""},"z_index":"1","background_overlay_opacity":{"unit":"px","size":"0.6"},"overlay_blend_mode":"luminosity","padding_tablet":{"unit":"px","top":"20","right":"20","bottom":"20","left":"20","isLinked":"1"},"_title":"Gallery","_timestamp_":"v1Smpyb2xHWDFzTnAyd291dVQ4THc0UT09"},"elements":[{"id":"4dc5a837","settings":{"_column_size":"50"},"elements":[{"id":"6a2ff6e4","settings":{"title":"Gallery","title_color":"#ffc2e9","typography_typography":"custom","typography_font_size":{"unit":"px","size":"150"},"typography_font_weight":"400","text_shadow_text_shadow_type":"yes","text_shadow_text_shadow":{"horizontal":"0","vertical":"0","blur":"50","color":"rgba(0,0,0,0.61)"},"_margin":{"unit":"px","top":"-80","right":"0","bottom":"40","left":"0","isLinked":""},"jet_tricks_widget_satellite_text":"Lorem Ipsum","jet_tricks_widget_tooltip_description":"Lorem Ipsum","typography_font_size_mobile":{"unit":"px","size":"100"},"_margin_mobile":{"unit":"px","top":"0","right":"0","bottom":"0","left":"0","isLinked":""},"typography_font_family":"Teko"},"elements":[],"isInner":false,"widgetType":"heading","elType":"widget"},{"id":"5e03a3cd","settings":{"image":{"id":13,"url":"http:\/\/localhost\/dieuhau\/wp-content\/uploads\/2020\/10\/speaker02-1.jpg"},"image_size":"full","align":"right","width":{"unit":"px","size":"320"},"image_border_border":"solid","image_border_width":{"unit":"px","top":"6","right":"6","bottom":"6","left":"6","isLinked":"1"},"image_border_color":"#ffc2e9","image_box_shadow_box_shadow_type":"yes","image_box_shadow_box_shadow":{"horizontal":"0","vertical":"0","blur":"50","spread":"0","color":"rgba(0,0,0,0.65)"},"_margin":{"unit":"px","top":"0","right":"-80","bottom":"-80","left":"0","isLinked":""},"_z_index":"1","jet_tricks_widget_satellite_text":"Lorem Ipsum","jet_tricks_widget_tooltip_description":"Lorem Ipsum","align_tablet":"right","align_mobile":"right","width_tablet":{"unit":"px","size":"250"},"width_mobile":{"unit":"px","size":"150"},"_margin_tablet":{"unit":"px","top":"0","right":"-50","bottom":"-80","left":"0","isLinked":""},"_margin_mobile":{"unit":"px","top":"0","right":"0","bottom":"0","left":"0","isLinked":""}},"elements":[],"isInner":false,"widgetType":"image","elType":"widget"},{"id":"164718f6","settings":{"space":{"unit":"px","size":"5"},"_margin":{"unit":"px","top":"0","right":"0","bottom":"0","left":"-600","isLinked":""},"_border_border":"solid","_border_width":{"unit":"px","top":"0","right":"0","bottom":"7","left":"0","isLinked":""},"_border_color":"#e09924","jet_tricks_widget_satellite_text":"Lorem Ipsum","jet_tricks_widget_tooltip_description":"Lorem Ipsum","_margin_tablet":{"unit":"px","top":"0","right":"0","bottom":"-20","left":"-300","isLinked":""},"hide_mobile":"hidden-phone"},"elements":[],"isInner":false,"widgetType":"spacer","elType":"widget"}],"isInner":"","elType":"column"},{"id":"7d94d612","settings":{"_column_size":"50","_inline_size":"56.333","_inline_size_tablet":"50"},"elements":[{"id":"301f3c91","settings":{"_margin":{"unit":"px","top":"-100","right":"240","bottom":"40","left":"-50","isLinked":""},"_margin_mobile":{"unit":"px","top":"-100","right":"100","bottom":"0","left":"-10","isLinked":""},"_border_width":{"unit":"px","top":"5","right":"5","bottom":"5","left":"5","isLinked":"1"},"_border_color":"#e09924","jet_tricks_widget_satellite_text":"Lorem Ipsum","jet_tricks_widget_tooltip_description":"Lorem Ipsum","space":{"unit":"px","size":"280"},"_background_background":"classic","_background_color":"#79e1e8","space_tablet":{"unit":"px","size":"150"},"space_mobile":{"unit":"px","size":"200"},"_margin_tablet":{"unit":"px","top":"-80","right":"200","bottom":"0","left":"-30","isLinked":""}},"elements":[],"isInner":false,"widgetType":"spacer","elType":"widget"},{"id":"2134f530","settings":{"image":{"id":15,"url":"http:\/\/localhost\/dieuhau\/wp-content\/uploads\/2020\/10\/gallery-1.png"},"align":"left","width":{"unit":"px","size":"380"},"_margin":{"unit":"px","top":"-260","right":"0","bottom":"0","left":"0","isLinked":""},"jet_tricks_widget_satellite_text":"Lorem Ipsum","jet_tricks_widget_tooltip_description":"Lorem Ipsum","width_tablet":{"unit":"px","size":"280"},"width_mobile":{"unit":"px","size":"250"},"_margin_tablet":{"unit":"px","top":"-130","right":"0","bottom":"0","left":"10","isLinked":""},"_margin_mobile":{"unit":"px","top":"-160","right":"0","bottom":"0","left":"25","isLinked":""}},"elements":[],"isInner":false,"widgetType":"image","elType":"widget"},{"id":"71fbcfde","settings":{"image":{"id":17,"url":"http:\/\/localhost\/dieuhau\/wp-content\/uploads\/2020\/10\/gallery.2-1.png"},"align":"right","width":{"unit":"px","size":"300"},"css_filters_css_filter":"custom","image_box_shadow_box_shadow_type":"yes","image_box_shadow_box_shadow":{"horizontal":"0","vertical":"0","blur":"50","spread":"0","color":"rgba(0,0,0,0.33)"},"_margin":{"unit":"px","top":"50","right":"-40","bottom":"0","left":"0","isLinked":""},"_z_index":"1","jet_tricks_widget_satellite_text":"Lorem Ipsum","jet_tricks_widget_tooltip_description":"Lorem Ipsum","align_mobile":"right","width_tablet":{"unit":"px","size":"230"},"_margin_tablet":{"unit":"px","top":"50","right":"0","bottom":"0","left":"0","isLinked":""}},"elements":[],"isInner":false,"widgetType":"image","elType":"widget"},{"id":"5a306186","settings":{"icon":"fa fa-play","view":"framed","shape":"square","primary_color":"#79e1e8","size":{"unit":"px","size":"26"},"border_width":{"unit":"px","top":"4","right":"4","bottom":"4","left":"4","isLinked":"1"},"_border_width":{"unit":"px","top":"3","right":"3","bottom":"3","left":"3","isLinked":"1"},"_border_color":"#79e1e8","__dynamic__":{"link":"[elementor-tag id=\"15f1125\" name=\"lightbox\" settings=\"%7B%22type%22%3A%22video%22%2C%22video_url%22%3A%22https%3A%2F%2Fwww.youtube.com%2Fwatch%3Fv%3DoRt9DO5OCP0%22%2C%22image%22%3A%7B%22url%22%3A%22http%3A%2F%2Fconference.local%2Fwp-content%2Fuploads%2F2018%2F11%2Fpeople_02-1.png%22%2C%22id%22%3A187%7D%7D\"]"},"align":"right","align_mobile":"right","_margin":{"unit":"px","top":"-150","right":"80","bottom":"0","left":"0","isLinked":""},"_margin_tablet":{"unit":"px","top":"-130","right":"80","bottom":"0","left":"0","isLinked":""},"_z_index":"5"},"elements":[],"isInner":false,"widgetType":"icon","elType":"widget"},{"id":"71248492","settings":{"_margin":{"unit":"px","top":"-30","right":"-80","bottom":"0","left":"430","isLinked":""},"_margin_mobile":{"unit":"px","top":"-40","right":"150","bottom":"0","left":"50","isLinked":""},"_border_border":"solid","_border_width":{"unit":"px","top":"5","right":"5","bottom":"5","left":"5","isLinked":"1"},"_border_color":"#e09924","jet_tricks_widget_satellite_text":"Lorem Ipsum","jet_tricks_widget_tooltip_description":"Lorem Ipsum","space":{"unit":"px","size":"110"},"_border_radius":{"unit":"px","top":"0","right":"0","bottom":"0","left":"0","isLinked":""},"space_mobile":{"unit":"px","size":"110"},"_margin_tablet":{"unit":"px","top":"-60","right":"-15","bottom":"0","left":"250","isLinked":""}},"elements":[],"isInner":false,"widgetType":"spacer","elType":"widget"}],"isInner":"","elType":"column"}],"isInner":"","elType":"section"},{"id":"4ea348d","settings":{"content_width":{"unit":"px","size":"900"},"height":"min-height","custom_height":{"unit":"px","size":""},"background_background":"gradient","background_color":"#000b5e","background_color_b":"#04093f","padding":{"unit":"px","top":"180","right":"0","bottom":"50","left":"0","isLinked":""},"padding_tablet":{"unit":"px","top":"100","right":"10","bottom":"10","left":"10","isLinked":""},"padding_mobile":{"unit":"px","top":"60","right":"0","bottom":"0","left":"0","isLinked":""},"_title":"Reviews","_timestamp_":"v1Smpyb2xHWDFzTnAyd291dVQ4THc0UT09"},"elements":[{"id":"35a3896c","settings":{"_column_size":"100"},"elements":[{"id":"1f3bc729","settings":{"content_width":{"unit":"px","size":"600"}},"elements":[{"id":"5c3f40ad","settings":{"_column_size":"100"},"elements":[{"id":"12c55739","settings":{"image":{"id":21,"url":"http:\/\/localhost\/dieuhau\/wp-content\/uploads\/2020\/10\/icons3-1.png"},"align":"left","width":{"unit":"px","size":"90"},"jet_tricks_widget_satellite_text":"Lorem Ipsum","jet_tricks_widget_tooltip_description":"Lorem Ipsum","image_size":"full","width_mobile":{"unit":"px","size":"60"},"_margin_mobile":{"unit":"px","top":"0","right":"0","bottom":"-50","left":"-10","isLinked":""}},"elements":[],"isInner":false,"widgetType":"image","elType":"widget"},{"id":"ca7c2a5","settings":{"title":"Social","title_color":"rgba(184,40,234,0.65)","typography_typography":"custom","typography_font_size":{"unit":"px","size":"140"},"typography_font_weight":"400","text_shadow_text_shadow_type":"yes","text_shadow_text_shadow":{"horizontal":"0","vertical":"0","blur":"50","color":"rgba(0,0,0,0.61)"},"_margin":{"unit":"px","top":"-90","right":"0","bottom":"40","left":"0","isLinked":""},"align":"center","jet_tricks_widget_satellite_text":"Lorem Ipsum","jet_tricks_widget_tooltip_description":"Lorem Ipsum","typography_font_size_mobile":{"unit":"px","size":"100"},"_margin_mobile":{"unit":"px","top":"0","right":"0","bottom":"0","left":"0","isLinked":"1"},"typography_font_family":"Teko"},"elements":[],"isInner":false,"widgetType":"heading","elType":"widget"},{"id":"1af5cb0d","settings":{"title":"Review","title_color":"#ffc2e9","typography_typography":"custom","typography_font_size":{"unit":"px","size":"160"},"typography_font_weight":"400","text_shadow_text_shadow_type":"yes","text_shadow_text_shadow":{"horizontal":"0","vertical":"-25","blur":"50","color":"rgba(0,0,0,0.61)"},"_margin":{"unit":"px","top":"-105","right":"0","bottom":"-110","left":"0","isLinked":""},"align":"center","jet_tricks_widget_satellite_text":"Lorem Ipsum","jet_tricks_widget_tooltip_description":"Lorem Ipsum","typography_font_size_mobile":{"unit":"px","size":"120"},"_margin_mobile":{"unit":"px","top":"-90","right":"0","bottom":"0","left":"0","isLinked":""},"typography_font_family":"Teko"},"elements":[],"isInner":false,"widgetType":"heading","elType":"widget"},{"id":"621b5be","settings":{"image":{"id":23,"url":"http:\/\/localhost\/dieuhau\/wp-content\/uploads\/2020\/10\/icons2-1.png"},"image_size":"full","align":"right","width":{"unit":"px","size":"100"},"_margin":{"unit":"px","top":"0","right":"-40","bottom":"0","left":"0","isLinked":""},"jet_tricks_widget_satellite_text":"Lorem Ipsum","jet_tricks_widget_tooltip_description":"Lorem Ipsum","width_mobile":{"unit":"px","size":"60"},"_margin_mobile":{"unit":"px","top":"-40","right":"-10","bottom":"0","left":"0","isLinked":""}},"elements":[],"isInner":false,"widgetType":"image","elType":"widget"}],"isInner":"1","elType":"column"}],"isInner":"1","elType":"section"},{"id":"52491642","settings":{"slides":[{"content":"Lorem ipsum dolor sit amet, consectetur adipiscing elit, sed do eiusmod tempor incididunt ut labore et dolore magna aliqua. Congue nisi vitae suscipit tellus. Ipsum suspendisse ultrices gravida dictum fusce ut placerat orci nulla. ","name":"Dave Shapira","title":"Influencer","image":{"id":25,"url":"http:\/\/localhost\/dieuhau\/wp-content\/uploads\/2020\/10\/image_reviews.1-1.jpg"},"_id":"297a33e","rating":"4","social_icon":"fa fa-twitter","__fa4_migrated":{"selected_social_icon":"1"}},{"content":"Nunc vel risus commodo viverra maecenas accumsan. Nec dui nunc mattis enim ut tellus. Lorem ipsum dolor sit amet. Vestibulum sed arcu non odio euismod lacinia. Ipsum consequat nisl vel pretium lectus. Tempor orci dapibus ultrices in iaculis nunc sed.","name":"Delphine Leroy","title":"Brand Ambassador","image":{"id":27,"url":"http:\/\/localhost\/dieuhau\/wp-content\/uploads\/2020\/10\/image_reviews.3-1.jpg"},"_id":"e929c4d","rating":"4.5","social_icon":"fa fa-whatsapp","selected_social_icon":{"value":"fab fa-whatsapp","library":"fa-brands"},"__fa4_migrated":{"selected_social_icon":"1"}},{"content":"Lorem ipsum dolor sit amet, consectetur adipiscing elit, sed do eiusmod tempor incididunt ut labore et dolore Nunc vel risus commodo viverra maecenas accumsan. Nec dui nunc mattis enim ut tellus. Lorem ipsum dolor sit amet.","name":"Eva Rossi","title":"VP Marketing","image":{"id":29,"url":"http:\/\/localhost\/dieuhau\/wp-content\/uploads\/2020\/10\/image_reviews.4-1.jpg"},"_id":"b0b2702","rating":"5","social_icon":"fa fa-tripadvisor","selected_social_icon":{"value":"fab fa-tripadvisor","library":"fa-brands"},"__fa4_migrated":{"selected_social_icon":"1"}},{"content":"Nunc vel risus commodo viverra maecenas accumsan. Nec dui nunc mattis enim ut tellus. Lorem ipsum dolor sit amet.","name":"Thomas Brose","title":"CEO","image":{"id":31,"url":"http:\/\/localhost\/dieuhau\/wp-content\/uploads\/2020\/10\/image_reviews.2-1.jpg"},"_id":"35cb752","rating":"4","social_icon":"fa fa-tripadvisor","selected_social_icon":{"value":"fab fa-tripadvisor","library":"fa-brands"},"__fa4_migrated":{"selected_social_icon":"1"}}],"slides_per_view":"3","slides_to_scroll":"2","width":{"unit":"%","size":"100"},"show_arrows":"","space_between":{"unit":"px","size":"15"},"slide_background_color":"rgba(255,194,233,0.1)","slide_border_size":{"unit":"px","top":"0","right":"0","bottom":"0","left":"0","isLinked":"1"},"slide_border_radius":{"unit":"px","size":"5"},"slide_padding":{"unit":"px","top":"40","right":"30","bottom":"40","left":"30","isLinked":""},"show_separator":"","separator_size":{"unit":"px","size":"0"},"content_gap":{"unit":"px","size":"70"},"header_background_color":"rgba(121,225,232,0.04)","name_color":"#79e1e8","name_typography_typography":"custom","name_typography_font_size":{"unit":"px","size":"18"},"name_typography_line_height":{"unit":"em","size":"1.1"},"title_color":"#ffffff","title_typography_typography":"custom","title_typography_font_size":{"unit":"px","size":"15"},"title_typography_line_height":{"unit":"em","size":"1.4"},"content_color":"rgba(255,255,255,0.84)","content_typography_typography":"custom","content_typography_font_size":{"unit":"px","size":"14"},"image_size":{"unit":"px","size":"50"},"image_gap":{"unit":"px","size":"15"},"icon_color":"custom","icon_custom_color":"#e09924","icon_size":{"unit":"px","size":"20"},"star_size":{"unit":"px","size":"7"},"star_space":{"unit":"px","size":"2"},"stars_color":"#e09924","stars_unmarked_color":"rgba(121,225,232,0.59)","arrows_color":"#e09924","pagination_size":{"unit":"px","size":"5"},"pagination_color":"#e09924","_margin":{"unit":"px","top":"060","right":"0","bottom":"0","left":"0","isLinked":""},"_padding":{"unit":"px","top":"10","right":"10","bottom":"0","left":"10","isLinked":""},"jet_tricks_widget_satellite_text":"Lorem Ipsum","jet_tricks_widget_tooltip_description":"Lorem Ipsum","name_typography_font_weight":"500","slides_per_view_tablet":"2","width_tablet":{"unit":"%","size":"100"},"name_typography_font_family":"Teko","title_typography_font_family":"Teko"},"elements":[],"isInner":false,"widgetType":"reviews","elType":"widget"}],"isInner":"","elType":"column"}],"isInner":"","elType":"section"},{"id":"4d9938f4","settings":{"content_width":{"unit":"px","size":"900"},"background_background":"classic","background_color":"#04093f","margin":{"unit":"px","top":"","right":"0","bottom":"","left":"0","isLinked":"1"},"padding":{"unit":"px","top":"60","right":"0","bottom":"40","left":"0","isLinked":""},"margin_mobile":{"unit":"px","top":"-1","right":"0","bottom":"-1","left":"0","isLinked":"1"},"padding_tablet":{"unit":"px","top":"100","right":"10","bottom":"10","left":"10","isLinked":""},"padding_mobile":{"unit":"px","top":"40","right":"0","bottom":"0","left":"0","isLinked":""},"_title":"Sponsors","_timestamp_":"v1Smpyb2xHWDFzTnAyd291dVQ4THc0UT09"},"elements":[{"id":"6a01cefd","settings":{"_column_size":"100"},"elements":[{"id":"224af91b","settings":{"content_position":"middle","structure":"30"},"elements":[{"id":"343c302c","settings":{"_column_size":"33","_inline_size":"32.727"},"elements":[{"id":"36043a8a","settings":{"title":"Sponsors","title_color":"#79e1e8","typography_typography":"custom","typography_font_size":{"unit":"px","size":"40"},"typography_font_weight":"400","jet_tricks_widget_satellite_text":"Lorem Ipsum","jet_tricks_widget_tooltip_description":"Lorem Ipsum","typography_font_family":"Teko"},"elements":[],"isInner":false,"widgetType":"heading","elType":"widget"}],"isInner":"1","elType":"column"},{"id":"25d8940c","settings":{"_column_size":"33","_inline_size":"35.151"},"elements":[{"id":"a23377b","settings":{"editor":"Lorem ipsum dolor sit amet, consectetur adipiscing elit, sed do eiusmod tempor","text_color":"rgba(255,255,255,0.7)","jet_tricks_widget_satellite_text":"Lorem Ipsum","jet_tricks_widget_tooltip_description":"Lorem Ipsum"},"elements":[],"isInner":false,"widgetType":"text-editor","elType":"widget"}],"isInner":"1","elType":"column"},{"id":"9d28d94","settings":{"_column_size":"33","_inline_size":"32.121"},"elements":[{"id":"20732a1","settings":{"text":"Become a  Sponsor","align":"right","button_text_color":"#ffc2e9","background_color":"rgba(0,0,0,0)","border_border":"solid","border_width":{"unit":"px","top":"2","right":"2","bottom":"2","left":"2","isLinked":"1"},"border_radius":{"unit":"px","top":"50","right":"50","bottom":"50","left":"50","isLinked":"1"},"text_padding":{"unit":"px","top":"15","right":"030","bottom":"15","left":"30","isLinked":""},"_margin":{"unit":"px","top":"0","right":"0","bottom":"0","left":"0","isLinked":""},"jet_tricks_widget_satellite_text":"Lorem Ipsum","jet_tricks_widget_tooltip_description":"Lorem Ipsum","align_mobile":"left","border_color":"#ffc2e9","_margin_mobile":{"unit":"px","top":"0","right":"0","bottom":"0","left":"0","isLinked":""}},"elements":[],"isInner":false,"widgetType":"button","elType":"widget"}],"isInner":"1","elType":"column"}],"isInner":"1","elType":"section"},{"id":"2dc97860","settings":{"margin":{"unit":"px","top":"70","right":"0","bottom":"0","left":"0","isLinked":""},"margin_mobile":{"unit":"px","top":"30","right":"0","bottom":"0","left":"0","isLinked":""}},"elements":[{"id":"90042d9","settings":{"_column_size":"100"},"elements":[{"id":"d7595ea","settings":{"image":{"id":33,"url":"http:\/\/localhost\/dieuhau\/wp-content\/uploads\/2020\/10\/logos-1.png"},"image_size":"full","opacity":{"unit":"px","size":"0.7"},"jet_tricks_widget_satellite_text":"Lorem Ipsum","jet_tricks_widget_tooltip_description":"Lorem Ipsum"},"elements":[],"isInner":false,"widgetType":"image","elType":"widget"}],"isInner":"1","elType":"column"}],"isInner":"1","elType":"section"}],"isInner":"","elType":"column"}],"isInner":"","elType":"section"},{"id":"72888b46","settings":{"content_width":{"unit":"px","size":"900"},"height":"min-height","custom_height":{"unit":"px","size":""},"background_background":"gradient","background_color":"#04093f","background_color_b":"#401688","padding":{"unit":"px","top":"90","right":"0","bottom":"90","left":"0","isLinked":""},"content_position":"middle","z_index":"5","margin_mobile":{"unit":"px","top":"-1","right":"0","bottom":"-1","left":"0","isLinked":"1"},"padding_tablet":{"unit":"px","top":"150","right":"20","bottom":"100","left":"20","isLinked":""},"padding_mobile":{"unit":"px","top":"70","right":"10","bottom":"50","left":"10","isLinked":""},"_title":"Tickets","_timestamp_":"v1Smpyb2xHWDFzTnAyd291dVQ4THc0UT09"},"elements":[{"id":"75890195","settings":{"_column_size":"100","_inline_size":"40"},"elements":[{"id":"722c2ecc","settings":{"_margin":{"unit":"px","top":"0","right":"-90","bottom":"-20","left":"380","isLinked":""},"_margin_mobile":{"unit":"px","top":"0","right":"140","bottom":"-20","left":"0130","isLinked":""},"_border_border":"solid","_border_width":{"unit":"px","top":"5","right":"5","bottom":"5","left":"5","isLinked":"1"},"_border_color":"#e09924","jet_tricks_widget_satellite_text":"Lorem Ipsum","jet_tricks_widget_tooltip_description":"Lorem Ipsum","space":{"unit":"px","size":"40"},"_border_radius":{"unit":"px","top":"0","right":"0","bottom":"0","left":"0","isLinked":""},"space_tablet":{"unit":"px","size":"40"},"_margin_tablet":{"unit":"px","top":"0","right":"-130","bottom":"-20","left":"352","isLinked":""},"_background_background":"classic","_background_color":"#e09924"},"elements":[],"isInner":false,"widgetType":"spacer","elType":"widget"},{"id":"41f5e7e","settings":{"_margin":{"unit":"px","top":"0","right":"-40","bottom":"-80","left":"290","isLinked":""},"_margin_mobile":{"unit":"px","top":"0","right":"40","bottom":"-70","left":"180","isLinked":""},"_border_border":"solid","_border_width":{"unit":"px","top":"5","right":"5","bottom":"5","left":"5","isLinked":"1"},"_border_color":"#b828ea","jet_tricks_widget_satellite_text":"Lorem Ipsum","jet_tricks_widget_tooltip_description":"Lorem Ipsum","space":{"unit":"px","size":"80"},"_border_radius":{"unit":"px","top":"0","right":"0","bottom":"0","left":"0","isLinked":""},"space_tablet":{"unit":"px","size":"80"},"space_mobile":{"unit":"px","size":"90"},"_margin_tablet":{"unit":"px","top":"0","right":"-80","bottom":"-80","left":"260","isLinked":""}},"elements":[],"isInner":false,"widgetType":"spacer","elType":"widget"},{"id":"18c1cf78","settings":{"anchor":"tickets"},"elements":[],"isInner":false,"widgetType":"menu-anchor","elType":"widget"},{"id":"558f7312","settings":{"title":"Tickets","title_color":"#ffc2e9","typography_typography":"custom","typography_font_size":{"unit":"px","size":"150"},"typography_font_weight":"400","text_shadow_text_shadow_type":"yes","text_shadow_text_shadow":{"horizontal":"0","vertical":"10","blur":"50","color":"rgba(0,0,0,0.61)"},"_margin":{"unit":"px","top":"0","right":"0","bottom":"0","left":"0","isLinked":""},"jet_tricks_widget_satellite_text":"Lorem Ipsum","jet_tricks_widget_tooltip_description":"Lorem Ipsum","typography_font_size_mobile":{"unit":"px","size":"100"},"typography_font_family":"Teko"},"elements":[],"isInner":false,"widgetType":"heading","elType":"widget"},{"id":"6d7896f6","settings":{"editor":"<p>Ipsum suspendisse ultrices gravida dictum fusce ut placerat orci nulla.\u00a0<\/p>","text_color":"rgba(255,255,255,0.7)","jet_tricks_widget_satellite_text":"Lorem Ipsum","jet_tricks_widget_tooltip_description":"Lorem Ipsum"},"elements":[],"isInner":false,"widgetType":"text-editor","elType":"widget"},{"id":"2be7820e","settings":{"gap":"no","content_position":"bottom","structure":"20","border_border":"dotted","border_width":{"unit":"px","top":"0","right":"0","bottom":"02","left":"0","isLinked":""},"border_color":"#e09924","margin":{"unit":"px","top":"40","right":"0","bottom":"20","left":"0","isLinked":""},"padding":{"unit":"px","top":"0","right":"0","bottom":"10","left":"0","isLinked":""}},"elements":[{"id":"5741c726","settings":{"_column_size":"50","_inline_size_mobile":"60"},"elements":[{"id":"30b2f226","settings":{"title":"Single","title_color":"#79e1e8","typography_typography":"custom","typography_font_size":{"unit":"px","size":"40"},"typography_font_weight":"400","jet_tricks_widget_satellite_text":"Lorem Ipsum","jet_tricks_widget_tooltip_description":"Lorem Ipsum","typography_font_family":"Teko"},"elements":[],"isInner":false,"widgetType":"heading","elType":"widget"}],"isInner":"1","elType":"column"},{"id":"58b67d87","settings":{"_column_size":"50","_inline_size_mobile":"40"},"elements":[{"id":"44a8e656","settings":{"title":"152$","align":"right","title_color":"#79e1e8","typography_typography":"custom","typography_font_size":{"unit":"px","size":"40"},"typography_font_weight":"400","jet_tricks_widget_satellite_text":"Lorem Ipsum","jet_tricks_widget_tooltip_description":"Lorem Ipsum","typography_font_family":"Teko"},"elements":[],"isInner":false,"widgetType":"heading","elType":"widget"}],"isInner":"1","elType":"column"}],"isInner":"1","elType":"section"},{"id":"769b9662","settings":{"gap":"no","content_position":"bottom","structure":"20","border_border":"dotted","border_width":{"unit":"px","top":"0","right":"0","bottom":"02","left":"0","isLinked":""},"border_color":"#e09924","margin":{"unit":"px","top":"20","right":"0","bottom":"20","left":"0","isLinked":""},"padding":{"unit":"px","top":"0","right":"0","bottom":"10","left":"0","isLinked":""}},"elements":[{"id":"6a5566e4","settings":{"_column_size":"50","_inline_size_mobile":"60"},"elements":[{"id":"6ff065a3","settings":{"title":"Group","title_color":"#79e1e8","typography_typography":"custom","typography_font_size":{"unit":"px","size":"40"},"typography_font_weight":"400","jet_tricks_widget_satellite_text":"Lorem Ipsum","jet_tricks_widget_tooltip_description":"Lorem Ipsum","typography_font_family":"Teko"},"elements":[],"isInner":false,"widgetType":"heading","elType":"widget"},{"id":"4493ac48","settings":{"editor":"<p>Up to 4 tickets<\/p>","text_color":"#ffffff","typography_typography":"custom","typography_font_size":{"unit":"px","size":"13"},"_margin":{"unit":"px","top":"-20","right":"0","bottom":"-20","left":"0","isLinked":""},"jet_tricks_widget_satellite_text":"Lorem Ipsum","jet_tricks_widget_tooltip_description":"Lorem Ipsum","align":"left"},"elements":[],"isInner":false,"widgetType":"text-editor","elType":"widget"}],"isInner":"1","elType":"column"},{"id":"2481e52","settings":{"_column_size":"50","_inline_size_mobile":"40"},"elements":[{"id":"5736eefc","settings":{"title":"130$","align":"right","title_color":"#79e1e8","typography_typography":"custom","typography_font_size":{"unit":"px","size":"40"},"typography_font_weight":"400","jet_tricks_widget_satellite_text":"Lorem Ipsum","jet_tricks_widget_tooltip_description":"Lorem Ipsum","typography_font_family":"Teko"},"elements":[],"isInner":false,"widgetType":"heading","elType":"widget"}],"isInner":"1","elType":"column"}],"isInner":"1","elType":"section"},{"id":"272d363a","settings":{"gap":"no","content_position":"bottom","structure":"20","border_border":"dotted","border_width":{"unit":"px","top":"0","right":"0","bottom":"02","left":"0","isLinked":""},"border_color":"#e09924","margin":{"unit":"px","top":"20","right":"0","bottom":"20","left":"0","isLinked":""},"padding":{"unit":"px","top":"0","right":"0","bottom":"10","left":"0","isLinked":""}},"elements":[{"id":"46b757d4","settings":{"_column_size":"50","_inline_size_mobile":"60"},"elements":[{"id":"6c6b52ae","settings":{"title":"Large Team","title_color":"#79e1e8","typography_typography":"custom","typography_font_size":{"unit":"px","size":"40"},"typography_font_weight":"400","jet_tricks_widget_satellite_text":"Lorem Ipsum","jet_tricks_widget_tooltip_description":"Lorem Ipsum","typography_font_family":"Teko"},"elements":[],"isInner":false,"widgetType":"heading","elType":"widget"},{"id":"5ca86963","settings":{"editor":"<p>5+ tickets<\/p>","text_color":"#ffffff","typography_typography":"custom","typography_font_size":{"unit":"px","size":"13"},"_margin":{"unit":"px","top":"-20","right":"0","bottom":"-20","left":"0","isLinked":""},"jet_tricks_widget_satellite_text":"Lorem Ipsum","jet_tricks_widget_tooltip_description":"Lorem Ipsum","align":"left"},"elements":[],"isInner":false,"widgetType":"text-editor","elType":"widget"}],"isInner":"1","elType":"column"},{"id":"d65a5a7","settings":{"_column_size":"50","_inline_size_mobile":"40"},"elements":[{"id":"4b5f2f32","settings":{"title":"109$","align":"right","title_color":"#79e1e8","typography_typography":"custom","typography_font_size":{"unit":"px","size":"40"},"typography_font_weight":"400","jet_tricks_widget_satellite_text":"Lorem Ipsum","jet_tricks_widget_tooltip_description":"Lorem Ipsum","typography_font_family":"Teko"},"elements":[],"isInner":false,"widgetType":"heading","elType":"widget"}],"isInner":"1","elType":"column"}],"isInner":"1","elType":"section"}],"isInner":"","elType":"column"},{"id":"715adae7","settings":{"_column_size":"100","_inline_size":"60","content_position":"bottom","margin":{"unit":"px","top":"0","right":"0","bottom":"0","left":"150","isLinked":""},"margin_tablet":{"unit":"px","top":"0","right":"0","bottom":"0","left":"80","isLinked":""},"margin_mobile":{"unit":"px","top":"30","right":"0","bottom":"0","left":"0","isLinked":""}},"elements":[{"id":"7fae8957","settings":{"form_name":"RSVP","form_fields":[{"_id":"name","field_label":"First &amp; Last Name","placeholder":"Full Name","min_date":"","max_date":"","rows":"4","file_sizes":"","file_types":"","allow_multiple_upload":"","max_files":"","acceptance_text":"","checked_by_default":"","field_min":"","field_max":"","use_native_date":"","use_native_time":"","custom_id":"name","previous_button":"","next_button":""},{"_id":"email","field_type":"email","required":"true","field_label":"Email Address","placeholder":"Email","min_date":"","max_date":"","rows":"4","file_sizes":"","file_types":"","allow_multiple_upload":"","max_files":"","acceptance_text":"","checked_by_default":"","field_min":"","field_max":"","use_native_date":"","use_native_time":"","custom_id":"email","previous_button":"","next_button":""},{"_id":"message","field_type":"select","field_label":"Choose a Pass","placeholder":"Message","field_value":"Single","min_date":"","max_date":"","field_options":"- Select one -\nSingle \nGroup\nTeam","rows":"4","file_sizes":"","file_types":"","allow_multiple_upload":"","max_files":"","acceptance_text":"","checked_by_default":"","field_min":"","field_max":"","use_native_date":"","use_native_time":"","custom_id":"message","previous_button":"","next_button":""}],"input_size":"md","button_text":"Yes, I'm in!","button_size":"md","button_align":"end","email_content":"[all-fields]","email_content_2":"[all-fields]","success_message":"The form was sent successfully.","error_message":"An error occured.","required_field_message":"This field is required.","invalid_message":"There's something wrong. The form is invalid.","row_gap":{"unit":"px","size":"30"},"label_spacing":{"unit":"px","size":"10"},"label_color":"#79e1e8","field_text_color":"rgba(255,255,255,0.74)","field_background_color":"rgba(255,255,255,0.09)","field_border_width":{"unit":"px","top":"0","right":"0","bottom":"0","left":"0","isLinked":"1"},"field_border_radius":{"unit":"px","top":"0","right":"0","bottom":"0","left":"0","isLinked":"1"},"button_background_color":"#ffc2e9","button_text_color":"#4d16ab","button_border_radius":{"unit":"px","top":"0","right":"0","bottom":"0","left":"0","isLinked":"1"},"button_text_padding":{"unit":"px","top":"0","right":"50","bottom":"0","left":"50","isLinked":""},"_z_index":"1","jet_tricks_widget_satellite_text":"Lorem Ipsum","jet_tricks_widget_tooltip_description":"Lorem Ipsum","button_typography_typography":"custom","button_typography_text_transform":"uppercase","step_next_label":"Next","step_previous_label":"Previous"},"elements":[],"isInner":false,"widgetType":"form","elType":"widget"},{"id":"51f51a57","settings":{"_margin":{"unit":"%","top":"-20","right":"42","bottom":"0","left":"45","isLinked":""},"_margin_mobile":{"unit":"px","top":"-70","right":"0160","bottom":"0","left":"100","isLinked":""},"_border_width":{"unit":"px","top":"3","right":"3","bottom":"3","left":"3","isLinked":"1"},"_border_color":"#79e1e8","jet_tricks_widget_satellite_text":"Lorem Ipsum","jet_tricks_widget_tooltip_description":"Lorem Ipsum","space":{"unit":"px","size":"40"},"_background_background":"classic","_background_color":"rgba(121,225,232,0)","_box_shadow_box_shadow_type":"yes","_box_shadow_box_shadow":{"horizontal":"-10","vertical":"-10","blur":"0","spread":"0","color":"rgba(255,194,233,0.22)"},"space_mobile":{"unit":"px","size":"50"},"_border_border":"solid","hide_mobile":"hidden-phone"},"elements":[],"isInner":false,"widgetType":"spacer","elType":"widget"}],"isInner":"","elType":"column"}],"isInner":"","elType":"section"},{"id":"7d07c5f6","settings":{"content_width":{"unit":"px","size":"900"},"background_background":"classic","background_color":"#04093f","padding":{"unit":"px","top":"100","right":"0","bottom":"150","left":"0","isLinked":""},"padding_tablet":{"unit":"px","top":"100","right":"10","bottom":"100","left":"10","isLinked":""},"padding_mobile":{"unit":"px","top":"50","right":"10","bottom":"80","left":"10","isLinked":""},"_title":"Footer","_timestamp_":"v1Smpyb2xHWDFzTnAyd291dVQ4THc0UT09"},"elements":[{"id":"13502492","settings":{"_column_size":"100"},"elements":[{"id":"6831b4ac","settings":{"gap":"no","content_position":"middle","structure":"40","border_border":"solid","border_width":{"unit":"px","top":"1","right":"0","bottom":"1","left":"0","isLinked":""},"border_color":"rgba(255,194,233,0.52)","margin":{"unit":"px","top":"10","right":"0","bottom":"0","left":"0","isLinked":""},"padding":{"unit":"px","top":"15","right":"0","bottom":"15","left":"0","isLinked":""}},"elements":[{"id":"16362286","settings":{"_column_size":"25","_inline_size_mobile":"50"},"elements":[{"id":"2012bab0","settings":{"title":"Join us","title_color":"#79e1e8","typography_typography":"custom","typography_font_size":{"unit":"px","size":"30"},"typography_font_weight":"400","jet_tricks_widget_satellite_text":"Lorem Ipsum","jet_tricks_widget_tooltip_description":"Lorem Ipsum","typography_font_size_mobile":{"unit":"px","size":"25"},"typography_font_family":"Teko"},"elements":[],"isInner":false,"widgetType":"heading","elType":"widget"}],"isInner":"1","elType":"column"},{"id":"76d89f85","settings":{"_column_size":"25","_inline_size_mobile":"50"},"elements":[{"id":"2ed0edae","settings":{"view":"inline","icon_list":[{"text":"","icon":"fa fa-facebook","_id":"82a600a"},{"text":"","icon":"fa fa-instagram","_id":"94e769d"},{"text":"","icon":"fa fa-twitter","_id":"286ddda"}],"icon_color":"#79e1e8","icon_size":{"unit":"px","size":"20"},"jet_tricks_widget_satellite_text":"Lorem Ipsum","jet_tricks_widget_tooltip_description":"Lorem Ipsum","icon_align_mobile":"right"},"elements":[],"isInner":false,"widgetType":"icon-list","elType":"widget"}],"isInner":"1","elType":"column"},{"id":"652e1b2","settings":{"_column_size":"25","border_border":"solid","border_width":{"unit":"px","top":"0","right":"0","bottom":"0","left":"01","isLinked":""},"border_color":"rgba(255,194,233,0.52)","border_radius":{"unit":"px","top":"0","right":"0","bottom":"0","left":"0","isLinked":""},"_inline_size_mobile":"50","margin_mobile":{"unit":"px","top":"30","right":"0","bottom":"0","left":"0","isLinked":""},"padding_mobile":{"unit":"px","top":"0","right":"0","bottom":"0","left":"0","isLinked":""}},"elements":[{"id":"29bc025","settings":{"title":"info@tokyo.org","title_color":"#79e1e8","typography_typography":"custom","typography_font_size":{"unit":"px","size":"30"},"typography_font_weight":"400","align":"right","jet_tricks_widget_satellite_text":"Lorem Ipsum","jet_tricks_widget_tooltip_description":"Lorem Ipsum","align_mobile":"left","typography_font_size_mobile":{"unit":"px","size":"25"},"typography_font_family":"Teko"},"elements":[],"isInner":false,"widgetType":"heading","elType":"widget"}],"isInner":"1","elType":"column"},{"id":"a5a3562","settings":{"_column_size":"25","_inline_size_mobile":"50","margin_mobile":{"unit":"px","top":"30","right":"0","bottom":"0","left":"0","isLinked":""}},"elements":[{"id":"3479de8e","settings":{"title":"+953.329.6969.669","title_color":"#79e1e8","typography_typography":"custom","typography_font_size":{"unit":"px","size":"30"},"typography_font_weight":"400","align":"right","jet_tricks_widget_satellite_text":"Lorem Ipsum","jet_tricks_widget_tooltip_description":"Lorem Ipsum","typography_font_size_mobile":{"unit":"px","size":"25"},"typography_font_family":"Teko"},"elements":[],"isInner":false,"widgetType":"heading","elType":"widget"}],"isInner":"1","elType":"column"}],"isInner":"1","elType":"section"}],"isInner":"","elType":"column"}],"isInner":"","elType":"section"},{"id":"7a9e7483","settings":{"layout":"full_width","margin":{"unit":"px","top":"-100","right":"0","bottom":"0","left":"0","isLinked":""},"padding":{"unit":"px","top":"15","right":"15","bottom":"15","left":"15","isLinked":"1"},"z_index":"3","sticky":"bottom","margin_mobile":{"unit":"px","top":"-60","right":"0","bottom":"0","left":"0","isLinked":""},"padding_mobile":{"unit":"px","top":"0","right":"0","bottom":"0","left":"0","isLinked":"1"},"_title":"Float Button","_timestamp_":"v1Smpyb2xHWDFzTnAyd291dVQ4THc0UT09"},"elements":[{"id":"2c5409c4","settings":{"_column_size":"100"},"elements":[{"id":"2ea014e8","settings":{"text":"Buy a Pass","align":"left","button_text_color":"#ffffff","background_color":"#b828ea","border_width":{"unit":"px","top":"2","right":"2","bottom":"2","left":"2","isLinked":"1"},"border_radius":{"unit":"px","top":"50","right":"50","bottom":"50","left":"50","isLinked":"1"},"text_padding":{"unit":"px","top":"10","right":"35","bottom":"10","left":"35","isLinked":""},"_margin":{"unit":"px","top":"0","right":"0","bottom":"0","left":"0","isLinked":""},"link":{"url":"#tickets","is_external":"","nofollow":""},"typography_typography":"custom","typography_font_family":"Teko","typography_font_size":{"unit":"px","size":"25"},"typography_font_weight":"400","button_box_shadow_box_shadow_type":"yes","button_box_shadow_box_shadow":{"horizontal":"10","vertical":"10","blur":"30","spread":"0","color":"rgba(0,0,0,0.48)"},"size":"xs","jet_tricks_widget_satellite_text":"Lorem Ipsum","jet_tricks_widget_tooltip_description":"Lorem Ipsum","typography_font_size_mobile":{"unit":"px","size":"20"},"text_padding_mobile":{"unit":"px","top":"10","right":"25","bottom":"10","left":"25","isLinked":""}},"elements":[],"isInner":false,"widgetType":"button","elType":"widget"}],"isInner":"","elType":"column"}],"isInner":"","elType":"section"}]}