{"version":"0.4","title":"FlooringCompany-Services-page","type":"page","content":[{"id":"3489bda5","settings":{"layout":"full_width","gap":"no","height":"min-height","custom_height":{"unit":"vh","size":"60","sizes":[]},"column_position":"stretch","content_position":"bottom","structure":"32","_title":"Hero","_timestamp_":"v1Smpyb2xHWDFzTnAyd291dVQ4THc0UT09"},"elements":[{"id":"2986fc4e","settings":{"_column_size":"50","_inline_size":"70","background_background":"classic","background_color":"#6C7C69","padding":{"unit":"%","top":"0","right":"25","bottom":"15","left":"10","isLinked":""},"_inline_size_tablet":"88","margin_tablet":{"unit":"%","top":"","right":"","bottom":"","left":"","isLinked":"1"},"padding_tablet":{"unit":"%","top":"25","right":"5","bottom":"45","left":"10","isLinked":""},"padding_mobile":{"unit":"%","top":"30","right":"5","bottom":"30","left":"10","isLinked":""}},"elements":[{"id":"5c9ade08","settings":{"title":"Our Services","header_size":"h1","title_color":"#FFFFFF","typography_typography":"custom","typography_font_family":"Playfair Display","typography_font_size":{"unit":"px","size":"80","sizes":[]},"typography_font_size_tablet":{"unit":"px","size":"56","sizes":[]},"typography_font_size_mobile":{"unit":"px","size":"38","sizes":[]},"typography_font_weight":"700","typography_text_transform":"capitalize","typography_line_height":{"unit":"px","size":"80","sizes":[]},"typography_line_height_tablet":{"unit":"px","size":"56","sizes":[]},"typography_line_height_mobile":{"unit":"px","size":"42","sizes":[]},"typography_letter_spacing":{"unit":"px","size":"-2.25","sizes":[]}},"elements":[],"isInner":false,"widgetType":"heading","elType":"widget"},{"id":"1867d233","settings":{"title":"Beautiful and professional flooring solutions","header_size":"h6","_margin":{"unit":"%","top":"1","right":"0","bottom":"0","left":"0","isLinked":""},"title_color":"#FFFFFF","typography_typography":"custom","typography_font_family":"Helvetica","typography_font_size":{"unit":"px","size":"18","sizes":[]},"typography_font_size_tablet":{"unit":"px","size":"16","sizes":[]},"typography_font_size_mobile":{"unit":"px","size":"14","sizes":[]},"typography_font_weight":"300","typography_line_height":{"unit":"px","size":"22","sizes":[]},"typography_letter_spacing":{"unit":"px","size":"1.5","sizes":[]}},"elements":[],"isInner":false,"widgetType":"heading","elType":"widget"}],"isInner":"","elType":"column"},{"id":"116925bf","settings":{"_column_size":"25","_inline_size":"23","margin":{"unit":"%","top":"0","right":"10","bottom":"0","left":"0","isLinked":""},"_inline_size_tablet":"100","margin_tablet":{"unit":"%","top":"0","right":"5","bottom":"0","left":"0","isLinked":""},"margin_mobile":{"unit":"%","top":"0","right":"5","bottom":"0","left":"0","isLinked":""},"padding_tablet":{"unit":"%","top":"","right":"","bottom":"","left":"","isLinked":"1"},"padding":{"unit":"%","top":"","right":"","bottom":"","left":"","isLinked":"1"}},"elements":[{"id":"3f6195a6","settings":{"image":{"id":31,"url":"http:\/\/localhost\/dieuhau\/wp-content\/uploads\/2020\/10\/ServicesPage-Hero.jpg"},"image_size":"full","_margin":{"unit":"%","top":"0","right":"0","bottom":"-35","left":"-130","isLinked":""},"_margin_tablet":{"unit":"%","top":"-30","right":"0","bottom":"0","left":"22","isLinked":""},"_margin_mobile":{"unit":"%","top":"-20","right":"0","bottom":"0","left":"15","isLinked":""}},"elements":[],"isInner":false,"widgetType":"image","elType":"widget"}],"isInner":"","elType":"column"},{"id":"1f1d0b41","settings":{"_column_size":"25","_inline_size":"7","_inline_size_tablet":"100","align_tablet":"flex-end","margin":{"unit":"%","top":"","right":"","bottom":"","left":"","isLinked":"1"},"margin_tablet":{"unit":"%","top":"5","right":"0","bottom":"0","left":"0","isLinked":""},"padding":{"unit":"%","top":"","right":"","bottom":"","left":"","isLinked":"1"}},"elements":[{"id":"23c87c7b","settings":{"space":{"unit":"px","size":"308","sizes":[]},"_background_background":"classic","_background_color":"#6C7C69","_element_custom_width":{"unit":"px","size":"138","sizes":[]},"_offset_x":{"unit":"%","size":"0","sizes":[]},"_offset_y":{"unit":"%","size":"","sizes":[]},"_element_custom_width_tablet":{"unit":"px","size":"36","sizes":[]},"_offset_orientation_v":"end","_element_width_mobile":"initial","_element_custom_width_mobile":{"unit":"px","size":"30","sizes":[]},"space_tablet":{"unit":"px","size":"180","sizes":[]},"space_mobile":{"unit":"px","size":"55","sizes":[]},"_margin":{"unit":"%","top":"0","right":"0","bottom":"-280","left":"0","isLinked":""},"_margin_mobile":{"unit":"%","top":"","right":"","bottom":"","left":"","isLinked":"1"},"_animation":"fadeInRight","animation_duration":"slow","_element_width_tablet":"initial","_offset_orientation_h":"end","_offset_x_end":{"unit":"%","size":"0","sizes":[]}},"elements":[],"isInner":false,"widgetType":"spacer","elType":"widget"}],"isInner":"","elType":"column"}],"isInner":"","elType":"section"},{"id":"6d8cb76b","settings":{"margin":{"unit":"%","top":"20","right":"0","bottom":"0","left":"0","isLinked":""},"padding_tablet":{"unit":"%","top":"0","right":"3","bottom":"0","left":"3","isLinked":""},"margin_tablet":{"unit":"%","top":"20","right":"0","bottom":"0","left":"0","isLinked":""},"margin_mobile":{"unit":"%","top":"20","right":"0","bottom":"0","left":"0","isLinked":""},"_title":"Services","gap":"wider","structure":"30","padding":{"unit":"%","top":"","right":"","bottom":"","left":"","isLinked":"1"},"content_width":{"unit":"px","size":"1400","sizes":[]},"_timestamp_":"v1Smpyb2xHWDFzTnAyd291dVQ4THc0UT09"},"elements":[{"id":"2911f16c","settings":{"_column_size":"33","_inline_size_mobile":"100"},"elements":[{"id":"763e184e","settings":{"space":{"unit":"px","size":"43","sizes":[]},"_background_background":"classic","_background_color":"rgba(108, 124, 105, 0.26)","_element_width":"initial","_element_custom_width":{"unit":"px","size":"43","sizes":[]},"_position":"absolute","_offset_x":{"unit":"px","size":"160","sizes":[]},"_offset_y":{"unit":"px","size":"-5","sizes":[]},"_offset_x_tablet":{"unit":"px","size":"50","sizes":[]},"_offset_x_mobile":{"unit":"px","size":"105","sizes":[]},"motion_fx_motion_fx_scrolling":"yes","motion_fx_blur_level":{"unit":"px","size":"15","sizes":[]},"motion_fx_blur_range":{"unit":"%","size":"","sizes":{"start":"0","end":"49"}},"motion_fx_scale_effect":"yes","motion_fx_scale_direction":"in-out","motion_fx_scale_speed":{"unit":"px","size":"-10","sizes":[]},"motion_fx_scale_range":{"unit":"%","size":"","sizes":{"start":"0","end":"40"}},"motion_fx_transform_origin_x":"right","motion_fx_transform_origin_y":"bottom","motion_fx_mouseTrack_effect":"yes","motion_fx_mouseTrack_speed":{"unit":"px","size":"0.1","sizes":[]},"motion_fx_tilt_direction":"negative","_element_custom_width_tablet":{"unit":"px","size":"33","sizes":[]}},"elements":[],"isInner":false,"widgetType":"spacer","elType":"widget"},{"id":"217735d3","settings":{"title_text":"Flooring Installation","description_text":"Lorem ipsum dolor sit amet, te has solet postea. Voluptua quaestio dissentias has ex, no eum aliquid tibique petentium, agam mucius liberavisse eos id. ","_z_index":"2","selected_icon":{"value":{"id":32,"url":"http:\/\/localhost\/dieuhau\/wp-content\/uploads\/2020\/10\/Flooring_Installation.svg"},"library":"svg"},"primary_color":"#6C7C69","icon_space":{"unit":"px","size":"20","sizes":[]},"icon_size":{"unit":"px","size":"50","sizes":[]},"title_size":"h2","title_color":"#6C7C69","title_typography_typography":"custom","title_typography_font_family":"Playfair Display","title_typography_font_size":{"unit":"px","size":"40","sizes":[]},"title_typography_font_size_tablet":{"unit":"px","size":"32","sizes":[]},"title_typography_font_size_mobile":{"unit":"px","size":"28","sizes":[]},"title_typography_font_weight":"400","title_typography_text_transform":"capitalize","title_typography_line_height":{"unit":"px","size":"44","sizes":[]},"title_typography_line_height_tablet":{"unit":"px","size":"36","sizes":[]},"title_typography_line_height_mobile":{"unit":"px","size":"32","sizes":[]},"title_typography_letter_spacing":{"unit":"px","size":"-1.13","sizes":[]},"description_color":"#000000","description_typography_typography":"custom","description_typography_font_family":"Helvetica","description_typography_font_size":{"unit":"px","size":"16","sizes":[]},"description_typography_font_size_tablet":{"unit":"px","size":"14","sizes":[]},"description_typography_font_weight":"300","description_typography_line_height":{"unit":"px","size":"22","sizes":[]},"description_typography_line_height_tablet":{"unit":"px","size":"20","sizes":[]},"description_typography_line_height_mobile":{"unit":"px","size":"","sizes":[]},"description_typography_letter_spacing":{"unit":"px","size":"0","sizes":[]}},"elements":[],"isInner":false,"widgetType":"icon-box","elType":"widget"}],"isInner":"","elType":"column"},{"id":"2e5ca2be","settings":{"_column_size":"33","_inline_size_mobile":"100","margin_mobile":{"unit":"%","top":"10","right":"0","bottom":"0","left":"0","isLinked":""}},"elements":[{"id":"56e0004d","settings":{"space":{"unit":"px","size":"43","sizes":[]},"_background_background":"classic","_background_color":"rgba(108, 124, 105, 0.26)","_element_width":"initial","_element_custom_width":{"unit":"px","size":"43","sizes":[]},"_position":"absolute","_offset_x":{"unit":"px","size":"170","sizes":[]},"_offset_x_tablet":{"unit":"px","size":"60","sizes":[]},"_offset_x_mobile":{"unit":"px","size":"110","sizes":[]},"motion_fx_motion_fx_scrolling":"yes","motion_fx_blur_level":{"unit":"px","size":"15","sizes":[]},"motion_fx_blur_range":{"unit":"%","size":"","sizes":{"start":"0","end":"49"}},"motion_fx_scale_effect":"yes","motion_fx_scale_direction":"in-out","motion_fx_scale_speed":{"unit":"px","size":"-10","sizes":[]},"motion_fx_scale_range":{"unit":"%","size":"","sizes":{"start":"0","end":"40"}},"motion_fx_transform_origin_x":"right","motion_fx_transform_origin_y":"bottom","motion_fx_mouseTrack_effect":"yes","motion_fx_mouseTrack_speed":{"unit":"px","size":"0.1","sizes":[]},"motion_fx_tilt_direction":"negative","_element_custom_width_tablet":{"unit":"px","size":"33","sizes":[]}},"elements":[],"isInner":false,"widgetType":"spacer","elType":"widget"},{"id":"7f5d72ce","settings":{"title_text":"Flooring Repair","description_text":"Lorem ipsum dolor sit amet, te has solet postea. Voluptua quaestio dissentias has ex, no eum aliquid tibique petentium, agam mucius liberavisse eos id. ","_z_index":"2","selected_icon":{"value":{"id":33,"url":"http:\/\/localhost\/dieuhau\/wp-content\/uploads\/2020\/10\/Flooring_Repair.svg"},"library":"svg"},"primary_color":"#6C7C69","icon_space":{"unit":"px","size":"20","sizes":[]},"icon_size":{"unit":"px","size":"50","sizes":[]},"title_size":"h2","title_color":"#6C7C69","title_typography_typography":"custom","title_typography_font_family":"Playfair Display","title_typography_font_size":{"unit":"px","size":"40","sizes":[]},"title_typography_font_size_tablet":{"unit":"px","size":"32","sizes":[]},"title_typography_font_size_mobile":{"unit":"px","size":"28","sizes":[]},"title_typography_font_weight":"400","title_typography_text_transform":"capitalize","title_typography_line_height":{"unit":"px","size":"44","sizes":[]},"title_typography_line_height_tablet":{"unit":"px","size":"36","sizes":[]},"title_typography_line_height_mobile":{"unit":"px","size":"32","sizes":[]},"title_typography_letter_spacing":{"unit":"px","size":"-1.13","sizes":[]},"description_color":"#000000","description_typography_typography":"custom","description_typography_font_family":"Helvetica","description_typography_font_size":{"unit":"px","size":"16","sizes":[]},"description_typography_font_size_tablet":{"unit":"px","size":"14","sizes":[]},"description_typography_font_weight":"300","description_typography_line_height":{"unit":"px","size":"22","sizes":[]},"description_typography_line_height_tablet":{"unit":"px","size":"20","sizes":[]},"description_typography_line_height_mobile":{"unit":"px","size":"","sizes":[]},"description_typography_letter_spacing":{"unit":"px","size":"0","sizes":[]}},"elements":[],"isInner":false,"widgetType":"icon-box","elType":"widget"}],"isInner":"","elType":"column"},{"id":"3143e2e7","settings":{"_column_size":"33","_inline_size_mobile":"100","margin_mobile":{"unit":"%","top":"10","right":"0","bottom":"0","left":"0","isLinked":""}},"elements":[{"id":"398a2a78","settings":{"space":{"unit":"px","size":"43","sizes":[]},"_background_background":"classic","_background_color":"rgba(108, 124, 105, 0.26)","_element_width":"initial","_element_custom_width":{"unit":"px","size":"43","sizes":[]},"_position":"absolute","_offset_x":{"unit":"px","size":"160","sizes":[]},"_offset_y":{"unit":"px","size":"-5","sizes":[]},"_offset_x_tablet":{"unit":"px","size":"50","sizes":[]},"_offset_x_mobile":{"unit":"px","size":"28","sizes":[]},"motion_fx_motion_fx_scrolling":"yes","motion_fx_blur_level":{"unit":"px","size":"15","sizes":[]},"motion_fx_blur_range":{"unit":"%","size":"","sizes":{"start":"0","end":"49"}},"motion_fx_scale_effect":"yes","motion_fx_scale_direction":"in-out","motion_fx_scale_speed":{"unit":"px","size":"-10","sizes":[]},"motion_fx_scale_range":{"unit":"%","size":"","sizes":{"start":"0","end":"40"}},"motion_fx_transform_origin_x":"right","motion_fx_transform_origin_y":"bottom","motion_fx_mouseTrack_effect":"yes","motion_fx_mouseTrack_speed":{"unit":"px","size":"0.1","sizes":[]},"motion_fx_tilt_direction":"negative","_element_custom_width_tablet":{"unit":"px","size":"33","sizes":[]},"_offset_orientation_h":"end","_offset_x_end":{"unit":"px","size":"160","sizes":[]},"_offset_x_end_tablet":{"unit":"px","size":"60","sizes":[]},"_offset_x_end_mobile":{"unit":"px","size":"110","sizes":[]}},"elements":[],"isInner":false,"widgetType":"spacer","elType":"widget"},{"id":"6ccb2a74","settings":{"title_text":"Sanding &amp; Refinishing","description_text":"Lorem ipsum dolor sit amet, te has solet postea. Voluptua quaestio dissentias has ex, no eum aliquid tibique petentium, agam mucius liberavisse eos id. ","_z_index":"2","selected_icon":{"value":{"id":34,"url":"http:\/\/localhost\/dieuhau\/wp-content\/uploads\/2020\/10\/Sanding_Refinishing-020820.svg"},"library":"svg"},"primary_color":"#6C7C69","icon_space":{"unit":"px","size":"20","sizes":[]},"icon_size":{"unit":"px","size":"50","sizes":[]},"title_size":"h2","title_color":"#6C7C69","title_typography_typography":"custom","title_typography_font_family":"Playfair Display","title_typography_font_size":{"unit":"px","size":"40","sizes":[]},"title_typography_font_size_tablet":{"unit":"px","size":"32","sizes":[]},"title_typography_font_size_mobile":{"unit":"px","size":"28","sizes":[]},"title_typography_font_weight":"400","title_typography_text_transform":"capitalize","title_typography_line_height":{"unit":"px","size":"44","sizes":[]},"title_typography_line_height_tablet":{"unit":"px","size":"36","sizes":[]},"title_typography_line_height_mobile":{"unit":"px","size":"32","sizes":[]},"title_typography_letter_spacing":{"unit":"px","size":"-1.13","sizes":[]},"description_color":"#000000","description_typography_typography":"custom","description_typography_font_family":"Helvetica","description_typography_font_size":{"unit":"px","size":"16","sizes":[]},"description_typography_font_size_tablet":{"unit":"px","size":"14","sizes":[]},"description_typography_font_weight":"300","description_typography_line_height":{"unit":"px","size":"22","sizes":[]},"description_typography_line_height_tablet":{"unit":"px","size":"20","sizes":[]},"description_typography_line_height_mobile":{"unit":"px","size":"","sizes":[]},"description_typography_letter_spacing":{"unit":"px","size":"0","sizes":[]}},"elements":[],"isInner":false,"widgetType":"icon-box","elType":"widget"}],"isInner":"","elType":"column"}],"isInner":"","elType":"section"},{"id":"e46d77c","settings":{"content_width":{"unit":"px","size":"640","sizes":[]},"margin":{"unit":"%","top":"15","right":"0","bottom":"0","left":"0","isLinked":""},"margin_tablet":{"unit":"%","top":"20","right":"0","bottom":"0","left":"0","isLinked":""},"margin_mobile":{"unit":"%","top":"30","right":"0","bottom":"0","left":"0","isLinked":""},"_title":"2 year warranty","_timestamp_":"v1Smpyb2xHWDFzTnAyd291dVQ4THc0UT09"},"elements":[{"id":"5c2c7cc2","settings":{"_column_size":"100"},"elements":[{"id":"1f42d9ec","settings":{"title":"2 year warranty\n","align":"center","typography_typography":"custom","typography_font_weight":"700","_margin":{"unit":"px","top":"0","right":"0","bottom":"-12","left":"0","isLinked":""},"_z_index":"2","title_color":"#6C7C69","typography_font_family":"Playfair Display","typography_font_size":{"unit":"px","size":"40","sizes":[]},"typography_font_size_tablet":{"unit":"px","size":"32","sizes":[]},"typography_font_size_mobile":{"unit":"px","size":"28","sizes":[]},"typography_text_transform":"capitalize","typography_line_height":{"unit":"px","size":"44","sizes":[]},"typography_line_height_tablet":{"unit":"px","size":"36","sizes":[]},"typography_line_height_mobile":{"unit":"px","size":"32","sizes":[]},"typography_letter_spacing":{"unit":"px","size":"-1.13","sizes":[]}},"elements":[],"isInner":false,"widgetType":"heading","elType":"widget"},{"id":"67823eb8","settings":{"space":{"unit":"px","size":"140","sizes":[]},"_background_background":"classic","_background_color":"#F2EAE3","_element_width":"initial","_element_custom_width":{"unit":"px","size":"255","sizes":[]},"_position":"absolute","_offset_x":{"unit":"px","size":"","sizes":[]},"_offset_y":{"unit":"px","size":"62","sizes":[]},"_offset_orientation_h":"end","_offset_x_end":{"unit":"px","size":"-130","sizes":[]},"_element_width_tablet":"initial","_element_custom_width_tablet":{"unit":"px","size":"184","sizes":[]},"_offset_x_end_tablet":{"unit":"px","size":"-15","sizes":[]},"_offset_x_end_mobile":{"unit":"px","size":"-5","sizes":[]},"_offset_y_tablet":{"unit":"px","size":"-260","sizes":[]},"space_mobile":{"unit":"px","size":"100","sizes":[]},"_element_custom_width_mobile":{"unit":"px","size":"162","sizes":[]},"_offset_y_mobile":{"unit":"px","size":"-92","sizes":[]},"_offset_orientation_v":"end","_offset_y_end":{"unit":"px","size":"-40","sizes":[]},"_offset_y_end_tablet":{"unit":"px","size":"-10","sizes":[]},"_offset_y_end_mobile":{"unit":"px","size":"-50","sizes":[]}},"elements":[],"isInner":false,"widgetType":"spacer","elType":"widget"},{"id":"30f6973c","settings":{"space":{"unit":"px","size":"140","sizes":[]},"_background_background":"classic","_background_color":"#F2EAE3","_element_width":"initial","_element_custom_width":{"unit":"px","size":"255","sizes":[]},"_position":"absolute","_offset_x":{"unit":"px","size":"-50","sizes":[]},"_offset_y":{"unit":"px","size":"-70","sizes":[]},"_offset_x_end":{"unit":"px","size":"-60","sizes":[]},"_element_custom_width_tablet":{"unit":"px","size":"184","sizes":[]},"_offset_x_end_tablet":{"unit":"px","size":"-15","sizes":[]},"_offset_x_end_mobile":{"unit":"px","size":"-10","sizes":[]},"space_mobile":{"unit":"px","size":"95","sizes":[]},"_element_width_mobile":"initial","_element_custom_width_mobile":{"unit":"px","size":"117","sizes":[]},"_offset_y_mobile":{"unit":"px","size":"-30","sizes":[]},"_offset_x_tablet":{"unit":"px","size":"-10","sizes":[]},"_offset_y_end":{"unit":"px","size":"-80","sizes":[]}},"elements":[],"isInner":false,"widgetType":"spacer","elType":"widget"},{"id":"105f0fbc","settings":{"title":"for all of our services","header_size":"h5","align":"center","_z_index":"2","title_color":"#6C7C69","typography_typography":"custom","typography_font_family":"Playfair Display","typography_font_size":{"unit":"px","size":"18","sizes":[]},"typography_font_weight":"400","typography_text_transform":"capitalize","typography_line_height":{"unit":"px","size":"19","sizes":[]},"typography_letter_spacing":{"unit":"px","size":"-0.51","sizes":[]}},"elements":[],"isInner":false,"widgetType":"heading","elType":"widget"},{"id":"2a422746","settings":{"editor":"<p>Lorem ipsum dolor sit amet, te has solet postea. Voluptua quaestio dissentias has ex, no eum aliquid tibique petentium, agam mucius liberavisse eos id. Ut sea accumsan interpretaris, viderer pertinax repudiandae ne ius, qui ne porro insolens instructior.<\/p>","align":"center","_z_index":"2","text_color":"#000000","typography_typography":"custom","typography_font_family":"Helvetica","typography_font_size":{"unit":"px","size":"16","sizes":[]},"typography_font_size_tablet":{"unit":"px","size":"14","sizes":[]},"typography_font_weight":"300","typography_line_height":{"unit":"px","size":"22","sizes":[]},"typography_line_height_tablet":{"unit":"px","size":"20","sizes":[]},"typography_letter_spacing":{"unit":"px","size":"0","sizes":[]}},"elements":[],"isInner":false,"widgetType":"text-editor","elType":"widget"}],"isInner":"","elType":"column"}],"isInner":"","elType":"section"},{"id":"7fa27faf","settings":{"layout":"full_width","gap":"no","structure":"20","margin":{"unit":"%","top":"15","right":"0","bottom":"0","left":"0","isLinked":""},"margin_tablet":{"unit":"%","top":"20","right":"0","bottom":"20","left":"0","isLinked":"1"},"margin_mobile":{"unit":"%","top":"40","right":"0","bottom":"0","left":"0","isLinked":""},"padding":{"unit":"%","top":"0","right":"7","bottom":"0","left":"7","isLinked":""},"reverse_order_tablet":"reverse-tablet","reverse_order_mobile":"reverse-mobile","_title":"Hardwood Flooring","_timestamp_":"v1Smpyb2xHWDFzTnAyd291dVQ4THc0UT09"},"elements":[{"id":"28257d9f","settings":{"_column_size":"50","_inline_size_tablet":"100","space_between_widgets":"10","margin":{"unit":"%","top":"","right":"","bottom":"","left":"","isLinked":"1"},"margin_tablet":{"unit":"%","top":"10","right":"0","bottom":"0","left":"0","isLinked":""},"padding":{"unit":"%","top":"0","right":"20","bottom":"0","left":"0","isLinked":""},"padding_mobile":{"unit":"px","top":"0","right":"0","bottom":"0","left":"0","isLinked":""}},"elements":[{"id":"7127c1bb","settings":{"title":"Hardwood Flooring","_margin":{"unit":"%","top":"0","right":"0","bottom":"3","left":"0","isLinked":""},"_margin_mobile":{"unit":"%","top":"0","right":"0","bottom":"5","left":"0","isLinked":""},"title_color":"#6C7C69","typography_typography":"custom","typography_font_family":"Playfair Display","typography_font_size":{"unit":"px","size":"40","sizes":[]},"typography_font_size_tablet":{"unit":"px","size":"32","sizes":[]},"typography_font_size_mobile":{"unit":"px","size":"28","sizes":[]},"typography_font_weight":"400","typography_text_transform":"capitalize","typography_line_height":{"unit":"px","size":"44","sizes":[]},"typography_line_height_tablet":{"unit":"px","size":"36","sizes":[]},"typography_line_height_mobile":{"unit":"px","size":"32","sizes":[]},"typography_letter_spacing":{"unit":"px","size":"-1.13","sizes":[]}},"elements":[],"isInner":false,"widgetType":"heading","elType":"widget"},{"id":"4e9784c","settings":{"title":"Hardwood types","header_size":"h5","title_color":"#6C7C69","typography_typography":"custom","typography_font_family":"Playfair Display","typography_font_size":{"unit":"px","size":"18","sizes":[]},"typography_font_weight":"400","typography_text_transform":"capitalize","typography_line_height":{"unit":"px","size":"19","sizes":[]},"typography_letter_spacing":{"unit":"px","size":"-0.51","sizes":[]},"_z_index":"2"},"elements":[],"isInner":false,"widgetType":"heading","elType":"widget"},{"id":"5ba47b8e","settings":{"editor":"<p>Lorem ipsum dolor sit amet, te has solet postea. Voluptua quaestio dissentias has ex, no interpretaris, viderer pertinax repudiandae ne ius, qui ne porro insolens instructior.<\/p>","text_color":"#000000","typography_typography":"custom","typography_font_family":"Helvetica","typography_font_size":{"unit":"px","size":"16","sizes":[]},"typography_font_size_tablet":{"unit":"px","size":"14","sizes":[]},"typography_font_weight":"300","typography_line_height":{"unit":"px","size":"22","sizes":[]},"typography_line_height_tablet":{"unit":"px","size":"20","sizes":[]},"typography_letter_spacing":{"unit":"px","size":"0","sizes":[]}},"elements":[],"isInner":false,"widgetType":"text-editor","elType":"widget"},{"id":"54df813e","settings":{"title":"Installation process","header_size":"h5","title_color":"#6C7C69","typography_typography":"custom","typography_font_family":"Playfair Display","typography_font_size":{"unit":"px","size":"18","sizes":[]},"typography_font_weight":"400","typography_text_transform":"capitalize","typography_line_height":{"unit":"px","size":"19","sizes":[]},"typography_letter_spacing":{"unit":"px","size":"-0.51","sizes":[]},"_z_index":"2"},"elements":[],"isInner":false,"widgetType":"heading","elType":"widget"},{"id":"19350f94","settings":{"editor":"<p>Lorem ipsum dolor sit amet, te has solet postea. Voluptua quaestio dissentias has ex, no interpretaris, viderer pertinax repudiandae ne ius, qui ne porro insolens instructior.<\/p>","text_color":"#000000","typography_typography":"custom","typography_font_family":"Helvetica","typography_font_size":{"unit":"px","size":"16","sizes":[]},"typography_font_size_tablet":{"unit":"px","size":"14","sizes":[]},"typography_font_weight":"300","typography_line_height":{"unit":"px","size":"22","sizes":[]},"typography_line_height_tablet":{"unit":"px","size":"20","sizes":[]},"typography_letter_spacing":{"unit":"px","size":"0","sizes":[]}},"elements":[],"isInner":false,"widgetType":"text-editor","elType":"widget"},{"id":"8cdc8ab","settings":{"title":"Care and Maintenance","header_size":"h5","title_color":"#6C7C69","typography_typography":"custom","typography_font_family":"Playfair Display","typography_font_size":{"unit":"px","size":"18","sizes":[]},"typography_font_weight":"400","typography_text_transform":"capitalize","typography_line_height":{"unit":"px","size":"19","sizes":[]},"typography_letter_spacing":{"unit":"px","size":"-0.51","sizes":[]},"_z_index":"2"},"elements":[],"isInner":false,"widgetType":"heading","elType":"widget"},{"id":"5d38af2b","settings":{"editor":"<p>Lorem ipsum dolor sit amet, te has solet postea. Voluptua quaestio dissentias has ex, no interpretaris, viderer pertinax repudiandae ne ius, qui ne porro insolens instructior.<\/p>","text_color":"#000000","typography_typography":"custom","typography_font_family":"Helvetica","typography_font_size":{"unit":"px","size":"16","sizes":[]},"typography_font_size_tablet":{"unit":"px","size":"14","sizes":[]},"typography_font_weight":"300","typography_line_height":{"unit":"px","size":"22","sizes":[]},"typography_line_height_tablet":{"unit":"px","size":"20","sizes":[]},"typography_letter_spacing":{"unit":"px","size":"0","sizes":[]}},"elements":[],"isInner":false,"widgetType":"text-editor","elType":"widget"},{"id":"55775d62","settings":{"text":"Request An Estimate","hover_color":"#000000","button_background_hover_color":"rgba(2, 1, 1, 0)","border_border":"solid","border_width":{"unit":"px","top":"0","right":"0","bottom":"1","left":"0","isLinked":""},"border_color":"#6C7C69","text_padding":{"unit":"px","top":"0","right":"0","bottom":"0","left":"0","isLinked":"1"},"_margin":{"unit":"%","top":"","right":"","bottom":"","left":"","isLinked":"1"},"typography_typography":"custom","typography_font_family":"Helvetica","typography_font_size":{"unit":"px","size":"14","sizes":[]},"typography_font_weight":"700","typography_text_transform":"capitalize","typography_line_height":{"unit":"px","size":"","sizes":[]},"typography_letter_spacing":{"unit":"px","size":"-0.45","sizes":[]},"button_text_color":"#6C7C69","button_hover_border_color":"#000000","border_radius":{"unit":"px","top":"0","right":"0","bottom":"0","left":"0","isLinked":"1"},"_margin_mobile":{"unit":"%","top":"","right":"","bottom":"","left":"","isLinked":"1"},"background_color":"rgba(2, 1, 1, 0)"},"elements":[],"isInner":false,"widgetType":"button","elType":"widget"}],"isInner":"","elType":"column"},{"id":"4d6e8234","settings":{"_column_size":"50","_inline_size_tablet":"100","background_background":"classic","background_image":{"id":35,"url":"http:\/\/localhost\/dieuhau\/wp-content\/uploads\/2020\/10\/ServicesPage-Hardwood_Flooring.jpg"},"background_position":"center center","background_repeat":"no-repeat","background_size":"cover"},"elements":[{"id":"2bc5a0eb","settings":{"space_tablet":{"unit":"vh","size":"40","sizes":[]}},"elements":[],"isInner":false,"widgetType":"spacer","elType":"widget"}],"isInner":"","elType":"column"}],"isInner":"","elType":"section"},{"id":"50a2494b","settings":{"layout":"full_width","gap":"no","structure":"20","margin":{"unit":"%","top":"15","right":"0","bottom":"0","left":"0","isLinked":""},"margin_mobile":{"unit":"%","top":"35","right":"0","bottom":"0","left":"0","isLinked":""},"padding":{"unit":"%","top":"0","right":"7","bottom":"0","left":"7","isLinked":""},"_title":"Laminate Flooring","_timestamp_":"v1Smpyb2xHWDFzTnAyd291dVQ4THc0UT09"},"elements":[{"id":"133b2182","settings":{"_column_size":"50","_inline_size_tablet":"100","background_background":"classic","background_image":{"id":36,"url":"http:\/\/localhost\/dieuhau\/wp-content\/uploads\/2020\/10\/ServicesPage-Laminate_Flooring.jpg"},"background_position":"center center","background_repeat":"no-repeat","background_size":"cover"},"elements":[{"id":"377ce6aa","settings":{"space_tablet":{"unit":"vh","size":"40","sizes":[]}},"elements":[],"isInner":false,"widgetType":"spacer","elType":"widget"}],"isInner":"","elType":"column"},{"id":"58d1e36e","settings":{"_column_size":"50","_inline_size_tablet":"100","space_between_widgets":"10","margin":{"unit":"%","top":"","right":"","bottom":"","left":"","isLinked":"1"},"margin_tablet":{"unit":"%","top":"10","right":"0","bottom":"0","left":"0","isLinked":""},"padding":{"unit":"%","top":"0","right":"0","bottom":"0","left":"20","isLinked":""},"padding_tablet":{"unit":"%","top":"0","right":"20","bottom":"0","left":"0","isLinked":""},"padding_mobile":{"unit":"px","top":"0","right":"0","bottom":"0","left":"0","isLinked":""}},"elements":[{"id":"38233c90","settings":{"title":"Laminate Flooring","_margin":{"unit":"%","top":"0","right":"0","bottom":"3","left":"0","isLinked":""},"_margin_mobile":{"unit":"%","top":"0","right":"0","bottom":"5","left":"0","isLinked":""},"title_color":"#6C7C69","typography_typography":"custom","typography_font_family":"Playfair Display","typography_font_size":{"unit":"px","size":"40","sizes":[]},"typography_font_size_tablet":{"unit":"px","size":"32","sizes":[]},"typography_font_size_mobile":{"unit":"px","size":"28","sizes":[]},"typography_font_weight":"400","typography_text_transform":"capitalize","typography_line_height":{"unit":"px","size":"44","sizes":[]},"typography_line_height_tablet":{"unit":"px","size":"36","sizes":[]},"typography_line_height_mobile":{"unit":"px","size":"32","sizes":[]},"typography_letter_spacing":{"unit":"px","size":"-1.13","sizes":[]}},"elements":[],"isInner":false,"widgetType":"heading","elType":"widget"},{"id":"433fddda","settings":{"title":"Laminate Flooring Types","header_size":"h5","title_color":"#6C7C69","typography_typography":"custom","typography_font_family":"Playfair Display","typography_font_size":{"unit":"px","size":"18","sizes":[]},"typography_font_weight":"400","typography_text_transform":"capitalize","typography_line_height":{"unit":"px","size":"19","sizes":[]},"typography_letter_spacing":{"unit":"px","size":"-0.51","sizes":[]},"_z_index":"2"},"elements":[],"isInner":false,"widgetType":"heading","elType":"widget"},{"id":"e3fb03","settings":{"editor":"<p>Lorem ipsum dolor sit amet, te has solet postea. Voluptua quaestio dissentias has ex, no interpretaris, viderer pertinax repudiandae ne ius, qui ne porro insolens instructior.<\/p>","text_color":"#000000","typography_typography":"custom","typography_font_family":"Helvetica","typography_font_size":{"unit":"px","size":"16","sizes":[]},"typography_font_size_tablet":{"unit":"px","size":"14","sizes":[]},"typography_font_weight":"300","typography_line_height":{"unit":"px","size":"22","sizes":[]},"typography_line_height_tablet":{"unit":"px","size":"20","sizes":[]},"typography_letter_spacing":{"unit":"px","size":"0","sizes":[]}},"elements":[],"isInner":false,"widgetType":"text-editor","elType":"widget"},{"id":"504afd84","settings":{"title":"Installation Process","header_size":"h5","title_color":"#6C7C69","typography_typography":"custom","typography_font_family":"Playfair Display","typography_font_size":{"unit":"px","size":"18","sizes":[]},"typography_font_weight":"400","typography_text_transform":"capitalize","typography_line_height":{"unit":"px","size":"19","sizes":[]},"typography_letter_spacing":{"unit":"px","size":"-0.51","sizes":[]},"_z_index":"2"},"elements":[],"isInner":false,"widgetType":"heading","elType":"widget"},{"id":"309648f3","settings":{"editor":"<p>Lorem ipsum dolor sit amet, te has solet postea. Voluptua quaestio dissentias has ex, no interpretaris, viderer pertinax repudiandae ne ius, qui ne porro insolens instructior.<\/p>","text_color":"#000000","typography_typography":"custom","typography_font_family":"Helvetica","typography_font_size":{"unit":"px","size":"16","sizes":[]},"typography_font_size_tablet":{"unit":"px","size":"14","sizes":[]},"typography_font_weight":"300","typography_line_height":{"unit":"px","size":"22","sizes":[]},"typography_line_height_tablet":{"unit":"px","size":"20","sizes":[]},"typography_letter_spacing":{"unit":"px","size":"0","sizes":[]}},"elements":[],"isInner":false,"widgetType":"text-editor","elType":"widget"},{"id":"795a6f38","settings":{"title":"Care and Maintenance","header_size":"h5","title_color":"#6C7C69","typography_typography":"custom","typography_font_family":"Playfair Display","typography_font_size":{"unit":"px","size":"18","sizes":[]},"typography_font_weight":"400","typography_text_transform":"capitalize","typography_line_height":{"unit":"px","size":"19","sizes":[]},"typography_letter_spacing":{"unit":"px","size":"-0.51","sizes":[]},"_z_index":"2"},"elements":[],"isInner":false,"widgetType":"heading","elType":"widget"},{"id":"2612a930","settings":{"editor":"<p>Lorem ipsum dolor sit amet, te has solet postea. Voluptua quaestio dissentias has ex, no interpretaris, viderer pertinax repudiandae ne ius, qui ne porro insolens instructior.<\/p>","text_color":"#000000","typography_typography":"custom","typography_font_family":"Helvetica","typography_font_size":{"unit":"px","size":"16","sizes":[]},"typography_font_size_tablet":{"unit":"px","size":"14","sizes":[]},"typography_font_weight":"300","typography_line_height":{"unit":"px","size":"22","sizes":[]},"typography_line_height_tablet":{"unit":"px","size":"20","sizes":[]},"typography_letter_spacing":{"unit":"px","size":"0","sizes":[]}},"elements":[],"isInner":false,"widgetType":"text-editor","elType":"widget"},{"id":"43661c46","settings":{"text":"Request An Estimate","hover_color":"#000000","button_background_hover_color":"rgba(2, 1, 1, 0)","border_border":"solid","border_width":{"unit":"px","top":"0","right":"0","bottom":"1","left":"0","isLinked":""},"border_color":"#6C7C69","text_padding":{"unit":"px","top":"0","right":"0","bottom":"0","left":"0","isLinked":"1"},"_margin":{"unit":"%","top":"","right":"","bottom":"","left":"","isLinked":"1"},"typography_typography":"custom","typography_font_family":"Helvetica","typography_font_size":{"unit":"px","size":"14","sizes":[]},"typography_font_weight":"700","typography_text_transform":"capitalize","typography_line_height":{"unit":"px","size":"","sizes":[]},"typography_letter_spacing":{"unit":"px","size":"-0.45","sizes":[]},"button_text_color":"#6C7C69","button_hover_border_color":"#000000","border_radius":{"unit":"px","top":"0","right":"0","bottom":"0","left":"0","isLinked":"1"},"_margin_mobile":{"unit":"%","top":"","right":"","bottom":"","left":"","isLinked":"1"},"background_color":"rgba(2, 1, 1, 0)"},"elements":[],"isInner":false,"widgetType":"button","elType":"widget"}],"isInner":"","elType":"column"}],"isInner":"","elType":"section"},{"id":"463af444","settings":{"layout":"full_width","gap":"no","structure":"20","margin":{"unit":"%","top":"15","right":"0","bottom":"0","left":"0","isLinked":""},"margin_mobile":{"unit":"%","top":"35","right":"0","bottom":"0","left":"0","isLinked":""},"padding":{"unit":"%","top":"0","right":"7","bottom":"0","left":"7","isLinked":""},"reverse_order_tablet":"reverse-tablet","reverse_order_mobile":"reverse-mobile","_title":"Ceramic Tyle Flooring","_timestamp_":"v1Smpyb2xHWDFzTnAyd291dVQ4THc0UT09"},"elements":[{"id":"20282089","settings":{"_column_size":"50","_inline_size_tablet":"100","space_between_widgets":"10","margin":{"unit":"%","top":"","right":"","bottom":"","left":"","isLinked":"1"},"margin_tablet":{"unit":"%","top":"10","right":"0","bottom":"0","left":"0","isLinked":""},"padding":{"unit":"%","top":"0","right":"20","bottom":"0","left":"0","isLinked":""},"padding_mobile":{"unit":"px","top":"0","right":"0","bottom":"0","left":"0","isLinked":""}},"elements":[{"id":"2a8646dc","settings":{"title":"Ceramic Tile Flooring","_margin":{"unit":"%","top":"0","right":"0","bottom":"3","left":"0","isLinked":""},"_margin_mobile":{"unit":"%","top":"0","right":"0","bottom":"5","left":"0","isLinked":""},"title_color":"#6C7C69","typography_typography":"custom","typography_font_family":"Playfair Display","typography_font_size":{"unit":"px","size":"40","sizes":[]},"typography_font_size_tablet":{"unit":"px","size":"32","sizes":[]},"typography_font_size_mobile":{"unit":"px","size":"28","sizes":[]},"typography_font_weight":"400","typography_text_transform":"capitalize","typography_line_height":{"unit":"px","size":"44","sizes":[]},"typography_line_height_tablet":{"unit":"px","size":"36","sizes":[]},"typography_line_height_mobile":{"unit":"px","size":"32","sizes":[]},"typography_letter_spacing":{"unit":"px","size":"-1.13","sizes":[]}},"elements":[],"isInner":false,"widgetType":"heading","elType":"widget"},{"id":"268da268","settings":{"title":"Carpet Flooring Types","header_size":"h5","title_color":"#6C7C69","typography_typography":"custom","typography_font_family":"Playfair Display","typography_font_size":{"unit":"px","size":"18","sizes":[]},"typography_font_weight":"400","typography_text_transform":"capitalize","typography_line_height":{"unit":"px","size":"19","sizes":[]},"typography_letter_spacing":{"unit":"px","size":"-0.51","sizes":[]},"_z_index":"2"},"elements":[],"isInner":false,"widgetType":"heading","elType":"widget"},{"id":"346ed620","settings":{"editor":"<p>Lorem ipsum dolor sit amet, te has solet postea. Voluptua quaestio dissentias has ex, no interpretaris, viderer pertinax repudiandae ne ius, qui ne porro insolens instructior.<\/p>","text_color":"#000000","typography_typography":"custom","typography_font_family":"Helvetica","typography_font_size":{"unit":"px","size":"16","sizes":[]},"typography_font_size_tablet":{"unit":"px","size":"14","sizes":[]},"typography_font_weight":"300","typography_line_height":{"unit":"px","size":"22","sizes":[]},"typography_line_height_tablet":{"unit":"px","size":"20","sizes":[]},"typography_letter_spacing":{"unit":"px","size":"0","sizes":[]}},"elements":[],"isInner":false,"widgetType":"text-editor","elType":"widget"},{"id":"7b56d122","settings":{"title":"Installation Process","header_size":"h5","title_color":"#6C7C69","typography_typography":"custom","typography_font_family":"Playfair Display","typography_font_size":{"unit":"px","size":"18","sizes":[]},"typography_font_weight":"400","typography_text_transform":"capitalize","typography_line_height":{"unit":"px","size":"19","sizes":[]},"typography_letter_spacing":{"unit":"px","size":"-0.51","sizes":[]},"_z_index":"2"},"elements":[],"isInner":false,"widgetType":"heading","elType":"widget"},{"id":"4930711e","settings":{"editor":"<p>Lorem ipsum dolor sit amet, te has solet postea. Voluptua quaestio dissentias has ex, no interpretaris, viderer pertinax repudiandae ne ius, qui ne porro insolens instructior.<\/p>","text_color":"#000000","typography_typography":"custom","typography_font_family":"Helvetica","typography_font_size":{"unit":"px","size":"16","sizes":[]},"typography_font_size_tablet":{"unit":"px","size":"14","sizes":[]},"typography_font_weight":"300","typography_line_height":{"unit":"px","size":"22","sizes":[]},"typography_line_height_tablet":{"unit":"px","size":"20","sizes":[]},"typography_letter_spacing":{"unit":"px","size":"0","sizes":[]}},"elements":[],"isInner":false,"widgetType":"text-editor","elType":"widget"},{"id":"3b47379e","settings":{"title":"Care and Maintenance","header_size":"h5","title_color":"#6C7C69","typography_typography":"custom","typography_font_family":"Playfair Display","typography_font_size":{"unit":"px","size":"18","sizes":[]},"typography_font_weight":"400","typography_text_transform":"capitalize","typography_line_height":{"unit":"px","size":"19","sizes":[]},"typography_letter_spacing":{"unit":"px","size":"-0.51","sizes":[]},"_z_index":"2"},"elements":[],"isInner":false,"widgetType":"heading","elType":"widget"},{"id":"558a3cd2","settings":{"editor":"<p>Lorem ipsum dolor sit amet, te has solet postea. Voluptua quaestio dissentias has ex, no interpretaris, viderer pertinax repudiandae ne ius, qui ne porro insolens instructior.<\/p>","text_color":"#000000","typography_typography":"custom","typography_font_family":"Helvetica","typography_font_size":{"unit":"px","size":"16","sizes":[]},"typography_font_size_tablet":{"unit":"px","size":"14","sizes":[]},"typography_font_weight":"300","typography_line_height":{"unit":"px","size":"22","sizes":[]},"typography_line_height_tablet":{"unit":"px","size":"20","sizes":[]},"typography_letter_spacing":{"unit":"px","size":"0","sizes":[]}},"elements":[],"isInner":false,"widgetType":"text-editor","elType":"widget"},{"id":"147cec0a","settings":{"text":"Request An Estimate","hover_color":"#000000","button_background_hover_color":"rgba(2, 1, 1, 0)","border_border":"solid","border_width":{"unit":"px","top":"0","right":"0","bottom":"1","left":"0","isLinked":""},"border_color":"#6C7C69","text_padding":{"unit":"px","top":"0","right":"0","bottom":"0","left":"0","isLinked":"1"},"_margin":{"unit":"%","top":"","right":"","bottom":"","left":"","isLinked":"1"},"typography_typography":"custom","typography_font_family":"Helvetica","typography_font_size":{"unit":"px","size":"14","sizes":[]},"typography_font_weight":"700","typography_text_transform":"capitalize","typography_line_height":{"unit":"px","size":"","sizes":[]},"typography_letter_spacing":{"unit":"px","size":"-0.45","sizes":[]},"button_text_color":"#6C7C69","button_hover_border_color":"#000000","border_radius":{"unit":"px","top":"0","right":"0","bottom":"0","left":"0","isLinked":"1"},"_margin_mobile":{"unit":"%","top":"","right":"","bottom":"","left":"","isLinked":"1"},"background_color":"rgba(2, 1, 1, 0)"},"elements":[],"isInner":false,"widgetType":"button","elType":"widget"}],"isInner":"","elType":"column"},{"id":"2e48eaf9","settings":{"_column_size":"50","_inline_size_tablet":"100","background_background":"classic","background_image":{"id":37,"url":"http:\/\/localhost\/dieuhau\/wp-content\/uploads\/2020\/10\/ServicesPage-Ceramic_Tyle_Flooring.jpg"},"background_position":"center center","background_repeat":"no-repeat","background_size":"cover"},"elements":[{"id":"f6bb94b","settings":{"space_tablet":{"unit":"vh","size":"40","sizes":[]}},"elements":[],"isInner":false,"widgetType":"spacer","elType":"widget"}],"isInner":"","elType":"column"}],"isInner":"","elType":"section"},{"id":"78a52df6","settings":{"layout":"full_width","gap":"no","structure":"20","margin":{"unit":"%","top":"15","right":"0","bottom":"0","left":"0","isLinked":""},"margin_mobile":{"unit":"%","top":"35","right":"0","bottom":"0","left":"0","isLinked":""},"padding":{"unit":"%","top":"0","right":"7","bottom":"0","left":"7","isLinked":""},"_title":"Vinyl Tile Flooring","_timestamp_":"v1Smpyb2xHWDFzTnAyd291dVQ4THc0UT09"},"elements":[{"id":"3dc41468","settings":{"_column_size":"50","_inline_size_tablet":"100","background_background":"classic","background_image":{"id":38,"url":"http:\/\/localhost\/dieuhau\/wp-content\/uploads\/2020\/10\/ServicesPage-Vinyl_Tile_Flooring.jpg"},"background_position":"center center","background_repeat":"no-repeat","background_size":"cover"},"elements":[{"id":"3ed92800","settings":{"space_tablet":{"unit":"vh","size":"40","sizes":[]}},"elements":[],"isInner":false,"widgetType":"spacer","elType":"widget"}],"isInner":"","elType":"column"},{"id":"2044bc13","settings":{"_column_size":"50","_inline_size_tablet":"100","space_between_widgets":"10","margin":{"unit":"%","top":"","right":"","bottom":"","left":"","isLinked":"1"},"margin_tablet":{"unit":"%","top":"10","right":"0","bottom":"0","left":"0","isLinked":""},"padding":{"unit":"%","top":"0","right":"0","bottom":"0","left":"20","isLinked":""},"padding_tablet":{"unit":"%","top":"0","right":"20","bottom":"0","left":"0","isLinked":""},"padding_mobile":{"unit":"px","top":"0","right":"0","bottom":"0","left":"0","isLinked":""}},"elements":[{"id":"45d8a008","settings":{"title":"Vinyl Tile Flooring","_margin":{"unit":"%","top":"0","right":"0","bottom":"3","left":"0","isLinked":""},"_margin_mobile":{"unit":"%","top":"0","right":"0","bottom":"5","left":"0","isLinked":""},"title_color":"#6C7C69","typography_typography":"custom","typography_font_family":"Playfair Display","typography_font_size":{"unit":"px","size":"40","sizes":[]},"typography_font_size_tablet":{"unit":"px","size":"32","sizes":[]},"typography_font_size_mobile":{"unit":"px","size":"28","sizes":[]},"typography_font_weight":"400","typography_text_transform":"capitalize","typography_line_height":{"unit":"px","size":"44","sizes":[]},"typography_line_height_tablet":{"unit":"px","size":"36","sizes":[]},"typography_line_height_mobile":{"unit":"px","size":"32","sizes":[]},"typography_letter_spacing":{"unit":"px","size":"-1.13","sizes":[]}},"elements":[],"isInner":false,"widgetType":"heading","elType":"widget"},{"id":"28db4057","settings":{"title":"Laminate Flooring Types","header_size":"h5","title_color":"#6C7C69","typography_typography":"custom","typography_font_family":"Playfair Display","typography_font_size":{"unit":"px","size":"18","sizes":[]},"typography_font_weight":"400","typography_text_transform":"capitalize","typography_line_height":{"unit":"px","size":"19","sizes":[]},"typography_letter_spacing":{"unit":"px","size":"-0.51","sizes":[]},"_z_index":"2"},"elements":[],"isInner":false,"widgetType":"heading","elType":"widget"},{"id":"63dcb491","settings":{"editor":"<p>Lorem ipsum dolor sit amet, te has solet postea. Voluptua quaestio dissentias has ex, no interpretaris, viderer pertinax repudiandae ne ius, qui ne porro insolens instructior.<\/p>","text_color":"#000000","typography_typography":"custom","typography_font_family":"Helvetica","typography_font_size":{"unit":"px","size":"16","sizes":[]},"typography_font_size_tablet":{"unit":"px","size":"14","sizes":[]},"typography_font_weight":"300","typography_line_height":{"unit":"px","size":"22","sizes":[]},"typography_line_height_tablet":{"unit":"px","size":"20","sizes":[]},"typography_letter_spacing":{"unit":"px","size":"0","sizes":[]}},"elements":[],"isInner":false,"widgetType":"text-editor","elType":"widget"},{"id":"1b0f17cf","settings":{"title":"Installation Process","header_size":"h5","title_color":"#6C7C69","typography_typography":"custom","typography_font_family":"Playfair Display","typography_font_size":{"unit":"px","size":"18","sizes":[]},"typography_font_weight":"400","typography_text_transform":"capitalize","typography_line_height":{"unit":"px","size":"19","sizes":[]},"typography_letter_spacing":{"unit":"px","size":"-0.51","sizes":[]},"_z_index":"2"},"elements":[],"isInner":false,"widgetType":"heading","elType":"widget"},{"id":"30d7711","settings":{"editor":"<p>Lorem ipsum dolor sit amet, te has solet postea. Voluptua quaestio dissentias has ex, no interpretaris, viderer pertinax repudiandae ne ius, qui ne porro insolens instructior.<\/p>","text_color":"#000000","typography_typography":"custom","typography_font_family":"Helvetica","typography_font_size":{"unit":"px","size":"16","sizes":[]},"typography_font_size_tablet":{"unit":"px","size":"14","sizes":[]},"typography_font_weight":"300","typography_line_height":{"unit":"px","size":"22","sizes":[]},"typography_line_height_tablet":{"unit":"px","size":"20","sizes":[]},"typography_letter_spacing":{"unit":"px","size":"0","sizes":[]}},"elements":[],"isInner":false,"widgetType":"text-editor","elType":"widget"},{"id":"3ccc700a","settings":{"title":"Care and Maintenance","header_size":"h5","title_color":"#6C7C69","typography_typography":"custom","typography_font_family":"Playfair Display","typography_font_size":{"unit":"px","size":"18","sizes":[]},"typography_font_weight":"400","typography_text_transform":"capitalize","typography_line_height":{"unit":"px","size":"19","sizes":[]},"typography_letter_spacing":{"unit":"px","size":"-0.51","sizes":[]},"_z_index":"2"},"elements":[],"isInner":false,"widgetType":"heading","elType":"widget"},{"id":"54dbaab7","settings":{"editor":"<p>Lorem ipsum dolor sit amet, te has solet postea. Voluptua quaestio dissentias has ex, no interpretaris, viderer pertinax repudiandae ne ius, qui ne porro insolens instructior.<\/p>","text_color":"#000000","typography_typography":"custom","typography_font_family":"Helvetica","typography_font_size":{"unit":"px","size":"16","sizes":[]},"typography_font_size_tablet":{"unit":"px","size":"14","sizes":[]},"typography_font_weight":"300","typography_line_height":{"unit":"px","size":"22","sizes":[]},"typography_line_height_tablet":{"unit":"px","size":"20","sizes":[]},"typography_letter_spacing":{"unit":"px","size":"0","sizes":[]}},"elements":[],"isInner":false,"widgetType":"text-editor","elType":"widget"},{"id":"4b8d9640","settings":{"text":"Request An Estimate","hover_color":"#000000","button_background_hover_color":"rgba(2, 1, 1, 0)","border_border":"solid","border_width":{"unit":"px","top":"0","right":"0","bottom":"1","left":"0","isLinked":""},"border_color":"#6C7C69","text_padding":{"unit":"px","top":"0","right":"0","bottom":"0","left":"0","isLinked":"1"},"_margin":{"unit":"%","top":"","right":"","bottom":"","left":"","isLinked":"1"},"typography_typography":"custom","typography_font_family":"Helvetica","typography_font_size":{"unit":"px","size":"14","sizes":[]},"typography_font_weight":"700","typography_text_transform":"capitalize","typography_line_height":{"unit":"px","size":"","sizes":[]},"typography_letter_spacing":{"unit":"px","size":"-0.45","sizes":[]},"button_text_color":"#6C7C69","button_hover_border_color":"#000000","border_radius":{"unit":"px","top":"0","right":"0","bottom":"0","left":"0","isLinked":"1"},"_margin_mobile":{"unit":"%","top":"","right":"","bottom":"","left":"","isLinked":"1"},"background_color":"rgba(2, 1, 1, 0)"},"elements":[],"isInner":false,"widgetType":"button","elType":"widget"}],"isInner":"","elType":"column"}],"isInner":"","elType":"section"},{"id":"7c23ff16","settings":{"layout":"full_width","gap":"no","structure":"20","margin":{"unit":"%","top":"15","right":"0","bottom":"0","left":"0","isLinked":""},"margin_mobile":{"unit":"%","top":"35","right":"0","bottom":"0","left":"0","isLinked":""},"padding":{"unit":"%","top":"0","right":"7","bottom":"0","left":"7","isLinked":""},"reverse_order_tablet":"reverse-tablet","reverse_order_mobile":"reverse-mobile","_title":"Carpet Flooring","_timestamp_":"v1Smpyb2xHWDFzTnAyd291dVQ4THc0UT09"},"elements":[{"id":"67a19ec2","settings":{"_column_size":"50","_inline_size_tablet":"100","space_between_widgets":"10","margin":{"unit":"%","top":"","right":"","bottom":"","left":"","isLinked":"1"},"margin_tablet":{"unit":"%","top":"10","right":"0","bottom":"0","left":"0","isLinked":""},"padding":{"unit":"%","top":"0","right":"20","bottom":"0","left":"0","isLinked":""},"padding_mobile":{"unit":"px","top":"0","right":"0","bottom":"0","left":"0","isLinked":""}},"elements":[{"id":"484971aa","settings":{"title":"Carpet Flooring","_margin":{"unit":"%","top":"0","right":"0","bottom":"3","left":"0","isLinked":""},"_margin_mobile":{"unit":"%","top":"0","right":"0","bottom":"5","left":"0","isLinked":""},"title_color":"#6C7C69","typography_typography":"custom","typography_font_family":"Playfair Display","typography_font_size":{"unit":"px","size":"40","sizes":[]},"typography_font_size_tablet":{"unit":"px","size":"32","sizes":[]},"typography_font_size_mobile":{"unit":"px","size":"28","sizes":[]},"typography_font_weight":"400","typography_text_transform":"capitalize","typography_line_height":{"unit":"px","size":"44","sizes":[]},"typography_line_height_tablet":{"unit":"px","size":"36","sizes":[]},"typography_line_height_mobile":{"unit":"px","size":"32","sizes":[]},"typography_letter_spacing":{"unit":"px","size":"-1.13","sizes":[]}},"elements":[],"isInner":false,"widgetType":"heading","elType":"widget"},{"id":"6ecb9720","settings":{"title":"Carpet Flooring Types","header_size":"h5","title_color":"#6C7C69","typography_typography":"custom","typography_font_family":"Playfair Display","typography_font_size":{"unit":"px","size":"18","sizes":[]},"typography_font_weight":"400","typography_text_transform":"capitalize","typography_line_height":{"unit":"px","size":"19","sizes":[]},"typography_letter_spacing":{"unit":"px","size":"-0.51","sizes":[]},"_z_index":"2"},"elements":[],"isInner":false,"widgetType":"heading","elType":"widget"},{"id":"2c7badeb","settings":{"editor":"<p>Lorem ipsum dolor sit amet, te has solet postea. Voluptua quaestio dissentias has ex, no interpretaris, viderer pertinax repudiandae ne ius, qui ne porro insolens instructior.<\/p>","text_color":"#000000","typography_typography":"custom","typography_font_family":"Helvetica","typography_font_size":{"unit":"px","size":"16","sizes":[]},"typography_font_size_tablet":{"unit":"px","size":"14","sizes":[]},"typography_font_weight":"300","typography_line_height":{"unit":"px","size":"22","sizes":[]},"typography_line_height_tablet":{"unit":"px","size":"20","sizes":[]},"typography_letter_spacing":{"unit":"px","size":"0","sizes":[]}},"elements":[],"isInner":false,"widgetType":"text-editor","elType":"widget"},{"id":"4f1ff8b8","settings":{"title":"Installation Process","header_size":"h5","title_color":"#6C7C69","typography_typography":"custom","typography_font_family":"Playfair Display","typography_font_size":{"unit":"px","size":"18","sizes":[]},"typography_font_weight":"400","typography_text_transform":"capitalize","typography_line_height":{"unit":"px","size":"19","sizes":[]},"typography_letter_spacing":{"unit":"px","size":"-0.51","sizes":[]},"_z_index":"2"},"elements":[],"isInner":false,"widgetType":"heading","elType":"widget"},{"id":"a0e97cf","settings":{"editor":"<p>Lorem ipsum dolor sit amet, te has solet postea. Voluptua quaestio dissentias has ex, no interpretaris, viderer pertinax repudiandae ne ius, qui ne porro insolens instructior.<\/p>","text_color":"#000000","typography_typography":"custom","typography_font_family":"Helvetica","typography_font_size":{"unit":"px","size":"16","sizes":[]},"typography_font_size_tablet":{"unit":"px","size":"14","sizes":[]},"typography_font_weight":"300","typography_line_height":{"unit":"px","size":"22","sizes":[]},"typography_line_height_tablet":{"unit":"px","size":"20","sizes":[]},"typography_letter_spacing":{"unit":"px","size":"0","sizes":[]}},"elements":[],"isInner":false,"widgetType":"text-editor","elType":"widget"},{"id":"1c381ec1","settings":{"title":"Care and Maintenance","header_size":"h5","title_color":"#6C7C69","typography_typography":"custom","typography_font_family":"Playfair Display","typography_font_size":{"unit":"px","size":"18","sizes":[]},"typography_font_weight":"400","typography_text_transform":"capitalize","typography_line_height":{"unit":"px","size":"19","sizes":[]},"typography_letter_spacing":{"unit":"px","size":"-0.51","sizes":[]},"_z_index":"2"},"elements":[],"isInner":false,"widgetType":"heading","elType":"widget"},{"id":"4af4ecc6","settings":{"editor":"<p>Lorem ipsum dolor sit amet, te has solet postea. Voluptua quaestio dissentias has ex, no interpretaris, viderer pertinax repudiandae ne ius, qui ne porro insolens instructior.<\/p>","text_color":"#000000","typography_typography":"custom","typography_font_family":"Helvetica","typography_font_size":{"unit":"px","size":"16","sizes":[]},"typography_font_size_tablet":{"unit":"px","size":"14","sizes":[]},"typography_font_weight":"300","typography_line_height":{"unit":"px","size":"22","sizes":[]},"typography_line_height_tablet":{"unit":"px","size":"20","sizes":[]},"typography_letter_spacing":{"unit":"px","size":"0","sizes":[]}},"elements":[],"isInner":false,"widgetType":"text-editor","elType":"widget"},{"id":"171b3b10","settings":{"text":"Request An Estimate","hover_color":"#000000","button_background_hover_color":"rgba(2, 1, 1, 0)","border_border":"solid","border_width":{"unit":"px","top":"0","right":"0","bottom":"1","left":"0","isLinked":""},"border_color":"#6C7C69","text_padding":{"unit":"px","top":"0","right":"0","bottom":"0","left":"0","isLinked":"1"},"_margin":{"unit":"%","top":"","right":"","bottom":"","left":"","isLinked":"1"},"typography_typography":"custom","typography_font_family":"Helvetica","typography_font_size":{"unit":"px","size":"14","sizes":[]},"typography_font_weight":"700","typography_text_transform":"capitalize","typography_line_height":{"unit":"px","size":"","sizes":[]},"typography_letter_spacing":{"unit":"px","size":"-0.45","sizes":[]},"button_text_color":"#6C7C69","button_hover_border_color":"#000000","border_radius":{"unit":"px","top":"0","right":"0","bottom":"0","left":"0","isLinked":"1"},"_margin_mobile":{"unit":"%","top":"","right":"","bottom":"","left":"","isLinked":"1"},"background_color":"rgba(2, 1, 1, 0)"},"elements":[],"isInner":false,"widgetType":"button","elType":"widget"}],"isInner":"","elType":"column"},{"id":"6c519076","settings":{"_column_size":"50","_inline_size_tablet":"100","background_background":"classic","background_image":{"id":"","url":"http:\/\/localhost\/dieuhau\/wp-content\/plugins\/elementor\/assets\/images\/placeholder.png"},"background_position":"center center","background_repeat":"no-repeat","background_size":"cover"},"elements":[{"id":"41355c3a","settings":{"space_tablet":{"unit":"vh","size":"40","sizes":[]}},"elements":[],"isInner":false,"widgetType":"spacer","elType":"widget"}],"isInner":"","elType":"column"}],"isInner":"","elType":"section"},{"id":"398a4ca2","settings":{"layout":"full_width","gap":"no","structure":"20","margin":{"unit":"%","top":"15","right":"0","bottom":"0","left":"0","isLinked":""},"margin_mobile":{"unit":"%","top":"35","right":"0","bottom":"0","left":"0","isLinked":""},"padding":{"unit":"%","top":"0","right":"7","bottom":"0","left":"7","isLinked":""},"_title":"Concrete Flooring","_timestamp_":"v1Smpyb2xHWDFzTnAyd291dVQ4THc0UT09"},"elements":[{"id":"9d2f3a8","settings":{"_column_size":"50","_inline_size_tablet":"100","background_background":"classic","background_image":{"id":39,"url":"http:\/\/localhost\/dieuhau\/wp-content\/uploads\/2020\/10\/ServicesPage-Concrete_Flooring.jpg"},"background_position":"center center","background_repeat":"no-repeat","background_size":"cover"},"elements":[{"id":"32f3c7ea","settings":{"space_tablet":{"unit":"vh","size":"40","sizes":[]}},"elements":[],"isInner":false,"widgetType":"spacer","elType":"widget"}],"isInner":"","elType":"column"},{"id":"597eb0f2","settings":{"_column_size":"50","_inline_size_tablet":"100","space_between_widgets":"10","margin":{"unit":"%","top":"","right":"","bottom":"","left":"","isLinked":"1"},"margin_tablet":{"unit":"%","top":"10","right":"0","bottom":"0","left":"0","isLinked":""},"padding":{"unit":"%","top":"0","right":"0","bottom":"0","left":"20","isLinked":""},"padding_tablet":{"unit":"%","top":"0","right":"20","bottom":"0","left":"0","isLinked":""},"padding_mobile":{"unit":"px","top":"0","right":"0","bottom":"0","left":"0","isLinked":""}},"elements":[{"id":"1e8c84b9","settings":{"title":"Concrete Flooring","_margin":{"unit":"%","top":"0","right":"0","bottom":"3","left":"0","isLinked":""},"_margin_mobile":{"unit":"%","top":"0","right":"0","bottom":"5","left":"0","isLinked":""},"title_color":"#6C7C69","typography_typography":"custom","typography_font_family":"Playfair Display","typography_font_size":{"unit":"px","size":"40","sizes":[]},"typography_font_size_tablet":{"unit":"px","size":"32","sizes":[]},"typography_font_size_mobile":{"unit":"px","size":"28","sizes":[]},"typography_font_weight":"400","typography_text_transform":"capitalize","typography_line_height":{"unit":"px","size":"44","sizes":[]},"typography_line_height_tablet":{"unit":"px","size":"36","sizes":[]},"typography_line_height_mobile":{"unit":"px","size":"32","sizes":[]},"typography_letter_spacing":{"unit":"px","size":"-1.13","sizes":[]}},"elements":[],"isInner":false,"widgetType":"heading","elType":"widget"},{"id":"3af441af","settings":{"title":"Concrete Flooring Types","header_size":"h5","title_color":"#6C7C69","typography_typography":"custom","typography_font_family":"Playfair Display","typography_font_size":{"unit":"px","size":"18","sizes":[]},"typography_font_weight":"400","typography_text_transform":"capitalize","typography_line_height":{"unit":"px","size":"19","sizes":[]},"typography_letter_spacing":{"unit":"px","size":"-0.51","sizes":[]},"_z_index":"2"},"elements":[],"isInner":false,"widgetType":"heading","elType":"widget"},{"id":"1258fc6b","settings":{"editor":"<p>Lorem ipsum dolor sit amet, te has solet postea. Voluptua quaestio dissentias has ex, no interpretaris, viderer pertinax repudiandae ne ius, qui ne porro insolens instructior.<\/p>","text_color":"#000000","typography_typography":"custom","typography_font_family":"Helvetica","typography_font_size":{"unit":"px","size":"16","sizes":[]},"typography_font_size_tablet":{"unit":"px","size":"14","sizes":[]},"typography_font_weight":"300","typography_line_height":{"unit":"px","size":"22","sizes":[]},"typography_line_height_tablet":{"unit":"px","size":"20","sizes":[]},"typography_letter_spacing":{"unit":"px","size":"0","sizes":[]}},"elements":[],"isInner":false,"widgetType":"text-editor","elType":"widget"},{"id":"25234fe4","settings":{"title":"Installation Process","header_size":"h5","title_color":"#6C7C69","typography_typography":"custom","typography_font_family":"Playfair Display","typography_font_size":{"unit":"px","size":"18","sizes":[]},"typography_font_weight":"400","typography_text_transform":"capitalize","typography_line_height":{"unit":"px","size":"19","sizes":[]},"typography_letter_spacing":{"unit":"px","size":"-0.51","sizes":[]},"_z_index":"2"},"elements":[],"isInner":false,"widgetType":"heading","elType":"widget"},{"id":"6dc57e77","settings":{"editor":"<p>Lorem ipsum dolor sit amet, te has solet postea. Voluptua quaestio dissentias has ex, no interpretaris, viderer pertinax repudiandae ne ius, qui ne porro insolens instructior.<\/p>","text_color":"#000000","typography_typography":"custom","typography_font_family":"Helvetica","typography_font_size":{"unit":"px","size":"16","sizes":[]},"typography_font_size_tablet":{"unit":"px","size":"14","sizes":[]},"typography_font_weight":"300","typography_line_height":{"unit":"px","size":"22","sizes":[]},"typography_line_height_tablet":{"unit":"px","size":"20","sizes":[]},"typography_letter_spacing":{"unit":"px","size":"0","sizes":[]}},"elements":[],"isInner":false,"widgetType":"text-editor","elType":"widget"},{"id":"4e6929d2","settings":{"title":"Care and Maintenance","header_size":"h5","title_color":"#6C7C69","typography_typography":"custom","typography_font_family":"Playfair Display","typography_font_size":{"unit":"px","size":"18","sizes":[]},"typography_font_weight":"400","typography_text_transform":"capitalize","typography_line_height":{"unit":"px","size":"19","sizes":[]},"typography_letter_spacing":{"unit":"px","size":"-0.51","sizes":[]},"_z_index":"2"},"elements":[],"isInner":false,"widgetType":"heading","elType":"widget"},{"id":"55dd2b81","settings":{"editor":"<p>Lorem ipsum dolor sit amet, te has solet postea. Voluptua quaestio dissentias has ex, no interpretaris, viderer pertinax repudiandae ne ius, qui ne porro insolens instructior.<\/p>","text_color":"#000000","typography_typography":"custom","typography_font_family":"Helvetica","typography_font_size":{"unit":"px","size":"16","sizes":[]},"typography_font_size_tablet":{"unit":"px","size":"14","sizes":[]},"typography_font_weight":"300","typography_line_height":{"unit":"px","size":"22","sizes":[]},"typography_line_height_tablet":{"unit":"px","size":"20","sizes":[]},"typography_letter_spacing":{"unit":"px","size":"0","sizes":[]}},"elements":[],"isInner":false,"widgetType":"text-editor","elType":"widget"},{"id":"11cf40fa","settings":{"text":"Request An Estimate","hover_color":"#000000","button_background_hover_color":"rgba(2, 1, 1, 0)","border_border":"solid","border_width":{"unit":"px","top":"0","right":"0","bottom":"1","left":"0","isLinked":""},"border_color":"#6C7C69","text_padding":{"unit":"px","top":"0","right":"0","bottom":"0","left":"0","isLinked":"1"},"_margin":{"unit":"%","top":"","right":"","bottom":"","left":"","isLinked":"1"},"typography_typography":"custom","typography_font_family":"Helvetica","typography_font_size":{"unit":"px","size":"14","sizes":[]},"typography_font_weight":"700","typography_text_transform":"capitalize","typography_line_height":{"unit":"px","size":"","sizes":[]},"typography_letter_spacing":{"unit":"px","size":"-0.45","sizes":[]},"button_text_color":"#6C7C69","button_hover_border_color":"#000000","border_radius":{"unit":"px","top":"0","right":"0","bottom":"0","left":"0","isLinked":"1"},"_margin_mobile":{"unit":"%","top":"","right":"","bottom":"","left":"","isLinked":"1"},"background_color":"rgba(2, 1, 1, 0)"},"elements":[],"isInner":false,"widgetType":"button","elType":"widget"}],"isInner":"","elType":"column"}],"isInner":"","elType":"section"},{"id":"7f428636","settings":{"layout":"full_width","gap":"no","height":"min-height","custom_height":{"unit":"vh","size":"70","sizes":[]},"column_position":"stretch","content_position":"middle","structure":"20","_title":"Testimonials","margin":{"unit":"%","top":"10","right":"0","bottom":"15","left":"0","isLinked":""},"margin_tablet":{"unit":"%","top":"20","right":"0","bottom":"20","left":"0","isLinked":"1"},"margin_mobile":{"unit":"%","top":"30","right":"0","bottom":"35","left":"0","isLinked":""},"_timestamp_":"v1Smpyb2xHWDFzTnAyd291dVQ4THc0UT09"},"elements":[{"id":"15fccd10","settings":{"_column_size":"50","_inline_size":"50","background_color":"#6C7C69","padding":{"unit":"%","top":"0","right":"0","bottom":"0","left":"10","isLinked":""},"_inline_size_tablet":"100","padding_tablet":{"unit":"px","top":"0","right":"0","bottom":"0","left":"0","isLinked":""}},"elements":[{"id":"245902c9","settings":{"title":"Satisfied Customers","align":"center","title_color":"#6C7C69","typography_typography":"custom","typography_font_family":"Playfair Display","typography_font_size":{"unit":"px","size":"40","sizes":[]},"typography_font_size_tablet":{"unit":"px","size":"32","sizes":[]},"typography_font_size_mobile":{"unit":"px","size":"28","sizes":[]},"typography_font_weight":"400","typography_text_transform":"capitalize","typography_line_height":{"unit":"px","size":"44","sizes":[]},"typography_line_height_tablet":{"unit":"px","size":"36","sizes":[]},"typography_line_height_mobile":{"unit":"px","size":"32","sizes":[]},"typography_letter_spacing":{"unit":"px","size":"-1.13","sizes":[]}},"elements":[],"isInner":false,"widgetType":"heading","elType":"widget"},{"id":"1a82c540","settings":{"slides":[{"content":"\u201cWe are extremely happy that we chose to do our hardwood floors with grant flooring. Brianna and the entire staff are very knowledgeable, professional and hardworking.  I can honestly say that this was my first remodelling  project that went smoothly and on time.\"","name":"Jessica.D","title":"","image":{"id":"21","url":"http:\/\/localhost\/dieuhau\/wp-content\/uploads\/2020\/10\/Madline.D-270720.jpg"},"_id":"e9821f4"},{"content":"\u201cWe are delighted with the outstanding floor installation, Thank you so much. What a wonderful job both installation upstairs and downstairs. Your workers worked together as a team, were neat and completed the job in a day and a half. I will definitely recommend your firm to others.\"","name":"Madline.S","title":"","image":{"id":"22","url":"http:\/\/localhost\/dieuhau\/wp-content\/uploads\/2020\/10\/AnnaD.jpg"},"_id":"477c483"},{"content":"\u201cGrant flooring did a great job installing the maple hardwood floor in our kitchen and bedroom room! They started and completed the work on time as promised and we are delighted with the results! I would most certainly use Grant Flooring again and I would recommend them.\u201d","name":"Emma  k.","title":"","image":{"id":"23","url":"http:\/\/localhost\/dieuhau\/wp-content\/uploads\/2020\/10\/Emma.jpg"},"_id":"a4543a6"}],"width":{"unit":"%","size":"70","sizes":[]},"show_arrows":"","autoplay_speed":"4000","slide_padding":{"unit":"px","top":"0","right":"0","bottom":"0","left":"0","isLinked":"1"},"content_gap":{"unit":"px","size":"15","sizes":[]},"content_typography_typography":"custom","content_typography_font_size":{"unit":"px","size":"16","sizes":[]},"content_typography_font_style":"normal","name_color":"#6C7C69","name_typography_typography":"custom","name_typography_font_family":"Playfair Display","name_typography_font_size":{"unit":"px","size":"18","sizes":[]},"name_typography_font_weight":"400","name_typography_text_transform":"capitalize","name_typography_line_height":{"unit":"px","size":"20","sizes":[]},"name_typography_letter_spacing":{"unit":"px","size":"-0.51","sizes":[]},"image_size":{"unit":"px","size":"50","sizes":[]},"image_gap":{"unit":"px","size":"14","sizes":[]},"pagination_size":{"unit":"px","size":"6","sizes":[]},"pagination_color":"#6C7C69","image_border_color":"","width_tablet":{"unit":"%","size":"65","sizes":[]},"width_mobile":{"unit":"%","size":"80","sizes":[]},"content_typography_font_size_tablet":{"unit":"px","size":"14","sizes":[]},"content_color":"#000000","content_typography_font_family":"Helvetica","content_typography_font_weight":"300","content_typography_line_height":{"unit":"px","size":"22","sizes":[]},"content_typography_line_height_tablet":{"unit":"px","size":"","sizes":[]},"content_typography_letter_spacing":{"unit":"px","size":"0","sizes":[]}},"elements":[],"isInner":false,"widgetType":"testimonial-carousel","elType":"widget"}],"isInner":"","elType":"column"},{"id":"71e7f281","settings":{"_column_size":"50","_inline_size":"50","margin":{"unit":"%","top":"0","right":"0","bottom":"0","left":"40","isLinked":""},"content_position":"bottom","background_background":"classic","background_color":"#6C7C69","_inline_size_tablet":"100","margin_tablet":{"unit":"%","top":"0","right":"0","bottom":"0","left":"60","isLinked":""},"padding":{"unit":"%","top":"","right":"","bottom":"","left":"","isLinked":"1"},"padding_tablet":{"unit":"%","top":"","right":"","bottom":"","left":"","isLinked":"1"}},"elements":[{"id":"1ae4057","settings":{"image":{"id":"24","url":"http:\/\/localhost\/dieuhau\/wp-content\/uploads\/2020\/10\/HomePage-TestimonialsSection.jpg"},"image_size":"full","image_box_shadow_box_shadow":{"horizontal":"500","vertical":"0","blur":"0","spread":"100","color":"#6C7C69"},"width_mobile":{"unit":"%","size":"70","sizes":[]},"_margin":{"unit":"%","top":"0","right":"0","bottom":"-12","left":"-60","isLinked":""},"_margin_tablet":{"unit":"%","top":"20","right":"0","bottom":"-20","left":"-100","isLinked":""},"_padding_tablet":{"unit":"%","top":"","right":"","bottom":"","left":"","isLinked":"1"},"animation_duration":"slow"},"elements":[],"isInner":false,"widgetType":"image","elType":"widget"}],"isInner":"","elType":"column"}],"isInner":"","elType":"section"}],"page_settings":{"background_background":"classic","background_color":"#FFFAF5"}}