{"version":"0.4","title":"Footer8","type":"footer","content":[{"id":"7e3b7cfe","settings":{"layout":"full_width","height":"min-height","custom_height":{"unit":"px","size":"285","sizes":[]},"column_position":"stretch","structure":"20","border_border":"solid","border_width":{"unit":"px","top":"0","right":"50","bottom":"50","left":"50","isLinked":""},"border_color":"#ffffff","border_width_tablet":{"unit":"px","top":"0","right":"20","bottom":"20","left":"20","isLinked":false},"_title":"Footer","sticky":"bottom","sticky_on":["desktop"],"z_index":1,"_timestamp_":"v1S2hPVjBxQm0zZVduWWZGcGZ3V0k5dz09"},"elements":[{"id":"73ea4c8a","settings":{"_column_size":"50","_inline_size":"66.7","content_position":"center","background_background":"classic","background_color":"#6f77f4","padding":{"unit":"%","top":"0","right":"5","bottom":"0","left":"11","isLinked":""},"_inline_size_tablet":100,"padding_tablet":{"unit":"px","top":"0","right":"20","bottom":"0","left":"30","isLinked":false},"padding_mobile":{"unit":"px","top":"50","right":"20","bottom":"50","left":"20","isLinked":false}},"elements":[{"id":"7769db5a","settings":{"structure":"30","margin":{"unit":"px","top":"10","right":0,"bottom":"0","left":0,"isLinked":false}},"elements":[{"id":"1db70667","settings":{"_column_size":"33","_inline_size":"27.045","space_between_widgets":"0","padding":{"unit":"px","top":"0","right":"0","bottom":"0","left":"0","isLinked":"1"},"_inline_size_tablet":25,"space_between_widgets_tablet":5,"space_between_widgets_mobile":10,"content_position":"top"},"elements":[{"id":"4bd81843","settings":{"title":"AD.","title_color":"#ffffff","typography_typography":"custom","typography_font_family":"Montserrat","typography_font_size":{"unit":"px","size":"50","sizes":[]},"typography_font_weight":"700","align_mobile":"center","typography_font_size_tablet":{"unit":"px","size":40,"sizes":[]},"typography_font_size_mobile":{"unit":"px","size":50,"sizes":[]},"typography_text_transform":"uppercase","__dynamic__":{"link":"[elementor-tag id=\"b686d35\" name=\"site-url\" settings=\"%7B%7D\"]"}},"elements":[],"isInner":false,"widgetType":"heading","elType":"widget"},{"id":"643ddbca","settings":{"title":"Let's Get Creative.","title_color":"#ffffff","typography_typography":"custom","typography_font_family":"Montserrat","typography_font_size":{"unit":"px","size":"18","sizes":[]},"typography_font_weight":"400","align_mobile":"center","typography_font_size_tablet":{"unit":"px","size":16,"sizes":[]},"typography_text_transform":"capitalize"},"elements":[],"isInner":false,"widgetType":"heading","elType":"widget"}],"isInner":"1","elType":"column"},{"id":"402eaf16","settings":{"_column_size":"33","_inline_size":"39.595","_inline_size_tablet":45,"padding_mobile":{"unit":"px","top":"30","right":"0","bottom":"0","left":"0","isLinked":false},"padding_tablet":{"unit":"px","top":"0","right":"0","bottom":"0","left":"030","isLinked":false}},"elements":[{"id":"6a6db38","settings":{"editor":"<p><span class=\"elementor-icon-list-text elementor-inline-editing\" data-elementor-setting-key=\"icon_list.0.text\">alexdaniels@gmail.com<br \/><\/span>1-205 589 3787<\/p>","text_color":"#ffffff","typography_typography":"custom","typography_font_family":"Montserrat","typography_font_size":{"unit":"px","size":16,"sizes":[]},"typography_font_weight":"300","typography_line_height":{"unit":"em","size":"1.9","sizes":[]},"align_mobile":"center","_padding_mobile":{"unit":"px","top":"15","right":"0","bottom":"0","left":"0","isLinked":false}},"elements":[],"isInner":false,"widgetType":"text-editor","elType":"widget"}],"isInner":"1","elType":"column"},{"id":"7a86e231","settings":{"_column_size":"33","padding":{"unit":"%","top":"0","right":"0","bottom":"0","left":"0","isLinked":""},"_inline_size_tablet":30,"padding_tablet":{"unit":"px","top":"0","right":"0","bottom":"0","left":"0","isLinked":true},"content_position":"center"},"elements":[{"id":"34a51baa","settings":{"editor":"<p>Morris\u00a0<span id=\"docs-internal-guid-650c0d8c-7fff-722d-1d31-df675b9c6daf\"><span style=\"font-size: 12pt; font-variant-numeric: normal; font-variant-east-asian: normal; vertical-align: baseline; white-space: pre-wrap;\">Avenue<\/span><\/span><br \/>Birmingham, Alabama<\/p>","text_color":"#ffffff","typography_typography":"custom","typography_font_family":"Montserrat","typography_font_size":{"unit":"px","size":16,"sizes":[]},"typography_font_weight":"300","typography_line_height":{"unit":"em","size":"1.9","sizes":[]},"align_mobile":"center","_padding_mobile":{"unit":"px","top":"15","right":"0","bottom":"0","left":"0","isLinked":false}},"elements":[],"isInner":false,"widgetType":"text-editor","elType":"widget"}],"isInner":"1","elType":"column"}],"isInner":"1","elType":"section"}],"isInner":"","elType":"column"},{"id":"4015bfb","settings":{"_column_size":"50","_inline_size":"33.3","content_position":"center","background_background":"classic","background_color":"#ffd845","padding":{"unit":"%","top":"0","right":"0","bottom":"0","left":"15","isLinked":""},"_inline_size_tablet":100,"padding_tablet":{"unit":"px","top":"0","right":"0","bottom":"0","left":"0","isLinked":true},"padding_mobile":{"unit":"px","top":"50","right":"0","bottom":"50","left":"0","isLinked":false}},"elements":[{"id":"6766bcbb","settings":{"title":"Keep in touch","align":"left","title_color":"#3a3a3a","typography_typography":"custom","typography_font_family":"Playfair Display","typography_font_size":{"unit":"px","size":"18","sizes":[]},"typography_font_weight":"600","align_tablet":"center","typography_text_transform":"capitalize"},"elements":[],"isInner":false,"widgetType":"heading","elType":"widget"},{"id":"697e223b","settings":{"view":"inline","icon_list":[{"text":"","selected_icon":{"value":"fab fa-facebook-f","library":"fa-brands"},"_id":"be15d4c","link":{"url":"","is_external":"","nofollow":"","custom_attributes":""}},{"text":"","selected_icon":{"value":"fab fa-twitter","library":"fa-brands"},"_id":"9ec54df","link":{"url":"","is_external":"","nofollow":"","custom_attributes":""}},{"text":"","selected_icon":{"value":"fab fa-pinterest-p","library":"fa-brands"},"_id":"cefccdd","link":{"url":"","is_external":"","nofollow":"","custom_attributes":""}},{"text":"","selected_icon":{"value":"fab fa-instagram","library":"fa-brands"},"_id":"3b2fb9d","link":{"url":"","is_external":"","nofollow":"","custom_attributes":""}}],"space_between":{"unit":"px","size":"25","sizes":[]},"icon_align":"left","icon_color":"#3a3a3a","icon_color_hover":"#6f77f4","icon_size":{"unit":"px","size":"16","sizes":[]},"icon_align_tablet":"center"},"elements":[],"isInner":false,"widgetType":"icon-list","elType":"widget"}],"isInner":"","elType":"column"}],"isInner":"","elType":"section"}]}