{"version":"0.4","title":"Footer24","type":"footer","content":[{"id":"32570328","settings":{"content_position":"middle","structure":"20","background_background":"gradient","background_color":"#ffc40e","background_color_b":"#ffd917","padding":{"unit":"px","top":"60","right":"0","bottom":"60","left":"0","isLinked":false},"padding_tablet":{"unit":"px","top":"40","right":"20","bottom":"40","left":"20","isLinked":false},"padding_mobile":{"unit":"px","top":"40","right":"20","bottom":"40","left":"20","isLinked":false},"_timestamp_":"v1S2hPVjBxQm0zZVduWWZGcGZ3V0k5dz09"},"elements":[{"id":"7ea225be","settings":{"_column_size":50,"_inline_size":null,"margin":{"unit":"px","top":"0","right":"030","bottom":"0","left":"0","isLinked":false},"padding_tablet":{"unit":"px","top":"10","right":"10","bottom":"10","left":"10","isLinked":true}},"elements":[{"id":"4acce6a1","settings":{"title":"Subscribe to Newsletter ","title_color":"#000000","typography_typography":"custom","typography_font_size":{"unit":"px","size":30},"typography_font_weight":"600","typography_line_height_mobile":{"unit":"em","size":1.3}},"elements":[],"isInner":false,"widgetType":"heading","elType":"widget"},{"id":"18db9382","settings":{"editor":"I am text block. Click edit button to change this text. Lorem ipsum dolor sit amet, consectetur"},"elements":[],"isInner":false,"widgetType":"text-editor","elType":"widget"}],"isInner":false,"elType":"column"},{"id":"2c02d96b","settings":{"_column_size":50,"_inline_size":null},"elements":[{"id":"2628cb47","settings":{"form_name":"New Form","form_fields":[{"_id":"email","field_type":"email","required":"true","field_label":"Email","placeholder":"Your Email:","width":"66","field_value":"","min_date":"","max_date":"","field_options":"","allow_multiple":"","select_size":"","inline_list":"","field_html":"","width_tablet":"","width_mobile":"","rows":4,"recaptcha_size":"normal","recaptcha_style":"light","css_classes":"","file_sizes":"","file_types":"","allow_multiple_upload":"","max_files":"","acceptance_text":"","checked_by_default":"","field_min":"","field_max":"","use_native_date":"","use_native_time":"","custom_id":"email","previous_button":"","next_button":"","selected_icon":{"value":"fas fa-star","library":"fa-solid"},"recaptcha_badge":"bottomright"}],"input_size":"lg","show_labels":"","button_text":"Subscribe Now","button_size":"lg","button_width":"33","email_content":"[all-fields]","email_content_2":"[all-fields]","success_message":"The form was sent successfully.","error_message":"An error occured.","required_field_message":"This field is required.","invalid_message":"There's something wrong. The form is invalid.","column_gap":{"unit":"px","size":0},"row_gap":{"unit":"px","size":0},"field_border_width":{"unit":"px","top":"0","right":"0","bottom":"0","left":"0","isLinked":true},"field_border_radius":{"unit":"px","top":"0","right":"0","bottom":"0","left":"0","isLinked":false},"button_background_color":"#2642d3","button_typography_typography":"custom","button_typography_font_family":"Montserrat","button_border_radius":{"unit":"px","top":"0","right":"0","bottom":"0","left":"0","isLinked":false},"button_text_padding":{"unit":"px","top":"5","right":"5","bottom":"5","left":"5","isLinked":true},"step_next_label":"Next","step_previous_label":"Previous"},"elements":[],"isInner":false,"widgetType":"form","elType":"widget"}],"isInner":false,"elType":"column"}],"isInner":false,"elType":"section"},{"id":"4511a991","settings":{"background_background":"gradient","background_color":"#f2f2f2","margin":{"unit":"px","top":"","right":0,"bottom":"","left":0,"isLinked":true},"padding":{"unit":"px","top":"60","right":"0","bottom":"60","left":"0","isLinked":false},"padding_tablet":{"unit":"px","top":"50","right":"20","bottom":"50","left":"20","isLinked":false},"padding_mobile":{"unit":"px","top":"30","right":"20","bottom":"30","left":"20","isLinked":false},"border_border":"solid","border_width":{"unit":"px","top":"5","right":"0","bottom":"0","left":"0","isLinked":false},"border_color":"#ffc40e","background_color_b":"#ffffff","background_gradient_angle":{"unit":"deg","size":250},"_timestamp_":"v1S2hPVjBxQm0zZVduWWZGcGZ3V0k5dz09"},"elements":[{"id":"52f19124","settings":{"_column_size":100,"padding":{"unit":"%","top":"","right":"","bottom":"","left":"","isLinked":true},"padding_mobile":{"unit":"px","top":"0","right":"0","bottom":"0","left":"0","isLinked":true}},"elements":[{"id":"32ccbd0e","settings":{"gap":"narrow","content_position":"top","structure":"40","padding":{"unit":"px","top":"0","right":"0","bottom":"0","left":"0","isLinked":false},"layout":"full_width","margin_mobile":{"unit":"px","top":"10","right":0,"bottom":"0","left":0,"isLinked":false}},"elements":[{"id":"1714a80","settings":{"_column_size":25,"_inline_size":null,"_inline_size_tablet":25,"_inline_size_mobile":50},"elements":[{"id":"79eab65b","settings":{"title":"Features","title_color":"#000000","typography_typography":"custom","typography_font_size":{"unit":"px","size":18},"typography_font_weight":"500","header_size":"h4","typography_text_transform":"uppercase"},"elements":[],"isInner":false,"widgetType":"heading","elType":"widget"},{"id":"6814265a","settings":{"icon_list":[{"text":"Overview","icon":"","_id":"6b44671","link":{"url":"","is_external":"","nofollow":"","custom_attributes":""},"selected_icon":{"value":"fas fa-check","library":"fa-solid"}},{"text":"Design","icon":"","_id":"6442eb7","link":{"url":"","is_external":"","nofollow":"","custom_attributes":""},"selected_icon":{"value":"fas fa-check","library":"fa-solid"}},{"text":"Programming","icon":"","_id":"fc019a2","link":{"url":"","is_external":"","nofollow":"","custom_attributes":""},"selected_icon":{"value":"fas fa-check","library":"fa-solid"}},{"text":"Collaborate","icon":"","_id":"1fd4f18","link":{"url":"","is_external":"","nofollow":"","custom_attributes":""},"selected_icon":{"value":"fas fa-check","library":"fa-solid"}},{"text":"Coming Soon","icon":"","_id":"17a281d","link":{"url":"","is_external":"","nofollow":"","custom_attributes":""},"selected_icon":{"value":"fas fa-check","library":"fa-solid"}}],"space_between":{"unit":"px","size":5},"icon_align":"left","icon_size":{"unit":"px","size":0},"text_color":"rgba(0,0,0,0.79)","text_indent":{"unit":"px","size":0},"icon_typography_typography":"custom","icon_typography_font_size":{"unit":"px","size":14},"icon_typography_font_weight":"300","icon_typography_font_size_mobile":{"unit":"px","size":13}},"elements":[],"isInner":false,"widgetType":"icon-list","elType":"widget"}],"isInner":true,"elType":"column"},{"id":"4deb20e9","settings":{"_column_size":25,"_inline_size":null,"_inline_size_tablet":25,"_inline_size_mobile":50,"padding_mobile":{"unit":"px","top":"0","right":"0","bottom":"0","left":"0","isLinked":false}},"elements":[{"id":"f91c4ce","settings":{"title":"Get Started","title_color":"#000000","typography_typography":"custom","typography_font_size":{"unit":"px","size":18},"typography_font_weight":"500","header_size":"h4","typography_text_transform":"uppercase"},"elements":[],"isInner":false,"widgetType":"heading","elType":"widget"},{"id":"63d07652","settings":{"icon_list":[{"text":"Tutorials","icon":"","_id":"6b44671","link":{"url":"","is_external":"","nofollow":"","custom_attributes":""},"selected_icon":{"value":"fas fa-check","library":"fa-solid"}},{"text":"Resources","icon":"","_id":"6442eb7","link":{"url":"","is_external":"","nofollow":"","custom_attributes":""},"selected_icon":{"value":"fas fa-check","library":"fa-solid"}},{"text":"Guides","icon":"","_id":"fc019a2","link":{"url":"","is_external":"","nofollow":"","custom_attributes":""},"selected_icon":{"value":"fas fa-check","library":"fa-solid"}},{"text":"Examples","icon":"","_id":"1fd4f18","link":{"url":"","is_external":"","nofollow":"","custom_attributes":""},"selected_icon":{"value":"fas fa-check","library":"fa-solid"}},{"text":"Docs","icon":"","_id":"17a281d","link":{"url":"","is_external":"","nofollow":"","custom_attributes":""},"selected_icon":{"value":"fas fa-check","library":"fa-solid"}}],"space_between":{"unit":"px","size":5},"icon_align":"left","icon_size":{"unit":"px","size":0},"text_color":"rgba(0,0,0,0.79)","text_indent":{"unit":"px","size":0},"icon_typography_typography":"custom","icon_typography_font_size":{"unit":"px","size":14},"icon_typography_font_weight":"300","icon_typography_font_size_mobile":{"unit":"px","size":13}},"elements":[],"isInner":false,"widgetType":"icon-list","elType":"widget"}],"isInner":true,"elType":"column"},{"id":"2d27dec2","settings":{"_column_size":25,"_inline_size":null,"_inline_size_tablet":25,"_inline_size_mobile":50,"padding_mobile":{"unit":"px","top":"50","right":"0","bottom":"0","left":"0","isLinked":false}},"elements":[{"id":"70677f4b","settings":{"title":"About","title_color":"#000000","typography_typography":"custom","typography_font_size":{"unit":"px","size":18},"typography_font_weight":"500","header_size":"h4","typography_text_transform":"uppercase"},"elements":[],"isInner":false,"widgetType":"heading","elType":"widget"},{"id":"196af6b6","settings":{"icon_list":[{"text":"Stories","icon":"","_id":"6b44671","link":{"url":"","is_external":"","nofollow":"","custom_attributes":""},"selected_icon":{"value":"fas fa-check","library":"fa-solid"}},{"text":"Community","icon":"","_id":"6442eb7","link":{"url":"","is_external":"","nofollow":"","custom_attributes":""},"selected_icon":{"value":"fas fa-check","library":"fa-solid"}},{"text":"Blog","icon":"","_id":"fc019a2","link":{"url":"","is_external":"","nofollow":"","custom_attributes":""},"selected_icon":{"value":"fas fa-check","library":"fa-solid"}},{"text":"Careers","icon":"","_id":"1fd4f18","link":{"url":"","is_external":"","nofollow":"","custom_attributes":""},"selected_icon":{"value":"fas fa-check","library":"fa-solid"}},{"text":"Brand Assets","icon":"","_id":"17a281d","link":{"url":"","is_external":"","nofollow":"","custom_attributes":""},"selected_icon":{"value":"fas fa-check","library":"fa-solid"}}],"space_between":{"unit":"px","size":5},"icon_align":"left","icon_size":{"unit":"px","size":0},"text_color":"rgba(0,0,0,0.79)","text_indent":{"unit":"px","size":0},"icon_typography_typography":"custom","icon_typography_font_size":{"unit":"px","size":14},"icon_typography_font_weight":"300","icon_typography_font_size_mobile":{"unit":"px","size":13}},"elements":[],"isInner":false,"widgetType":"icon-list","elType":"widget"}],"isInner":true,"elType":"column"},{"id":"462bd46","settings":{"_column_size":25,"_inline_size":null,"_inline_size_tablet":25,"_inline_size_mobile":50,"padding_mobile":{"unit":"px","top":"50","right":"0","bottom":"0","left":"0","isLinked":false}},"elements":[{"id":"7b64864f","settings":{"title":"Downloads","title_color":"#000000","typography_typography":"custom","typography_font_size":{"unit":"px","size":18},"typography_font_weight":"500","header_size":"h4","typography_text_transform":"uppercase"},"elements":[],"isInner":false,"widgetType":"heading","elType":"widget"},{"id":"63a1861a","settings":{"icon_list":[{"text":"Mobile UI Kit","icon":"","_id":"6b44671","link":{"url":"","is_external":"","nofollow":"","custom_attributes":""},"selected_icon":{"value":"fas fa-check","library":"fa-solid"}},{"text":"Web UI Kit","icon":"","_id":"6442eb7","link":{"url":"","is_external":"","nofollow":"","custom_attributes":""},"selected_icon":{"value":"fas fa-check","library":"fa-solid"}},{"text":"Psd Files","icon":"","_id":"fc019a2","link":{"url":"","is_external":"","nofollow":"","custom_attributes":""},"selected_icon":{"value":"fas fa-check","library":"fa-solid"}},{"text":"Icons","icon":"","_id":"1fd4f18","link":{"url":"","is_external":"","nofollow":"","custom_attributes":""},"selected_icon":{"value":"fas fa-check","library":"fa-solid"}},{"text":"Mockups","icon":"","_id":"17a281d","link":{"url":"","is_external":"","nofollow":"","custom_attributes":""},"selected_icon":{"value":"fas fa-check","library":"fa-solid"}}],"space_between":{"unit":"px","size":5},"icon_align":"left","icon_size":{"unit":"px","size":0},"text_color":"rgba(0,0,0,0.79)","text_indent":{"unit":"px","size":0},"icon_typography_typography":"custom","icon_typography_font_size":{"unit":"px","size":14},"icon_typography_font_weight":"300","icon_typography_font_size_mobile":{"unit":"px","size":13}},"elements":[],"isInner":false,"widgetType":"icon-list","elType":"widget"}],"isInner":true,"elType":"column"}],"isInner":true,"elType":"section"}],"isInner":false,"elType":"column"}],"isInner":false,"elType":"section"}]}