{"version":"0.4","title":"Footer28","type":"footer","content":[{"id":"135ac48d","settings":{"layout":"full_width","_title":"Arrow Up","overflow":"hidden","_timestamp_":"v1S2hPVjBxQm0zZVduWWZGcGZ3V0k5dz09"},"elements":[{"id":"b63fbb","settings":{"_column_size":"100","align":"flex-end","padding":{"unit":"px","top":"0","right":"0","bottom":"0","left":"0","isLinked":"1"}},"elements":[{"id":"78650dfc","settings":{"text":"","align":"right","selected_icon":{"value":{"id":189,"url":"http:\/\/localhost\/dieuhau\/wp-content\/uploads\/2020\/07\/arrow-up.svg"},"library":"svg"},"typography_typography":"custom","typography_font_size":{"unit":"px","size":"70","sizes":[]},"button_text_color":"#FFFFFF","background_color":"#635DFF","hover_color":"#FFFFFF","button_background_hover_color":"#3D4E60","border_radius":{"unit":"px","top":"30","right":"0","bottom":"0","left":"0","isLinked":""},"button_box_shadow_box_shadow":{"horizontal":"-10","vertical":"10","blur":"30","spread":"0","color":"rgba(0, 0, 0, 0.15)"},"text_padding":{"unit":"px","top":"35","right":"4","bottom":"25","left":"11","isLinked":""},"typography_line_height":{"unit":"em","size":"0","sizes":[]},"typography_letter_spacing":{"unit":"px","size":"0","sizes":[]},"_element_width":"auto","link":{"url":"#up","is_external":"","nofollow":"","custom_attributes":""}},"elements":[],"isInner":false,"widgetType":"button","elType":"widget"}],"isInner":"","elType":"column"}],"isInner":"","elType":"section"},{"id":"304137f","settings":{"height":"min-height","custom_height":{"unit":"px","size":"385","sizes":[]},"structure":"20","background_background":"classic","background_color":"#3D4E60","background_overlay_background":"classic","background_overlay_image":{"id":190,"url":"http:\/\/localhost\/dieuhau\/wp-content\/uploads\/2020\/07\/Footer-BG.png"},"background_overlay_position":"center center","background_overlay_repeat":"no-repeat","background_overlay_size":"cover","background_overlay_opacity":{"unit":"px","size":"0.05","sizes":[]},"border_border":"solid","border_width":{"unit":"px","top":"0","right":"0","bottom":"0","left":"10","isLinked":""},"border_color":"#635DFF","padding":{"unit":"%","top":"","right":"","bottom":"","left":"","isLinked":"1"},"content_width":{"unit":"px","size":"1400","sizes":[]},"_title":"Footer","custom_height_tablet":{"unit":"px","size":"300","sizes":[]},"background_overlay_size_mobile":"initial","background_overlay_bg_width_mobile":{"unit":"%","size":"300","sizes":[]},"padding_tablet":{"unit":"%","top":"0","right":"5","bottom":"0","left":"5","isLinked":""},"padding_mobile":{"unit":"%","top":"15","right":"5","bottom":"15","left":"5","isLinked":""},"overflow":"hidden","_timestamp_":"v1S2hPVjBxQm0zZVduWWZGcGZ3V0k5dz09"},"elements":[{"id":"71de94b5","settings":{"_column_size":"50","_inline_size":"50","content_position":"center","space_between_widgets":"45","padding":{"unit":"px","top":"0","right":"0","bottom":"0","left":"0","isLinked":"1"},"_inline_size_tablet":"40","space_between_widgets_tablet":"50","padding_tablet":{"unit":"px","top":"0","right":"50","bottom":"0","left":"0","isLinked":""},"padding_mobile":{"unit":"px","top":"0","right":"0","bottom":"0","left":"0","isLinked":"1"}},"elements":[{"id":"4197e629","settings":{"title":"Steve<b>Robinson.<\/b>","title_color":"#FFFFFF","typography_typography":"custom","typography_font_family":"Montserrat","typography_font_size":{"unit":"px","size":"22","sizes":[]},"typography_font_weight":"400","__dynamic__":{"link":"[elementor-tag id=\"fd131e4\" name=\"site-url\" settings=\"%7B%7D\"]"},"align_mobile":"center"},"elements":[],"isInner":false,"widgetType":"heading","elType":"widget"},{"id":"5176b579","settings":{"view":"inline","icon_list":[{"text":"","selected_icon":{"value":"fab fa-facebook-f","library":"fa-brands"},"_id":"3798cf3","link":{"url":"","is_external":"","nofollow":"","custom_attributes":""}},{"text":"","selected_icon":{"value":"fab fa-twitter","library":"fa-brands"},"link":{"url":"","is_external":"","nofollow":"","custom_attributes":""},"_id":"2b75583"},{"text":"","selected_icon":{"value":"fab fa-linkedin","library":"fa-brands"},"link":{"url":"","is_external":"","nofollow":"","custom_attributes":""},"_id":"5e769f5"},{"text":"","selected_icon":{"value":"fab fa-instagram","library":"fa-brands"},"link":{"url":"","is_external":"","nofollow":"","custom_attributes":""},"_id":"d8a1421"}],"space_between":{"unit":"px","size":"25","sizes":[]},"icon_color":"#FFFFFF","icon_color_hover":"#635DFF","icon_size":{"unit":"px","size":"20","sizes":[]},"icon_self_align":"left","icon_align_mobile":"center"},"elements":[],"isInner":false,"widgetType":"icon-list","elType":"widget"},{"id":"222320a5","settings":{"title":"\u00a9 2020 Steven Robinson Online Courses LTD. All Rights Reserved ","title_color":"#FFFFFF","typography_typography":"custom","typography_font_family":"Montserrat","typography_font_size":{"unit":"px","size":"12","sizes":[]},"typography_font_weight":"200","__dynamic__":{"link":"[elementor-tag id=\"fd131e4\" name=\"site-url\" settings=\"%7B%7D\"]"},"align_mobile":"center","typography_line_height_tablet":{"unit":"em","size":"1.4","sizes":[]}},"elements":[],"isInner":false,"widgetType":"heading","elType":"widget"}],"isInner":"","elType":"column"},{"id":"66aae0bb","settings":{"_column_size":"50","_inline_size":"50","content_position":"center","space_between_widgets":"50","padding":{"unit":"px","top":"0","right":"0","bottom":"0","left":"0","isLinked":"1"},"_inline_size_tablet":"60","space_between_widgets_tablet":"60","margin_mobile":{"unit":"px","top":"50","right":"0","bottom":"0","left":"0","isLinked":""}},"elements":[{"id":"4f5b2dab","settings":{"title":"Get Free Lessons, Bonus Content and Notifications of Upcoming Courses Straight to Your Inbox","title_color":"#FFFFFF","typography_typography":"custom","typography_font_family":"Montserrat","typography_font_size":{"unit":"px","size":"18","sizes":[]},"typography_font_weight":"200","typography_text_transform":"capitalize","typography_line_height":{"unit":"em","size":"1.4","sizes":[]},"align_mobile":"center","typography_font_size_tablet":{"unit":"px","size":"15","sizes":[]}},"elements":[],"isInner":false,"widgetType":"heading","elType":"widget"},{"id":"3ed4ab7a","settings":{"form_name":"New Form","form_fields":[{"custom_id":"email","field_type":"email","required":"true","field_label":"Your Email","placeholder":"","width":"66","_id":"a583cec","field_options":"","allow_multiple":"","select_size":"","inline_list":"","field_html":"","width_tablet":"60","width_mobile":"","rows":"4","recaptcha_size":"normal","recaptcha_style":"light","recaptcha_badge":"bottomright","css_classes":"","field_value":"","file_sizes":"","file_types":"","allow_multiple_upload":"","max_files":"","acceptance_text":"","checked_by_default":"","field_min":"","field_max":"","min_date":"","max_date":"","use_native_date":"","use_native_time":"","previous_button":"","next_button":"","selected_icon":{"value":"fas fa-star","library":"fa-solid"}}],"button_text":"Subscribe","button_size":"md","button_width":"33","button_align":"end","selected_button_icon":{"value":"fas fa-arrow-right","library":"fa-solid"},"button_icon_align":"right","button_icon_indent":{"unit":"px","size":"10","sizes":[]},"email_content":"[all-fields]","email_content_2":"[all-fields]","success_message":"The form was sent successfully.","error_message":"An error occured.","required_field_message":"This field is required.","invalid_message":"There's something wrong. The form is invalid.","label_color":"#FFFFFF","label_typography_typography":"custom","label_typography_font_family":"Montserrat","label_typography_font_size":{"unit":"px","size":"16","sizes":[]},"label_typography_font_weight":"200","label_typography_text_transform":"capitalize","field_text_color":"#FFFFFF","field_typography_font_size":{"unit":"px","size":"16","sizes":[]},"field_background_color":"rgba(255, 255, 255, 0)","field_border_color":"rgba(255, 255, 255, 0.37)","field_border_width":{"unit":"px","top":"0","right":"0","bottom":"1","left":"0","isLinked":""},"field_border_radius":{"unit":"px","top":"0","right":"0","bottom":"0","left":"0","isLinked":"1"},"button_background_color":"#635DFF","button_text_color":"#FFFFFF","button_typography_typography":"custom","button_typography_font_family":"Montserrat","button_typography_font_size":{"unit":"px","size":"15","sizes":[]},"button_typography_font_weight":"300","button_typography_text_transform":"uppercase","button_border_radius":{"unit":"px","top":"50","right":"0","bottom":"50","left":"50","isLinked":""},"button_text_padding":{"unit":"px","top":"20","right":"35","bottom":"20","left":"35","isLinked":""},"button_background_hover_color":"#FFFFFF","button_hover_color":"#635DFF","button_hover_animation":"float","field_typography_typography":"custom","field_typography_font_family":"Montserrat","field_typography_font_weight":"300","field_typography_text_transform":"capitalize","message_typography_typography":"custom","message_typography_font_family":"Montserrat","message_typography_font_size":{"unit":"px","size":"16","sizes":[]},"message_typography_font_weight":"300","message_typography_text_transform":"capitalize","success_message_color":"#FFFFFF","error_message_color":"#FFFFFF","inline_message_color":"#FFFFFF","button_width_tablet":"40","column_gap":{"unit":"px","size":"50","sizes":[]},"row_gap":{"unit":"px","size":"20","sizes":[]},"button_typography_font_size_tablet":{"unit":"px","size":"15","sizes":[]},"step_next_label":"Next","step_previous_label":"Previous"},"elements":[],"isInner":false,"widgetType":"form","elType":"widget"}],"isInner":"","elType":"column"}],"isInner":"","elType":"section"}]}