{"version":"0.4","title":"Footer21","type":"footer","content":[{"id":"51224f97","settings":{"content_width":{"unit":"px","size":"1760","sizes":[]},"layout":"full_width","margin":{"unit":"px","top":"200","right":"0","bottom":"0","left":"0","isLinked":""},"_title":"Footer","margin_tablet":{"unit":"px","top":"100","right":"0","bottom":"0","left":"0","isLinked":""},"margin_mobile":{"unit":"px","top":"100","right":"0","bottom":"0","left":"0","isLinked":""},"_timestamp_":"v1S2hPVjBxQm0zZVduWWZGcGZ3V0k5dz09"},"elements":[{"id":"49f2b8f6","settings":{"_column_size":"100","padding":{"unit":"px","top":"0","right":"0","bottom":"0","left":"0","isLinked":""}},"elements":[{"id":"30c768d9","settings":{"content_width":{"unit":"px","size":"1760","sizes":[]},"structure":"30","margin":{"unit":"px","top":"0","right":"0","bottom":"0","left":"0","isLinked":"1"},"height_inner":"min-height","custom_height_inner":{"unit":"px","size":"150","sizes":[]},"border_border":"solid","border_width":{"unit":"px","top":"1","right":"0","bottom":"0","left":"0","isLinked":""},"border_color":"rgba(3,53,55,0.2)"},"elements":[{"id":"71e39573","settings":{"_column_size":"33","_inline_size":"20","content_position":"center","_inline_size_tablet":"100","padding_tablet":{"unit":"px","top":"30","right":"0","bottom":"20","left":"0","isLinked":""}},"elements":[{"id":"761c4b51","settings":{"image":{"id":165,"url":"http:\/\/localhost\/dieuhau\/wp-content\/uploads\/2020\/07\/iTour-Logo-Footer.png"},"align":"left","link_to":"custom","__dynamic__":{"link":"[elementor-tag id=\"eb6d732\" name=\"site-url\" settings=\"%7B%7D\"]"},"image_size":"full","align_tablet":"center"},"elements":[],"isInner":false,"widgetType":"image","elType":"widget"},{"id":"13877547","settings":{"view":"inline","icon_list":[{"text":"","selected_icon":{"value":"fab fa-facebook-f","library":"fa-brands"},"_id":"dc7fa68","link":{"url":"","is_external":"","nofollow":"","custom_attributes":""}},{"text":"","selected_icon":{"value":"fab fa-twitter","library":"fa-brands"},"_id":"934a602","link":{"url":"","is_external":"","nofollow":"","custom_attributes":""}},{"text":"","selected_icon":{"value":"fab fa-linkedin-in","library":"fa-brands"},"_id":"9d86d49","link":{"url":"","is_external":"","nofollow":"","custom_attributes":""}}],"space_between":{"unit":"px","size":"15","sizes":[]},"icon_align":"left","icon_color":"#10ccae","icon_size":{"unit":"px","size":"18","sizes":[]},"icon_color_hover":"#033537","icon_align_tablet":"center"},"elements":[],"isInner":false,"widgetType":"icon-list","elType":"widget"}],"isInner":"1","elType":"column"},{"id":"5f8b7a7a","settings":{"_column_size":"33","_inline_size":"59.333","content_position":"center","_inline_size_tablet":"100"},"elements":[{"id":"169c7d5a","settings":{"menu_typography_typography":"custom","menu_typography_font_family":"Dosis","menu_typography_font_size":{"unit":"px","size":"20","sizes":[]},"color_menu_item":"#033537","align_items":"center","menu_typography_font_weight":"300","color_menu_item_hover":"#10ccae","pointer_width":{"unit":"px","size":"0","sizes":[]},"padding_horizontal_menu_item":{"unit":"px","size":"20","sizes":[]},"dropdown":"none"},"elements":[],"isInner":false,"widgetType":"nav-menu","elType":"widget"}],"isInner":"1","elType":"column"},{"id":"62569399","settings":{"_column_size":"33","_inline_size":"20","content_position":"center","padding":{"unit":"px","top":"0","right":"0","bottom":"0","left":"0","isLinked":"1"},"_inline_size_tablet":"100","padding_tablet":{"unit":"px","top":"20","right":"0","bottom":"0","left":"0","isLinked":""}},"elements":[{"id":"3ee7c5f8","settings":{"text":"book a tour today","size":"md","selected_icon":{"value":"fas fa-caret-right","library":"fa-solid"},"icon_align":"right","icon_indent":{"unit":"px","size":"10","sizes":[]},"typography_typography":"custom","typography_font_family":"Dosis","typography_font_size":{"unit":"px","size":"18","sizes":[]},"typography_font_weight":"400","typography_text_transform":"uppercase","button_text_color":"#033537","background_color":"#ffce47","border_radius":{"unit":"px","top":"0","right":"0","bottom":"0","left":"0","isLinked":"1"},"align":"right","hover_color":"#ffce47","button_background_hover_color":"#033537","align_tablet":"center","link":{"url":"","is_external":"","nofollow":""}},"elements":[],"isInner":false,"widgetType":"button","elType":"widget"}],"isInner":"1","elType":"column"}],"isInner":"1","elType":"section"},{"id":"5c85ccd7","settings":{"content_width":{"unit":"px","size":"1760","sizes":[]},"structure":"20","margin":{"unit":"px","top":"0","right":"0","bottom":"0","left":"0","isLinked":"1"},"background_background":"classic","background_color":"#033537","margin_tablet":{"unit":"px","top":"50","right":"0","bottom":"0","left":"0","isLinked":""},"padding_mobile":{"unit":"px","top":"20","right":"0","bottom":"20","left":"0","isLinked":""},"reverse_order_tablet":"reverse-tablet","reverse_order_mobile":"reverse-mobile"},"elements":[{"id":"13e9ec67","settings":{"_column_size":"50","_inline_size_tablet":"100"},"elements":[{"id":"337ad059","settings":{"editor":"Copyright \u00a9 2019 Itour. All rights reserved. ","align":"left","text_color":"#ffffff","typography_typography":"custom","typography_font_family":"Dosis","typography_font_size":{"unit":"px","size":"16","sizes":[]},"typography_font_weight":"200","align_tablet":"center"},"elements":[],"isInner":false,"widgetType":"text-editor","elType":"widget"}],"isInner":"1","elType":"column"},{"id":"32ec187c","settings":{"_column_size":"50","_inline_size_tablet":"100"},"elements":[{"id":"79357a72","settings":{"view":"inline","icon_list":[{"text":"+33-700-5558-83","selected_icon":{"value":"","library":""},"_id":"9839350","link":{"url":"","is_external":"","nofollow":"","custom_attributes":""}},{"text":"office@itour.com","selected_icon":{"value":"","library":""},"_id":"79fc911","link":{"url":"","is_external":"","nofollow":"","custom_attributes":""}},{"text":"75 rue La Boetie, Paris","selected_icon":{"value":"","library":""},"_id":"28df065","link":{"url":"","is_external":"","nofollow":"","custom_attributes":""}}],"space_between":{"unit":"px","size":"35","sizes":[]},"icon_align":"right","divider":"yes","divider_height":{"unit":"%","size":"60","sizes":[]},"divider_color":"#ffd664","text_color":"#ffffff","icon_typography_typography":"custom","icon_typography_font_family":"Dosis","icon_typography_font_size":{"unit":"px","size":"16","sizes":[]},"icon_typography_font_weight":"300","icon_align_tablet":"center","icon_align_mobile":"center"},"elements":[],"isInner":false,"widgetType":"icon-list","elType":"widget"}],"isInner":"1","elType":"column"}],"isInner":"1","elType":"section"}],"isInner":"","elType":"column"}],"isInner":"","elType":"section"}]}