{"version":"0.4","title":"Footer6","type":"footer","content":[{"id":"6f53df52","settings":{"background_background":"classic","background_color":"#001c38","margin":{"unit":"px","top":"","right":0,"bottom":"","left":0,"isLinked":true},"padding":{"unit":"px","top":"70","right":"0","bottom":"70","left":"0","isLinked":false},"padding_tablet":{"unit":"px","top":"50","right":"20","bottom":"50","left":"20","isLinked":false},"padding_mobile":{"unit":"px","top":"35","right":"20","bottom":"35","left":"20","isLinked":false},"structure":"40","_timestamp_":"v1S2hPVjBxQm0zZVduWWZGcGZ3V0k5dz09"},"elements":[{"id":"7dc53ce","settings":{"_column_size":25,"_inline_size":40,"_inline_size_tablet":35,"margin":{"unit":"px","top":"0","right":"80","bottom":"0","left":"0","isLinked":false},"margin_tablet":{"unit":"%","top":"0","right":"15","bottom":"0","left":"0","isLinked":false},"margin_mobile":{"unit":"px","top":"0","right":"0","bottom":"50","left":"0","isLinked":false},"padding_mobile":{"unit":"px","top":"0","right":"0","bottom":"0","left":"0","isLinked":false}},"elements":[{"id":"47d00211","settings":{"__dynamic__":{"image":"[elementor-tag id=\"\" name=\"site-logo\" settings=\"%7B%7D\"]","link":"[elementor-tag id=\"\" name=\"site-url\" settings=\"%7B%7D\"]"},"width":{"unit":"px","size":120},"width_mobile":{"unit":"px","size":70},"image":{"id":"17","url":"http:\/\/localhost\/dieuhau\/wp-content\/uploads\/2020\/07\/placeholder.png"}},"elements":[],"isInner":false,"widgetType":"theme-site-logo","elType":"widget"},{"id":"23f54e09","settings":{"text_color":"rgba(255,255,255,0.65)","typography_typography":"custom","typography_font_size":{"unit":"px","size":14},"typography_font_weight":"300","editor":"<p>I am text block. Click edit button to change this text. Lorem ipsum dolor sit amet, consectetur adipiscing elit. Ut elit tellus, luctus nec ullamcorper matti pibus leo.<\/p>","align_mobile":"left"},"elements":[],"isInner":false,"widgetType":"text-editor","elType":"widget"},{"id":"36aa1c09","settings":{"social_icon_list":[{"social":"fa fa-twitter","_id":"dc10550","link":{"url":"","is_external":"true","nofollow":"","custom_attributes":""},"social_icon":{"value":"fab fa-wordpress","library":"fa-brands"},"item_icon_color":"default","item_icon_primary_color":"","item_icon_secondary_color":""},{"social":"fa fa-facebook","_id":"0267196","link":{"url":"","is_external":"true","nofollow":"","custom_attributes":""},"social_icon":{"value":"fab fa-wordpress","library":"fa-brands"},"item_icon_color":"default","item_icon_primary_color":"","item_icon_secondary_color":""},{"social":"fa fa-dribbble","link":{"url":"","is_external":"true","nofollow":"","custom_attributes":""},"_id":"0e260c9","social_icon":{"value":"fab fa-wordpress","library":"fa-brands"},"item_icon_color":"default","item_icon_primary_color":"","item_icon_secondary_color":""},{"social":"fa fa-youtube","_id":"dbaeb71","link":{"url":"","is_external":"true","nofollow":"","custom_attributes":""},"social_icon":{"value":"fab fa-wordpress","library":"fa-brands"},"item_icon_color":"default","item_icon_primary_color":"","item_icon_secondary_color":""},{"social":"fa fa-pinterest","link":{"url":"","is_external":"true","nofollow":"","custom_attributes":""},"_id":"d2d5c50","social_icon":{"value":"fab fa-wordpress","library":"fa-brands"},"item_icon_color":"default","item_icon_primary_color":"","item_icon_secondary_color":""},{"social":"fa fa-medium","link":{"url":"","is_external":"true","nofollow":"","custom_attributes":""},"_id":"92c0998","social_icon":{"value":"fab fa-wordpress","library":"fa-brands"},"item_icon_color":"default","item_icon_primary_color":"","item_icon_secondary_color":""}],"icon_color":"custom","icon_primary_color":"rgba(255,255,255,0.21)","icon_secondary_color":"#ffffff","icon_size":{"unit":"px","size":15},"icon_padding":{"unit":"em","size":0.6},"icon_spacing":{"unit":"px","size":9},"hover_secondary_color":"#001c38","_padding":{"unit":"px","top":"20","right":"0","bottom":"0","left":"0","isLinked":false},"align":"left","align_mobile":"left","hover_primary_color":"#ffffff","icon_size_tablet":{"unit":"px","size":10}},"elements":[],"isInner":false,"widgetType":"social-icons","elType":"widget"}],"isInner":false,"elType":"column"},{"id":"370080a6","settings":{"_column_size":25,"_inline_size":20,"_inline_size_tablet":20,"_inline_size_mobile":33,"content_position":"top","padding_mobile":{"unit":"px","top":"0","right":"0","bottom":"0","left":"0","isLinked":true}},"elements":[{"id":"2c68de26","settings":{"title":"Get Started","title_color":"#ffffff","typography_typography":"custom","typography_font_size":{"unit":"px","size":18},"typography_font_weight":"500","align":"left","align_mobile":"left"},"elements":[],"isInner":false,"widgetType":"heading","elType":"widget"},{"id":"7f17e0a4","settings":{"icon_list":[{"text":"Tutorials","icon":"","_id":"6b44671","link":{"url":"","is_external":"","nofollow":"","custom_attributes":""},"selected_icon":{"value":"fas fa-check","library":"fa-solid"}},{"text":"Resources","icon":"","_id":"6442eb7","link":{"url":"","is_external":"","nofollow":"","custom_attributes":""},"selected_icon":{"value":"fas fa-check","library":"fa-solid"}},{"text":"Guides","icon":"","_id":"fc019a2","link":{"url":"","is_external":"","nofollow":"","custom_attributes":""},"selected_icon":{"value":"fas fa-check","library":"fa-solid"}},{"text":"Examples","icon":"","_id":"1fd4f18","link":{"url":"","is_external":"","nofollow":"","custom_attributes":""},"selected_icon":{"value":"fas fa-check","library":"fa-solid"}},{"text":"Docs","icon":"","_id":"17a281d","link":{"url":"","is_external":"","nofollow":"","custom_attributes":""},"selected_icon":{"value":"fas fa-check","library":"fa-solid"}}],"space_between":{"unit":"px","size":5},"icon_align":"left","icon_size":{"unit":"px","size":0},"text_color":"rgba(255,255,255,0.38)","text_indent":{"unit":"px","size":0},"icon_typography_typography":"custom","icon_typography_font_size":{"unit":"px","size":14},"icon_typography_font_weight":"300","icon_typography_font_size_mobile":{"unit":"px","size":13},"icon_align_mobile":"left","icon_typography_font_size_tablet":{"unit":"px","size":13}},"elements":[],"isInner":false,"widgetType":"icon-list","elType":"widget"}],"isInner":false,"elType":"column"},{"id":"5e991d8f","settings":{"_column_size":25,"_inline_size":20,"_inline_size_tablet":20,"_inline_size_mobile":33,"content_position":"top","padding_mobile":{"unit":"px","top":"0","right":"0","bottom":"0","left":"0","isLinked":true}},"elements":[{"id":"2d3f550a","settings":{"title":"About","title_color":"#ffffff","typography_typography":"custom","typography_font_size":{"unit":"px","size":18},"typography_font_weight":"500","align":"left","align_mobile":"left"},"elements":[],"isInner":false,"widgetType":"heading","elType":"widget"},{"id":"6f7f46e1","settings":{"icon_list":[{"text":"Stories","icon":"","_id":"6b44671","link":{"url":"","is_external":"","nofollow":"","custom_attributes":""},"selected_icon":{"value":"fas fa-check","library":"fa-solid"}},{"text":"Community","icon":"","_id":"6442eb7","link":{"url":"","is_external":"","nofollow":"","custom_attributes":""},"selected_icon":{"value":"fas fa-check","library":"fa-solid"}},{"text":"Blog","icon":"","_id":"fc019a2","link":{"url":"","is_external":"","nofollow":"","custom_attributes":""},"selected_icon":{"value":"fas fa-check","library":"fa-solid"}},{"text":"Careers","icon":"","_id":"1fd4f18","link":{"url":"","is_external":"","nofollow":"","custom_attributes":""},"selected_icon":{"value":"fas fa-check","library":"fa-solid"}},{"text":"Brand Assets","icon":"","_id":"17a281d","link":{"url":"","is_external":"","nofollow":"","custom_attributes":""},"selected_icon":{"value":"fas fa-check","library":"fa-solid"}}],"space_between":{"unit":"px","size":5},"icon_align":"left","icon_size":{"unit":"px","size":0},"text_color":"rgba(255,255,255,0.38)","text_indent":{"unit":"px","size":0},"icon_typography_typography":"custom","icon_typography_font_size":{"unit":"px","size":14},"icon_typography_font_weight":"300","icon_typography_font_size_mobile":{"unit":"px","size":13},"icon_align_mobile":"left","icon_typography_font_size_tablet":{"unit":"px","size":13}},"elements":[],"isInner":false,"widgetType":"icon-list","elType":"widget"}],"isInner":false,"elType":"column"},{"id":"3207e76b","settings":{"_column_size":25,"_inline_size":20,"_inline_size_tablet":20,"_inline_size_mobile":33,"content_position":"top","padding_mobile":{"unit":"px","top":"0","right":"0","bottom":"0","left":"0","isLinked":true},"margin_tablet":{"unit":"px","top":"0","right":"0","bottom":"0","left":"0","isLinked":false}},"elements":[{"id":"4ac93043","settings":{"title":"Downloads","title_color":"#ffffff","typography_typography":"custom","typography_font_size":{"unit":"px","size":18},"typography_font_weight":"500","align":"left"},"elements":[],"isInner":false,"widgetType":"heading","elType":"widget"},{"id":"4789cb5c","settings":{"icon_list":[{"text":"Flex UI Kit","icon":"","_id":"6b44671","link":{"url":"","is_external":"","nofollow":"","custom_attributes":""},"selected_icon":{"value":"fas fa-check","library":"fa-solid"}},{"text":"Modern UI Kit","icon":"","_id":"6442eb7","link":{"url":"","is_external":"","nofollow":"","custom_attributes":""},"selected_icon":{"value":"fas fa-check","library":"fa-solid"}},{"text":"Framer UI Kit","icon":"","_id":"fc019a2","link":{"url":"","is_external":"","nofollow":"","custom_attributes":""},"selected_icon":{"value":"fas fa-check","library":"fa-solid"}},{"text":"Gradients UI Kit","icon":"","_id":"1fd4f18","link":{"url":"","is_external":"","nofollow":"","custom_attributes":""},"selected_icon":{"value":"fas fa-check","library":"fa-solid"}},{"text":"Black & White UI Kit","icon":"","_id":"17a281d","link":{"url":"","is_external":"","nofollow":"","custom_attributes":""},"selected_icon":{"value":"fas fa-check","library":"fa-solid"}}],"space_between":{"unit":"px","size":5},"icon_align":"left","icon_size":{"unit":"px","size":0},"text_color":"rgba(255,255,255,0.38)","text_indent":{"unit":"px","size":0},"icon_typography_typography":"custom","icon_typography_font_size":{"unit":"px","size":14},"icon_typography_font_weight":"300","icon_typography_font_size_mobile":{"unit":"px","size":13},"icon_typography_font_size_tablet":{"unit":"px","size":13}},"elements":[],"isInner":false,"widgetType":"icon-list","elType":"widget"}],"isInner":false,"elType":"column"}],"isInner":false,"elType":"section"},{"id":"31c1fe8f","settings":{"height":"min-height","custom_height":{"unit":"px","size":50},"content_position":"middle","structure":"20","background_background":"classic","background_color":"#001c38","border_border":"solid","border_width":{"unit":"px","top":"1","right":"0","bottom":"0","left":"0","isLinked":false},"border_color":"rgba(255,255,255,0.19)","padding_tablet":{"unit":"px","top":"10","right":"20","bottom":"10","left":"20","isLinked":false},"padding_mobile":{"unit":"px","top":"30","right":"20","bottom":"20","left":"20","isLinked":false},"html_tag":"footer","_timestamp_":"v1S2hPVjBxQm0zZVduWWZGcGZ3V0k5dz09"},"elements":[{"id":"121be517","settings":{"_column_size":50,"_inline_size":null,"margin_mobile":{"unit":"px","top":"0","right":"0","bottom":"0","left":"0","isLinked":false},"padding_mobile":{"unit":"px","top":"0","right":"0","bottom":"0","left":"0","isLinked":false}},"elements":[{"id":"73aa448","settings":{"title":"\u00a9 All rights reserved","header_size":"h3","title_color":"#adadad","typography_typography":"custom","typography_font_size":{"unit":"px","size":12},"typography_font_weight":"300","align":"left","align_mobile":"center"},"elements":[],"isInner":false,"widgetType":"heading","elType":"widget"}],"isInner":false,"elType":"column"},{"id":"4129595f","settings":{"_column_size":50,"_inline_size":null},"elements":[{"id":"41da8b44","settings":{"title":"Made with \u2764 by Elementor","header_size":"h3","title_color":"#adadad","typography_typography":"custom","typography_font_size":{"unit":"px","size":12},"typography_font_weight":"300","align":"right","align_mobile":"center"},"elements":[],"isInner":false,"widgetType":"heading","elType":"widget"}],"isInner":false,"elType":"column"}],"isInner":false,"elType":"section"}]}