{"version":"0.4","title":"Footer9","type":"footer","content":[{"id":"7390d1e6","settings":{"background_background":"classic","background_color":"#c4d602","margin":{"unit":"px","top":"","right":0,"bottom":"","left":0,"isLinked":true},"padding":{"unit":"px","top":"25","right":"0","bottom":"25","left":"0","isLinked":false},"padding_tablet":{"unit":"px","top":"25","right":"20","bottom":"25","left":"20","isLinked":false},"padding_mobile":{"unit":"px","top":"20","right":"20","bottom":"20","left":"20","isLinked":true},"shape_divider_bottom_color":"#000000","shape_divider_bottom_negative":"yes","_timestamp_":"v1S2hPVjBxQm0zZVduWWZGcGZ3V0k5dz09"},"elements":[{"id":"76d172db","settings":{"_column_size":100},"elements":[{"id":"f849296","settings":{"title":"Need help? Call our award-winning support team 24\/7 at (480) 505-5050","align":"center","title_color":"#ffffff","typography_typography":"custom","typography_font_size":{"unit":"px","size":22},"typography_font_weight":"500","typography_font_size_tablet":{"unit":"px","size":20},"typography_line_height_tablet":{"unit":"px","size":35},"header_size":"h3"},"elements":[],"isInner":false,"widgetType":"heading","elType":"widget"}],"isInner":false,"elType":"column"}],"isInner":false,"elType":"section"},{"id":"7257a5a3","settings":{"gap":"no","content_position":"top","structure":"50","padding":{"unit":"px","top":"65","right":"0","bottom":"0","left":"0","isLinked":false},"padding_tablet":{"unit":"px","top":"25","right":"20","bottom":"0","left":"20","isLinked":false},"padding_mobile":{"unit":"px","top":"25","right":"25","bottom":"0","left":"25","isLinked":false},"background_background":"classic","background_color":"#000000","shape_divider_top":"arrow","shape_divider_top_color":"#c4d602","shape_divider_top_width":{"unit":"%","size":60},"shape_divider_top_height":{"unit":"px","size":13},"shape_divider_top_width_mobile":{"unit":"%","size":201},"shape_divider_top_height_mobile":{"unit":"px","size":12},"margin_tablet":{"unit":"px","top":"","right":0,"bottom":"","left":0,"isLinked":true},"_timestamp_":"v1S2hPVjBxQm0zZVduWWZGcGZ3V0k5dz09"},"elements":[{"id":"65864528","settings":{"_column_size":20,"_inline_size":35.789,"margin":{"unit":"px","top":"0","right":"80","bottom":"0","left":"0","isLinked":false},"_inline_size_tablet":100,"margin_tablet":{"unit":"px","top":"30","right":"0","bottom":"30","left":"0","isLinked":false},"margin_mobile":{"unit":"px","top":"0","right":"0","bottom":"30","left":"0","isLinked":false},"padding_mobile":{"unit":"px","top":"0","right":"0","bottom":"0","left":"0","isLinked":true}},"elements":[{"id":"62e9c0d9","settings":{"__dynamic__":{"image":"[elementor-tag id=\"\" name=\"site-logo\" settings=\"%7B%7D\"]","link":"[elementor-tag id=\"\" name=\"site-url\" settings=\"%7B%7D\"]"},"width":{"unit":"px","size":120},"width_mobile":{"unit":"px","size":80},"image":{"id":"17","url":"http:\/\/localhost\/dieuhau\/wp-content\/uploads\/2020\/07\/placeholder.png"}},"elements":[],"isInner":false,"widgetType":"theme-site-logo","elType":"widget"},{"id":"43742bef","settings":{"editor":"<p>I am text block. Click edit button to change this text. Lorem ipsum dolor sit amet, consectetur adipiscing elit. Ut elit tellus, luctus nec ullamcorper mattis, pulvinar dapibus leo.<\/p>","text_color":"rgba(255,255,255,0.79)","typography_typography":"custom","typography_font_size":{"unit":"px","size":14},"typography_line_height":{"unit":"em","size":1.7}},"elements":[],"isInner":false,"widgetType":"text-editor","elType":"widget"}],"isInner":true,"elType":"column"},{"id":"ea0ddc3","settings":{"_column_size":20,"_inline_size":16,"_inline_size_tablet":25,"_inline_size_mobile":50},"elements":[{"id":"4bc17cac","settings":{"title":"Products","title_color":"#ffffff","typography_typography":"custom","typography_font_size":{"unit":"px","size":18},"typography_font_weight":"500","header_size":"h4"},"elements":[],"isInner":false,"widgetType":"heading","elType":"widget"},{"id":"21f0e03c","settings":{"icon_list":[{"text":"Pricing","icon":"","_id":"6b44671","link":{"url":"","is_external":"","nofollow":"","custom_attributes":""},"selected_icon":{"value":"fas fa-check","library":"fa-solid"}},{"text":"Teams","icon":"","_id":"6442eb7","link":{"url":"","is_external":"","nofollow":"","custom_attributes":""},"selected_icon":{"value":"fas fa-check","library":"fa-solid"}},{"text":"Education","icon":"","_id":"fc019a2","link":{"url":"","is_external":"","nofollow":"","custom_attributes":""},"selected_icon":{"value":"fas fa-check","library":"fa-solid"}},{"text":"Refer a friend","icon":"","_id":"1fd4f18","link":{"url":"","is_external":"","nofollow":"","custom_attributes":""},"selected_icon":{"value":"fas fa-check","library":"fa-solid"}},{"text":"Updates","icon":"","_id":"17a281d","link":{"url":"","is_external":"","nofollow":"","custom_attributes":""},"selected_icon":{"value":"fas fa-check","library":"fa-solid"}}],"space_between":{"unit":"px","size":5},"icon_align":"left","icon_size":{"unit":"px","size":0},"text_color":"rgba(255,255,255,0.79)","text_indent":{"unit":"px","size":0},"icon_typography_typography":"custom","icon_typography_font_size":{"unit":"px","size":14},"icon_typography_font_weight":"300","icon_typography_font_size_tablet":{"unit":"px","size":13}},"elements":[],"isInner":false,"widgetType":"icon-list","elType":"widget"}],"isInner":true,"elType":"column"},{"id":"251bc9f2","settings":{"_column_size":20,"_inline_size":16,"_inline_size_tablet":25,"_inline_size_mobile":50},"elements":[{"id":"6699c06","settings":{"title":"Features","title_color":"#ffffff","typography_typography":"custom","typography_font_size":{"unit":"px","size":18},"typography_font_weight":"500","header_size":"h4"},"elements":[],"isInner":false,"widgetType":"heading","elType":"widget"},{"id":"11df793","settings":{"icon_list":[{"text":"Overview","icon":"","_id":"6b44671","link":{"url":"","is_external":"","nofollow":"","custom_attributes":""},"selected_icon":{"value":"fas fa-check","library":"fa-solid"}},{"text":"Design","icon":"","_id":"6442eb7","link":{"url":"","is_external":"","nofollow":"","custom_attributes":""},"selected_icon":{"value":"fas fa-check","library":"fa-solid"}},{"text":"Code","icon":"","_id":"fc019a2","link":{"url":"","is_external":"","nofollow":"","custom_attributes":""},"selected_icon":{"value":"fas fa-check","library":"fa-solid"}},{"text":"Collaborate","icon":"","_id":"1fd4f18","link":{"url":"","is_external":"","nofollow":"","custom_attributes":""},"selected_icon":{"value":"fas fa-check","library":"fa-solid"}},{"text":"Sletch Plugin","icon":"","_id":"17a281d","link":{"url":"","is_external":"","nofollow":"","custom_attributes":""},"selected_icon":{"value":"fas fa-check","library":"fa-solid"}}],"space_between":{"unit":"px","size":5},"icon_align":"left","icon_size":{"unit":"px","size":0},"text_color":"rgba(255,255,255,0.79)","text_indent":{"unit":"px","size":0},"icon_typography_typography":"custom","icon_typography_font_size":{"unit":"px","size":14},"icon_typography_font_weight":"300","icon_typography_font_size_tablet":{"unit":"px","size":13}},"elements":[],"isInner":false,"widgetType":"icon-list","elType":"widget"}],"isInner":true,"elType":"column"},{"id":"3eb0f6f4","settings":{"_column_size":20,"_inline_size":16.211,"_inline_size_tablet":25,"_inline_size_mobile":50,"margin_mobile":{"unit":"px","top":"30","right":"0","bottom":"0","left":"0","isLinked":false}},"elements":[{"id":"6775b8eb","settings":{"title":"Get Started","title_color":"#ffffff","typography_typography":"custom","typography_font_size":{"unit":"px","size":18},"typography_font_weight":"500","header_size":"h4"},"elements":[],"isInner":false,"widgetType":"heading","elType":"widget"},{"id":"630486e1","settings":{"icon_list":[{"text":"Tutorials","icon":"","_id":"6b44671","link":{"url":"","is_external":"","nofollow":"","custom_attributes":""},"selected_icon":{"value":"fas fa-check","library":"fa-solid"}},{"text":"Resources","icon":"","_id":"6442eb7","link":{"url":"","is_external":"","nofollow":"","custom_attributes":""},"selected_icon":{"value":"fas fa-check","library":"fa-solid"}},{"text":"Guides","icon":"","_id":"fc019a2","link":{"url":"","is_external":"","nofollow":"","custom_attributes":""},"selected_icon":{"value":"fas fa-check","library":"fa-solid"}},{"text":"Examples","icon":"","_id":"1fd4f18","link":{"url":"","is_external":"","nofollow":"","custom_attributes":""},"selected_icon":{"value":"fas fa-check","library":"fa-solid"}},{"text":"Docs","icon":"","_id":"17a281d","link":{"url":"","is_external":"","nofollow":"","custom_attributes":""},"selected_icon":{"value":"fas fa-check","library":"fa-solid"}}],"space_between":{"unit":"px","size":5},"icon_align":"left","icon_size":{"unit":"px","size":0},"text_color":"rgba(255,255,255,0.79)","text_indent":{"unit":"px","size":0},"icon_typography_typography":"custom","icon_typography_font_size":{"unit":"px","size":14},"icon_typography_font_weight":"300","icon_typography_font_size_tablet":{"unit":"px","size":13}},"elements":[],"isInner":false,"widgetType":"icon-list","elType":"widget"}],"isInner":true,"elType":"column"},{"id":"3f54cc7c","settings":{"_column_size":20,"_inline_size":16,"_inline_size_tablet":25,"_inline_size_mobile":50,"margin_mobile":{"unit":"px","top":"30","right":"0","bottom":"0","left":"0","isLinked":false}},"elements":[{"id":"1238e8a5","settings":{"title":"About","title_color":"#ffffff","typography_typography":"custom","typography_font_size":{"unit":"px","size":18},"typography_font_weight":"500","header_size":"h4"},"elements":[],"isInner":false,"widgetType":"heading","elType":"widget"},{"id":"7f27de20","settings":{"icon_list":[{"text":"Stories","icon":"","_id":"6b44671","link":{"url":"","is_external":"","nofollow":"","custom_attributes":""},"selected_icon":{"value":"fas fa-check","library":"fa-solid"}},{"text":"Community","icon":"","_id":"6442eb7","link":{"url":"","is_external":"","nofollow":"","custom_attributes":""},"selected_icon":{"value":"fas fa-check","library":"fa-solid"}},{"text":"Blog","icon":"","_id":"fc019a2","link":{"url":"","is_external":"","nofollow":"","custom_attributes":""},"selected_icon":{"value":"fas fa-check","library":"fa-solid"}},{"text":"Careers","icon":"","_id":"1fd4f18","link":{"url":"","is_external":"","nofollow":"","custom_attributes":""},"selected_icon":{"value":"fas fa-check","library":"fa-solid"}},{"text":"Brand Assets","icon":"","_id":"17a281d","link":{"url":"","is_external":"","nofollow":"","custom_attributes":""},"selected_icon":{"value":"fas fa-check","library":"fa-solid"}}],"space_between":{"unit":"px","size":5},"icon_align":"left","icon_size":{"unit":"px","size":0},"text_color":"rgba(255,255,255,0.79)","text_indent":{"unit":"px","size":0},"icon_typography_typography":"custom","icon_typography_font_size":{"unit":"px","size":14},"icon_typography_font_weight":"300","icon_typography_font_size_tablet":{"unit":"px","size":13}},"elements":[],"isInner":false,"widgetType":"icon-list","elType":"widget"}],"isInner":true,"elType":"column"}],"isInner":true,"elType":"section"},{"id":"70a50995","settings":{"background_background":"classic","background_color":"#000000","margin":{"unit":"px","top":"","right":0,"bottom":"","left":0,"isLinked":true},"padding":{"unit":"px","top":"25","right":"0","bottom":"25","left":"0","isLinked":false},"gap":"no","padding_tablet":{"unit":"px","top":"30","right":"20","bottom":"0","left":"20","isLinked":false},"padding_mobile":{"unit":"px","top":"0","right":"20","bottom":"0","left":"20","isLinked":false},"margin_tablet":{"unit":"px","top":"","right":0,"bottom":"","left":0,"isLinked":true},"html_tag":"footer","_timestamp_":"v1S2hPVjBxQm0zZVduWWZGcGZ3V0k5dz09"},"elements":[{"id":"bbb733c","settings":{"_column_size":100,"padding":{"unit":"%","top":"","right":"","bottom":"","left":"","isLinked":true},"padding_mobile":{"unit":"px","top":"25","right":"0","bottom":"0","left":"0","isLinked":false},"_inline_size":null},"elements":[{"id":"423a867","settings":{"color":"rgba(255,255,255,0.21)","text":"Divider"},"elements":[],"isInner":false,"widgetType":"divider","elType":"widget"},{"id":"356adc6","settings":{"structure":"20","margin_mobile":{"unit":"px","top":"0","right":0,"bottom":"20","left":0,"isLinked":false},"padding_tablet":{"unit":"px","top":"0","right":"0","bottom":"020","left":"0","isLinked":false}},"elements":[{"id":"33ff46c9","settings":{"_column_size":50,"_inline_size":null},"elements":[{"id":"78706d7","settings":{"title":"\u00a9 2018 All rights reserved","header_size":"p","title_color":"rgba(255,255,255,0.39)","typography_typography":"custom","typography_font_size":{"unit":"px","size":14},"typography_font_weight":"300","typography_font_size_tablet":{"unit":"px","size":12},"align_mobile":"center"},"elements":[],"isInner":false,"widgetType":"heading","elType":"widget"}],"isInner":true,"elType":"column"},{"id":"355779f8","settings":{"_column_size":50,"_inline_size":null,"padding_mobile":{"unit":"px","top":"0","right":"0","bottom":"0","left":"0","isLinked":false}},"elements":[{"id":"4ddcc415","settings":{"social_icon_list":[{"social":"fa fa-twitter","_id":"dc10550","link":{"url":"","is_external":"true","nofollow":"","custom_attributes":""},"social_icon":{"value":"fab fa-wordpress","library":"fa-brands"},"item_icon_color":"default","item_icon_primary_color":"","item_icon_secondary_color":""},{"social":"fa fa-facebook","_id":"0267196","link":{"url":"","is_external":"true","nofollow":"","custom_attributes":""},"social_icon":{"value":"fab fa-wordpress","library":"fa-brands"},"item_icon_color":"default","item_icon_primary_color":"","item_icon_secondary_color":""},{"social":"fa fa-dribbble","link":{"url":"","is_external":"true","nofollow":"","custom_attributes":""},"_id":"0e260c9","social_icon":{"value":"fab fa-wordpress","library":"fa-brands"},"item_icon_color":"default","item_icon_primary_color":"","item_icon_secondary_color":""},{"social":"fa fa-youtube","_id":"dbaeb71","link":{"url":"","is_external":"true","nofollow":"","custom_attributes":""},"social_icon":{"value":"fab fa-wordpress","library":"fa-brands"},"item_icon_color":"default","item_icon_primary_color":"","item_icon_secondary_color":""},{"social":"fa fa-pinterest","link":{"url":"","is_external":"true","nofollow":"","custom_attributes":""},"_id":"d2d5c50","social_icon":{"value":"fab fa-wordpress","library":"fa-brands"},"item_icon_color":"default","item_icon_primary_color":"","item_icon_secondary_color":""},{"social":"fa fa-medium","link":{"url":"","is_external":"true","nofollow":"","custom_attributes":""},"_id":"92c0998","social_icon":{"value":"fab fa-wordpress","library":"fa-brands"},"item_icon_color":"default","item_icon_primary_color":"","item_icon_secondary_color":""}],"icon_color":"custom","icon_primary_color":"rgba(0,0,0,0)","icon_secondary_color":"rgba(255,255,255,0.45)","icon_size":{"unit":"px","size":15},"icon_padding":{"unit":"em","size":0},"icon_spacing":{"unit":"px","size":24},"hover_secondary_color":"#00ce1b","align":"right","align_mobile":"center","_padding_mobile":{"unit":"px","top":"15","right":"0","bottom":"0","left":"0","isLinked":false}},"elements":[],"isInner":false,"widgetType":"social-icons","elType":"widget"}],"isInner":true,"elType":"column"}],"isInner":true,"elType":"section"}],"isInner":false,"elType":"column"}],"isInner":false,"elType":"section"}]}