{"version":"0.4","title":"Footer22","type":"footer","content":[{"id":"6f6b78ef","settings":{"layout":"full_width","height":"min-height","custom_height":{"unit":"px","size":"115","sizes":[]},"column_position":"stretch","structure":"40","background_background":"classic","background_color":"#000000","z_index":"1","sticky":"bottom","_timestamp_":"v1S2hPVjBxQm0zZVduWWZGcGZ3V0k5dz09"},"elements":[{"id":"176539e1","settings":{"_column_size":"25","_inline_size":"30","content_position":"center","background_background":"classic","background_color":"#FFFFFF","_inline_size_tablet":"100","padding_tablet":{"unit":"px","top":"25","right":"0","bottom":"25","left":"0","isLinked":""}},"elements":[{"id":"418f21a5","settings":{"selected_icon":{"value":{"id":"62","url":"http:\/\/localhost\/dieuhau\/wp-content\/uploads\/2020\/07\/Logo-SVG.svg"},"library":"svg"},"primary_color":"#FC3B29","size":{"unit":"px","size":"100","sizes":[]},"size_tablet":{"unit":"px","size":"100","sizes":[]},"_margin":{"unit":"px","top":"-30","right":"0","bottom":"-35","left":"0","isLinked":""},"_margin_tablet":{"unit":"px","top":"-30","right":"0","bottom":"-35","left":"0","isLinked":""},"__dynamic__":{"link":"[elementor-tag id=\"c462454\" name=\"site-url\" settings=\"%7B%7D\"]"}},"elements":[],"isInner":false,"widgetType":"icon","elType":"widget"}],"isInner":"","elType":"column"},{"id":"512522ed","settings":{"_column_size":"25","_inline_size":"35","content_position":"center","_inline_size_tablet":"100","padding_tablet":{"unit":"px","top":"30","right":"0","bottom":"30","left":"0","isLinked":""},"padding_mobile":{"unit":"px","top":"15","right":"0","bottom":"15","left":"0","isLinked":""}},"elements":[{"id":"671d55c7","settings":{"align_items":"center","pointer":"none","menu_typography_typography":"custom","menu_typography_font_family":"Montserrat","menu_typography_font_size":{"unit":"px","size":"18","sizes":[]},"menu_typography_font_weight":"200","color_menu_item":"#FFFFFF","color_menu_item_hover":"#FC3B29","menu_space_between":{"unit":"px","size":"20","sizes":[]},"dropdown":"none","menu_typography_font_size_mobile":{"unit":"px","size":"16","sizes":[]},"menu_space_between_mobile":{"unit":"px","size":"0","sizes":[]},"menu_typography_text_transform":"capitalize"},"elements":[],"isInner":false,"widgetType":"nav-menu","elType":"widget"}],"isInner":"","elType":"column"},{"id":"733deeea","settings":{"_column_size":"25","_inline_size":"25","content_position":"center","_inline_size_tablet":"80","_inline_size_mobile":"65","margin_tablet":{"unit":"%","top":"","right":"","bottom":"","left":"","isLinked":true},"padding_tablet":{"unit":"%","top":"","right":"","bottom":"","left":"","isLinked":true}},"elements":[{"id":"61e59790","settings":{"title":"All Rights Reserved \u00a9 2020","align":"center","title_color":"#FFFFFF","typography_typography":"custom","typography_font_family":"Montserrat","typography_font_size":{"unit":"px","size":"15","sizes":[]},"typography_font_weight":"200","typography_font_size_mobile":{"unit":"px","size":"14","sizes":[]}},"elements":[],"isInner":false,"widgetType":"heading","elType":"widget"}],"isInner":"","elType":"column"},{"id":"60898d82","settings":{"_column_size":"25","_inline_size":"10","background_background":"classic","padding":{"unit":"px","top":"0","right":"0","bottom":"0","left":"0","isLinked":"1"},"_inline_size_tablet":"20","align":"flex-end","_inline_size_mobile":"35"},"elements":[{"id":"2bd99007","settings":{"selected_icon":{"value":{"id":169,"url":"http:\/\/localhost\/dieuhau\/wp-content\/uploads\/2020\/07\/Arrow-footer.svg"},"library":"svg"},"align":"right","primary_color":"#FFFFFF","size":{"unit":"px","size":"50","sizes":[]},"_padding":{"unit":"px","top":"30","right":"30","bottom":"30","left":"30","isLinked":"1"},"_background_background":"classic","_background_color":"#FC3B29","_element_width":"auto","_element_vertical_align":"center","link":{"url":"#uppage","is_external":"","nofollow":""},"_offset_orientation_h":"end","size_mobile":{"unit":"px","size":"35","sizes":[]},"_padding_mobile":{"unit":"px","top":"25","right":"25","bottom":"25","left":"25","isLinked":"1"}},"elements":[],"isInner":false,"widgetType":"icon","elType":"widget"}],"isInner":"","elType":"column"}],"isInner":"","elType":"section"}]}