{"version":"0.4","title":"Footer2","type":"footer","content":[{"id":"494d18fc","settings":{"content_width":{"unit":"px","size":"162","sizes":[]},"height":"min-height","custom_height":{"unit":"px","size":"450","sizes":[]},"background_background":"classic","background_color":"#1b252f","border_border":"solid","border_width":{"unit":"px","top":"0","right":"0","bottom":"5","left":"0","isLinked":""},"border_color":"#ffde01","shape_divider_top":"tilt","shape_divider_top_color":"#ffde01","shape_divider_top_height":{"unit":"px","size":"30","sizes":[]},"shape_divider_top_flip":"yes","padding":{"unit":"px","top":"150","right":"100","bottom":"100","left":"100","isLinked":""},"padding_tablet":{"unit":"%","top":"20","right":"2","bottom":"5","left":"2","isLinked":""},"padding_mobile":{"unit":"%","top":"50","right":"10","bottom":"5","left":"10","isLinked":""},"layout":"full_width","_title":"Footer","_timestamp_":"v1S2hPVjBxQm0zZVduWWZGcGZ3V0k5dz09"},"elements":[{"id":"6e328441","settings":{"_column_size":"100","padding":{"unit":"%","top":"0","right":"0","bottom":"0","left":"0","isLinked":"1"},"padding_mobile":{"unit":"%","top":"0","right":"0","bottom":"0","left":"0","isLinked":"1"}},"elements":[{"id":"337894ac","settings":{"content_width":{"unit":"px","size":"600","sizes":[]},"_title":"Inner Section Content"},"elements":[{"id":"37f90f61","settings":{"_column_size":"100","space_between_widgets":"30"},"elements":[{"id":"16c9a40f","settings":{"image":{"id":"14","url":"http:\/\/localhost\/dieuhau\/wp-content\/uploads\/2020\/07\/Logo-Gym-New.png"},"width":{"unit":"px","size":"200","sizes":[]},"width_mobile":{"unit":"%","size":"60","sizes":[]},"link_to":"custom","__dynamic__":{"link":"[elementor-tag id=\"5c54967\" name=\"site-url\" settings=\"%7B%7D\"]"},"width_tablet":{"unit":"%","size":"35","sizes":[]}},"elements":[],"isInner":false,"widgetType":"image","elType":"widget"},{"id":"2341d940","settings":{"editor":"We will coach you and help you achieve your health goals.\nAt garage, we can help you every step of the way. Join our family and own your fitness. What are you waiting for? Take the first step today.","text_color":"#ffffff","typography_typography":"custom","typography_font_family":"Helvetica","typography_font_size":{"unit":"px","size":"15","sizes":[]},"typography_font_weight":"200","typography_font_style":"oblique","align":"center","_margin":{"unit":"%","top":"0","right":"7","bottom":"0","left":"7","isLinked":""},"_margin_mobile":{"unit":"px","top":"0","right":"0","bottom":"0","left":"0","isLinked":"1"},"typography_line_height":{"unit":"em","size":"1.5","sizes":[]}},"elements":[],"isInner":false,"widgetType":"text-editor","elType":"widget"},{"id":"7b993ccb","settings":{"view":"inline","icon_list":[{"text":"585-346-6021","icon":"fa fa-phone","_id":"2ec4eed","link":{"url":"","is_external":"","nofollow":"","custom_attributes":""},"selected_icon":{"value":"fas fa-phone","library":"fa-solid"},"__fa4_migrated":{"selected_icon":"1"}},{"text":"4769 Olen Thomas Drive","icon":"fa fa-map-marker","_id":"bce86bb","link":{"url":"","is_external":"","nofollow":"","custom_attributes":""},"selected_icon":{"value":"fas fa-map-marker-alt","library":"fa-solid"},"__fa4_migrated":{"selected_icon":"1"}},{"text":"06:00 - 00:00","icon":"fa fa-clock-o","_id":"7ce7848","link":{"url":"","is_external":"","nofollow":"","custom_attributes":""},"selected_icon":{"value":"far fa-clock","library":"fa-regular"},"__fa4_migrated":{"selected_icon":"1"}}],"space_between":{"unit":"px","size":"50","sizes":[]},"icon_align":"center","icon_color":"#ffffff","icon_size":{"unit":"px","size":"17","sizes":[]},"text_color":"#ffde01","text_indent":{"unit":"px","size":"5","sizes":[]},"icon_typography_typography":"custom","icon_typography_font_family":"Helvetica","icon_typography_font_size":{"unit":"px","size":"16","sizes":[]},"icon_typography_font_weight":"300","icon_typography_font_style":"oblique","_margin":{"unit":"%","top":"5","right":"0","bottom":"5","left":"0","isLinked":""},"icon_align_mobile":"center"},"elements":[],"isInner":false,"widgetType":"icon-list","elType":"widget"},{"id":"3c0c3b08","settings":{"view":"inline","icon_list":[{"text":"","icon":"fa fa-facebook-official","_id":"8160b4d","link":{"url":"","is_external":"","nofollow":"","custom_attributes":""},"selected_icon":{"value":"fab fa-facebook-square","library":"fa-brands"},"__fa4_migrated":{"selected_icon":"1"}},{"text":"","icon":"fa fa-instagram","_id":"672d5f8","link":{"url":"","is_external":"","nofollow":"","custom_attributes":""},"selected_icon":{"value":"fab fa-instagram","library":"fa-brands"},"__fa4_migrated":{"selected_icon":"1"}},{"text":"","icon":"fa fa-instagram","_id":"eac446b","link":{"url":"","is_external":"","nofollow":"","custom_attributes":""},"selected_icon":{"value":"fab fa-twitter","library":"fa-brands"},"__fa4_migrated":{"selected_icon":"1"}}],"space_between":{"unit":"px","size":"30","sizes":[]},"icon_align":"center","icon_color":"#ffffff","icon_color_hover":"#ffde01","icon_size":{"unit":"px","size":"20","sizes":[]},"space_between_mobile":{"unit":"px","size":"25","sizes":[]},"icon_size_mobile":{"unit":"px","size":"30","sizes":[]}},"elements":[],"isInner":false,"widgetType":"icon-list","elType":"widget"}],"isInner":"1","elType":"column"}],"isInner":"1","elType":"section"},{"id":"73ef5bd2","settings":{"content_width":{"unit":"px","size":"1200","sizes":[]},"height_inner":"min-height","custom_height_inner":{"unit":"px","size":"150","sizes":[]},"structure":"20","background_background":"classic","background_color":"#5804fa","margin":{"unit":"px","top":"50","right":"0","bottom":"50","left":"0","isLinked":""},"box_shadow_box_shadow_type":"yes","box_shadow_box_shadow":{"horizontal":"0","vertical":"0","blur":"30","spread":"0","color":"rgba(0,0,0,0.3)"},"padding_tablet":{"unit":"%","top":"3","right":"0","bottom":"3","left":"0","isLinked":""},"padding_mobile":{"unit":"%","top":"15","right":"2","bottom":"15","left":"2","isLinked":""},"_title":"Inner Section Form"},"elements":[{"id":"50ad8721","settings":{"_column_size":"50","_inline_size":"35","content_position":"center","_inline_size_tablet":"100","padding":{"unit":"%","top":"0","right":"0","bottom":"0","left":"5","isLinked":""},"padding_tablet":{"unit":"px","top":"15","right":"15","bottom":"15","left":"15","isLinked":"1"}},"elements":[{"id":"3a372bfb","settings":{"title":"We Are Here To Assist You","title_color":"#ffffff","typography_typography":"custom","typography_font_family":"Helvetica","typography_font_size":{"unit":"px","size":"18","sizes":[]},"typography_font_weight":"300","typography_text_transform":"capitalize","typography_font_style":"oblique","_margin":{"unit":"px","top":"0","right":"0","bottom":"-15","left":"0","isLinked":""},"align_tablet":"center","typography_font_size_tablet":{"unit":"px","size":"18","sizes":[]},"header_size":"h4"},"elements":[],"isInner":false,"widgetType":"heading","elType":"widget"},{"id":"ad46139","settings":{"title":"contact us today","title_color":"#ffffff","typography_typography":"custom","typography_font_family":"Racing Sans One","typography_font_size":{"unit":"px","size":"36","sizes":[]},"typography_font_weight":"400","typography_text_transform":"uppercase","typography_line_height":{"unit":"em","size":"0.8","sizes":[]},"align_tablet":"center","typography_font_size_tablet":{"unit":"px","size":"35","sizes":[]},"typography_font_size_mobile":{"unit":"px","size":"26","sizes":[]}},"elements":[],"isInner":false,"widgetType":"heading","elType":"widget"}],"isInner":"1","elType":"column"},{"id":"c03a727","settings":{"_column_size":"50","_inline_size":"65","content_position":"center","_inline_size_tablet":"100","padding":{"unit":"%","top":"0","right":"5","bottom":"0","left":"0","isLinked":""},"padding_tablet":{"unit":"px","top":"15","right":"15","bottom":"15","left":"15","isLinked":"1"}},"elements":[{"id":"3a6acabe","settings":{"form_name":"New Form","form_fields":[{"custom_id":"name","field_type":"text","field_label":"Name","placeholder":"Name","width":"33","_id":"a87aa70","required":"","field_options":"","allow_multiple":"","select_size":"","inline_list":"","field_html":"","width_tablet":"","width_mobile":"","rows":"4","recaptcha_size":"normal","recaptcha_style":"light","css_classes":"","field_value":"","recaptcha_badge":"bottomright","file_sizes":"","file_types":"","allow_multiple_upload":"","max_files":"","acceptance_text":"","checked_by_default":"","field_min":"","field_max":"","min_date":"","max_date":"","use_native_date":"","use_native_time":"","previous_button":"","next_button":"","selected_icon":{"value":"fas fa-star","library":"fa-solid"}},{"custom_id":"field_1","field_type":"tel","field_label":"Phone","placeholder":"Phone","width":"33","_id":"b68ae9d","required":"","field_options":"","allow_multiple":"","select_size":"","inline_list":"","field_html":"","width_tablet":"","width_mobile":"","rows":"4","recaptcha_size":"normal","recaptcha_style":"light","css_classes":"","field_value":"","recaptcha_badge":"bottomright","file_sizes":"","file_types":"","allow_multiple_upload":"","max_files":"","acceptance_text":"","checked_by_default":"","field_min":"","field_max":"","min_date":"","max_date":"","use_native_date":"","use_native_time":"","previous_button":"","next_button":"","selected_icon":{"value":"fas fa-star","library":"fa-solid"}}],"input_size":"md","show_labels":"","button_text":"Send","button_size":"md","button_width":"33","button_icon":"fa fa-angle-double-right","button_icon_align":"right","button_icon_indent":{"unit":"px","size":"5","sizes":[]},"email_content":"[all-fields]","email_content_2":"[all-fields]","success_message":"The form was sent successfully.","error_message":"An error occured.","required_field_message":"This field is required.","invalid_message":"There's something wrong. The form is invalid.","column_gap":{"unit":"px","size":"15","sizes":[]},"field_text_color":"#ffffff","field_typography_typography":"custom","field_typography_font_family":"Helvetica","field_typography_font_size":{"unit":"px","size":"16","sizes":[]},"field_typography_font_weight":"300","field_typography_font_style":"oblique","field_background_color":"rgba(255,255,255,0)","field_border_color":"#ffffff","field_border_radius":{"unit":"px","top":"0","right":"0","bottom":"0","left":"0","isLinked":"1"},"button_background_color":"#ffde01","button_text_color":"#5804fa","button_typography_typography":"custom","button_typography_font_family":"Racing Sans One","button_typography_font_size":{"unit":"px","size":"18","sizes":[]},"button_typography_font_weight":"400","button_typography_text_transform":"capitalize","button_border_radius":{"unit":"px","top":"0","right":"0","bottom":"0","left":"0","isLinked":"1"},"button_background_hover_color":"#ffffff","selected_button_icon":{"value":"fas fa-angle-double-right","library":"fa-solid"},"__fa4_migrated":{"selected_button_icon":"1"},"step_next_label":"Next","step_previous_label":"Previous"},"elements":[],"isInner":false,"widgetType":"form","elType":"widget"}],"isInner":"1","elType":"column"}],"isInner":"1","elType":"section"},{"id":"7139b619","settings":{"editor":"\u00a9 2019 All Rights Reserved","text_color":"#ffffff","typography_typography":"custom","typography_font_family":"Helvetica","typography_font_size":{"unit":"px","size":"14","sizes":[]},"typography_font_weight":"200","typography_font_style":"oblique","align":"center","typography_text_transform":"capitalize","_margin":{"unit":"%","top":"0","right":"15","bottom":"0","left":"15","isLinked":""}},"elements":[],"isInner":false,"widgetType":"text-editor","elType":"widget"}],"isInner":"","elType":"column"}],"isInner":"","elType":"section"}]}