{"version":"0.4","title":"Footer20","type":"footer","content":[{"id":"64b16555","settings":{"height":"min-height","custom_height":{"unit":"px","size":"180","sizes":[]},"background_background":"classic","background_color":"#16163f","_title":"Company Logos","_timestamp_":"v1S2hPVjBxQm0zZVduWWZGcGZ3V0k5dz09"},"elements":[{"id":"7cc2f19c","settings":{"_column_size":"100"},"elements":[{"id":"1e137e11","settings":{"carousel":[{"id":155,"url":"http:\/\/localhost\/dieuhau\/wp-content\/uploads\/2020\/07\/HARISON.png"},{"id":156,"url":"http:\/\/localhost\/dieuhau\/wp-content\/uploads\/2020\/07\/Group-16.png"},{"id":157,"url":"http:\/\/localhost\/dieuhau\/wp-content\/uploads\/2020\/07\/Group-29.png"},{"id":158,"url":"http:\/\/localhost\/dieuhau\/wp-content\/uploads\/2020\/07\/Group-15.png"},{"id":159,"url":"http:\/\/localhost\/dieuhau\/wp-content\/uploads\/2020\/07\/Group-11.png"}],"thumbnail_size":"full","slides_to_show":"5","slides_to_scroll":"1","navigation":"none","gallery_vertical_align":"center","image_spacing_custom":{"unit":"px","size":"0","sizes":[]},"slides_to_show_tablet":"3","slides_to_scroll_tablet":"1"},"elements":[],"isInner":false,"widgetType":"image-carousel","elType":"widget"}],"isInner":"","elType":"column"}],"isInner":"","elType":"section"},{"id":"5c3e85eb","settings":{"height":"min-height","custom_height":{"unit":"px","size":"350","sizes":[]},"_title":"Form","margin_mobile":{"unit":"px","top":"50","right":"0","bottom":"50","left":"0","isLinked":"1"},"padding_mobile":{"unit":"px","top":"0","right":"25","bottom":"0","left":"25","isLinked":""},"_timestamp_":"v1S2hPVjBxQm0zZVduWWZGcGZ3V0k5dz09"},"elements":[{"id":"232b0e66","settings":{"_column_size":"100"},"elements":[{"id":"68baa9a2","settings":{"title":"we will assist you 24\/7","align":"center","title_color":"#4a4a4a","typography_typography":"custom","typography_font_family":"Montserrat","typography_font_size":{"unit":"px","size":"18","sizes":[]},"typography_font_weight":"300","typography_text_transform":"capitalize","header_size":"h4"},"elements":[],"isInner":false,"widgetType":"heading","elType":"widget"},{"id":"79f78bfc","settings":{"title":"Quick Contact","align":"center","title_color":"#16163f","typography_typography":"custom","typography_font_family":"Merriweather","typography_font_size":{"unit":"px","size":"50","sizes":[]},"typography_font_weight":"300","typography_text_transform":"capitalize","typography_line_height":{"unit":"em","size":"1.2","sizes":[]},"_border_color":"#d3b574","typography_font_size_mobile":{"unit":"px","size":"34","sizes":[]}},"elements":[],"isInner":false,"widgetType":"heading","elType":"widget"},{"id":"12223e7d","settings":{"form_name":"New Form","form_fields":[{"custom_id":"name","field_type":"text","field_label":"Full Name","placeholder":"Full Name","width":"25","_id":"7542e55","required":"","field_options":"","allow_multiple":"","select_size":"","inline_list":"","field_html":"","width_tablet":"25","width_mobile":"","rows":"4","recaptcha_size":"normal","recaptcha_style":"light","recaptcha_badge":"bottomright","css_classes":"","field_value":"","file_sizes":"","file_types":"","allow_multiple_upload":"","max_files":"","acceptance_text":"","checked_by_default":"","field_min":"","field_max":"","min_date":"","max_date":"","use_native_date":"","use_native_time":"","previous_button":"","next_button":"","selected_icon":{"value":"fas fa-star","library":"fa-solid"}},{"custom_id":"email","field_type":"email","required":"true","field_label":"Email","placeholder":"Email","width":"25","_id":"1bd3fa6","field_options":"","allow_multiple":"","select_size":"","inline_list":"","field_html":"","width_tablet":"25","width_mobile":"","rows":"4","recaptcha_size":"normal","recaptcha_style":"light","recaptcha_badge":"bottomright","css_classes":"","field_value":"","file_sizes":"","file_types":"","allow_multiple_upload":"","max_files":"","acceptance_text":"","checked_by_default":"","field_min":"","field_max":"","min_date":"","max_date":"","use_native_date":"","use_native_time":"","previous_button":"","next_button":"","selected_icon":{"value":"fas fa-star","library":"fa-solid"}},{"custom_id":"field_1","field_type":"tel","required":"true","field_label":"Phone","placeholder":"Phone","width":"25","_id":"5f653d4","field_options":"","allow_multiple":"","select_size":"","inline_list":"","field_html":"","width_tablet":"25","width_mobile":"","rows":"4","recaptcha_size":"normal","recaptcha_style":"light","recaptcha_badge":"bottomright","css_classes":"","field_value":"","file_sizes":"","file_types":"","allow_multiple_upload":"","max_files":"","acceptance_text":"","checked_by_default":"","field_min":"","field_max":"","min_date":"","max_date":"","use_native_date":"","use_native_time":"","previous_button":"","next_button":"","selected_icon":{"value":"fas fa-star","library":"fa-solid"}}],"show_labels":"","button_text":"Send","button_width":"25","email_content":"[all-fields]","email_content_2":"[all-fields]","success_message":"The form was sent successfully.","error_message":"An error occured.","required_field_message":"This field is required.","invalid_message":"There's something wrong. The form is invalid.","column_gap":{"unit":"px","size":"15","sizes":[]},"field_text_color":"#16163f","field_typography_typography":"custom","field_typography_font_family":"Montserrat","field_typography_font_size":{"unit":"px","size":"16","sizes":[]},"field_typography_font_weight":"400","field_typography_text_transform":"capitalize","field_border_color":"#d7d7d9","field_border_radius":{"unit":"px","top":"0","right":"0","bottom":"0","left":"0","isLinked":"1"},"button_background_color":"#d3b574","button_text_color":"#16163f","button_typography_typography":"custom","button_typography_font_family":"Montserrat","button_typography_font_size":{"unit":"px","size":"16","sizes":[]},"button_typography_font_weight":"400","button_typography_text_transform":"capitalize","button_border_radius":{"unit":"px","top":"0","right":"0","bottom":"0","left":"0","isLinked":"1"},"button_background_hover_color":"#16163f","button_hover_color":"#d3b574","_margin":{"unit":"px","top":"30","right":"0","bottom":"0","left":"0","isLinked":""},"selected_button_icon":{"value":"fas fa-long-arrow-alt-right","library":"fa-solid"},"button_icon_align":"right","step_next_label":"Next","step_previous_label":"Previous"},"elements":[],"isInner":false,"widgetType":"form","elType":"widget"}],"isInner":"","elType":"column"}],"isInner":"","elType":"section"},{"id":"341c7560","settings":{"content_width":{"unit":"px","size":"1200","sizes":[]},"height":"min-height","custom_height":{"unit":"px","size":"500","sizes":[]},"background_background":"classic","background_image":{"id":161,"url":"http:\/\/localhost\/dieuhau\/wp-content\/uploads\/2020\/07\/Footer.png"},"background_repeat":"no-repeat","background_size":"cover","background_overlay_background":"classic","background_overlay_color":"#16163f","background_overlay_opacity":{"unit":"px","size":"0.85","sizes":[]},"_title":"Footer","background_position_tablet":"center center","background_position_mobile":"center center","_timestamp_":"v1S2hPVjBxQm0zZVduWWZGcGZ3V0k5dz09"},"elements":[{"id":"2f724d11","settings":{"_column_size":"100","margin":{"unit":"px","top":"80","right":"0","bottom":"30","left":"0","isLinked":""},"padding":{"unit":"px","top":"0","right":"0","bottom":"0","left":"0","isLinked":"1"},"margin_tablet":{"unit":"px","top":"50","right":"0","bottom":"35","left":"0","isLinked":""}},"elements":[{"id":"73d849cf","settings":{"content_width":{"unit":"px","size":"1200","sizes":[]}},"elements":[{"id":"6be67d6d","settings":{"_column_size":"100","border_border":"solid","border_width":{"unit":"px","top":"0","right":"0","bottom":"1","left":"0","isLinked":""},"border_color":"rgba(255,255,255,0.2)","padding":{"unit":"px","top":"0","right":"230","bottom":"50","left":"230","isLinked":""},"padding_tablet":{"unit":"px","top":"30","right":"50","bottom":"50","left":"50","isLinked":""},"padding_mobile":{"unit":"px","top":"30","right":"25","bottom":"030","left":"25","isLinked":""}},"elements":[{"id":"926cca4","settings":{"image":{"id":160,"url":"http:\/\/localhost\/dieuhau\/wp-content\/uploads\/2020\/07\/LEGIT-2.png"},"width":{"unit":"%","size":"50","sizes":[]},"link_to":"custom","__dynamic__":{"link":"[elementor-tag id=\"d350b9f\" name=\"site-url\" settings=\"%7B%7D\"]"}},"elements":[],"isInner":false,"widgetType":"image","elType":"widget"},{"id":"18d23d7f","settings":{"align":"center","editor":"<p>established in 1986, 'LEGIT' strives to get justice for their clients. we believe in a good and honest fight, and we will not stop at anything.<\/p>","text_color":"#d7d7d9","typography_typography":"custom","typography_font_family":"Montserrat","typography_font_size":{"unit":"px","size":"16","sizes":[]},"typography_font_weight":"200","align_tablet":"center","_margin_mobile":{"unit":"px","top":"0","right":"0","bottom":"0","left":"0","isLinked":"1"},"_padding_mobile":{"unit":"px","top":"0","right":"0","bottom":"0","left":"0","isLinked":"1"},"typography_text_transform":"capitalize"},"elements":[],"isInner":false,"widgetType":"text-editor","elType":"widget"},{"id":"6a847f70","settings":{"view":"inline","icon_list":[{"text":"","icon":"fa fa-facebook-f","_id":"e8fd5de","link":{"url":"","is_external":"","nofollow":"","custom_attributes":""},"selected_icon":{"value":"fab fa-facebook-f","library":"fa-brands"},"__fa4_migrated":{"selected_icon":"1"}},{"text":"","icon":"fa fa-twitter","_id":"6fb0b8f","link":{"url":"","is_external":"","nofollow":"","custom_attributes":""},"selected_icon":{"value":"fab fa-twitter","library":"fa-brands"},"__fa4_migrated":{"selected_icon":"1"}},{"text":"","icon":"fa fa-linkedin","_id":"c22772a","link":{"url":"","is_external":"","nofollow":"","custom_attributes":""},"selected_icon":{"value":"fab fa-linkedin-in","library":"fa-brands"},"__fa4_migrated":{"selected_icon":"1"}}],"space_between":{"unit":"px","size":"20","sizes":[]},"icon_align":"center","icon_color":"#ffffff","icon_size":{"unit":"px","size":"16","sizes":[]},"icon_color_hover":"#d3b574","_margin":{"unit":"px","top":"10","right":"0","bottom":"0","left":"0","isLinked":""},"icon_align_tablet":"center","space_between_mobile":{"unit":"px","size":"30","sizes":[]},"icon_size_mobile":{"unit":"px","size":"22","sizes":[]}},"elements":[],"isInner":false,"widgetType":"icon-list","elType":"widget"}],"isInner":"1","elType":"column"}],"isInner":"1","elType":"section"},{"id":"4bea2f3a","settings":{"content_width":{"unit":"px","size":"1200","sizes":[]},"structure":"50","padding":{"unit":"px","top":"50","right":"0","bottom":"0","left":"0","isLinked":""},"margin_mobile":{"unit":"px","top":"","right":"0","bottom":"","left":"0","isLinked":"1"},"padding_tablet":{"unit":"px","top":"50","right":"0","bottom":"50","left":"0","isLinked":""}},"elements":[{"id":"4b9796e1","settings":{"_column_size":"20","_inline_size":"24.667","_inline_size_tablet":"30"},"elements":[{"id":"5321c831","settings":{"title":"Head Office","title_color":"#d3b574","typography_typography":"custom","typography_font_family":"Montserrat","typography_font_size":{"unit":"px","size":"18","sizes":[]},"typography_font_weight":"300","align":"left","align_tablet":"left","typography_text_transform":"capitalize","header_size":"h4","align_mobile":"center"},"elements":[],"isInner":false,"widgetType":"heading","elType":"widget"},{"id":"7cd71525","settings":{"icon_list":[{"text":"3146  Koontz Lane, California\u2028","icon":"fa fa-map-marker","_id":"beaa746","link":{"url":"","is_external":"","nofollow":"","custom_attributes":""},"selected_icon":{"value":"fas fa-map-marker-alt","library":"fa-solid"},"__fa4_migrated":{"selected_icon":"1"}},{"text":"818-758-4076","icon":"fa fa-phone","_id":"963b59a","link":{"url":"","is_external":"","nofollow":"","custom_attributes":""},"selected_icon":{"value":"fas fa-phone","library":"fa-solid"},"__fa4_migrated":{"selected_icon":"1"}},{"text":"818-674-1177","icon":"fa fa-fax","_id":"2fd9521","link":{"url":"","is_external":"","nofollow":"","custom_attributes":""},"selected_icon":{"value":"fas fa-fax","library":"fa-solid"},"__fa4_migrated":{"selected_icon":"1"}},{"text":"office@legit.com","icon":"fa fa-envelope","_id":"80ec586","link":{"url":"","is_external":"","nofollow":"","custom_attributes":""},"selected_icon":{"value":"fas fa-envelope","library":"fa-solid"},"__fa4_migrated":{"selected_icon":"1"}}],"space_between":{"unit":"px","size":"20","sizes":[]},"icon_color":"#d7d7d9","text_color":"#d7d7d9","text_indent":{"unit":"px","size":"10","sizes":[]},"icon_typography_typography":"custom","icon_typography_font_family":"Montserrat","icon_typography_font_size":{"unit":"px","size":"15","sizes":[]},"icon_typography_font_weight":"300","space_between_tablet":{"unit":"px","size":"30","sizes":[]},"icon_align_tablet":"left","icon_align_mobile":"center"},"elements":[],"isInner":false,"widgetType":"icon-list","elType":"widget"}],"isInner":"1","elType":"column"},{"id":"16b2d1c1","settings":{"_column_size":"20","_inline_size_tablet":"20","margin_mobile":{"unit":"px","top":"30","right":"0","bottom":"0","left":"0","isLinked":""},"_inline_size":"16.5"},"elements":[{"id":"1e44089","settings":{"title":"Site Links","title_color":"#d3b574","typography_typography":"custom","typography_font_family":"Montserrat","typography_font_size":{"unit":"px","size":"18","sizes":[]},"typography_font_weight":"300","align":"left","align_tablet":"left","typography_text_transform":"capitalize","header_size":"h4","align_mobile":"center"},"elements":[],"isInner":false,"widgetType":"heading","elType":"widget"},{"id":"661d7331","settings":{"layout":"vertical","align_items":"left","dropdown":"none","text_align":"center","menu_typography_typography":"custom","menu_typography_font_family":"Montserrat","menu_typography_font_size":{"unit":"px","size":"16","sizes":[]},"menu_typography_font_weight":"300","menu_typography_text_transform":"capitalize","color_menu_item":"#d7d7d9","color_menu_item_hover":"#d3b574","pointer_width":{"unit":"px","size":"0","sizes":[]},"padding_horizontal_menu_item":{"unit":"px","size":"0","sizes":[]},"padding_vertical_menu_item":{"unit":"px","size":"0","sizes":[]},"menu_space_between":{"unit":"px","size":"21","sizes":[]},"color_dropdown_item":"#16163f","color_dropdown_item_hover":"#d3b574","background_color_dropdown_item_hover":"rgba(0,0,0,0)","color_dropdown_item_active":"#d3b574","background_color_dropdown_item_active":"rgba(0,0,0,0)","dropdown_typography_typography":"custom","dropdown_typography_font_family":"Montserrat","dropdown_typography_font_size":{"unit":"px","size":"16","sizes":[]},"dropdown_typography_font_size_mobile":{"unit":"px","size":"16","sizes":[]},"dropdown_typography_font_weight":"400","dropdown_box_shadow_box_shadow_type":"yes","dropdown_box_shadow_box_shadow":{"horizontal":"0","vertical":"15","blur":"20","spread":"0","color":"rgba(0,0,0,0.1)"},"padding_horizontal_dropdown_item":{"unit":"px","size":"10","sizes":[]},"padding_vertical_dropdown_item":{"unit":"px","size":"20","sizes":[]},"padding_vertical_dropdown_item_mobile":{"unit":"px","size":"24","sizes":[]},"dropdown_top_distance":{"unit":"px","size":"15","sizes":[]},"dropdown_top_distance_tablet":{"unit":"px","size":"20","sizes":[]},"dropdown_top_distance_mobile":{"unit":"px","size":"20","sizes":[]},"toggle_color":"#16163f","toggle_background_color":"#ffffff","_margin_mobile":{"unit":"px","top":"0","right":"0","bottom":"0","left":"145","isLinked":""}},"elements":[],"isInner":false,"widgetType":"nav-menu","elType":"widget"}],"isInner":"1","elType":"column"},{"id":"58681160","settings":{"_column_size":"20","_inline_size":"17.583","_inline_size_tablet":"25","margin_mobile":{"unit":"px","top":"30","right":"0","bottom":"0","left":"0","isLinked":""}},"elements":[{"id":"47890050","settings":{"title":"The Partners","title_color":"#d3b574","typography_typography":"custom","typography_font_family":"Montserrat","typography_font_size":{"unit":"px","size":"18","sizes":[]},"typography_font_weight":"300","align":"left","align_tablet":"left","typography_text_transform":"capitalize","header_size":"h4","align_mobile":"center"},"elements":[],"isInner":false,"widgetType":"heading","elType":"widget"},{"id":"3b1e8c68","settings":{"icon_list":[{"text":"Brian Lewis","icon":"","_id":"beaa746","link":{"url":"","is_external":"","nofollow":"","custom_attributes":""},"selected_icon":{"value":"","library":""}},{"text":"Chas R. Walker","icon":"","_id":"020d7bb","link":{"url":"","is_external":"","nofollow":"","custom_attributes":""},"selected_icon":{"value":"","library":""}},{"text":"Christy Mullen","icon":"","_id":"f1954c4","link":{"url":"","is_external":"","nofollow":"","custom_attributes":""},"selected_icon":{"value":"","library":""}},{"text":"David B. Bass","icon":"","_id":"d40d442","link":{"url":"","is_external":"","nofollow":"","custom_attributes":""},"selected_icon":{"value":"","library":""}},{"text":"Jennifer Mankin","icon":"","_id":"847f424","link":{"url":"","is_external":"","nofollow":"","custom_attributes":""},"selected_icon":{"value":"","library":""}},{"text":"Ann Allen","icon":"","_id":"b3da480","link":{"url":"","is_external":"","nofollow":"","custom_attributes":""},"selected_icon":{"value":"","library":""}}],"space_between":{"unit":"px","size":"20","sizes":[]},"icon_color":"#d7d7d9","text_color":"#d7d7d9","text_indent":{"unit":"px","size":"0","sizes":[]},"icon_typography_typography":"custom","icon_typography_font_family":"Montserrat","icon_typography_font_size":{"unit":"px","size":"15","sizes":[]},"icon_typography_font_weight":"300","icon_align_tablet":"left","icon_align_mobile":"center"},"elements":[],"isInner":false,"widgetType":"icon-list","elType":"widget"}],"isInner":"1","elType":"column"},{"id":"5b81844e","settings":{"_column_size":"20","_inline_size":"18.084","_inline_size_tablet":"25","margin_mobile":{"unit":"px","top":"30","right":"0","bottom":"30","left":"0","isLinked":""}},"elements":[{"id":"2ac96a9c","settings":{"title":"Practice Areas","title_color":"#d3b574","typography_typography":"custom","typography_font_family":"Montserrat","typography_font_size":{"unit":"px","size":"18","sizes":[]},"typography_font_weight":"300","align":"left","align_tablet":"left","typography_text_transform":"capitalize","header_size":"h4","align_mobile":"center"},"elements":[],"isInner":false,"widgetType":"heading","elType":"widget"},{"id":"21be97d9","settings":{"layout":"vertical","align_items":"left","dropdown":"none","full_width":"stretch","text_align":"center","toggle_align":"right","menu_typography_typography":"custom","menu_typography_font_family":"Montserrat","menu_typography_font_size":{"unit":"px","size":"16","sizes":[]},"menu_typography_font_weight":"200","menu_typography_text_transform":"capitalize","color_menu_item":"#ffffff","color_menu_item_hover":"#d3b574","pointer_width":{"unit":"px","size":"0","sizes":[]},"padding_horizontal_menu_item":{"unit":"px","size":"0","sizes":[]},"padding_vertical_menu_item":{"unit":"px","size":"10","sizes":[]},"menu_space_between":{"unit":"px","size":"0","sizes":[]},"color_dropdown_item":"#16163f","color_dropdown_item_hover":"#d3b574","background_color_dropdown_item_hover":"rgba(0,0,0,0)","color_dropdown_item_active":"#d3b574","background_color_dropdown_item_active":"rgba(0,0,0,0)","dropdown_typography_typography":"custom","dropdown_typography_font_family":"Montserrat","dropdown_typography_font_size":{"unit":"px","size":"16","sizes":[]},"dropdown_typography_font_size_mobile":{"unit":"px","size":"16","sizes":[]},"dropdown_typography_font_weight":"400","dropdown_box_shadow_box_shadow_type":"yes","dropdown_box_shadow_box_shadow":{"horizontal":"0","vertical":"15","blur":"20","spread":"0","color":"rgba(0,0,0,0.1)"},"padding_horizontal_dropdown_item":{"unit":"px","size":"10","sizes":[]},"padding_vertical_dropdown_item":{"unit":"px","size":"20","sizes":[]},"padding_vertical_dropdown_item_mobile":{"unit":"px","size":"24","sizes":[]},"dropdown_top_distance":{"unit":"px","size":"15","sizes":[]},"dropdown_top_distance_tablet":{"unit":"px","size":"20","sizes":[]},"dropdown_top_distance_mobile":{"unit":"px","size":"20","sizes":[]},"toggle_color":"#16163f","toggle_background_color":"#ffffff","_margin_mobile":{"unit":"px","top":"0","right":"0","bottom":"0","left":"120","isLinked":""}},"elements":[],"isInner":false,"widgetType":"nav-menu","elType":"widget"}],"isInner":"1","elType":"column"},{"id":"21f25901","settings":{"_column_size":"20","_inline_size":"25.99","_inline_size_tablet":"100","margin_mobile":{"unit":"px","top":"0","right":"0","bottom":"0","left":"0","isLinked":""},"space_between_widgets":"20","border_border":"solid","border_width_tablet":{"unit":"px","top":"1","right":"0","bottom":"0","left":"0","isLinked":""},"border_color":"rgba(255,255,255,0.2)","margin_tablet":{"unit":"px","top":"0","right":"0","bottom":"0","left":"0","isLinked":""},"padding_tablet":{"unit":"px","top":"50","right":"30","bottom":"0","left":"30","isLinked":""},"padding_mobile":{"unit":"px","top":"30","right":"35","bottom":"0","left":"30","isLinked":""},"border_width":{"unit":"px","top":"0","right":"0","bottom":"0","left":"0","isLinked":"1"}},"elements":[{"id":"4e478df","settings":{"title":"Blog insights","title_color":"#d3b574","typography_typography":"custom","typography_font_family":"Montserrat","typography_font_size":{"unit":"px","size":"18","sizes":[]},"typography_font_weight":"300","align":"left","align_tablet":"center","typography_text_transform":"capitalize","header_size":"h4"},"elements":[],"isInner":false,"widgetType":"heading","elType":"widget"},{"id":"414d4b94","settings":{"classic_columns":"1","classic_posts_per_page":"4","classic_thumbnail":"none","classic_show_excerpt":"","classic_meta_data":[],"classic_meta_separator":"\/\/\/","classic_show_read_more":"","classic_read_more_text":"Read More \u00bb","cards_meta_separator":"\u2022","cards_read_more_text":"Read More \u00bb","classic_row_gap":{"unit":"px","size":"25","sizes":[]},"classic_title_color":"#d7d7d9","classic_title_typography_typography":"custom","classic_title_typography_font_family":"Montserrat","classic_title_typography_font_size":{"unit":"px","size":"15","sizes":[]},"classic_title_typography_font_weight":"300","classic_title_typography_text_transform":"capitalize","classic_title_typography_line_height":{"unit":"em","size":"1.2","sizes":[]},"pagination_page_limit":"5","pagination_prev_label":"&laquo; Previous","pagination_next_label":"Next &raquo;","classic_columns_tablet":"1","classic_alignment":"left","_margin_tablet":{"unit":"px","top":"0","right":"0","bottom":"0","left":"0160","isLinked":""},"_margin_mobile":{"unit":"px","top":"0","right":"0","bottom":"0","left":"0","isLinked":"1"},"full_content_meta_separator":"\/\/\/"},"elements":[],"isInner":false,"widgetType":"posts","elType":"widget"}],"isInner":"1","elType":"column"}],"isInner":"1","elType":"section"},{"id":"8a3ad84","settings":{"content_width":{"unit":"px","size":"1200","sizes":[]},"border_border":"solid","border_width":{"unit":"px","top":"1","right":"0","bottom":"0","left":"0","isLinked":""},"border_color":"#4b445a","margin":{"unit":"px","top":"50","right":"0","bottom":"0","left":"0","isLinked":""},"margin_tablet":{"unit":"px","top":"0","right":"0","bottom":"0","left":"0","isLinked":"1"},"margin_mobile":{"unit":"px","top":"","right":"0","bottom":"","left":"0","isLinked":"1"}},"elements":[{"id":"b2db19f","settings":{"_column_size":"100","padding":{"unit":"px","top":"30","right":"0","bottom":"0","left":"0","isLinked":""}},"elements":[{"id":"14712ae2","settings":{"title":"\u24b8 2019 - All Rights Are Reserved","align":"center","title_color":"#d7d7d9","typography_typography":"custom","typography_font_family":"Montserrat","typography_font_size":{"unit":"px","size":"14","sizes":[]},"typography_font_weight":"300","typography_text_transform":"capitalize"},"elements":[],"isInner":false,"widgetType":"heading","elType":"widget"}],"isInner":"1","elType":"column"}],"isInner":"1","elType":"section"}],"isInner":"","elType":"column"}],"isInner":"","elType":"section"}]}