{"version":"0.4","title":"Footer5","type":"footer","content":[{"id":"3302ac0b","settings":{"gap":"no","custom_height":{"unit":"px","size":""},"content_position":"middle","structure":"20","background_background":"classic","background_color":"#232323","margin":{"unit":"px","top":"","right":0,"bottom":"","left":0,"isLinked":true},"padding":{"unit":"px","top":"50","right":"0","bottom":"50","left":"0","isLinked":false},"padding_tablet":{"unit":"px","top":"100","right":"25","bottom":"100","left":"25","isLinked":false},"padding_mobile":{"unit":"px","top":"50","right":"20","bottom":"50","left":"20","isLinked":false},"_timestamp_":"v1S2hPVjBxQm0zZVduWWZGcGZ3V0k5dz09"},"elements":[{"id":"38af5b1f","settings":{"_column_size":50,"_inline_size":null},"elements":[{"id":"68d9906c","settings":{"title":"About","title_color":"#ffffff","typography_typography":"custom","typography_font_size":{"unit":"px","size":45},"typography_font_weight":"600","align_mobile":"center","typography_font_size_mobile":{"unit":"px","size":45},"header_size":"h4"},"elements":[],"isInner":false,"widgetType":"heading","elType":"widget"},{"id":"480df342","settings":{"editor":"<p>I am text block. Click edit button to change this text. Lorem ipsum dolor sit amet, consectetur adipiscing elit. Ut elit tellus, luctus nec ullamcorper mattis, pulvinar dapibus leo.\u00a0It is a long established<\/p>","text_color":"#686868","typography_typography":"custom","typography_font_size":{"unit":"px","size":16},"typography_font_weight":"300","_padding":{"unit":"px","top":"0","right":"55","bottom":"0","left":"0","isLinked":false},"typography_line_height":{"unit":"em","size":1.7},"align_mobile":"center","_padding_mobile":{"unit":"px","top":"0","right":"0","bottom":"0","left":"0","isLinked":true}},"elements":[],"isInner":false,"widgetType":"text-editor","elType":"widget"},{"id":"147b142e","settings":{"social_icon_list":[{"social":"fa fa-facebook","_id":"4cd9d92","link":{"url":"","is_external":"true","nofollow":"","custom_attributes":""},"social_icon":{"value":"fab fa-wordpress","library":"fa-brands"},"item_icon_color":"default","item_icon_primary_color":"","item_icon_secondary_color":""},{"social":"fa fa-twitter","_id":"b582169","link":{"url":"","is_external":"true","nofollow":"","custom_attributes":""},"social_icon":{"value":"fab fa-wordpress","library":"fa-brands"},"item_icon_color":"default","item_icon_primary_color":"","item_icon_secondary_color":""},{"social":"fa fa-instagram","link":{"url":"","is_external":"true","nofollow":"","custom_attributes":""},"_id":"7f63e13","social_icon":{"value":"fab fa-wordpress","library":"fa-brands"},"item_icon_color":"default","item_icon_primary_color":"","item_icon_secondary_color":""}],"shape":"circle","align":"left","icon_color":"custom","icon_primary_color":"rgba(255,255,255,0)","icon_secondary_color":"#ffffff","icon_size":{"unit":"px","size":16},"icon_spacing":{"unit":"px","size":15},"image_border_border":"solid","image_border_width":{"unit":"px","top":"1","right":"1","bottom":"1","left":"1","isLinked":true},"image_border_color":"#ffffff","hover_secondary_color":"#00ce1b","hover_border_color":"#00ce1b","hover_animation":"grow","_margin":{"unit":"px","top":"0","right":"0","bottom":"0","left":"0","isLinked":true},"_padding":{"unit":"px","top":"0","right":"0","bottom":"0","left":"0","isLinked":true},"align_mobile":"center"},"elements":[],"isInner":false,"widgetType":"social-icons","elType":"widget"}],"isInner":false,"elType":"column"},{"id":"35684fa2","settings":{"_column_size":50,"_inline_size":null,"margin":{"unit":"px","top":"0","right":"0","bottom":"0","left":"0","isLinked":true},"padding":{"unit":"px","top":"0","right":"0","bottom":"0","left":"0","isLinked":true}},"elements":[{"id":"73d9ffee","settings":{"slides":[{"content":"I am slide content. Click edit button to change this text. Lorem ipsum dolor sit amet, consectetur adipiscing elit. Ut elit tellus, luctus nec ullamcorper mattis, pulvinar dapibus leo.","name":"Amanda Lee","title":"Support Company","image":{"id":99,"url":"http:\/\/localhost\/dieuhau\/wp-content\/uploads\/2020\/07\/y8.png"},"_id":"20224c8"},{"content":"I am slide content. Click edit button to change this text. Lorem ipsum dolor sit amet, consectetur adipiscing elit. Ut elit tellus, luctus nec ullamcorper mattis, pulvinar dapibus leo.","name":"Melisa Pomero","title":"Graphic Designer","image":{"id":100,"url":"http:\/\/localhost\/dieuhau\/wp-content\/uploads\/2020\/07\/y9.png"},"_id":"6c1b769"},{"content":"I am slide content. Click edit button to change this text. Lorem ipsum dolor sit amet, consectetur adipiscing elit. Ut elit tellus, luctus nec ullamcorper mattis, pulvinar dapibus leo.","name":"Mike Jonnaa","title":"Manager Company","image":{"id":101,"url":"http:\/\/localhost\/dieuhau\/wp-content\/uploads\/2020\/07\/y11.png"},"_id":"61893e3"}],"show_arrows":"","space_between":{"unit":"px","size":0},"slide_border_radius":{"unit":"px","size":0},"content_gap":{"unit":"px","size":35},"content_color":"#ffffff","content_typography_typography":"custom","content_typography_font_size":{"unit":"px","size":16},"content_typography_font_weight":"300","content_typography_font_style":"normal","content_typography_line_height":{"unit":"em","size":2},"name_color":"#ffffff","name_typography_typography":"custom","name_typography_font_size":{"unit":"px","size":25},"title_color":"#686868","title_typography_typography":"custom","title_typography_font_size":{"unit":"px","size":15},"title_typography_font_weight":"300","title_typography_line_height":{"unit":"em","size":0.7},"image_size":{"unit":"px","size":60},"image_gap":{"unit":"px","size":12},"arrows_color":"#ffffff","pagination_size":{"unit":"px","size":6},"pagination_color":"#ffffff","skin":"bubble","width":{"unit":"%","size":98},"slide_background_color":"rgba(0,0,0,0)","name_typography_line_height":{"unit":"em","size":1.7},"title_typography_text_transform":"uppercase","background_color":"#3d3d3d","text_padding":{"unit":"px","top":"45","right":"45","bottom":"45","left":"45","isLinked":true},"width_mobile":{"unit":"px","size":348},"name_typography_font_size_mobile":{"unit":"px","size":20},"title_typography_font_size_mobile":{"unit":"px","size":12}},"elements":[],"isInner":false,"widgetType":"testimonial-carousel","elType":"widget"}],"isInner":false,"elType":"column"}],"isInner":false,"elType":"section"},{"id":"7e75b77b","settings":{"gap":"no","custom_height":{"unit":"px","size":100},"content_position":"middle","structure":"20","background_background":"classic","background_color":"#000000","padding_tablet":{"unit":"px","top":"25","right":"25","bottom":"25","left":"25","isLinked":false},"padding_mobile":{"unit":"px","top":"25","right":"20","bottom":"25","left":"20","isLinked":false},"_timestamp_":"v1S2hPVjBxQm0zZVduWWZGcGZ3V0k5dz09"},"elements":[{"id":"478865c1","settings":{"_column_size":50,"_inline_size":null,"_inline_size_tablet":70},"elements":[{"id":"18c830f5","settings":{"title":"Company 2018 \u00a9 All Rights Reserved. Design by Elementor","align":"left","title_color":"#686868","typography_typography":"custom","typography_font_size":{"unit":"px","size":15},"typography_font_weight":"300","typography_text_transform":"uppercase","align_mobile":"center","typography_line_height_mobile":{"unit":"px","size":20}},"elements":[],"isInner":false,"widgetType":"heading","elType":"widget"}],"isInner":false,"elType":"column"},{"id":"6146cbbc","settings":{"_column_size":50,"_inline_size":null,"_inline_size_tablet":30},"elements":[{"id":"7ba577a9","settings":{"icon":"fa fa-angle-up","align":"right","primary_color":"#ffffff","size":{"unit":"px","size":40},"hover_primary_color":"#00ce1b","hover_animation":"grow","align_mobile":"center","_padding_mobile":{"unit":"px","top":"15","right":"0","bottom":"0","left":"0","isLinked":false}},"elements":[],"isInner":false,"widgetType":"icon","elType":"widget"}],"isInner":false,"elType":"column"}],"isInner":false,"elType":"section"}]}