{"version":"0.4","title":"Footer26","type":"footer","content":[{"id":"65a5de34","settings":{"layout":"full_width","margin":{"unit":"px","top":"200","right":"0","bottom":"50","left":"0","isLinked":""},"padding":{"unit":"%","top":"0","right":"5","bottom":"0","left":"5","isLinked":""},"_title":"Footer","margin_tablet":{"unit":"px","top":"100","right":"0","bottom":"0","left":"0","isLinked":""},"_timestamp_":"v1S2hPVjBxQm0zZVduWWZGcGZ3V0k5dz09"},"elements":[{"id":"449b71a1","settings":{"_column_size":"100","space_between_widgets":"0","padding":{"unit":"px","top":"0","right":"0","bottom":"0","left":"0","isLinked":"1"}},"elements":[{"id":"2c7c83f","settings":{"layout":"full_width","structure":"20","border_width":{"unit":"px","top":"0","right":"0","bottom":"0","left":"0","isLinked":"1"},"margin":{"unit":"px","top":"0","right":"0","bottom":"0","left":"0","isLinked":"1"}},"elements":[{"id":"2b5767bb","settings":{"_column_size":"50","content_position":"center","padding":{"unit":"px","top":"0","right":"0","bottom":"0","left":"0","isLinked":"1"},"_inline_size":18.468},"elements":[{"id":"2ff3c280","settings":{"image":{"id":"66","url":"http:\/\/localhost\/dieuhau\/wp-content\/uploads\/2020\/07\/DESIGNFORM-Logo.png"},"image_size":"full","align":"left","link_to":"custom","__dynamic__":{"link":"[elementor-tag id=\"8c65bdc\" name=\"site-url\" settings=\"%7B%7D\"]"},"align_mobile":"center","width_mobile":{"unit":"%","size":"100","sizes":[]}},"elements":[],"isInner":false,"widgetType":"image","elType":"widget"}],"isInner":"1","elType":"column"},{"id":"22ea432e","settings":{"_column_size":"50","content_position":"center","padding":{"unit":"px","top":"0","right":"0","bottom":"0","left":"0","isLinked":"1"},"margin_mobile":{"unit":"px","top":"35","right":"0","bottom":"0","left":"0","isLinked":""},"padding_mobile":{"unit":"px","top":"0","right":"0","bottom":"0","left":"0","isLinked":"1"},"_inline_size":81.459},"elements":[{"id":"6baa74f9","settings":{"align_items":"right","pointer":"text","animation_text":"sink","menu_typography_typography":"custom","menu_typography_font_family":"Montserrat","menu_typography_font_size":{"unit":"px","size":"16","sizes":[]},"menu_typography_font_weight":"300","color_menu_item":"#000000","color_menu_item_hover":"#000000","pointer_color_menu_item_hover":"#000000","color_menu_item_active":"#000000","pointer_color_menu_item_active":"#000000","pointer_width":{"unit":"px","size":"1","sizes":[]},"padding_horizontal_menu_item":{"unit":"px","size":"0","sizes":[]},"menu_space_between":{"unit":"px","size":"50","sizes":[]},"padding_vertical_menu_item":{"unit":"px","size":"0","sizes":[]},"dropdown":"none","padding_horizontal_menu_item_mobile":{"unit":"px","size":"0","sizes":[]},"padding_vertical_menu_item_mobile":{"unit":"px","size":"0","sizes":[]},"menu_space_between_mobile":{"unit":"px","size":"55","sizes":[]}},"elements":[],"isInner":false,"widgetType":"nav-menu","elType":"widget"}],"isInner":"1","elType":"column"}],"isInner":"1","elType":"section"},{"id":"5530ec5","settings":{"text":"Divider","gap":{"unit":"px","size":"35","sizes":[]},"gap_mobile":{"unit":"px","size":"30","sizes":[]}},"elements":[],"isInner":false,"widgetType":"divider","elType":"widget"},{"id":"1d8cf404","settings":{"layout":"full_width","structure":"20","border_width":{"unit":"px","top":"0","right":"0","bottom":"0","left":"0","isLinked":"1"},"margin":{"unit":"px","top":"0","right":"0","bottom":"0","left":"0","isLinked":"1"},"margin_tablet":{"unit":"px","top":"0","right":"0","bottom":"50","left":"0","isLinked":""}},"elements":[{"id":"105e54a8","settings":{"_column_size":"50","content_position":"center","padding":{"unit":"px","top":"0","right":"0","bottom":"0","left":"0","isLinked":"1"}},"elements":[{"id":"24f51a3","settings":{"editor":"info@designform.com","align":"left","text_color":"#000000","typography_typography":"custom","typography_font_family":"Montserrat","typography_font_size":{"unit":"px","size":"15","sizes":[]},"typography_font_weight":"300","align_mobile":"center"},"elements":[],"isInner":false,"widgetType":"text-editor","elType":"widget"}],"isInner":"1","elType":"column"},{"id":"60f7b092","settings":{"_column_size":"50","content_position":"center","padding":{"unit":"px","top":"0","right":"0","bottom":"0","left":"0","isLinked":"1"},"padding_mobile":{"unit":"px","top":"0","right":"0","bottom":"0","left":"0","isLinked":""},"margin_mobile":{"unit":"px","top":"20","right":"0","bottom":"0","left":"0","isLinked":""}},"elements":[{"id":"3f8580fb","settings":{"editor":"\u00a9 All Rights Reserved 2020","align":"right","text_color":"#000000","typography_typography":"custom","typography_font_family":"Montserrat","typography_font_size":{"unit":"px","size":"14","sizes":[]},"typography_font_weight":"200","align_mobile":"center","typography_font_size_mobile":{"unit":"px","size":"12","sizes":[]}},"elements":[],"isInner":false,"widgetType":"text-editor","elType":"widget"}],"isInner":"1","elType":"column"}],"isInner":"1","elType":"section"}],"isInner":"","elType":"column"}],"isInner":"","elType":"section"}]}