{"version":"0.4","title":"Footer18","type":"footer","content":[{"id":"390b2303","settings":{"background_background":"classic","background_image":{"id":145,"url":"http:\/\/localhost\/dieuhau\/wp-content\/uploads\/2020\/07\/head2.jpg"},"background_position":"center center","background_size":"cover","background_overlay_background":"classic","background_overlay_color":"#001035","background_overlay_opacity":{"unit":"px","size":0.6},"padding":{"unit":"px","top":"90","right":"0","bottom":"15","left":"0","isLinked":false},"padding_tablet":{"unit":"px","top":"30","right":"20","bottom":"30","left":"20","isLinked":false},"padding_mobile":{"unit":"px","top":"30","right":"20","bottom":"30","left":"20","isLinked":false},"html_tag":"footer","_timestamp_":"v1S2hPVjBxQm0zZVduWWZGcGZ3V0k5dz09"},"elements":[{"id":"53a0f67b","settings":{"_column_size":100,"padding_mobile":{"unit":"px","top":"0","right":"0","bottom":"0","left":"0","isLinked":false}},"elements":[{"id":"5e536423","settings":{"structure":"50"},"elements":[{"id":"de5091d","settings":{"_column_size":20,"_inline_size":17,"_inline_size_mobile":50},"elements":[{"id":"1c178eee","settings":{"title":"Products","title_color":"#ffffff","typography_typography":"custom","typography_font_size":{"unit":"px","size":18},"typography_font_weight":"500","header_size":"h4"},"elements":[],"isInner":false,"widgetType":"heading","elType":"widget"},{"id":"40d3806e","settings":{"icon_list":[{"text":"Pricing","icon":"","_id":"6b44671","link":{"url":"","is_external":"","nofollow":"","custom_attributes":""},"selected_icon":{"value":"fas fa-check","library":"fa-solid"}},{"text":"Teams","icon":"","_id":"6442eb7","link":{"url":"","is_external":"","nofollow":"","custom_attributes":""},"selected_icon":{"value":"fas fa-check","library":"fa-solid"}},{"text":"Education","icon":"","_id":"fc019a2","link":{"url":"","is_external":"","nofollow":"","custom_attributes":""},"selected_icon":{"value":"fas fa-check","library":"fa-solid"}},{"text":"Refer a friend","icon":"","_id":"1fd4f18","link":{"url":"","is_external":"","nofollow":"","custom_attributes":""},"selected_icon":{"value":"fas fa-check","library":"fa-solid"}},{"text":"Updates","icon":"","_id":"17a281d","link":{"url":"","is_external":"","nofollow":"","custom_attributes":""},"selected_icon":{"value":"fas fa-check","library":"fa-solid"}}],"space_between":{"unit":"px","size":5},"icon_align":"left","icon_size":{"unit":"px","size":0},"text_color":"rgba(255,255,255,0.5)","text_indent":{"unit":"px","size":0},"icon_typography_typography":"custom","icon_typography_font_size":{"unit":"px","size":14},"icon_typography_font_weight":"300","icon_typography_font_size_tablet":{"unit":"px","size":13}},"elements":[],"isInner":false,"widgetType":"icon-list","elType":"widget"}],"isInner":true,"elType":"column"},{"id":"58a8ffe1","settings":{"_column_size":20,"_inline_size":17,"_inline_size_mobile":50},"elements":[{"id":"78763764","settings":{"title":"Features","title_color":"#ffffff","typography_typography":"custom","typography_font_size":{"unit":"px","size":18},"typography_font_weight":"500","header_size":"h4"},"elements":[],"isInner":false,"widgetType":"heading","elType":"widget"},{"id":"26bdf872","settings":{"icon_list":[{"text":"Overview","icon":"","_id":"6b44671","link":{"url":"","is_external":"","nofollow":"","custom_attributes":""},"selected_icon":{"value":"fas fa-check","library":"fa-solid"}},{"text":"Design","icon":"","_id":"6442eb7","link":{"url":"","is_external":"","nofollow":"","custom_attributes":""},"selected_icon":{"value":"fas fa-check","library":"fa-solid"}},{"text":"Code","icon":"","_id":"fc019a2","link":{"url":"","is_external":"","nofollow":"","custom_attributes":""},"selected_icon":{"value":"fas fa-check","library":"fa-solid"}},{"text":"Collaborate","icon":"","_id":"1fd4f18","link":{"url":"","is_external":"","nofollow":"","custom_attributes":""},"selected_icon":{"value":"fas fa-check","library":"fa-solid"}},{"text":"Sletch Plugin","icon":"","_id":"17a281d","link":{"url":"","is_external":"","nofollow":"","custom_attributes":""},"selected_icon":{"value":"fas fa-check","library":"fa-solid"}}],"space_between":{"unit":"px","size":5},"icon_align":"left","icon_size":{"unit":"px","size":0},"text_color":"rgba(255,255,255,0.5)","text_indent":{"unit":"px","size":0},"icon_typography_typography":"custom","icon_typography_font_size":{"unit":"px","size":14},"icon_typography_font_weight":"300","icon_typography_font_size_tablet":{"unit":"px","size":13}},"elements":[],"isInner":false,"widgetType":"icon-list","elType":"widget"}],"isInner":true,"elType":"column"},{"id":"2bb24816","settings":{"_column_size":20,"_inline_size":20,"_inline_size_mobile":50,"margin_mobile":{"unit":"px","top":"30","right":"0","bottom":"0","left":"0","isLinked":false}},"elements":[{"id":"4f26c0af","settings":{"title":"Get Started","title_color":"#ffffff","typography_typography":"custom","typography_font_size":{"unit":"px","size":18},"typography_font_weight":"500","header_size":"h4"},"elements":[],"isInner":false,"widgetType":"heading","elType":"widget"},{"id":"42f51b94","settings":{"icon_list":[{"text":"Tutorials","icon":"","_id":"6b44671","link":{"url":"","is_external":"","nofollow":"","custom_attributes":""},"selected_icon":{"value":"fas fa-check","library":"fa-solid"}},{"text":"Resources","icon":"","_id":"6442eb7","link":{"url":"","is_external":"","nofollow":"","custom_attributes":""},"selected_icon":{"value":"fas fa-check","library":"fa-solid"}},{"text":"Guides","icon":"","_id":"fc019a2","link":{"url":"","is_external":"","nofollow":"","custom_attributes":""},"selected_icon":{"value":"fas fa-check","library":"fa-solid"}},{"text":"Examples","icon":"","_id":"1fd4f18","link":{"url":"","is_external":"","nofollow":"","custom_attributes":""},"selected_icon":{"value":"fas fa-check","library":"fa-solid"}},{"text":"Docs","icon":"","_id":"17a281d","link":{"url":"","is_external":"","nofollow":"","custom_attributes":""},"selected_icon":{"value":"fas fa-check","library":"fa-solid"}}],"space_between":{"unit":"px","size":5},"icon_align":"left","icon_size":{"unit":"px","size":0},"text_color":"rgba(255,255,255,0.5)","text_indent":{"unit":"px","size":0},"icon_typography_typography":"custom","icon_typography_font_size":{"unit":"px","size":14},"icon_typography_font_weight":"300","icon_typography_font_size_tablet":{"unit":"px","size":13}},"elements":[],"isInner":false,"widgetType":"icon-list","elType":"widget"}],"isInner":true,"elType":"column"},{"id":"1350152f","settings":{"_column_size":20,"_inline_size":17.411,"_inline_size_mobile":50,"margin":{"unit":"%","top":"0","right":"0","bottom":"0","left":"0","isLinked":false},"margin_mobile":{"unit":"px","top":"30","right":"0","bottom":"0","left":"0","isLinked":false}},"elements":[{"id":"28b01a91","settings":{"title":"About","title_color":"#ffffff","typography_typography":"custom","typography_font_size":{"unit":"px","size":18},"typography_font_weight":"500","header_size":"h4"},"elements":[],"isInner":false,"widgetType":"heading","elType":"widget"},{"id":"5472e23d","settings":{"icon_list":[{"text":"Stories","icon":"","_id":"6b44671","link":{"url":"","is_external":"","nofollow":"","custom_attributes":""},"selected_icon":{"value":"fas fa-check","library":"fa-solid"}},{"text":"Community","icon":"","_id":"6442eb7","link":{"url":"","is_external":"","nofollow":"","custom_attributes":""},"selected_icon":{"value":"fas fa-check","library":"fa-solid"}},{"text":"Blog","icon":"","_id":"fc019a2","link":{"url":"","is_external":"","nofollow":"","custom_attributes":""},"selected_icon":{"value":"fas fa-check","library":"fa-solid"}},{"text":"Careers","icon":"","_id":"1fd4f18","link":{"url":"","is_external":"","nofollow":"","custom_attributes":""},"selected_icon":{"value":"fas fa-check","library":"fa-solid"}},{"text":"Brand Assets","icon":"","_id":"17a281d","link":{"url":"","is_external":"","nofollow":"","custom_attributes":""},"selected_icon":{"value":"fas fa-check","library":"fa-solid"}}],"space_between":{"unit":"px","size":5},"icon_align":"left","icon_size":{"unit":"px","size":0},"text_color":"rgba(255,255,255,0.5)","text_indent":{"unit":"px","size":0},"icon_typography_typography":"custom","icon_typography_font_size":{"unit":"px","size":14},"icon_typography_font_weight":"300","icon_typography_font_size_tablet":{"unit":"px","size":13}},"elements":[],"isInner":false,"widgetType":"icon-list","elType":"widget"}],"isInner":true,"elType":"column"},{"id":"68ac63e6","settings":{"_column_size":20,"_inline_size":28.589,"margin":{"unit":"%","top":"0","right":"0","bottom":"0","left":"20","isLinked":false},"margin_tablet":{"unit":"px","top":"0","right":"0","bottom":"0","left":"0","isLinked":false},"margin_mobile":{"unit":"px","top":"30","right":"0","bottom":"0","left":"0","isLinked":false}},"elements":[{"id":"a6d8052","settings":{"title":"Follow Us","title_color":"#ffffff","typography_typography":"custom","typography_font_size":{"unit":"px","size":18},"typography_font_weight":"500","header_size":"h4"},"elements":[],"isInner":false,"widgetType":"heading","elType":"widget"},{"id":"52543c6a","settings":{"social_icon_list":[{"social":"fa fa-facebook","_id":"9758c9c","link":{"url":"","is_external":"true","nofollow":"","custom_attributes":""},"social_icon":{"value":"fab fa-wordpress","library":"fa-brands"},"item_icon_color":"default","item_icon_primary_color":"","item_icon_secondary_color":""},{"social":"fa fa-twitter","_id":"b72bfac","link":{"url":"","is_external":"true","nofollow":"","custom_attributes":""},"social_icon":{"value":"fab fa-wordpress","library":"fa-brands"},"item_icon_color":"default","item_icon_primary_color":"","item_icon_secondary_color":""},{"social":"fa fa-google-plus","_id":"63ae1c4","link":{"url":"","is_external":"true","nofollow":"","custom_attributes":""},"social_icon":{"value":"fab fa-wordpress","library":"fa-brands"},"item_icon_color":"default","item_icon_primary_color":"","item_icon_secondary_color":""},{"social":"fa fa-youtube","link":{"url":"","is_external":"true","nofollow":"","custom_attributes":""},"_id":"82b3bad","social_icon":{"value":"fab fa-wordpress","library":"fa-brands"},"item_icon_color":"default","item_icon_primary_color":"","item_icon_secondary_color":""},{"social":"fa fa-instagram","link":{"url":"","is_external":"true","nofollow":"","custom_attributes":""},"_id":"d550229","social_icon":{"value":"fab fa-wordpress","library":"fa-brands"},"item_icon_color":"default","item_icon_primary_color":"","item_icon_secondary_color":""}],"shape":"circle","align":"left","icon_color":"custom","icon_primary_color":"#ffffff","icon_secondary_color":"#001444","icon_size":{"unit":"px","size":14},"icon_padding":{"unit":"em","size":0.9},"icon_spacing":{"unit":"px","size":10},"icon_padding_tablet":{"unit":"em","size":0.5}},"elements":[],"isInner":false,"widgetType":"social-icons","elType":"widget"}],"isInner":true,"elType":"column"}],"isInner":true,"elType":"section"},{"id":"3ce8890c","settings":{"content_position":"middle","structure":"20","border_border":"dotted","border_width":{"unit":"px","top":"1","right":"0","bottom":"0","left":"0","isLinked":false},"border_color":"rgba(255,255,255,0.59)","margin":{"unit":"px","top":"80","right":0,"bottom":"0","left":0,"isLinked":false},"padding":{"unit":"px","top":"20","right":"0","bottom":"0","left":"0","isLinked":false},"margin_mobile":{"unit":"px","top":"30","right":0,"bottom":"0","left":0,"isLinked":false}},"elements":[{"id":"5852b94e","settings":{"_column_size":50,"_inline_size":null,"_inline_size_tablet":70},"elements":[{"id":"16cc983f","settings":{"title":"\u00a9 All rights reserved Lorem ipsum dolor sit amet, consectetur adipiscing elit. Aenean malesuada molestie neque non lobortis. ","header_size":"p","title_color":"rgba(255,255,255,0.5)","typography_typography":"custom","typography_font_size":{"unit":"px","size":13},"typography_font_weight":"300","typography_line_height":{"unit":"em","size":1.5}},"elements":[],"isInner":false,"widgetType":"heading","elType":"widget"}],"isInner":true,"elType":"column"},{"id":"77833f8","settings":{"_column_size":50,"_inline_size":null,"_inline_size_tablet":30},"elements":[{"id":"43b10e18","settings":{"title":"Made with <span style=\"color: #ff0000;\">\u2764<\/span> by Elementor\u200b\u200b","header_size":"p","align":"right","title_color":"rgba(255,255,255,0.5)","typography_typography":"custom","typography_font_size":{"unit":"px","size":13},"typography_font_weight":"300","typography_line_height":{"unit":"em","size":1.5},"align_mobile":"left"},"elements":[],"isInner":false,"widgetType":"heading","elType":"widget"}],"isInner":true,"elType":"column"}],"isInner":true,"elType":"section"}],"isInner":false,"elType":"column"}],"isInner":false,"elType":"section"}]}