{"version":"0.4","title":"Footer1","type":"footer","content":[{"id":"1526d408","settings":{"content_width":{"unit":"px","size":"1200","sizes":[]},"margin":{"unit":"%","top":"5","right":"0","bottom":"2","left":"0","isLinked":""},"margin_tablet":{"unit":"%","top":"5","right":"0","bottom":"5","left":"0","isLinked":"1"},"margin_mobile":{"unit":"%","top":"15","right":"0","bottom":"15","left":"0","isLinked":"1"},"padding_tablet":{"unit":"%","top":"0","right":"5","bottom":"0","left":"5","isLinked":""},"_title":"Footer","_timestamp_":"v1S2hPVjBxQm0zZVduWWZGcGZ3V0k5dz09"},"elements":[{"id":"7624b4c0","settings":{"_column_size":"100","padding":{"unit":"px","top":"0","right":"0","bottom":"0","left":"0","isLinked":"1"}},"elements":[{"id":"b7f8e21","settings":{"content_width":{"unit":"px","size":"1200","sizes":[]},"structure":"20","margin":{"unit":"px","top":"0","right":"0","bottom":"0","left":"0","isLinked":"1"},"_title":"Top Inner Section"},"elements":[{"id":"58ace109","settings":{"_column_size":"50","_inline_size":"35","_inline_size_tablet":"100","content_position":"center","_title":"Logo Column"},"elements":[{"id":"3da98645","settings":{"image":{"id":87,"url":"http:\/\/localhost\/dieuhau\/wp-content\/uploads\/2020\/07\/Logo-Footer.png"},"image_size":"full","align":"left","align_tablet":"center","width":{"unit":"%","size":"50","sizes":[]},"width_tablet":{"unit":"%","size":"22","sizes":[]},"width_mobile":{"unit":"%","size":"50","sizes":[]},"link_to":"custom","__dynamic__":{"link":"[elementor-tag id=\"838e0f2\" name=\"site-url\" settings=\"%7B%7D\"]"}},"elements":[],"isInner":false,"widgetType":"image","elType":"widget"}],"isInner":"1","elType":"column"},{"id":"370e6b89","settings":{"_column_size":"50","_inline_size":"65","_inline_size_tablet":"100","content_position":"center","margin_tablet":{"unit":"%","top":"4","right":"0","bottom":"4","left":"0","isLinked":""},"margin_mobile":{"unit":"%","top":"10","right":"0","bottom":"0","left":"0","isLinked":""},"padding_tablet":{"unit":"px","top":"0","right":"0","bottom":"0","left":"0","isLinked":"1"},"_title":"Form Column"},"elements":[{"id":"77c63182","settings":{"form_name":"New Form","form_fields":[{"custom_id":"email","field_type":"email","required":"true","field_label":"Email","placeholder":"Enter your email to join our mailing list","width":"75","_id":"c1c9241","field_options":"","allow_multiple":"","select_size":"","inline_list":"","field_html":"","width_tablet":"","width_mobile":"","rows":"4","recaptcha_size":"normal","recaptcha_style":"light","css_classes":"","field_value":"","recaptcha_badge":"bottomright","file_sizes":"","file_types":"","allow_multiple_upload":"","max_files":"","acceptance_text":"","checked_by_default":"","field_min":"","field_max":"","min_date":"","max_date":"","use_native_date":"","use_native_time":"","previous_button":"","next_button":"","selected_icon":{"value":"fas fa-star","library":"fa-solid"}}],"input_size":"md","show_labels":"","button_text":"Yes, Please","button_size":"md","button_width":"25","button_icon":"fa fa-arrow-right","button_icon_align":"right","button_icon_indent":{"unit":"px","size":"10","sizes":[]},"email_content":"[all-fields]","email_content_2":"[all-fields]","success_message":"The form was sent successfully.","error_message":"An error occured.","required_field_message":"This field is required.","invalid_message":"There's something wrong. The form is invalid.","column_gap":{"unit":"px","size":"20","sizes":[]},"label_spacing":{"unit":"px","size":"","sizes":[]},"label_typography_font_size":{"unit":"px","size":"16","sizes":[]},"field_text_color":"#353535","field_typography_typography":"custom","field_typography_font_family":"Montserrat","field_typography_font_size":{"unit":"px","size":"16","sizes":[]},"field_typography_font_size_tablet":{"unit":"px","size":"14","sizes":[]},"field_typography_font_weight":"300","field_border_color":"#d8d8d8","field_border_radius":{"unit":"px","top":"30","right":"30","bottom":"30","left":"30","isLinked":"1"},"button_background_color":"#4632da","button_typography_typography":"custom","button_typography_font_family":"Montserrat","button_typography_font_size":{"unit":"px","size":"15","sizes":[]},"button_typography_font_weight":"500","button_typography_text_transform":"capitalize","button_border_radius":{"unit":"px","top":"30","right":"30","bottom":"30","left":"30","isLinked":"1"},"button_text_padding":{"unit":"px","top":"0","right":"0","bottom":"0","left":"0","isLinked":"1"},"button_background_hover_color":"#00dafc","selected_button_icon":{"value":"fas fa-arrow-right","library":"fa-solid"},"__fa4_migrated":{"selected_button_icon":"1"},"step_next_label":"Next","step_previous_label":"Previous"},"elements":[],"isInner":false,"widgetType":"form","elType":"widget"}],"isInner":"1","elType":"column"}],"isInner":"1","elType":"section"},{"id":"67a575cd","settings":{"color":"#d8d8d8","gap":{"unit":"px","size":"30","sizes":[]},"gap_tablet":{"unit":"px","size":"20","sizes":[]},"gap_mobile":{"unit":"px","size":"30","sizes":[]},"text":"Divider"},"elements":[],"isInner":false,"widgetType":"divider","elType":"widget"},{"id":"584a7a47","settings":{"content_width":{"unit":"px","size":"1200","sizes":[]},"structure":"20","margin":{"unit":"px","top":"0","right":"0","bottom":"0","left":"0","isLinked":"1"},"_title":"Bottom Inner Section"},"elements":[{"id":"4ea9c888","settings":{"_column_size":"50","content_position":"center","padding_tablet":{"unit":"px","top":"0","right":"0","bottom":"0","left":"0","isLinked":"1"},"_title":"Social Column"},"elements":[{"id":"de8de18","settings":{"title":"Follow Us","align":"left","title_color":"#3d4459","typography_typography":"custom","typography_font_family":"Montserrat","typography_font_size":{"unit":"px","size":"16","sizes":[]},"typography_font_weight":"400","typography_text_transform":"capitalize","typography_line_height":{"unit":"em","size":"1.5","sizes":[]},"_element_width":"auto","align_mobile":"center","typography_font_size_mobile":{"unit":"px","size":"18","sizes":[]},"_element_width_mobile":"inherit"},"elements":[],"isInner":false,"widgetType":"heading","elType":"widget"},{"id":"62a96014","settings":{"view":"inline","icon_list":[{"text":"","icon":"fa fa-facebook-square","_id":"9961aa8","link":{"url":"","is_external":"","nofollow":"","custom_attributes":""},"selected_icon":{"value":"fab fa-facebook-square","library":"fa-brands"},"__fa4_migrated":{"selected_icon":"1"}},{"text":"","icon":"fa fa-twitter-square","_id":"c3e9220","link":{"url":"","is_external":"","nofollow":"","custom_attributes":""},"selected_icon":{"value":"fab fa-twitter-square","library":"fa-brands"},"__fa4_migrated":{"selected_icon":"1"}},{"text":"","icon":"fa fa-linkedin-square","_id":"2596504","link":{"url":"","is_external":"","nofollow":"","custom_attributes":""},"selected_icon":{"value":"fab fa-linkedin","library":"fa-brands"},"__fa4_migrated":{"selected_icon":"1"}}],"space_between":{"unit":"px","size":"15","sizes":[]},"icon_color":"#3d4459","icon_color_hover":"#00dafc","icon_size":{"unit":"px","size":"22","sizes":[]},"_margin":{"unit":"px","top":"0","right":"0","bottom":"0","left":"20","isLinked":""},"_element_width":"auto","space_between_mobile":{"unit":"px","size":"20","sizes":[]},"icon_align_mobile":"center","icon_size_mobile":{"unit":"px","size":"25","sizes":[]},"_margin_mobile":{"unit":"px","top":"20","right":"0","bottom":"0","left":"0","isLinked":""},"_padding_mobile":{"unit":"px","top":"0","right":"0","bottom":"0","left":"0","isLinked":"1"},"_element_width_mobile":"inherit"},"elements":[],"isInner":false,"widgetType":"icon-list","elType":"widget"}],"isInner":"1","elType":"column"},{"id":"3f42ec78","settings":{"_column_size":"50","content_position":"center","padding_tablet":{"unit":"px","top":"0","right":"0","bottom":"0","left":"0","isLinked":"1"},"margin_mobile":{"unit":"%","top":"10","right":"0","bottom":"0","left":"0","isLinked":""},"_title":"Info Column"},"elements":[{"id":"4a0cd051","settings":{"title":"\u00a9 2019 All Rights Reserved\n","align":"right","align_mobile":"center","title_color":"#3d4459","typography_typography":"custom","typography_font_family":"Montserrat","typography_font_size":{"unit":"px","size":"14","sizes":[]},"typography_font_weight":"300","typography_text_transform":"capitalize"},"elements":[],"isInner":false,"widgetType":"heading","elType":"widget"}],"isInner":"1","elType":"column"}],"isInner":"1","elType":"section"}],"isInner":"","elType":"column"}],"isInner":"","elType":"section"}]}