{"version":"0.4","title":"Footer16","type":"footer","content":[{"id":"637e6586","settings":{"structure":"30","border_border":"solid","border_width":{"unit":"px","top":"3","right":"0","bottom":"0","left":"0","isLinked":false},"border_color":"#02d3c9","padding":{"unit":"px","top":"50","right":"0","bottom":"50","left":"0","isLinked":false},"padding_tablet":{"unit":"px","top":"30","right":"20","bottom":"30","left":"20","isLinked":false},"padding_mobile":{"unit":"px","top":"30","right":"20","bottom":"30","left":"20","isLinked":false},"html_tag":"footer","_timestamp_":"v1S2hPVjBxQm0zZVduWWZGcGZ3V0k5dz09"},"elements":[{"id":"3ca1c0cd","settings":{"_column_size":33,"_inline_size":36.491,"margin":{"unit":"%","top":"0","right":"20","bottom":"0","left":"0","isLinked":false},"_inline_size_tablet":33,"_inline_size_mobile":100,"margin_tablet":{"unit":"%","top":"0","right":"10","bottom":"0","left":"0","isLinked":false}},"elements":[{"id":"65d56ab6","settings":{"__dynamic__":{"image":"[elementor-tag id=\"\" name=\"site-logo\" settings=\"%7B%7D\"]","link":"[elementor-tag id=\"\" name=\"site-url\" settings=\"%7B%7D\"]"},"width":{"unit":"px","size":120},"width_mobile":{"unit":"px","size":80},"image":{"id":"17","url":"http:\/\/localhost\/dieuhau\/wp-content\/uploads\/2020\/07\/placeholder.png"}},"elements":[],"isInner":false,"widgetType":"theme-site-logo","elType":"widget"},{"id":"334a9112","settings":{"editor":"<p>I am text block. Click edit button to change this text. Lorem ipsum dolor sit amet, consectetur adipiscing elit. Ut elit tellus, luctus nec ullamcorper mattis, pulvinar dapibus leo.<\/p>","text_color":"rgba(84,89,95,0.79)","typography_typography":"custom","typography_font_size":{"unit":"px","size":14},"typography_font_weight":"normal","typography_line_height":{"unit":"em","size":1.8}},"elements":[],"isInner":false,"widgetType":"text-editor","elType":"widget"},{"id":"7bd95a33","settings":{"social_icon_list":[{"social":"fa fa-facebook","_id":"3d4d16f","link":{"url":"","is_external":"true","nofollow":"","custom_attributes":""},"social_icon":{"value":"fab fa-wordpress","library":"fa-brands"},"item_icon_color":"default","item_icon_primary_color":"","item_icon_secondary_color":""},{"social":"fa fa-twitter","_id":"12db40b","link":{"url":"","is_external":"true","nofollow":"","custom_attributes":""},"social_icon":{"value":"fab fa-wordpress","library":"fa-brands"},"item_icon_color":"default","item_icon_primary_color":"","item_icon_secondary_color":""},{"social":"fa fa-google-plus","_id":"0992f96","link":{"url":"","is_external":"true","nofollow":"","custom_attributes":""},"social_icon":{"value":"fab fa-wordpress","library":"fa-brands"},"item_icon_color":"default","item_icon_primary_color":"","item_icon_secondary_color":""},{"social":"fa fa-snapchat","link":{"url":"","is_external":"true","nofollow":"","custom_attributes":""},"_id":"166d599","social_icon":{"value":"fab fa-wordpress","library":"fa-brands"},"item_icon_color":"default","item_icon_primary_color":"","item_icon_secondary_color":""},{"social":"fa fa-instagram","link":{"url":"","is_external":"true","nofollow":"","custom_attributes":""},"_id":"b9433ea","social_icon":{"value":"fab fa-wordpress","library":"fa-brands"},"item_icon_color":"default","item_icon_primary_color":"","item_icon_secondary_color":""}],"shape":"square","align":"","icon_size":{"unit":"px","size":12},"icon_padding":{"unit":"em","size":0.9},"_margin":{"unit":"px","top":"30","right":"0","bottom":"0","left":"0","isLinked":false}},"elements":[],"isInner":false,"widgetType":"social-icons","elType":"widget"}],"isInner":false,"elType":"column"},{"id":"695b1f37","settings":{"_column_size":33,"_inline_size":30.173,"_inline_size_tablet":33,"_inline_size_mobile":100,"margin_mobile":{"unit":"px","top":"30","right":"0","bottom":"0","left":"0","isLinked":false}},"elements":[{"id":"175dfe20","settings":{"title":"Navigation","title_color":"#02d3c9","typography_typography":"custom","typography_font_size":{"unit":"px","size":18},"typography_font_weight":"500","header_size":"h4"},"elements":[],"isInner":false,"widgetType":"heading","elType":"widget"},{"id":"66ee9d54","settings":{"gap":"no","structure":"20","margin":{"unit":"px","top":"30","right":0,"bottom":"0","left":0,"isLinked":false}},"elements":[{"id":"4cf7ab09","settings":{"_column_size":50,"_inline_size":40,"_inline_size_mobile":50},"elements":[{"id":"3686b9dd","settings":{"icon_list":[{"text":"About","icon":"fa fa-caret-right","_id":"6b44671","link":{"url":"","is_external":"","nofollow":"","custom_attributes":""},"selected_icon":{"value":"fas fa-check","library":"fa-solid"}},{"text":"Services","icon":"fa fa-caret-right","_id":"6442eb7","link":{"url":"","is_external":"","nofollow":"","custom_attributes":""},"selected_icon":{"value":"fas fa-check","library":"fa-solid"}},{"text":"Pricing","icon":"fa fa-caret-right","_id":"fc019a2","link":{"url":"","is_external":"","nofollow":"","custom_attributes":""},"selected_icon":{"value":"fas fa-check","library":"fa-solid"}},{"text":"Contact","icon":"fa fa-caret-right","_id":"1fd4f18","link":{"url":"","is_external":"","nofollow":"","custom_attributes":""},"selected_icon":{"value":"fas fa-check","library":"fa-solid"}},{"text":"Support","icon":"fa fa-caret-right","_id":"17a281d","link":{"url":"","is_external":"","nofollow":"","custom_attributes":""},"selected_icon":{"value":"fas fa-check","library":"fa-solid"}}],"space_between":{"unit":"px","size":14},"icon_align":"left","icon_size":{"unit":"px","size":13},"text_color":"rgba(0,0,0,0.79)","text_indent":{"unit":"px","size":9},"icon_typography_typography":"custom","icon_typography_font_size":{"unit":"px","size":13},"icon_typography_font_weight":"normal","icon_typography_font_size_tablet":{"unit":"px","size":13},"icon_color":"rgba(0,0,0,0.23)","text_color_hover":"#02d3c9"},"elements":[],"isInner":false,"widgetType":"icon-list","elType":"widget"}],"isInner":true,"elType":"column"},{"id":"602ae880","settings":{"_column_size":50,"_inline_size":59.992,"_inline_size_mobile":50},"elements":[{"id":"704a5e5b","settings":{"icon_list":[{"text":"Pricing","icon":"fa fa-caret-right","_id":"6b44671","link":{"url":"","is_external":"","nofollow":"","custom_attributes":""},"selected_icon":{"value":"fas fa-check","library":"fa-solid"}},{"text":"Teams","icon":"fa fa-caret-right","_id":"6442eb7","link":{"url":"","is_external":"","nofollow":"","custom_attributes":""},"selected_icon":{"value":"fas fa-check","library":"fa-solid"}},{"text":"Education","icon":"fa fa-caret-right","_id":"fc019a2","link":{"url":"","is_external":"","nofollow":"","custom_attributes":""},"selected_icon":{"value":"fas fa-check","library":"fa-solid"}},{"text":"Refer a friend","icon":"fa fa-caret-right","_id":"1fd4f18","link":{"url":"","is_external":"","nofollow":"","custom_attributes":""},"selected_icon":{"value":"fas fa-check","library":"fa-solid"}},{"text":"Updates","icon":"fa fa-caret-right","_id":"17a281d","link":{"url":"","is_external":"","nofollow":"","custom_attributes":""},"selected_icon":{"value":"fas fa-check","library":"fa-solid"}}],"space_between":{"unit":"px","size":14},"icon_align":"left","icon_size":{"unit":"px","size":13},"text_color":"rgba(0,0,0,0.79)","text_indent":{"unit":"px","size":9},"icon_typography_typography":"custom","icon_typography_font_size":{"unit":"px","size":13},"icon_typography_font_weight":"normal","icon_typography_font_size_tablet":{"unit":"px","size":13},"icon_color":"rgba(0,0,0,0.23)","text_color_hover":"#02d3c9"},"elements":[],"isInner":false,"widgetType":"icon-list","elType":"widget"}],"isInner":true,"elType":"column"}],"isInner":true,"elType":"section"}],"isInner":false,"elType":"column"},{"id":"1ea9c703","settings":{"_column_size":33,"_inline_size":null,"_inline_size_tablet":33,"margin_mobile":{"unit":"px","top":"30","right":"0","bottom":"0","left":"0","isLinked":false}},"elements":[{"id":"39ee1e60","settings":{"title":"Newsletter","title_color":"#02d3c9","typography_typography":"custom","typography_font_size":{"unit":"px","size":18},"typography_font_weight":"500","header_size":"h4"},"elements":[],"isInner":false,"widgetType":"heading","elType":"widget"},{"id":"34f29318","settings":{"form_name":"New Form","form_fields":[{"_id":"name","field_type":"text","field_label":"Name","placeholder":"Your Name","width":"100","field_value":"","required":"","file_sizes":"","file_types":"","allow_multiple_upload":"","max_files":"","acceptance_text":"","checked_by_default":"","field_min":"","field_max":"","min_date":"","max_date":"","use_native_date":"","use_native_time":"","field_options":"","allow_multiple":"","select_size":"","inline_list":"","field_html":"","width_tablet":"","width_mobile":"","rows":4,"recaptcha_size":"normal","recaptcha_style":"light","css_classes":"","custom_id":"name","previous_button":"","next_button":"","selected_icon":{"value":"fas fa-star","library":"fa-solid"},"recaptcha_badge":"bottomright"},{"_id":"email","field_type":"email","required":"true","field_label":"Email","placeholder":"Your Email","width":"100","field_value":"","file_sizes":"","file_types":"","allow_multiple_upload":"","max_files":"","acceptance_text":"","checked_by_default":"","field_min":"","field_max":"","min_date":"","max_date":"","use_native_date":"","use_native_time":"","field_options":"","allow_multiple":"","select_size":"","inline_list":"","field_html":"","width_tablet":"","width_mobile":"","rows":4,"recaptcha_size":"normal","recaptcha_style":"light","css_classes":"","custom_id":"email","previous_button":"","next_button":"","selected_icon":{"value":"fas fa-star","library":"fa-solid"},"recaptcha_badge":"bottomright"}],"show_labels":"","button_text":"Subscribe","email_content":"[all-fields]","email_content_2":"[all-fields]","success_message":"The form was sent successfully!","error_message":"Please fill in the required fields.","required_field_message":"Required","invalid_message":"There's something wrong. The form is invalid.","field_typography_typography":"custom","field_typography_font_size":{"unit":"px","size":13},"field_border_color":"#c9c9c9","field_border_radius":{"unit":"px","top":"0","right":"0","bottom":"0","left":"0","isLinked":true},"button_background_color":"#02d3c9","button_typography_typography":"custom","button_typography_font_size":{"unit":"px","size":13},"button_typography_text_transform":"uppercase","button_typography_letter_spacing":{"unit":"px","size":4.9},"button_border_radius":{"unit":"px","top":"0","right":"0","bottom":"0","left":"0","isLinked":true},"button_background_hover_color":"#1c1c1c","step_next_label":"Next","step_previous_label":"Previous"},"elements":[],"isInner":false,"widgetType":"form","elType":"widget"}],"isInner":false,"elType":"column"}],"isInner":false,"elType":"section"},{"id":"77698aeb","settings":{"height":"min-height","custom_height":{"unit":"px","size":50},"content_position":"middle","structure":"20","background_background":"classic","background_color":"#f4f4f4","padding_tablet":{"unit":"px","top":"5","right":"20","bottom":"5","left":"20","isLinked":false},"_timestamp_":"v1S2hPVjBxQm0zZVduWWZGcGZ3V0k5dz09"},"elements":[{"id":"6bc4f49b","settings":{"_column_size":50,"_inline_size":null},"elements":[{"id":"c3d4fca","settings":{"title":"\u00a9 2018 All rights reserved\u200b","header_size":"p","align":"left","title_color":"#7a7a7a","typography_typography":"custom","typography_font_size":{"unit":"px","size":12},"typography_font_weight":"300","typography_text_transform":"uppercase","align_mobile":"center"},"elements":[],"isInner":false,"widgetType":"heading","elType":"widget"}],"isInner":false,"elType":"column"},{"id":"31648170","settings":{"_column_size":50,"_inline_size":null},"elements":[{"id":"4bdf80e8","settings":{"title":"Made with \u2764 with Elementor\u200b","header_size":"p","align":"right","title_color":"#7a7a7a","typography_typography":"custom","typography_font_size":{"unit":"px","size":12},"typography_font_weight":"300","typography_text_transform":"uppercase","align_mobile":"center"},"elements":[],"isInner":false,"widgetType":"heading","elType":"widget"}],"isInner":false,"elType":"column"}],"isInner":false,"elType":"section"}]}