{"version":"0.4","title":"Hero5","type":"page","content":[{"id":"26779b4","settings":{"content_width":{"unit":"px","size":800},"gap":"no","height":"min-height","custom_height":{"unit":"vh","size":96},"content_position":"middle","background_background":"classic","background_color":"#000000","background_position":"center center","background_size":"cover","background_overlay_background":"classic","background_overlay_color":"#000000","background_overlay_opacity":{"unit":"px","size":0.6},"background_overlay_position":"center center","background_overlay_size":"cover","background_image":{"id":"1421","url":"http:\/\/localhost\/test\/wp-content\/uploads\/2018\/09\/head6.jpg"},"custom_height_tablet":{"unit":"px","size":800},"custom_height_mobile":{"unit":"px","size":612},"padding_tablet":{"unit":"px","top":"0","right":"25","bottom":"0","left":"25","isLinked":false},"padding_mobile":{"unit":"px","top":"0","right":"20","bottom":"0","left":"20","isLinked":false}},"elements":[{"id":"4d607b8a","settings":{"_column_size":100},"elements":[{"id":"72da15aa","settings":{"headline_style":"rotate","animation_type":"slide","before_text":"","highlighted_text":"Amazing","rotating_text":"Design\nFashion\nRealism\nModern","title_color":"#ffffff","title_typography_typography":"custom","title_typography_font_size":{"unit":"px","size":65},"title_typography_font_weight":"900","words_color":"#ffffff","words_typography_typography":"custom","alignment_mobile":"right","title_typography_font_size_mobile":{"unit":"px","size":35},"_padding_mobile":{"unit":"em","top":"","right":"","bottom":"","left":"","isLinked":true},"tag":"h2"},"elements":[],"isInner":false,"widgetType":"animated-headline","elType":"widget"},{"id":"530ec6e6","settings":{"editor":"<p>I am text block. Click edit button to change this text. Lorem ipsum dolor sit amet, consectetur adipiscing elit. Ut elit tellus, luctus nec ullamcorper mattis, pulvinar dapibus leo.<\/p>","align":"center","text_color":"rgba(255,255,255,0.49)","typography_typography":"custom","typography_font_size":{"unit":"px","size":16},"typography_font_weight":"300","typography_line_height":{"unit":"em","size":2},"_padding":{"unit":"px","top":"20","right":"0","bottom":"0","left":"0","isLinked":false}},"elements":[],"isInner":false,"widgetType":"text-editor","elType":"widget"},{"id":"5083d0eb","settings":{"text":"Read More","align":"center","typography_typography":"custom","typography_font_size":{"unit":"px","size":14},"typography_font_weight":"600","typography_letter_spacing":{"unit":"px","size":0},"button_text_color":"#ffffff","background_color":"rgba(0,0,0,0)","hover_color":"#00ce1b","button_hover_border_color":"#00ce1b","hover_animation":"grow","border_border":"solid","border_width":{"unit":"px","top":"1","right":"1","bottom":"1","left":"1","isLinked":true},"border_radius":{"unit":"px","top":"0","right":"0","bottom":"0","left":"0","isLinked":true},"text_padding":{"unit":"px","top":"15","right":"40","bottom":"15","left":"40","isLinked":false},"_padding":{"unit":"px","top":"20","right":"0","bottom":"0","left":"0","isLinked":false}},"elements":[],"isInner":false,"widgetType":"button","elType":"widget"}],"isInner":false,"elType":"column"}],"isInner":false,"elType":"section"}]}