{"version":"0.4","title":"Contact9","type":"page","content":[{"id":"2fe23d0","settings":{"content_width":{"unit":"px","size":800},"gap":"no","custom_height":{"unit":"px","size":800},"content_position":"middle","padding":{"unit":"px","top":"100","right":"0","bottom":"100","left":"0","isLinked":false},"padding_tablet":{"unit":"px","top":"100","right":"25","bottom":"100","left":"25","isLinked":false},"padding_mobile":{"unit":"px","top":"50","right":"20","bottom":"50","left":"20","isLinked":false}},"elements":[{"id":"5787c266","settings":{"_column_size":100,"padding":{"unit":"px","top":"0","right":"0","bottom":"0","left":"0","isLinked":false}},"elements":[{"id":"4d1393a","settings":{"title":"Make a reservation","align":"left","title_color":"#000000","typography_typography":"custom","typography_font_size":{"unit":"px","size":55},"typography_font_weight":"600","align_mobile":"center","typography_font_size_mobile":{"unit":"px","size":45},"header_size":"h4","typography_font_size_tablet":{"unit":"px","size":45}},"elements":[],"isInner":false,"widgetType":"heading","elType":"widget"},{"id":"6f3a7e2f","settings":{"form_name":"New Form","form_fields":[{"_id":"name","field_type":"text","field_label":"Your E-mail","placeholder":"Contact@company.com","width":"100","field_value":"","required":"","file_sizes":"","file_types":"","allow_multiple_upload":"","max_files":"","acceptance_text":"","checked_by_default":"","field_min":"","field_max":"","min_date":"","max_date":"","use_native_date":"","use_native_time":"","field_options":"","allow_multiple":"","select_size":"","inline_list":"","field_html":"","width_tablet":"","width_mobile":"","rows":4,"recaptcha_size":"normal","recaptcha_style":"light","css_classes":""},{"_id":"email","field_type":"email","required":"true","field_label":"First Name","placeholder":"John ","width":"50","field_value":"","file_sizes":"","file_types":"","allow_multiple_upload":"","max_files":"","acceptance_text":"","checked_by_default":"","field_min":"","field_max":"","min_date":"","max_date":"","use_native_date":"","use_native_time":"","field_options":"","allow_multiple":"","select_size":"","inline_list":"","field_html":"","width_tablet":"","width_mobile":"","rows":4,"recaptcha_size":"normal","recaptcha_style":"light","css_classes":""},{"_id":"04fbb9f","field_type":"text","required":"true","field_label":"Last Name","placeholder":"Doe","width":"50","field_value":"","file_sizes":"","file_types":"","allow_multiple_upload":"","max_files":"","acceptance_text":"","checked_by_default":"","field_min":"","field_max":"","min_date":"","max_date":"","use_native_date":"","use_native_time":"","field_options":"Over 500$","allow_multiple":"","select_size":"","inline_list":"","field_html":"","width_tablet":"","width_mobile":"","rows":4,"recaptcha_size":"normal","recaptcha_style":"light","css_classes":""},{"_id":"b9cd3c3","field_type":"text","required":"true","field_label":"Your Password","placeholder":"********","width":"50","field_value":"","file_sizes":"","file_types":"","allow_multiple_upload":"","max_files":"","acceptance_text":"","checked_by_default":"","field_min":"","field_max":"","min_date":"","max_date":"","use_native_date":"","use_native_time":"","field_options":"Medicine","allow_multiple":"","select_size":"","inline_list":"","field_html":"","width_tablet":"","width_mobile":"","rows":4,"recaptcha_size":"normal","recaptcha_style":"light","css_classes":""},{"_id":"5fc6f08","field_type":"text","required":"true","field_label":"Repat Password","placeholder":"********","width":"50","field_value":"","file_sizes":"","file_types":"","allow_multiple_upload":"","max_files":"","acceptance_text":"","checked_by_default":"","field_min":"","field_max":"","min_date":"","max_date":"","use_native_date":"","use_native_time":"","field_options":"Medicine","allow_multiple":"","select_size":"","inline_list":"","field_html":"","width_tablet":"","width_mobile":"","rows":4,"recaptcha_size":"normal","recaptcha_style":"light","css_classes":""}],"button_text":"Reservation","button_align":"start","email_content":"[all-fields]","email_content_2":"[all-fields]","success_message":"The form was sent successfully!","error_message":"Please fill in the required fields.","required_field_message":"Required","invalid_message":"There's something wrong. The form is invalid.","column_gap":{"unit":"px","size":13},"row_gap":{"unit":"px","size":30},"label_typography_typography":"custom","label_typography_font_size":{"unit":"px","size":15},"label_typography_font_weight":"600","label_typography_text_transform":"uppercase","label_typography_letter_spacing":{"unit":"px","size":1},"field_text_color":"#000000","field_typography_typography":"custom","field_typography_font_size":{"unit":"px","size":16},"field_typography_font_weight":"300","field_border_color":"#e8e8e8","field_border_radius":{"unit":"px","top":"0","right":"0","bottom":"0","left":"0","isLinked":true},"button_typography_typography":"custom","button_typography_font_size":{"unit":"px","size":15},"button_typography_font_weight":"600","button_typography_text_transform":"uppercase","button_background_color":"#000000","button_border_radius":{"unit":"px","top":"0","right":"0","bottom":"0","left":"0","isLinked":true},"button_text_padding":{"unit":"px","top":"15","right":"45","bottom":"15","left":"45","isLinked":false},"button_hover_color":"#ffffff","button_background_hover_color":"#00ce1b","_padding":{"unit":"px","top":"25","right":"0","bottom":"0","left":"0","isLinked":false},"label_color":"#bfbfbf","button_text_color":"#ffffff","button_size":"md","button_align_mobile":"center"},"elements":[],"isInner":false,"widgetType":"form","elType":"widget"}],"isInner":false,"elType":"column"}],"isInner":false,"elType":"section"}]}