{"version":"0.4","title":"Contact5","type":"page","content":[{"id":"35f13446","settings":{"gap":"no","custom_height":{"unit":"px","size":701},"content_position":"middle","padding":{"unit":"px","top":"100","right":"0","bottom":"100","left":"0","isLinked":false},"padding_tablet":{"unit":"px","top":"100","right":"25","bottom":"100","left":"25","isLinked":false},"padding_mobile":{"unit":"px","top":"50","right":"20","bottom":"50","left":"20","isLinked":false}},"elements":[{"id":"22f5dc1c","settings":{"_column_size":100},"elements":[{"id":"3180cb64","settings":{"title":"Contact","title_color":"#000000","typography_typography":"custom","typography_font_size":{"unit":"px","size":65},"typography_font_weight":"900","align":"left","typography_font_size_mobile":{"unit":"px","size":45},"header_size":"h4","typography_font_size_tablet":{"unit":"px","size":45}},"elements":[],"isInner":false,"widgetType":"heading","elType":"widget"},{"id":"2f90fe1d","settings":{"gap":"no","content_position":"middle","structure":"20","padding":{"unit":"px","top":"35","right":"0","bottom":"0","left":"0","isLinked":false}},"elements":[{"id":"5ae8864c","settings":{"_column_size":50,"_inline_size":null},"elements":[{"id":"4f14941f","settings":{"title":"Phone: + 1 800 755 60 20\n","header_size":"h6","title_color":"#000000","typography_typography":"custom","typography_font_size":{"unit":"px","size":16},"typography_font_weight":"600"},"elements":[],"isInner":false,"widgetType":"heading","elType":"widget"},{"id":"41df6c4e","settings":{"title":"Email: contacts@company.com","header_size":"h6","title_color":"#000000","typography_typography":"custom","typography_font_size":{"unit":"px","size":16},"typography_font_weight":"600","_margin":{"unit":"px","top":"-10","right":"0","bottom":"0","left":"0","isLinked":false}},"elements":[],"isInner":false,"widgetType":"heading","elType":"widget"},{"id":"52b76262","settings":{"title":"254 Walt Whitman Road \nBrooklyn, NY 11219","header_size":"h6","title_color":"#000000","typography_typography":"custom","typography_font_size":{"unit":"px","size":16},"typography_font_weight":"400","_padding":{"unit":"px","top":"25","right":"0","bottom":"0","left":"0","isLinked":false}},"elements":[],"isInner":false,"widgetType":"heading","elType":"widget"},{"id":"5cc7600b","settings":{"title":"MON-FRI 09:00 - 19:00, SAT-SUN 10:00 - 14:00","header_size":"h6","title_color":"#bfbfbf","typography_typography":"custom","typography_font_size":{"unit":"px","size":15},"typography_font_weight":"300","_padding":{"unit":"px","top":"25","right":"0","bottom":"0","left":"0","isLinked":false},"typography_font_size_mobile":{"unit":"px","size":15}},"elements":[],"isInner":false,"widgetType":"heading","elType":"widget"},{"id":"2f355912","settings":{"social_icon_list":[{"social":"fa fa-facebook","_id":"2d0da0c","link":{"url":"","is_external":"true","nofollow":""}},{"social":"fa fa-twitter","_id":"914746e","link":{"url":"","is_external":"true","nofollow":""}},{"social":"fa fa-google-plus","_id":"8a28a95","link":{"url":"","is_external":"true","nofollow":""}},{"social":"fa fa-youtube","link":{"url":"","is_external":"true","nofollow":""},"_id":"6035fd3"},{"social":"fa fa-github","link":{"url":"","is_external":"true","nofollow":""},"_id":"12d4271"}],"align":"left","icon_color":"custom","icon_primary_color":"rgba(0,0,0,0)","icon_secondary_color":"#000000","icon_size":{"unit":"px","size":16},"icon_spacing":{"unit":"px","size":20},"hover_secondary_color":"#00ce1b","hover_animation":"grow","_padding":{"unit":"px","top":"25","right":"0","bottom":"0","left":"0","isLinked":false},"_padding_mobile":{"unit":"px","top":"0","right":"0","bottom":"25","left":"0","isLinked":false}},"elements":[],"isInner":false,"widgetType":"social-icons","elType":"widget"}],"isInner":true,"elType":"column"},{"id":"3cdc0d57","settings":{"_column_size":50,"_inline_size":null},"elements":[{"id":"6807d98b","settings":{"form_name":"New Form","form_fields":[{"_id":"name","field_type":"text","field_label":"Name","placeholder":"Name","width":"100","field_value":"","required":"","file_sizes":"","file_types":"","allow_multiple_upload":"","max_files":"","acceptance_text":"","checked_by_default":"","field_min":"","field_max":"","min_date":"","max_date":"","use_native_date":"","use_native_time":"","field_options":"","allow_multiple":"","select_size":"","inline_list":"","field_html":"","width_tablet":"","width_mobile":"","rows":4,"recaptcha_size":"normal","recaptcha_style":"light","css_classes":""},{"_id":"email","field_type":"email","required":"true","field_label":"Email","placeholder":"Email","width":"100","field_value":"","file_sizes":"","file_types":"","allow_multiple_upload":"","max_files":"","acceptance_text":"","checked_by_default":"","field_min":"","field_max":"","min_date":"","max_date":"","use_native_date":"","use_native_time":"","field_options":"","allow_multiple":"","select_size":"","inline_list":"","field_html":"","width_tablet":"","width_mobile":"","rows":4,"recaptcha_size":"normal","recaptcha_style":"light","css_classes":""},{"_id":"message","field_type":"textarea","field_label":"Message","placeholder":"Message","width":"100","field_value":"","required":"","file_sizes":"","file_types":"","allow_multiple_upload":"","max_files":"","acceptance_text":"","checked_by_default":"","field_min":"","field_max":"","min_date":"","max_date":"","use_native_date":"","use_native_time":"","field_options":"","allow_multiple":"","select_size":"","inline_list":"","field_html":"","width_tablet":"","width_mobile":"","rows":4,"recaptcha_size":"normal","recaptcha_style":"light","css_classes":""}],"show_labels":"","button_text":"Send Message","button_align":"start","email_content":"[all-fields]","email_content_2":"[all-fields]","success_message":"The form was sent successfully!","error_message":"Please fill in the required fields.","required_field_message":"Required","invalid_message":"There's something wrong. The form is invalid.","column_gap":{"unit":"px","size":11},"row_gap":{"unit":"px","size":22},"field_text_color":"#000000","field_typography_typography":"custom","field_typography_font_size":{"unit":"px","size":16},"field_typography_font_weight":"400","field_border_color":"rgba(0,0,0,0.15)","field_border_radius":{"unit":"px","top":"0","right":"0","bottom":"0","left":"0","isLinked":true},"button_typography_typography":"custom","button_typography_font_size":{"unit":"px","size":15},"button_typography_font_weight":"600","button_typography_text_transform":"uppercase","button_background_color":"#000000","button_border_radius":{"unit":"px","top":"0","right":"0","bottom":"0","left":"0","isLinked":true},"button_text_padding":{"unit":"px","top":"15","right":"35","bottom":"15","left":"35","isLinked":false},"button_background_hover_color":"#00ce1b","button_hover_animation":"grow"},"elements":[],"isInner":false,"widgetType":"form","elType":"widget"}],"isInner":true,"elType":"column"}],"isInner":true,"elType":"section"}],"isInner":false,"elType":"column"}],"isInner":false,"elType":"section"}]}