{"version":"0.4","title":"Homepage-Interior-Design-page.","type":"page","content":[{"id":"6e56f7","settings":{"layout":"full_width","gap":"no","custom_height":{"unit":"px","size":""},"margin":{"unit":"px","top":"","right":0,"bottom":"","left":0,"isLinked":true},"content_width":{"unit":"px","size":1924},"custom_height_tablet":{"unit":"px","size":0},"custom_height_mobile":{"unit":"px","size":0},"margin_tablet":{"unit":"px","top":"0","right":0,"bottom":"0","left":0,"isLinked":true},"margin_mobile":{"unit":"px","top":"0","right":0,"bottom":"0","left":0,"isLinked":true},"padding_tablet":{"unit":"px","top":"0","right":"0","bottom":"0","left":"0","isLinked":true},"padding_mobile":{"unit":"px","top":"0","right":"0","bottom":"0","left":"0","isLinked":true}},"elements":[{"id":"74182776","settings":{"_column_size":100,"_inline_size":null,"border_border":"solid","border_width":{"unit":"px","top":"0","right":"1","bottom":"0","left":"1","isLinked":false},"border_color":"#ffffff"},"elements":[{"id":"6b8fc809","settings":{"anchor":"home"},"elements":[],"isInner":false,"widgetType":"menu-anchor","elType":"widget"},{"id":"ce9679d","settings":{"slides":[{"type":"image","image":{"id":"6","url":"http:\/\/localhost\/test\/wp-content\/uploads\/2018\/09\/3.jpg"},"image_link_to_type":"","image_link_to":{"url":"","is_external":"","nofollow":""},"video":{"url":"","is_external":"","nofollow":""},"_id":"vz7xxsx"},{"type":"image","image":{"id":"7","url":"http:\/\/localhost\/test\/wp-content\/uploads\/2018\/09\/1.jpg"},"image_link_to_type":"","image_link_to":{"url":"","is_external":"","nofollow":""},"video":{"url":"","is_external":"","nofollow":""},"_id":"w9ji8u3"},{"type":"image","image":{"id":"8","url":"http:\/\/localhost\/test\/wp-content\/uploads\/2018\/09\/4.jpg"},"image_link_to_type":"","image_link_to":{"url":"","is_external":"","nofollow":""},"video":{"url":"","is_external":"","nofollow":""},"_id":"p25vv93"},{"type":"image","image":{"id":"9","url":"http:\/\/localhost\/test\/wp-content\/uploads\/2018\/09\/2.jpg"},"image_link_to_type":"","image_link_to":{"url":"","is_external":"","nofollow":""},"video":{"url":"","is_external":"","nofollow":""},"_id":"ocbiyxy"}],"height":{"unit":"vh","size":80},"show_arrows":"","pagination":"","space_between":{"unit":"px","size":0},"height_tablet":{"unit":"vh","size":59},"height_mobile":{"unit":"vh","size":76}},"elements":[],"isInner":false,"widgetType":"media-carousel","elType":"widget"}],"isInner":false,"elType":"column"}],"isInner":false,"elType":"section"},{"id":"2fdaa8cf","settings":{"content_position":"middle","background_background":"classic","background_color":"rgba(255,255,255,0)","margin":{"unit":"px","top":"0","right":0,"bottom":"0","left":0,"isLinked":true},"z_index":2,"margin_tablet":{"unit":"px","top":"-116","right":0,"bottom":"0","left":0,"isLinked":false},"margin_mobile":{"unit":"px","top":"0","right":0,"bottom":"0","left":0,"isLinked":true},"padding_tablet":{"unit":"px","top":"0","right":"0","bottom":"0","left":"0","isLinked":true},"padding_mobile":{"unit":"px","top":"0","right":"0","bottom":"0","left":"0","isLinked":true}},"elements":[{"id":"25340028","settings":{"_column_size":100,"background_background":"classic","background_color":"#ffffff","box_shadow_box_shadow_type":"yes","box_shadow_box_shadow":{"horizontal":0,"vertical":0,"blur":100,"spread":0,"color":"rgba(0,0,0,0.31)"},"margin":{"unit":"px","top":"-110","right":"0","bottom":"0","left":"0","isLinked":false},"padding":{"unit":"px","top":"55","right":"55","bottom":"35","left":"55","isLinked":false},"margin_tablet":{"unit":"px","top":"0","right":"55","bottom":"0","left":"55","isLinked":false},"margin_mobile":{"unit":"px","top":"-83","right":"15","bottom":"0","left":"15","isLinked":false},"padding_tablet":{"unit":"px","top":"45","right":"55","bottom":"35","left":"55","isLinked":false},"padding_mobile":{"unit":"px","top":"25","right":"0","bottom":"15","left":"0","isLinked":false}},"elements":[{"id":"713f7658","settings":{"title":"Delightful Interiors","header_size":"h1","align":"center","title_color":"#000000","typography_typography":"custom","typography_font_size":{"unit":"px","size":55},"typography_font_family":"Khand","typography_font_weight":"900","_margin_tablet":{"unit":"px","top":"15","right":"0","bottom":"0","left":"0","isLinked":false}},"elements":[],"isInner":false,"widgetType":"heading","elType":"widget"},{"id":"65c02ad2","settings":{"editor":"<p>Renovated Rooms<\/p>","align":"center","text_color":"#000000","typography_typography":"custom","typography_font_size":{"unit":"px","size":20},"typography_font_family":"Khand","typography_font_weight":"200","typography_text_transform":"uppercase","typography_letter_spacing":{"unit":"px","size":10}},"elements":[],"isInner":false,"widgetType":"text-editor","elType":"widget"}],"isInner":false,"elType":"column"}],"isInner":false,"elType":"section"},{"id":"37de0389","settings":{"content_position":"middle","structure":"20","padding":{"unit":"px","top":"100","right":"0","bottom":"100","left":"0","isLinked":false},"margin_tablet":{"unit":"px","top":"0","right":0,"bottom":"0","left":0,"isLinked":true},"padding_tablet":{"unit":"px","top":"100","right":"25","bottom":"100","left":"25","isLinked":false},"padding_mobile":{"unit":"px","top":"50","right":"25","bottom":"50","left":"25","isLinked":false},"reverse_order_mobile":"reverse-mobile"},"elements":[{"id":"42cd6841","settings":{"_column_size":50,"_inline_size":null,"margin_mobile":{"unit":"px","top":"15","right":"0","bottom":"0","left":"0","isLinked":false}},"elements":[{"id":"1feb4d9b","settings":{"title":"Lounge Chairs","title_color":"#000000","typography_typography":"custom","typography_font_size":{"unit":"px","size":35},"typography_font_family":"Khand","typography_font_weight":"900","align_mobile":"center","header_size":"h3"},"elements":[],"isInner":false,"widgetType":"heading","elType":"widget"},{"id":"642bb49f","settings":{"editor":"<p><span class=\"tooltiplink\" title=\"By: Anonymous \">Dream about hunting birds<\/span>\u00a0<span class=\"tooltiplink\" title=\"By: Anonymous \">have my breakfast spaghetti yarn<\/span>\u00a0for\u00a0<span class=\"tooltiplink\" title=\"By: Anonymous \">groom yourself 4 hours - checked, have your beauty sleep 18 hours - checked, be fabulous for the rest of the day.<\/span><\/p>","text_color":"rgba(0,0,0,0.4)","typography_typography":"custom","typography_font_size":{"unit":"px","size":16},"typography_font_family":"Khand","typography_line_height":{"unit":"em","size":2},"typography_letter_spacing":{"unit":"px","size":2},"align_mobile":"center"},"elements":[],"isInner":false,"widgetType":"text-editor","elType":"widget"}],"isInner":false,"elType":"column"},{"id":"c13d9d3","settings":{"_column_size":50,"_inline_size":null},"elements":[{"id":"28be4de6","settings":{"image":{"id":"10","url":"http:\/\/localhost\/test\/wp-content\/uploads\/2018\/09\/7-1.jpg"},"image_size":"full","_margin_mobile":{"unit":"px","top":"0","right":"0","bottom":"0","left":"0","isLinked":true},"_padding_mobile":{"unit":"px","top":"0","right":"0","bottom":"0","left":"0","isLinked":true}},"elements":[],"isInner":false,"widgetType":"image","elType":"widget"}],"isInner":false,"elType":"column"}],"isInner":false,"elType":"section"},{"id":"288263c0","settings":{"content_position":"middle","structure":"20","padding":{"unit":"px","top":"100","right":"0","bottom":"100","left":"0","isLinked":false},"padding_tablet":{"unit":"px","top":"100","right":"25","bottom":"100","left":"25","isLinked":false},"padding_mobile":{"unit":"px","top":"50","right":"25","bottom":"50","left":"25","isLinked":false}},"elements":[{"id":"69f5e744","settings":{"_column_size":50,"_inline_size":null},"elements":[{"id":"7b29610f","settings":{"image":{"id":"11","url":"http:\/\/localhost\/test\/wp-content\/uploads\/2018\/09\/9-1.jpg"},"image_size":"full"},"elements":[],"isInner":false,"widgetType":"image","elType":"widget"}],"isInner":false,"elType":"column"},{"id":"52297a9c","settings":{"_column_size":50,"_inline_size":null,"margin_mobile":{"unit":"px","top":"15","right":"0","bottom":"0","left":"0","isLinked":false}},"elements":[{"id":"6e23c0ed","settings":{"title":"Decor Placements","title_color":"#000000","typography_typography":"custom","typography_font_size":{"unit":"px","size":35},"typography_font_family":"Khand","typography_font_weight":"900","align_mobile":"center","header_size":"h3"},"elements":[],"isInner":false,"widgetType":"heading","elType":"widget"},{"id":"12a3caa6","settings":{"editor":"<p><span class=\"tooltiplink\" title=\"By: Anonymous \">Dream about hunting birds<\/span>\u00a0<span class=\"tooltiplink\" title=\"By: Anonymous \">have my breakfast spaghetti yarn<\/span>\u00a0for\u00a0<span class=\"tooltiplink\" title=\"By: Anonymous \">groom yourself 4 hours - checked, have your beauty sleep 18 hours - checked, be fabulous for the rest of the day.<\/span><\/p>","text_color":"rgba(0,0,0,0.4)","typography_typography":"custom","typography_font_size":{"unit":"px","size":16},"typography_font_family":"Khand","typography_line_height":{"unit":"em","size":2},"typography_letter_spacing":{"unit":"px","size":2},"align_mobile":"center"},"elements":[],"isInner":false,"widgetType":"text-editor","elType":"widget"}],"isInner":false,"elType":"column"}],"isInner":false,"elType":"section"},{"id":"4f348469","settings":{"layout":"full_width","height":"full","background_background":"classic","background_image":{"id":"12","url":"http:\/\/localhost\/test\/wp-content\/uploads\/2018\/09\/14.png"},"background_position":"center center","background_size":"cover","margin":{"unit":"px","top":"0","right":0,"bottom":"0","left":0,"isLinked":true},"padding":{"unit":"px","top":"100","right":"0","bottom":"100","left":"0","isLinked":false},"margin_mobile":{"unit":"px","top":"0","right":0,"bottom":"0","left":0,"isLinked":true}},"elements":[{"id":"acc5926","settings":{"_column_size":100},"elements":[{"id":"69eb690c","settings":{"title":"Follow us on social","align":"center","title_color":"#000000","typography_typography":"custom","typography_font_size":{"unit":"px","size":16},"typography_font_family":"Khand","typography_font_weight":"300","typography_text_transform":"uppercase","typography_letter_spacing":{"unit":"px","size":10},"_margin":{"unit":"px","top":"190","right":"0","bottom":"0","left":"290","isLinked":false},"align_mobile":"right","_margin_mobile":{"unit":"px","top":"200","right":"22","bottom":"0","left":"0","isLinked":false},"_padding_mobile":{"unit":"px","top":"0","right":"5","bottom":"0","left":"55","isLinked":false},"header_size":"h5"},"elements":[],"isInner":false,"widgetType":"heading","elType":"widget"},{"id":"690ab9d5","settings":{"social_icon_list":[{"social":"fa fa-facebook","_id":"oeec807","link":{"url":"","is_external":"true","nofollow":""}},{"social":"fa fa-twitter","_id":"wsx65j8","link":{"url":"","is_external":"true","nofollow":""}},{"social":"fa fa-instagram","link":{"url":"","is_external":"true","nofollow":""},"_id":"wi839ym"},{"social":"fa fa-pinterest","link":{"url":"","is_external":"true","nofollow":""},"_id":"6ui8d6n"},{"social":"fa fa-flickr","link":{"url":"","is_external":"true","nofollow":""},"_id":"ni9uqpt"}],"icon_color":"custom","icon_primary_color":"rgba(0,0,0,0)","icon_secondary_color":"#000000","icon_size":{"unit":"px","size":16},"icon_spacing":{"unit":"px","size":25},"hover_primary_color":"rgba(234,234,234,0)","hover_secondary_color":"#bcbcbc","hover_animation":"grow","_margin":{"unit":"px","top":"0","right":"0","bottom":"0","left":"290","isLinked":false},"_margin_mobile":{"unit":"px","top":"0","right":"25","bottom":"0","left":"0","isLinked":false},"_padding_mobile":{"unit":"px","top":"0","right":"0","bottom":"0","left":"0","isLinked":false},"align_mobile":"right","icon_spacing_mobile":{"unit":"px","size":1}},"elements":[],"isInner":false,"widgetType":"social-icons","elType":"widget"}],"isInner":false,"elType":"column"}],"isInner":false,"elType":"section"},{"id":"46015433","settings":{"content_position":"middle","padding":{"unit":"px","top":"100","right":"0","bottom":"100","left":"0","isLinked":false},"padding_tablet":{"unit":"px","top":"50","right":"25","bottom":"100","left":"25","isLinked":false},"padding_mobile":{"unit":"px","top":"50","right":"25","bottom":"50","left":"25","isLinked":false},"content_width":{"unit":"px","size":700}},"elements":[{"id":"341bef50","settings":{"_column_size":100},"elements":[{"id":"ffaf296","settings":{"title":"Get in touch","align":"center","title_color":"#000000","typography_typography":"custom","typography_font_size":{"unit":"px","size":35},"typography_font_family":"Khand","typography_font_weight":"900","header_size":"h3"},"elements":[],"isInner":false,"widgetType":"heading","elType":"widget"},{"id":"2f2794ef","settings":{"editor":"<p>Leave your name and email below along with what you are looking for in the message box. Or you can call us at 123.456.789.<\/p>","align":"center","text_color":"rgba(0,0,0,0.4)","typography_typography":"custom","typography_font_size":{"unit":"px","size":16},"typography_font_family":"Khand","typography_letter_spacing":{"unit":"px","size":2}},"elements":[],"isInner":false,"widgetType":"text-editor","elType":"widget"},{"id":"667c78f5","settings":{"form_name":"New Form","form_fields":[{"_id":"name","field_type":"text","field_label":"Name","placeholder":"Name","width":"50","field_value":"","required":"","field_options":"","inline_list":"","width_tablet":"","width_mobile":"","rows":4,"recaptcha_size":"normal","recaptcha_style":"light","css_classes":"","file_sizes":"","file_types":"","allow_multiple_upload":"","max_files":"","acceptance_text":"","checked_by_default":"","field_min":"","field_max":"","min_date":"","max_date":"","use_native_date":"","use_native_time":"","allow_multiple":"","select_size":"","field_html":""},{"_id":"email","field_type":"email","required":"true","field_label":"Email","placeholder":"Email","width":"50","field_value":"","field_options":"","inline_list":"","width_tablet":"","width_mobile":"","rows":4,"recaptcha_size":"normal","recaptcha_style":"light","css_classes":"","file_sizes":"","file_types":"","allow_multiple_upload":"","max_files":"","acceptance_text":"","checked_by_default":"","field_min":"","field_max":"","min_date":"","max_date":"","use_native_date":"","use_native_time":"","allow_multiple":"","select_size":"","field_html":""},{"_id":"message","field_type":"textarea","field_label":"Message","placeholder":"Message","width":"100","field_value":"","required":"","field_options":"","inline_list":"","width_tablet":"","width_mobile":"","rows":4,"recaptcha_size":"normal","recaptcha_style":"light","css_classes":"","file_sizes":"","file_types":"","allow_multiple_upload":"","max_files":"","acceptance_text":"","checked_by_default":"","field_min":"","field_max":"","min_date":"","max_date":"","use_native_date":"","use_native_time":"","allow_multiple":"","select_size":"","field_html":""}],"show_labels":"","button_text":"SUBMIT","button_align":"center","email_content":"[all-fields]","email_content_2":"[all-fields]","success_message":"The form was sent successfully!","error_message":"There's something wrong... Please fill in the required fields.","required_field_message":"Required","invalid_message":"There's something wrong... The form is invalid.","column_gap":{"unit":"px","size":21},"row_gap":{"unit":"px","size":24},"field_text_color":"#000000","field_typography_typography":"custom","field_typography_font_size":{"unit":"px","size":16},"field_typography_font_family":"Khand","field_typography_font_weight":"200","field_border_color":"rgba(0,0,0,0.4)","field_border_width":{"unit":"px","top":"0","right":"0","bottom":"1","left":"0","isLinked":false},"field_border_radius":{"unit":"px","top":"0","right":"0","bottom":"0","left":"0","isLinked":true},"button_text_color":"#000000","button_typography_typography":"custom","button_typography_font_size":{"unit":"px","size":16},"button_typography_font_family":"Khand","button_typography_font_weight":"600","button_typography_text_transform":"uppercase","button_background_color":"#ffffff","button_border_border":"solid","button_border_width":{"unit":"px","top":"1","right":"1","bottom":"1","left":"1","isLinked":true},"button_border_radius":{"unit":"px","top":"0","right":"0","bottom":"0","left":"0","isLinked":true},"button_text_padding":{"unit":"px","top":"15","right":"55","bottom":"15","left":"55","isLinked":false},"button_hover_color":"#ffffff","button_background_hover_color":"#000000","button_hover_animation":"grow","_margin":{"unit":"px","top":"25","right":"0","bottom":"0","left":"0","isLinked":false}},"elements":[],"isInner":false,"widgetType":"form","elType":"widget"}],"isInner":false,"elType":"column"}],"isInner":false,"elType":"section"},{"id":"6ca450a6","settings":{"content_position":"middle","structure":"20","background_background":"classic","background_color":"#000000","padding":{"unit":"px","top":"25","right":"0","bottom":"25","left":"0","isLinked":false},"padding_tablet":{"unit":"px","top":"25","right":"25","bottom":"25","left":"25","isLinked":false}},"elements":[{"id":"554e7b64","settings":{"_column_size":50,"_inline_size":null,"_inline_size_tablet":75},"elements":[{"id":"10ba85bd","settings":{"title":"\u00a9 2017 Exclusive Interior. Trademarks and brands are the property of their respective owners.","title_color":"#ffffff","typography_typography":"custom","typography_font_size":{"unit":"px","size":14},"typography_font_family":"Khand","typography_font_weight":"300","align_mobile":"center","header_size":"p"},"elements":[],"isInner":false,"widgetType":"heading","elType":"widget"}],"isInner":false,"elType":"column"},{"id":"193c02a5","settings":{"_column_size":50,"_inline_size":null,"_inline_size_tablet":25},"elements":[{"id":"7ae54813","settings":{"icon":"fa fa-angle-double-up","align":"right","primary_color":"#ffffff","size":{"unit":"px","size":35},"hover_primary_color":"#e2e2e2","hover_animation":"grow","align_mobile":"center","link":{"url":"#home","is_external":"","nofollow":""}},"elements":[],"isInner":false,"widgetType":"icon","elType":"widget"}],"isInner":false,"elType":"column"}],"isInner":false,"elType":"section"}]}