{"version":"0.4","title":"Homepage-Luxury-Hotel-page.","type":"page","content":[{"id":"733f750b","settings":{"layout":"full_width","content_position":"middle","structure":"20","background_background":"classic","background_color":"#ffffff","padding":{"unit":"px","top":"25","right":"0","bottom":"25","left":"0","isLinked":false}},"elements":[{"id":"23e9bf07","settings":{"_column_size":50,"_inline_size":null,"margin":{"unit":"px","top":"0","right":"0","bottom":"0","left":"25","isLinked":false},"margin_mobile":{"unit":"px","top":"0","right":"0","bottom":"0","left":"0","isLinked":true}},"elements":[{"id":"6fe0587","settings":{"image":{"id":233,"url":"http:\/\/localhost\/test\/wp-content\/uploads\/2018\/09\/hotel-logo.jpg"},"align":"left","align_mobile":"center","image_size":"full"},"elements":[],"isInner":false,"widgetType":"image","elType":"widget"}],"isInner":false,"elType":"column"},{"id":"4559a274","settings":{"_column_size":50,"_inline_size":null,"margin":{"unit":"px","top":"0","right":"25","bottom":"0","left":"0","isLinked":false},"margin_mobile":{"unit":"px","top":"0","right":"0","bottom":"0","left":"0","isLinked":true}},"elements":[{"id":"5e35a7d4","settings":{"social_icon_list":[{"social":"fa fa-facebook","_id":"g17ngqq","link":{"url":"","is_external":"true","nofollow":""}},{"social":"fa fa-twitter","_id":"dwjcq3t","link":{"url":"","is_external":"true","nofollow":""}},{"social":"fa fa-instagram","link":{"url":"","is_external":"true","nofollow":""},"_id":"acdz53w"},{"social":"fa fa-linkedin","link":{"url":"","is_external":"true","nofollow":""},"_id":"pnic2zm"}],"align":"right","icon_color":"custom","icon_primary_color":"rgba(0,0,0,0)","icon_secondary_color":"#000000","icon_size":{"unit":"px","size":16},"icon_spacing":{"unit":"px","size":26},"hover_secondary_color":"#c4b744","hover_animation":"grow","align_mobile":"center","_margin_mobile":{"unit":"px","top":"0","right":"0","bottom":"0","left":"0","isLinked":true},"_padding_mobile":{"unit":"px","top":"0","right":"0","bottom":"0","left":"0","isLinked":true}},"elements":[],"isInner":false,"widgetType":"social-icons","elType":"widget"}],"isInner":false,"elType":"column"}],"isInner":false,"elType":"section"},{"id":"736b3270","settings":{"layout":"full_width","gap":"no"},"elements":[{"id":"3a90b35d","settings":{"_column_size":100},"elements":[{"id":"7d7f2946","settings":{"skin":"slideshow","slides":[{"type":"image","image":{"id":234,"url":"http:\/\/localhost\/test\/wp-content\/uploads\/2018\/09\/13.jpg"},"image_link_to_type":"","image_link_to":{"url":"","is_external":"","nofollow":""},"video":{"url":"","is_external":"","nofollow":""},"_id":"abpppyn"},{"type":"image","image":{"id":235,"url":"http:\/\/localhost\/test\/wp-content\/uploads\/2018\/09\/14.jpg"},"image_link_to_type":"","image_link_to":{"url":"","is_external":"","nofollow":""},"video":{"url":"","is_external":"","nofollow":""},"_id":"9fjv2kf"},{"type":"video","image":{"id":236,"url":"http:\/\/localhost\/test\/wp-content\/uploads\/2018\/09\/11.jpg"},"image_link_to_type":"","image_link_to":{"url":"","is_external":"","nofollow":""},"video":{"url":"https:\/\/www.youtube.com\/watch?v=bDpO8i4Aty0","is_external":"","nofollow":""},"_id":"z5c73m1"},{"type":"image","image":{"id":237,"url":"http:\/\/localhost\/test\/wp-content\/uploads\/2018\/09\/16.jpg"},"image_link_to_type":"","image_link_to":{"url":"","is_external":"","nofollow":""},"video":{"url":"","is_external":"","nofollow":""},"_id":"mcq7uk2"},{"type":"image","image":{"id":238,"url":"http:\/\/localhost\/test\/wp-content\/uploads\/2018\/09\/12.jpg"},"image_link_to_type":"","image_link_to":{"url":"","is_external":"","nofollow":""},"video":{"url":"","is_external":"","nofollow":""},"_id":"1kjbg97"},{"type":"image","image":{"id":239,"url":"http:\/\/localhost\/test\/wp-content\/uploads\/2018\/09\/15.jpg"},"image_link_to_type":"","image_link_to":{"url":"","is_external":"","nofollow":""},"video":{"url":"","is_external":"","nofollow":""},"_id":"nsieorg"}],"slideshow_height":{"unit":"px","size":650},"slideshow_height_tablet":{"unit":"px","size":430},"slideshow_height_mobile":{"unit":"px","size":358},"show_arrows":"","play_icon_size_mobile":{"unit":"px","size":78},"lightbox_ui_color":"#c4b744","lightbox_ui_hover_color":"#ffffff","lightbox_video_width":{"unit":"%","size":86}},"elements":[],"isInner":false,"widgetType":"media-carousel","elType":"widget"}],"isInner":false,"elType":"column"}],"isInner":false,"elType":"section"},{"id":"4362f2c0","settings":{"content_position":"middle","background_background":"classic","background_image":{"id":243,"url":"http:\/\/localhost\/test\/wp-content\/uploads\/2018\/09\/20-1.jpg"},"background_position":"center right","background_size":"cover","padding":{"unit":"px","top":"100","right":"0","bottom":"100","left":"0","isLinked":false},"padding_mobile":{"unit":"px","top":"50","right":"0","bottom":"50","left":"0","isLinked":false}},"elements":[{"id":"78a43736","settings":{"_column_size":100},"elements":[{"id":"162e31c2","settings":{"title":"WELCOME TO","header_size":"h4","align":"center","title_color":"#000000","typography_typography":"custom","typography_font_size":{"unit":"px","size":14},"typography_font_family":"Montserrat","typography_font_weight":"600","typography_letter_spacing":{"unit":"px","size":10},"_margin_mobile":{"unit":"px","top":"0","right":"0","bottom":"0","left":"0","isLinked":true},"_padding_mobile":{"unit":"px","top":"0","right":"0","bottom":"0","left":"0","isLinked":true}},"elements":[],"isInner":false,"widgetType":"heading","elType":"widget"},{"id":"3aab9c97","settings":{"title":"Hotelans","header_size":"h3","align":"center","title_color":"#c4b744","typography_typography":"custom","typography_font_size":{"unit":"px","size":65},"typography_font_family":"Abhaya Libre","typography_font_size_mobile":{"unit":"px","size":40}},"elements":[],"isInner":false,"widgetType":"heading","elType":"widget"},{"id":"2bd95bca","settings":{"editor":"<p>A place to experience and enjoy the life<\/p>","align":"center","text_color":"#000000","typography_typography":"custom","typography_font_size":{"unit":"px","size":14},"typography_font_family":"Montserrat","typography_font_weight":"400","typography_letter_spacing":{"unit":"px","size":2},"_margin":{"unit":"px","top":"-6","right":"0","bottom":"0","left":"0","isLinked":false},"_margin_mobile":{"unit":"px","top":"0","right":"35","bottom":"0","left":"35","isLinked":false},"_padding_mobile":{"unit":"px","top":"0","right":"0","bottom":"0","left":"0","isLinked":true}},"elements":[],"isInner":false,"widgetType":"text-editor","elType":"widget"},{"id":"1e8cc07","settings":{"structure":"30","margin_tablet":{"unit":"px","top":"","right":0,"bottom":"","left":0,"isLinked":true},"margin_mobile":{"unit":"px","top":"0","right":0,"bottom":"0","left":0,"isLinked":true},"padding_tablet":{"unit":"px","top":"0","right":"0","bottom":"0","left":"0","isLinked":true},"padding_mobile":{"unit":"px","top":"0","right":"0","bottom":"0","left":"0","isLinked":true},"content_width":{"unit":"px","size":900},"padding":{"unit":"px","top":"50","right":"0","bottom":"0","left":"75","isLinked":false}},"elements":[{"id":"467b6530","settings":{"_column_size":33,"_inline_size":null,"margin_tablet":{"unit":"px","top":"0","right":"0","bottom":"0","left":"15","isLinked":false},"margin_mobile":{"unit":"px","top":"0","right":"0","bottom":"0","left":"0","isLinked":true},"padding_mobile":{"unit":"px","top":"0","right":"0","bottom":"0","left":"0","isLinked":false}},"elements":[{"id":"590344d5","settings":{"image":{"id":240,"url":"http:\/\/localhost\/test\/wp-content\/uploads\/2018\/09\/q1-2.png"},"align":"left","space":{"unit":"%","size":18},"align_mobile":"center"},"elements":[],"isInner":false,"widgetType":"image","elType":"widget"},{"id":"34426f74","settings":{"title":"Bedroom","title_color":"#000000","typography_typography":"custom","typography_font_size":{"unit":"px","size":20},"typography_font_family":"Montserrat","typography_letter_spacing":{"unit":"px","size":2},"align_mobile":"center"},"elements":[],"isInner":false,"widgetType":"heading","elType":"widget"},{"id":"2253d7","settings":{"icon_list":[{"text":"Air conditioning","icon":"fa fa-check","_id":"8c8e6nn","link":{"url":"","is_external":"","nofollow":""}},{"text":"Washer","icon":"fa fa-check","_id":"7o8qn2f","link":{"url":"","is_external":"","nofollow":""}},{"text":"Dryer","icon":"fa fa-check","_id":"wzbjdij","link":{"url":"","is_external":"","nofollow":""}},{"text":"Free parking on premises","icon":"fa fa-check","_id":"eg3fw9g","link":{"url":"","is_external":"","nofollow":""}},{"text":"Cable TV","icon":"fa fa-check","_id":"3peleyw","link":{"url":"","is_external":"","nofollow":""}},{"text":"Wireless Internet","icon":"fa fa-check","_id":"3w5e3bo","link":{"url":"","is_external":"","nofollow":""}}],"space_between":{"unit":"px","size":10},"icon_color":"rgba(0,0,0,0.21)","text_indent":{"unit":"px","size":6},"text_color":"#000000","icon_typography_typography":"custom","icon_typography_font_size":{"unit":"px","size":14},"icon_typography_font_family":"Montserrat","icon_typography_font_weight":"300","icon_align_mobile":"center","_margin_mobile":{"unit":"px","top":"0","right":"0","bottom":"0","left":"0","isLinked":true},"_padding_mobile":{"unit":"px","top":"0","right":"0","bottom":"0","left":"0","isLinked":true}},"elements":[],"isInner":false,"widgetType":"icon-list","elType":"widget"}],"isInner":true,"elType":"column"},{"id":"4cd7e169","settings":{"_column_size":33,"_inline_size":null,"margin_mobile":{"unit":"px","top":"50","right":"0","bottom":"0","left":"0","isLinked":false},"padding_mobile":{"unit":"px","top":"0","right":"0","bottom":"0","left":"0","isLinked":true}},"elements":[{"id":"27ad88bb","settings":{"image":{"id":241,"url":"http:\/\/localhost\/test\/wp-content\/uploads\/2018\/09\/q2-3.png"},"align":"left","space":{"unit":"%","size":18},"align_mobile":"center"},"elements":[],"isInner":false,"widgetType":"image","elType":"widget"},{"id":"3535612e","settings":{"title":"Kitchen","title_color":"#000000","typography_typography":"custom","typography_font_size":{"unit":"px","size":20},"typography_font_family":"Montserrat","typography_letter_spacing":{"unit":"px","size":2},"align_mobile":"center"},"elements":[],"isInner":false,"widgetType":"heading","elType":"widget"},{"id":"4ca49dec","settings":{"icon_list":[{"text":"Heating","icon":"fa fa-check","_id":"8c8e6nn","link":{"url":"","is_external":"","nofollow":""}},{"text":"Shampoo","icon":"fa fa-check","_id":"7o8qn2f","link":{"url":"","is_external":"","nofollow":""}},{"text":"Essentials","icon":"fa fa-check","_id":"wzbjdij","link":{"url":"","is_external":"","nofollow":""}},{"text":"TV","icon":"fa fa-check","_id":"eg3fw9g","link":{"url":"","is_external":"","nofollow":""}},{"text":"Internet","icon":"fa fa-check","_id":"3peleyw","link":{"url":"","is_external":"","nofollow":""}},{"text":"Kitchen","icon":"fa fa-check","_id":"3w5e3bo","link":{"url":"","is_external":"","nofollow":""}}],"space_between":{"unit":"px","size":10},"icon_color":"rgba(0,0,0,0.21)","text_indent":{"unit":"px","size":6},"text_color":"#000000","icon_typography_typography":"custom","icon_typography_font_size":{"unit":"px","size":14},"icon_typography_font_family":"Montserrat","icon_typography_font_weight":"300","icon_align_mobile":"center"},"elements":[],"isInner":false,"widgetType":"icon-list","elType":"widget"}],"isInner":true,"elType":"column"},{"id":"78aa3fc5","settings":{"_column_size":33,"_inline_size":null,"margin_tablet":{"unit":"px","top":"0","right":"0","bottom":"0","left":"0","isLinked":true},"margin_mobile":{"unit":"px","top":"50","right":"0","bottom":"0","left":"0","isLinked":false}},"elements":[{"id":"366aa8d8","settings":{"image":{"id":242,"url":"http:\/\/localhost\/test\/wp-content\/uploads\/2018\/09\/q3-2.png"},"align":"left","space":{"unit":"%","size":18},"align_mobile":"center"},"elements":[],"isInner":false,"widgetType":"image","elType":"widget"},{"id":"de460c4","settings":{"title":"Bathroom","title_color":"#000000","typography_typography":"custom","typography_font_size":{"unit":"px","size":20},"typography_font_family":"Montserrat","typography_letter_spacing":{"unit":"px","size":2},"align_mobile":"center"},"elements":[],"isInner":false,"widgetType":"heading","elType":"widget"},{"id":"2a59ee7a","settings":{"icon_list":[{"text":"Elevator in building","icon":"fa fa-check","_id":"8c8e6nn","link":{"url":"","is_external":"","nofollow":""}},{"text":"Indoor fireplace","icon":"fa fa-check","_id":"7o8qn2f","link":{"url":"","is_external":"","nofollow":""}},{"text":"Buzzer \/ Wireless intercom","icon":"fa fa-check","_id":"wzbjdij","link":{"url":"","is_external":"","nofollow":""}},{"text":"Doorman","icon":"fa fa-check","_id":"eg3fw9g","link":{"url":"","is_external":"","nofollow":""}},{"text":"Pool","icon":"fa fa-check","_id":"3peleyw","link":{"url":"","is_external":"","nofollow":""}},{"text":"Hot tub","icon":"fa fa-check","_id":"3w5e3bo","link":{"url":"","is_external":"","nofollow":""}}],"space_between":{"unit":"px","size":10},"icon_color":"rgba(0,0,0,0.21)","text_indent":{"unit":"px","size":6},"text_color":"#000000","icon_typography_typography":"custom","icon_typography_font_size":{"unit":"px","size":14},"icon_typography_font_family":"Montserrat","icon_typography_font_weight":"300","icon_align_mobile":"center"},"elements":[],"isInner":false,"widgetType":"icon-list","elType":"widget"}],"isInner":true,"elType":"column"}],"isInner":true,"elType":"section"}],"isInner":false,"elType":"column"}],"isInner":false,"elType":"section"},{"id":"c157ec6","settings":{"content_position":"middle","padding":{"unit":"px","top":"90","right":"0","bottom":"100","left":"0","isLinked":false},"background_background":"classic","background_color":"#ffffff","background_image":{"id":245,"url":"http:\/\/localhost\/test\/wp-content\/uploads\/2018\/09\/25-1.png"},"background_position":"bottom right","background_repeat":"no-repeat","background_size":"auto","padding_mobile":{"unit":"px","top":"50","right":"0","bottom":"50","left":"0","isLinked":false}},"elements":[{"id":"32d3cf63","settings":{"_column_size":100},"elements":[{"id":"5a94f044","settings":{"margin":{"unit":"px","top":"0","right":0,"bottom":"0","left":0,"isLinked":false}},"elements":[{"id":"77f0be57","settings":{"_column_size":100,"_inline_size":null},"elements":[{"id":"4aa5f4ae","settings":{"title":"TESTIMONIALS","align":"center","title_color":"#000000","typography_typography":"custom","typography_font_size":{"unit":"px","size":14},"typography_font_family":"Montserrat","typography_font_weight":"600","typography_letter_spacing":{"unit":"px","size":10},"_margin_mobile":{"unit":"px","top":"0","right":"0","bottom":"0","left":"0","isLinked":true},"_padding_mobile":{"unit":"px","top":"0","right":"0","bottom":"0","left":"0","isLinked":true},"header_size":"h4"},"elements":[],"isInner":false,"widgetType":"heading","elType":"widget"},{"id":"621f0664","settings":{"title":"We create memorable experiences","header_size":"h3","align":"center","title_color":"#c4b744","typography_typography":"custom","typography_font_size":{"unit":"px","size":65},"typography_font_family":"Abhaya Libre","typography_font_size_mobile":{"unit":"px","size":40},"_margin_mobile":{"unit":"px","top":"0","right":"0","bottom":"0","left":"0","isLinked":true},"_padding_mobile":{"unit":"px","top":"0","right":"0","bottom":"0","left":"0","isLinked":true}},"elements":[],"isInner":false,"widgetType":"heading","elType":"widget"}],"isInner":true,"elType":"column"}],"isInner":true,"elType":"section"},{"id":"6bd79e90","settings":{"editor":"<p>An exquisite luxury hotel, offering old-world charm, opulent colonial-era suites, an excellent choice of restaurants<\/p>","align":"center","text_color":"#000000","typography_typography":"custom","typography_font_size":{"unit":"px","size":14},"typography_font_family":"Montserrat","typography_font_weight":"300","_margin":{"unit":"px","top":"0","right":"100","bottom":"0","left":"100","isLinked":false},"_margin_mobile":{"unit":"px","top":"0","right":"15","bottom":"0","left":"15","isLinked":false},"_padding_mobile":{"unit":"px","top":"0","right":"0","bottom":"0","left":"0","isLinked":true}},"elements":[],"isInner":false,"widgetType":"text-editor","elType":"widget"},{"id":"1b6e24b","settings":[],"elements":[],"isInner":false,"widgetType":"spacer","elType":"widget"},{"id":"6838c0c","settings":{"gap":"no","content_position":"middle","structure":"20","background_background":"classic","background_color":"#f2f2f2","box_shadow_box_shadow_type":"yes","box_shadow_box_shadow":{"horizontal":0,"vertical":0,"blur":100,"spread":0,"color":"rgba(0,0,0,0.46)"},"margin":{"unit":"px","top":"50","right":0,"bottom":"0","left":0,"isLinked":false},"padding":{"unit":"px","top":"75","right":"65","bottom":"0","left":"65","isLinked":false},"z_index":2,"margin_tablet":{"unit":"px","top":"0","right":0,"bottom":"0","left":0,"isLinked":true},"margin_mobile":{"unit":"px","top":"0","right":0,"bottom":"0","left":0,"isLinked":true},"padding_tablet":{"unit":"px","top":"25","right":"55","bottom":"0","left":"55","isLinked":false},"padding_mobile":{"unit":"px","top":"60","right":"15","bottom":"0","left":"15","isLinked":false}},"elements":[{"id":"3d226dbb","settings":{"_column_size":50,"_inline_size":null},"elements":[{"id":"41bf5a4b","settings":{"editor":"<p>Amazing views. Brunch choice was amazing. Service very friendly and professional.<\/p>","text_color":"#000000","typography_typography":"custom","typography_font_size":{"unit":"px","size":14},"typography_font_family":"Montserrat","typography_font_weight":"300","typography_line_height":{"unit":"em","size":2},"align_mobile":"center","_margin_mobile":{"unit":"px","top":"0","right":"0","bottom":"0","left":"0","isLinked":true},"_padding_mobile":{"unit":"px","top":"0","right":"0","bottom":"0","left":"0","isLinked":true}},"elements":[],"isInner":false,"widgetType":"text-editor","elType":"widget"},{"id":"503954f1","settings":{"title":"Tommy Rivers","title_color":"#c4b744","typography_typography":"custom","typography_font_size":{"unit":"px","size":18},"typography_font_family":"Montserrat","typography_font_weight":"600","align_mobile":"center","header_size":"h4"},"elements":[],"isInner":false,"widgetType":"heading","elType":"widget"}],"isInner":true,"elType":"column"},{"id":"32f31a0e","settings":{"_column_size":50,"_inline_size":null},"elements":[{"id":"167159a6","settings":{"image":{"id":244,"url":"http:\/\/localhost\/test\/wp-content\/uploads\/2018\/09\/q5.png"},"_margin_mobile":{"unit":"px","top":"50","right":"0","bottom":"0","left":"0","isLinked":false}},"elements":[],"isInner":false,"widgetType":"image","elType":"widget"}],"isInner":true,"elType":"column"}],"isInner":true,"elType":"section"}],"isInner":false,"elType":"column"}],"isInner":false,"elType":"section"},{"id":"6b3cda22","settings":{"content_position":"middle","background_background":"classic","background_image":{"id":246,"url":"http:\/\/localhost\/test\/wp-content\/uploads\/2018\/09\/21-1.jpg"},"background_position":"center center","background_size":"cover","padding":{"unit":"px","top":"100","right":"0","bottom":"100","left":"0","isLinked":false},"padding_mobile":{"unit":"px","top":"60","right":"20","bottom":"60","left":"20","isLinked":false}},"elements":[{"id":"46cce896","settings":{"_column_size":100,"padding_mobile":{"unit":"px","top":"20","right":"20","bottom":"20","left":"20","isLinked":true}},"elements":[{"id":"215e64da","settings":{"title":"Book today: Luxury 2 Bedroom\nApartment in SF with a stunning view","align":"center","title_color":"#ffffff","typography_typography":"custom","typography_font_size":{"unit":"px","size":65},"typography_font_family":"Abhaya Libre","typography_font_size_mobile":{"unit":"px","size":37},"header_size":"h3"},"elements":[],"isInner":false,"widgetType":"heading","elType":"widget"},{"id":"7d121b38","settings":{"editor":"<p>Live in special luxury and have access to all the amenities at your fingertips<\/p>","align":"center","text_color":"#ffffff","typography_typography":"custom","typography_font_size":{"unit":"px","size":14},"typography_font_family":"Montserrat","typography_font_weight":"300","typography_letter_spacing":{"unit":"px","size":5},"_margin_tablet":{"unit":"px","top":"0","right":"55","bottom":"0","left":"55","isLinked":false},"_margin_mobile":{"unit":"px","top":"0","right":"15","bottom":"0","left":"15","isLinked":false},"_padding_mobile":{"unit":"px","top":"0","right":"0","bottom":"0","left":"0","isLinked":true},"typography_letter_spacing_mobile":{"unit":"px","size":0}},"elements":[],"isInner":false,"widgetType":"text-editor","elType":"widget"}],"isInner":false,"elType":"column"}],"isInner":false,"elType":"section"},{"id":"4687ecbb","settings":{"content_position":"middle","structure":"20","background_background":"classic","background_color":"#000000","padding":{"unit":"px","top":"25","right":"0","bottom":"25","left":"0","isLinked":false}},"elements":[{"id":"496d7ee8","settings":{"_column_size":50,"_inline_size":null,"margin_tablet":{"unit":"px","top":"0","right":"0","bottom":"0","left":"25","isLinked":false},"margin_mobile":{"unit":"px","top":"0","right":"0","bottom":"0","left":"0","isLinked":true},"padding_mobile":{"unit":"px","top":"0","right":"0","bottom":"0","left":"0","isLinked":true}},"elements":[{"id":"332b7c48","settings":{"image":{"id":247,"url":"http:\/\/localhost\/test\/wp-content\/uploads\/2018\/09\/logo2.png"},"align":"left","space":{"unit":"%","size":28},"align_mobile":"center","space_tablet":{"unit":"%","size":39},"_margin_mobile":{"unit":"px","top":"0","right":"0","bottom":"0","left":"0","isLinked":true},"_padding_mobile":{"unit":"px","top":"0","right":"0","bottom":"0","left":"0","isLinked":true}},"elements":[],"isInner":false,"widgetType":"image","elType":"widget"}],"isInner":false,"elType":"column"},{"id":"49871814","settings":{"_column_size":50,"_inline_size":null,"margin_tablet":{"unit":"px","top":"0","right":"25","bottom":"0","left":"0","isLinked":false},"margin_mobile":{"unit":"px","top":"0","right":"0","bottom":"0","left":"0","isLinked":true},"padding_mobile":{"unit":"px","top":"0","right":"0","bottom":"0","left":"0","isLinked":true}},"elements":[{"id":"4bc72d9a","settings":{"social_icon_list":[{"social":"fa fa-facebook","_id":"g17ngqq","link":{"url":"","is_external":"true","nofollow":""}},{"social":"fa fa-twitter","_id":"dwjcq3t","link":{"url":"","is_external":"true","nofollow":""}},{"social":"fa fa-instagram","link":{"url":"","is_external":"true","nofollow":""},"_id":"acdz53w"},{"social":"fa fa-linkedin","link":{"url":"","is_external":"true","nofollow":""},"_id":"pnic2zm"}],"align":"right","icon_color":"custom","icon_primary_color":"rgba(0,0,0,0)","icon_secondary_color":"#ffffff","icon_size":{"unit":"px","size":16},"icon_spacing":{"unit":"px","size":26},"hover_secondary_color":"#c4b744","hover_animation":"grow","align_mobile":"center","_margin_tablet":{"unit":"px","top":"0","right":"0","bottom":"0","left":"0","isLinked":false},"_margin_mobile":{"unit":"px","top":"15","right":"0","bottom":"0","left":"0","isLinked":false}},"elements":[],"isInner":false,"widgetType":"social-icons","elType":"widget"}],"isInner":false,"elType":"column"}],"isInner":false,"elType":"section"}]}