{"version":"0.4","title":"Homepage-Plants-Shop-page.","type":"page","content":[{"id":"4be330c9","settings":{"layout":"full_width","gap":"no","padding_mobile":{"unit":"px","top":"0","right":"0","bottom":"0","left":"0","isLinked":true},"section_custom_css_pro":"","custom_css_pro":""},"elements":[{"id":"531e4c0a","settings":{"_column_size":100,"_inline_size":null,"padding_mobile":{"unit":"px","top":"0","right":"0","bottom":"0","left":"0","isLinked":false},"section_custom_css_pro":"","custom_css_pro":""},"elements":[{"id":"151b271","settings":{"slides":[{"heading":"the plants shop","description":"Lorem ipsum dolor sit amet, consectetur adipiscing elit. <br>Vestibulum ultricies sollicitudin ante nec mattis. <br>Mauris eget ornare nibh. ","button_text":"Shop Now","background_color":"#833ca3","slides_repeater":"","background":"","background_image":{"id":328,"url":"http:\/\/localhost\/test\/wp-content\/uploads\/2018\/09\/2.png"},"background_size":"cover","background_overlay":"","background_overlay_color":"rgba(0,0,0,0.5)","content":"","link":{"url":"","is_external":"","nofollow":""},"link_click":"slide","style":"","custom_style":"yes","horizontal_position":"left","vertical_position":"","text_align":"left","content_color":"","_id":"ojh409t","background_ken_burns":"","zoom_direction":"in","background_overlay_blend_mode":""},{"heading":"our cactus collection","description":"Lorem ipsum dolor sit amet, consectetur adipiscing elit. <br>Ut elit tellus, luctus nec ullamcorper mattis.","button_text":"Go To Catalog","background_color":"#4054b2","slides_repeater":"","background":"","background_image":{"id":329,"url":"http:\/\/localhost\/test\/wp-content\/uploads\/2018\/09\/1.png"},"background_size":"cover","background_overlay":"","background_overlay_color":"rgba(0,0,0,0.5)","content":"","link":{"url":"","is_external":"","nofollow":""},"link_click":"slide","style":"","custom_style":"","horizontal_position":"","vertical_position":"","text_align":"","content_color":"","_id":"1s0rrwe","background_ken_burns":"","zoom_direction":"in","background_overlay_blend_mode":""}],"slides_height":{"unit":"px","size":"808"},"slides_height_tablet":{"unit":"px","size":400},"slides_height_mobile":{"unit":"px","size":400},"navigation":"arrows","content_animation":"fadeInLeft","content_max_width":{"unit":"%","size":100},"content_max_width_tablet":{"unit":"%","size":82},"content_max_width_mobile":{"unit":"%","size":"70"},"slides_padding":{"unit":"px","top":"0","right":"80","bottom":"0","left":"80","isLinked":false},"slides_padding_tablet":{"unit":"px","top":"0","right":"30","bottom":"0","left":"30","isLinked":false},"slides_padding_mobile":{"unit":"px","top":"0","right":"20","bottom":"0","left":"20","isLinked":false},"heading_color":"#363636","heading_typography_typography":"custom","heading_typography_font_size":{"unit":"px","size":"100"},"heading_typography_font_size_tablet":{"unit":"px","size":"60"},"heading_typography_font_size_mobile":{"unit":"px","size":"50"},"heading_typography_font_family":"Lobster","heading_typography_font_weight":"100","heading_typography_text_transform":"capitalize","description_color":"#363636","description_typography_typography":"custom","description_typography_font_size":{"unit":"px","size":"20"},"description_typography_font_size_tablet":{"unit":"px","size":"13"},"description_typography_font_size_mobile":{"unit":"px","size":"14"},"description_typography_font_family":"Poppins","description_typography_line_height":{"unit":"em","size":"1.8"},"button_typography_typography":"custom","button_typography_font_size":{"unit":"px","size":"20"},"button_typography_font_size_tablet":{"unit":"px","size":"15"},"button_typography_font_family":"Poppins","button_typography_font_weight":"600","button_typography_letter_spacing":{"unit":"px","size":1.5},"button_border_width":{"unit":"px","size":"3"},"button_border_radius":{"unit":"px","size":0},"button_background_color":"#ffb116","button_border_color":"#ffb116","button_hover_text_color":"#ffb116","button_hover_background_color":"rgba(0,0,0,0)","_padding_mobile":{"unit":"px","top":"0","right":"0","bottom":"0","left":"0","isLinked":false},"section_custom_css_pro":"","custom_css_pro":"","autoplay_speed":"4000"},"elements":[],"isInner":false,"widgetType":"slides","elType":"widget"}],"isInner":false,"elType":"column"}],"isInner":false,"elType":"section"},{"id":"26c8a764","settings":{"layout":"full_width","gap":"no","content_position":"middle","structure":"20","padding":{"unit":"px","top":"100","right":"0","bottom":"0","left":"0","isLinked":false},"padding_tablet":{"unit":"px","top":"100","right":"0","bottom":"50","left":"0","isLinked":false},"padding_mobile":{"unit":"px","top":"50","right":"0","bottom":"50","left":"0","isLinked":false}},"elements":[{"id":"1d944815","settings":{"_column_size":50,"_inline_size":45,"border_color":"#363636","animation":"fadeInLeft"},"elements":[{"id":"38e6cfc7","settings":{"title":"vibrant<br>&<br>decorative","align":"center","align_tablet":"center","title_color":"#363636","typography_typography":"custom","typography_font_size":{"unit":"px","size":"40"},"typography_font_size_tablet":{"unit":"px","size":"20"},"typography_font_family":"Poppins","typography_text_transform":"uppercase","typography_line_height":{"unit":"em","size":1.6},"_margin":{"unit":"%","top":"0","right":"25","bottom":"0","left":"25","isLinked":false},"_margin_tablet":{"unit":"px","top":"0","right":"60","bottom":"0","left":"60","isLinked":false},"_padding":{"unit":"px","top":"40","right":"0","bottom":"40","left":"0","isLinked":false},"_padding_tablet":{"unit":"px","top":"20","right":"20","bottom":"20","left":"20","isLinked":true},"_border_border":"solid","_border_width":{"unit":"px","top":"7","right":"7","bottom":"7","left":"7","isLinked":true},"_border_color":"#363636","header_size":"h3"},"elements":[],"isInner":false,"widgetType":"heading","elType":"widget"}],"isInner":false,"elType":"column"},{"id":"50008048","settings":{"_column_size":50,"_inline_size":55,"padding_mobile":{"unit":"px","top":"50","right":"0","bottom":"0","left":"0","isLinked":false},"animation":"fadeInRight"},"elements":[{"id":"ea3656b","settings":{"image":{"id":330,"url":"http:\/\/localhost\/test\/wp-content\/uploads\/2018\/09\/3.png"},"align_tablet":"center","align_mobile":"center"},"elements":[],"isInner":false,"widgetType":"image","elType":"widget"}],"isInner":false,"elType":"column"}],"isInner":false,"elType":"section"},{"id":"19ccacc8","settings":{"layout":"full_width","gap":"no","structure":"20","margin":{"unit":"px","top":"-50","right":0,"bottom":"0","left":0,"isLinked":false},"margin_tablet":{"unit":"px","top":"0","right":0,"bottom":"0","left":0,"isLinked":true},"padding_tablet":{"unit":"px","top":"0","right":"0","bottom":"0","left":"0","isLinked":true},"reverse_order_mobile":"reverse-mobile"},"elements":[{"id":"68e571fc","settings":{"_column_size":50,"_inline_size":45,"padding_mobile":{"unit":"px","top":"50","right":"0","bottom":"0","left":"0","isLinked":false},"animation":"fadeInLeft"},"elements":[{"id":"6d5fddce","settings":{"image":{"id":331,"url":"http:\/\/localhost\/test\/wp-content\/uploads\/2018\/09\/4-1.png"},"align_tablet":"center","align_mobile":"center","space":{"unit":"%","size":"60"},"_margin_mobile":{"unit":"px","top":"0","right":"0","bottom":"0","left":"0","isLinked":true},"_padding_mobile":{"unit":"px","top":"0","right":"0","bottom":"0","left":"0","isLinked":true}},"elements":[],"isInner":false,"widgetType":"image","elType":"widget"}],"isInner":false,"elType":"column"},{"id":"2930a63c","settings":{"_column_size":50,"_inline_size":55,"margin_tablet":{"unit":"px","top":"0","right":"0","bottom":"0","left":"0","isLinked":true},"padding":{"unit":"px","top":"160","right":"150","bottom":"0","left":"0","isLinked":false},"padding_tablet":{"unit":"px","top":"0","right":"30","bottom":"0","left":"0","isLinked":false},"padding_mobile":{"unit":"px","top":"0","right":"20","bottom":"0","left":"20","isLinked":false},"animation":"fadeInRight"},"elements":[{"id":"c6f0910","settings":{"title":"new love story","align_mobile":"center","title_color":"#363636","typography_typography":"custom","typography_font_size":{"unit":"px","size":"70"},"typography_font_size_tablet":{"unit":"px","size":"45"},"typography_font_family":"Lobster","typography_font_weight":"100","typography_text_transform":"capitalize"},"elements":[],"isInner":false,"widgetType":"heading","elType":"widget"},{"id":"4d1a3416","settings":{"editor":"<p>Lorem ipsum dolor sit amet, consectetur adipiscing elit. Aenean fringilla lorem tortor, a vehicula mauris dignissim in. Vestibulum volutpat odio nec feugiat fringilla. Integer tincidunt ut nibh ac malesuada. Donec dignissim luctus leovulputate nec.\u00a0<\/p>","align_mobile":"center","text_color":"#363636","typography_typography":"custom","typography_font_size":{"unit":"px","size":"20"},"typography_font_size_tablet":{"unit":"px","size":"15"},"typography_font_family":"Poppins","typography_line_height":{"unit":"em","size":"1.8"},"_padding":{"unit":"px","top":"10","right":"0","bottom":"10","left":"0","isLinked":false},"_padding_tablet":{"unit":"px","top":"0","right":"0","bottom":"0","left":"0","isLinked":true}},"elements":[],"isInner":false,"widgetType":"text-editor","elType":"widget"},{"id":"3666f843","settings":{"text":"Read more","align_mobile":"center","typography_typography":"custom","typography_font_size":{"unit":"px","size":"20"},"typography_font_size_tablet":{"unit":"px","size":"15"},"typography_font_family":"Poppins","typography_font_weight":"600","typography_letter_spacing":{"unit":"px","size":"1.5"},"background_color":"#ffb116","border_border":"solid","border_width":{"unit":"px","top":"3","right":"3","bottom":"3","left":"3","isLinked":true},"border_radius":{"unit":"px","top":"0","right":"0","bottom":"0","left":"0","isLinked":true},"section_hover":"","hover_color":"#ffb116","button_background_hover_color":"rgba(0,0,0,0)"},"elements":[],"isInner":false,"widgetType":"button","elType":"widget"}],"isInner":false,"elType":"column"}],"isInner":false,"elType":"section"},{"id":"4d071314","settings":{"layout":"full_width","gap":"no","content_position":"middle","background_background":"classic","background_image":{"id":335,"url":"http:\/\/localhost\/test\/wp-content\/uploads\/2018\/09\/5-1-4.png"},"background_size":"cover","margin":{"unit":"px","top":"100","right":0,"bottom":"100","left":0,"isLinked":false},"margin_mobile":{"unit":"px","top":"50","right":0,"bottom":"0","left":0,"isLinked":false},"padding":{"unit":"px","top":"100","right":"0","bottom":"100","left":"0","isLinked":false},"padding_tablet":{"unit":"px","top":"100","right":"0","bottom":"100","left":"0","isLinked":false},"padding_mobile":{"unit":"px","top":"50","right":"0","bottom":"50","left":"0","isLinked":false}},"elements":[{"id":"70aa3a3e","settings":{"_column_size":100,"_inline_size":null},"elements":[{"id":"655adf99","settings":{"title":"Customer reviews","align":"center","title_color":"#363636","typography_typography":"custom","typography_font_size":{"unit":"px","size":"35"},"typography_font_size_tablet":{"unit":"px","size":"30"},"typography_font_size_mobile":{"unit":"px","size":"20"},"typography_font_family":"Poppins","typography_text_transform":"uppercase","typography_letter_spacing":{"unit":"px","size":"1.5"},"_padding":{"unit":"px","top":"30","right":"0","bottom":"0","left":"0","isLinked":false},"_padding_tablet":{"unit":"px","top":"0","right":"0","bottom":"70","left":"0","isLinked":false},"_padding_mobile":{"unit":"px","top":"0","right":"0","bottom":"30","left":"0","isLinked":false},"header_size":"h3"},"elements":[],"isInner":false,"widgetType":"heading","elType":"widget"},{"id":"67da3be0","settings":{"structure":"30","padding":{"unit":"px","top":"100","right":"100","bottom":"100","left":"100","isLinked":true},"padding_tablet":{"unit":"px","top":"0","right":"30","bottom":"0","left":"30","isLinked":false}},"elements":[{"id":"51f98a85","settings":{"_column_size":33,"_inline_size":null,"margin_tablet":{"unit":"px","top":"00","right":"00","bottom":"00","left":"00","isLinked":true},"padding":{"unit":"px","top":"0","right":"0","bottom":"0","left":"0","isLinked":true}},"elements":[{"id":"5044e542","settings":{"icon":"fa fa-quote-right","title_text":"","description_text":"Lorem ipsum dolor sit amet, consectetur adipiscing elit. Aenean fringilla lorem tortor, a vehicula mauris dignissim in. Vestibulum volutpat odio.","primary_color":"#ffb116","icon_size":{"unit":"px","size":"40"},"description_color":"#555555","description_typography_typography":"custom","description_typography_font_size":{"unit":"px","size":"13"},"description_typography_font_family":"Poppins","description_typography_font_style":"italic","_padding":{"unit":"px","top":"60","right":"60","bottom":"80","left":"60","isLinked":false},"_padding_tablet":{"unit":"px","top":"30","right":"30","bottom":"50","left":"30","isLinked":false},"_background_background":"classic","_background_color":"#ffffff","_border_width":{"unit":"px","top":"0","right":"1","bottom":"0","left":"0","isLinked":false},"_border_color":"#eaeaea","hover_primary_color":"#097a01"},"elements":[],"isInner":false,"widgetType":"icon-box","elType":"widget"},{"id":"45ebcf0f","settings":{"image":{"id":332,"url":"http:\/\/localhost\/test\/wp-content\/uploads\/2018\/09\/6.png"},"align_tablet":"center","align_mobile":"center","space":{"unit":"%","size":"25"},"_margin":{"unit":"px","top":"-70","right":"0","bottom":"0","left":"0","isLinked":false},"_margin_tablet":{"unit":"px","top":"-50","right":"0","bottom":"0","left":"0","isLinked":false}},"elements":[],"isInner":false,"widgetType":"image","elType":"widget"},{"id":"33c7d7","settings":{"title":"Freddy Knight","align":"center","title_color":"#363636","typography_typography":"custom","typography_font_size":{"unit":"px","size":"25"},"typography_font_size_tablet":{"unit":"px","size":"20"},"typography_font_family":"Lobster","typography_font_weight":"100","header_size":"p"},"elements":[],"isInner":false,"widgetType":"heading","elType":"widget"}],"isInner":true,"elType":"column"},{"id":"40911e15","settings":{"_column_size":33,"_inline_size":null,"padding":{"unit":"px","top":"0","right":"0","bottom":"0","left":"0","isLinked":true},"padding_mobile":{"unit":"px","top":"50","right":"0","bottom":"0","left":"0","isLinked":false}},"elements":[{"id":"3227845b","settings":{"icon":"fa fa-quote-right","title_text":"","description_text":"Lorem ipsum dolor sit amet, consectetur adipiscing elit. Aenean fringilla lorem tortor, a vehicula mauris dignissim in. Vestibulum volutpat odio.","primary_color":"#ffb116","icon_size":{"unit":"px","size":"40"},"description_color":"#555555","description_typography_typography":"custom","description_typography_font_size":{"unit":"px","size":"13"},"description_typography_font_family":"Poppins","description_typography_font_style":"italic","_padding":{"unit":"px","top":"60","right":"60","bottom":"80","left":"60","isLinked":false},"_padding_tablet":{"unit":"px","top":"30","right":"30","bottom":"50","left":"30","isLinked":false},"_background_background":"classic","_background_color":"#ffffff","_border_border":"solid","_border_width":{"unit":"px","top":"0","right":"1","bottom":"0","left":"1","isLinked":false},"_border_color":"#eaeaea","hover_primary_color":"#097a01"},"elements":[],"isInner":false,"widgetType":"icon-box","elType":"widget"},{"id":"2e92649","settings":{"image":{"id":333,"url":"http:\/\/localhost\/test\/wp-content\/uploads\/2018\/09\/7.png"},"align_tablet":"center","align_mobile":"center","space":{"unit":"%","size":"25"},"_margin":{"unit":"px","top":"-70","right":"0","bottom":"0","left":"0","isLinked":false},"_margin_tablet":{"unit":"px","top":"-50","right":"0","bottom":"0","left":"0","isLinked":false}},"elements":[],"isInner":false,"widgetType":"image","elType":"widget"},{"id":"72db931d","settings":{"title":"Alison Crowe","align":"center","title_color":"#363636","typography_typography":"custom","typography_font_size":{"unit":"px","size":"25"},"typography_font_size_tablet":{"unit":"px","size":"20"},"typography_font_family":"Lobster","typography_font_weight":"100","header_size":"p"},"elements":[],"isInner":false,"widgetType":"heading","elType":"widget"}],"isInner":true,"elType":"column"},{"id":"37e1db3d","settings":{"_column_size":33,"_inline_size":null,"padding":{"unit":"px","top":"0","right":"0","bottom":"0","left":"0","isLinked":true},"padding_mobile":{"unit":"px","top":"50","right":"0","bottom":"0","left":"0","isLinked":false}},"elements":[{"id":"8eafca5","settings":{"icon":"fa fa-quote-right","title_text":"","description_text":"Lorem ipsum dolor sit amet, consectetur adipiscing elit. Aenean fringilla lorem tortor, a vehicula mauris dignissim in. Vestibulum volutpat odio.","primary_color":"#ffb116","icon_size":{"unit":"px","size":"40"},"description_color":"#555555","description_typography_typography":"custom","description_typography_font_size":{"unit":"px","size":"13"},"description_typography_font_family":"Poppins","description_typography_font_style":"italic","_padding":{"unit":"px","top":"60","right":"60","bottom":"80","left":"60","isLinked":false},"_padding_tablet":{"unit":"px","top":"30","right":"30","bottom":"50","left":"30","isLinked":false},"_background_background":"classic","_background_color":"#ffffff","hover_primary_color":"#097a01"},"elements":[],"isInner":false,"widgetType":"icon-box","elType":"widget"},{"id":"28650e4","settings":{"image":{"id":334,"url":"http:\/\/localhost\/test\/wp-content\/uploads\/2018\/09\/8-3.png"},"align_tablet":"center","align_mobile":"center","space":{"unit":"%","size":"25"},"_margin":{"unit":"px","top":"-70","right":"0","bottom":"0","left":"0","isLinked":false},"_margin_tablet":{"unit":"px","top":"-50","right":"0","bottom":"0","left":"0","isLinked":false}},"elements":[],"isInner":false,"widgetType":"image","elType":"widget"},{"id":"5cce1cbc","settings":{"title":"morin nancy","align":"center","title_color":"#363636","typography_typography":"custom","typography_font_size":{"unit":"px","size":"25"},"typography_font_size_tablet":{"unit":"px","size":"20"},"typography_font_family":"Lobster","typography_font_weight":"100","header_size":"p"},"elements":[],"isInner":false,"widgetType":"heading","elType":"widget"}],"isInner":true,"elType":"column"}],"isInner":true,"elType":"section"}],"isInner":false,"elType":"column"}],"isInner":false,"elType":"section"},{"id":"6d701672","settings":{"gap":"no","padding_tablet":{"unit":"px","top":"0","right":"30","bottom":"0","left":"30","isLinked":false},"padding_mobile":{"unit":"px","top":"80","right":"20","bottom":"0","left":"20","isLinked":false}},"elements":[{"id":"708d0d61","settings":{"_column_size":100,"_inline_size":null},"elements":[{"id":"5f3ed952","settings":{"title":"News & ideas","align":"center","title_color":"#363636","typography_typography":"custom","typography_font_size":{"unit":"px","size":"35"},"typography_font_size_tablet":{"unit":"px","size":"30"},"typography_font_family":"Poppins","typography_text_transform":"uppercase","typography_letter_spacing":{"unit":"px","size":"1.5"},"_padding":{"unit":"px","top":"0","right":"0","bottom":"80","left":"0","isLinked":false},"_padding_tablet":{"unit":"px","top":"0","right":"0","bottom":"70","left":"0","isLinked":false},"_padding_mobile":{"unit":"px","top":"0","right":"0","bottom":"50","left":"0","isLinked":false}},"elements":[],"isInner":false,"widgetType":"heading","elType":"widget"},{"id":"7b7f9bb0","settings":{"columns":"4","columns_tablet":"2","columns_mobile":"1","classic_posts_per_page":4,"classic_meta_separator":"\/\/\/","classic_read_more_text":"Read More \u00bb","offset":"","section_design_layout":"","classic_column_gap":{"unit":"px","size":25},"classic_row_gap":{"unit":"px","size":"50"},"section_design_image":"","classic_image_spacing":{"unit":"px","size":"20"},"section_design_content":"","classic_title_color":"#363636","classic_title_typography_typography":"custom","classic_title_typography_font_size":{"unit":"px","size":"20"},"classic_title_typography_font_family":"Lobster","classic_title_typography_font_weight":"100","classic_title_typography_line_height":{"unit":"em","size":"3"},"classic_title_typography_line_height_tablet":{"unit":"em","size":1.4},"classic_title_typography_line_height_mobile":{"unit":"em","size":1.1},"classic_meta_typography_typography":"custom","classic_meta_typography_font_family":"Poppins","classic_meta_typography_line_height_mobile":{"unit":"em","size":0.1},"classic_excerpt_color":"#555555","classic_excerpt_typography_font_family":"Poppins","classic_read_more_color":"#ffb116","classic_read_more_typography_typography":"custom","classic_read_more_typography_font_size":{"unit":"px","size":"15"},"classic_read_more_typography_font_family":"Poppins","classic_read_more_typography_font_weight":"600","_padding_mobile":{"unit":"px","top":"0","right":"0","bottom":"0","left":"0","isLinked":true},"classic_columns":"4","cards_meta_separator":"\u2022","cards_read_more_text":"Read More \u00bb","pagination_page_limit":"5","pagination_prev_label":"&laquo; Previous","pagination_next_label":"Next &raquo;","classic_columns_mobile":"2","classic_item_ratio_mobile":{"unit":"px","size":1},"classic_excerpt_length":13,"classic_meta_data":[],"classic_title_spacing":{"unit":"px","size":24},"classic_meta_typography_font_size_mobile":{"unit":"px","size":9},"classic_excerpt_spacing":{"unit":"px","size":6},"order":"asc"},"elements":[],"isInner":false,"widgetType":"posts","elType":"widget"}],"isInner":false,"elType":"column"}],"isInner":false,"elType":"section"},{"id":"27dee1dd","settings":{"layout":"full_width","gap":"no","background_background":"classic","background_image":{"id":336,"url":"http:\/\/localhost\/test\/wp-content\/uploads\/2018\/09\/11..png"},"background_position":"center left","background_size":"cover","margin":{"unit":"px","top":"100","right":0,"bottom":"0","left":0,"isLinked":false},"margin_mobile":{"unit":"px","top":"0","right":0,"bottom":"0","left":0,"isLinked":true},"padding":{"unit":"px","top":"150","right":"0","bottom":"150","left":"0","isLinked":false},"padding_tablet":{"unit":"px","top":"100","right":"0","bottom":"100","left":"0","isLinked":false},"padding_mobile":{"unit":"px","top":"80","right":"0","bottom":"80","left":"0","isLinked":false},"background_overlay_hover_background":"classic","background_overlay_hover_color":"#000000"},"elements":[{"id":"4629ce26","settings":{"_column_size":100,"_inline_size":null,"margin":{"unit":"%","top":"00","right":"10","bottom":"0","left":"55","isLinked":false},"margin_tablet":{"unit":"px","top":"0","right":"50","bottom":"0","left":"50","isLinked":false},"padding_tablet":{"unit":"px","top":"0","right":"0","bottom":"0","left":"0","isLinked":true}},"elements":[{"id":"6bc74a08","settings":{"title":"\u201cPlant your own garden \nand decorate your own soul \ninstead of waiting for someone \nto bring you flowers\u201d ","align_tablet":"center","title_color":"#ffffff","typography_typography":"custom","typography_font_size":{"unit":"px","size":"50"},"typography_font_size_tablet":{"unit":"px","size":"45"},"typography_font_size_mobile":{"unit":"px","size":"30"},"typography_font_family":"Lobster","typography_font_weight":"100","typography_line_height":{"unit":"em","size":1.3},"_margin_tablet":{"unit":"px","top":"0","right":"0","bottom":"0","left":"0","isLinked":true},"_padding_tablet":{"unit":"px","top":"0","right":"0","bottom":"0","left":"0","isLinked":true},"header_size":"h4"},"elements":[],"isInner":false,"widgetType":"heading","elType":"widget"}],"isInner":false,"elType":"column"}],"isInner":false,"elType":"section"}]}