{"version":"0.4","title":"Homepage-Delivery-Company-page.","type":"page","content":[{"id":"47b6d53b","settings":{"section_layout":"","layout":"full_width","content_width":{"unit":"px","size":1140},"height":"min-height","custom_height":{"unit":"px","size":0},"section_background":"","background_background":"classic","background_image":{"id":218,"url":"http:\/\/localhost\/test\/wp-content\/uploads\/2018\/09\/10.jpg"},"background_size":"cover","background_overlay_title":"","section_border":"","box_shadow_box_shadow":{"horizontal":0,"vertical":0,"blur":10,"spread":0,"inset":"","color":"rgba(0,0,0,0.5)"},"section_typo":"","section_advanced":"","padding":{"unit":"px","top":"250","right":"0","bottom":"250","left":"0","isLinked":false},"_section_responsive":"","responsive_description":"","background_overlay_section":"","padding_tablet":{"unit":"px","top":"150","right":"0","bottom":"150","left":"0","isLinked":false},"padding_mobile":{"unit":"px","top":"260","right":"0","bottom":"60","left":"30","isLinked":false},"reverse_order_mobile":"reverse-mobile","heading_visibility":"","section_custom_css":"","custom_css_description":""},"elements":[{"id":"4803f70f","settings":{"_column_size":100,"_inline_size":null,"section_style":"","background_background":"classic","background_color":"rgba(255,255,255,0.82)","box_shadow_box_shadow":{"horizontal":0,"vertical":0,"blur":10,"spread":0,"inset":"","color":"rgba(0,0,0,0.5)"},"section_typo":"","section_advanced":"","margin":{"unit":"%","top":"0","right":"0","bottom":"0","left":"60","isLinked":false},"padding":{"unit":"px","top":"80","right":"80","bottom":"80","left":"80","isLinked":true},"section_responsive":"","screen_sm":"default","screen_sm_width":"100","screen_xs":"default","screen_xs_width":"100","margin_tablet":{"unit":"%","top":"0","right":"0","bottom":"0","left":"50","isLinked":false},"margin_mobile":{"unit":"px","top":"0","right":"0","bottom":"0","left":"0","isLinked":true},"padding_tablet":{"unit":"px","top":"30","right":"30","bottom":"30","left":"30","isLinked":true},"padding_mobile":{"unit":"px","top":"30","right":"30","bottom":"30","left":"30","isLinked":true},"section_custom_css":"","custom_css_description":"","section_background_overlay":""},"elements":[{"id":"6cde387","settings":{"section_title":"","title":"Welcome to D&B","link":{"is_external":"","url":""},"size":"large","header_size":"h1","section_title_style":"","title_color":"#f84d43","typography_typography":"custom","typography_font_size":{"unit":"px","size":"40"},"typography_font_family":"Roboto Condensed","typography_font_weight":"600","typography_text_transform":"capitalize","typography_letter_spacing":{"unit":"px","size":"0.8"},"_section_style":"","_section_background":"","_box_shadow_box_shadow":{"horizontal":0,"vertical":0,"blur":10,"spread":0,"inset":"","color":"rgba(0,0,0,0.5)"},"_section_responsive":"","responsive_description":"","typography_font_size_tablet":{"unit":"px","size":"45"},"typography_font_size_mobile":{"unit":"px","size":"35"},"section_custom_css":"","custom_css_description":""},"elements":[],"isInner":false,"widgetType":"heading","elType":"widget"},{"id":"1f8ed673","settings":{"section_editor":"","editor":"<p>Less than 24Hr delivery <br \/>right to your door<\/p>","section_style":"","typography_typography":"custom","typography_font_size":{"unit":"px","size":"28"},"typography_font_family":"Roboto Condensed","typography_text_transform":"capitalize","typography_line_height":{"unit":"em","size":"1.3"},"_section_style":"","_padding":{"unit":"%","top":"","right":"","bottom":"","left":"","isLinked":true},"_section_background":"","_box_shadow_box_shadow":{"horizontal":0,"vertical":0,"blur":10,"spread":0,"inset":"","color":"rgba(0,0,0,0.5)"},"_section_responsive":"","responsive_description":"","typography_font_size_tablet":{"unit":"px","size":"25"},"typography_font_size_mobile":{"unit":"px","size":"25"},"section_custom_css":"","custom_css_description":""},"elements":[],"isInner":false,"widgetType":"text-editor","elType":"widget"}],"isInner":false,"elType":"column"}],"isInner":false,"elType":"section"},{"id":"568febcd","settings":{"section_layout":"","content_width":{"unit":"px","size":"1040"},"structure":"30","section_background":"","background_overlay_title":"","section_border":"","box_shadow_box_shadow":{"horizontal":0,"vertical":0,"blur":10,"spread":0,"inset":"","color":"rgba(0,0,0,0.5)"},"section_typo":"","section_advanced":"","padding":{"unit":"px","top":"100","right":"0","bottom":"0","left":"0","isLinked":false},"_section_responsive":"","responsive_description":"","background_overlay_section":"","padding_tablet":{"unit":"px","top":"70","right":"30","bottom":"30","left":"30","isLinked":false},"padding_mobile":{"unit":"px","top":"30","right":"30","bottom":"30","left":"30","isLinked":true},"heading_visibility":"","section_custom_css":"","custom_css_description":""},"elements":[{"id":"2da06e43","settings":{"_column_size":33,"_inline_size":null,"section_style":"","box_shadow_box_shadow":{"horizontal":0,"vertical":0,"blur":10,"spread":0,"inset":"","color":"rgba(0,0,0,0.5)"},"section_typo":"","section_advanced":"","section_responsive":"","screen_sm":"custom","screen_sm_width":"100","screen_xs":"default","screen_xs_width":"100","section_custom_css":"","custom_css_description":"","section_background_overlay":""},"elements":[{"id":"1ce5ebd","settings":{"section_image":"","image":{"id":219,"url":"http:\/\/localhost\/test\/wp-content\/uploads\/2018\/09\/6..png"},"title_text":"Important Telegrams","description_text":"Vivamus elementum massa neque, sed fringilla mi malesuada aliquet. Vivamus pharetra ultricies. ","link":{"is_external":"","url":""},"position":"left","section_style_image":"","image_opacity":{"unit":"px","size":1},"section_style_content":"","heading_title":"","title_color":"#333333","title_typography_typography":"custom","title_typography_font_size":{"unit":"px","size":"25"},"title_typography_font_family":"Roboto Condensed","title_typography_font_weight":"900","heading_description":"","description_typography_typography":"custom","description_typography_font_size":{"unit":"px","size":"16"},"description_typography_font_family":"Roboto Condensed","description_typography_letter_spacing":{"unit":"px","size":"0.8"},"_section_style":"","_section_background":"","_box_shadow_box_shadow":{"horizontal":0,"vertical":0,"blur":10,"spread":0,"inset":"","color":"rgba(0,0,0,0.5)"},"_section_responsive":"","responsive_description":"","text_align_tablet":"left","title_typography_font_size_tablet":{"unit":"px","size":"18"},"title_typography_font_size_mobile":{"unit":"px","size":"25"},"description_typography_font_size_tablet":{"unit":"px","size":"14"},"section_custom_css":"","custom_css_description":""},"elements":[],"isInner":false,"widgetType":"image-box","elType":"widget"}],"isInner":false,"elType":"column"},{"id":"6955f556","settings":{"_column_size":33,"_inline_size":null,"section_style":"","box_shadow_box_shadow":{"horizontal":0,"vertical":0,"blur":10,"spread":0,"inset":"","color":"rgba(0,0,0,0.5)"},"section_typo":"","section_advanced":"","section_responsive":"","screen_sm":"default","screen_sm_width":"100","screen_xs":"default","screen_xs_width":"100","section_custom_css":"","custom_css_description":"","section_background_overlay":""},"elements":[{"id":"5dce23c2","settings":{"section_image":"","image":{"id":220,"url":"http:\/\/localhost\/test\/wp-content\/uploads\/2018\/09\/2..png"},"title_text":"Online Confirmation","description_text":"Vivamus elementum massa neque, sed fringilla mi malesuada aliquet. Vivamus pharetra ultricies. ","link":{"is_external":"","url":""},"position":"left","section_style_image":"","image_opacity":{"unit":"px","size":1},"section_style_content":"","heading_title":"","title_color":"#333333","title_typography_typography":"custom","title_typography_font_size":{"unit":"px","size":"25"},"title_typography_font_family":"Roboto Condensed","title_typography_font_weight":"900","heading_description":"","description_typography_typography":"custom","description_typography_font_size":{"unit":"px","size":"16"},"description_typography_font_family":"Roboto Condensed","description_typography_letter_spacing":{"unit":"px","size":"0.8"},"_section_style":"","_section_background":"","_box_shadow_box_shadow":{"horizontal":0,"vertical":0,"blur":10,"spread":0,"inset":"","color":"rgba(0,0,0,0.5)"},"_section_responsive":"","responsive_description":"","text_align_tablet":"left","title_typography_font_size_tablet":{"unit":"px","size":"18"},"title_typography_font_size_mobile":{"unit":"px","size":"25"},"description_typography_font_size_tablet":{"unit":"px","size":"14"},"_padding_mobile":{"unit":"px","top":"20","right":"0","bottom":"0","left":"0","isLinked":false},"section_custom_css":"","custom_css_description":""},"elements":[],"isInner":false,"widgetType":"image-box","elType":"widget"}],"isInner":false,"elType":"column"},{"id":"62219f5f","settings":{"_column_size":33,"_inline_size":null,"section_style":"","box_shadow_box_shadow":{"horizontal":0,"vertical":0,"blur":10,"spread":0,"inset":"","color":"rgba(0,0,0,0.5)"},"section_typo":"","section_advanced":"","section_responsive":"","screen_sm":"default","screen_sm_width":"100","screen_xs":"default","screen_xs_width":"100","section_custom_css":"","custom_css_description":"","section_background_overlay":""},"elements":[{"id":"29c246c6","settings":{"section_image":"","image":{"id":221,"url":"http:\/\/localhost\/test\/wp-content\/uploads\/2018\/09\/4..png"},"title_text":"Direct Support","description_text":"Vivamus elementum massa neque, sed fringilla mi malesuada aliquet. Vivamus pharetra ultricies. ","link":{"is_external":"","url":""},"position":"left","section_style_image":"","image_opacity":{"unit":"px","size":1},"section_style_content":"","heading_title":"","title_color":"#333333","title_typography_typography":"custom","title_typography_font_size":{"unit":"px","size":"25"},"title_typography_font_family":"Roboto Condensed","title_typography_font_weight":"900","heading_description":"","description_typography_typography":"custom","description_typography_font_size":{"unit":"px","size":"16"},"description_typography_font_family":"Roboto Condensed","description_typography_letter_spacing":{"unit":"px","size":"0.8"},"_section_style":"","_section_background":"","_box_shadow_box_shadow":{"horizontal":0,"vertical":0,"blur":10,"spread":0,"inset":"","color":"rgba(0,0,0,0.5)"},"_section_responsive":"","responsive_description":"","text_align_tablet":"left","title_typography_font_size_tablet":{"unit":"px","size":"18"},"title_typography_font_size_mobile":{"unit":"px","size":"25"},"description_typography_font_size_tablet":{"unit":"px","size":"14"},"_padding_mobile":{"unit":"px","top":"20","right":"0","bottom":"0","left":"0","isLinked":false},"section_custom_css":"","custom_css_description":""},"elements":[],"isInner":false,"widgetType":"image-box","elType":"widget"}],"isInner":false,"elType":"column"}],"isInner":false,"elType":"section"},{"id":"58788648","settings":{"section_layout":"","content_width":{"unit":"px","size":"1040"},"structure":"30","section_background":"","background_overlay_title":"","section_border":"","box_shadow_box_shadow":{"horizontal":0,"vertical":0,"blur":10,"spread":0,"inset":"","color":"rgba(0,0,0,0.5)"},"section_typo":"","section_advanced":"","padding":{"unit":"px","top":"40","right":"0","bottom":"100","left":"0","isLinked":false},"_section_responsive":"","responsive_description":"","background_overlay_section":"","padding_tablet":{"unit":"px","top":"30","right":"30","bottom":"70","left":"30","isLinked":false},"padding_mobile":{"unit":"px","top":"0","right":"30","bottom":"30","left":"30","isLinked":false},"heading_visibility":"","section_custom_css":"","custom_css_description":""},"elements":[{"id":"14999a81","settings":{"_column_size":33,"_inline_size":null,"section_style":"","box_shadow_box_shadow":{"horizontal":0,"vertical":0,"blur":10,"spread":0,"inset":"","color":"rgba(0,0,0,0.5)"},"section_typo":"","section_advanced":"","section_responsive":"","screen_sm":"custom","screen_sm_width":"100","screen_xs":"default","screen_xs_width":"100","section_custom_css":"","custom_css_description":"","section_background_overlay":""},"elements":[{"id":"57738eb5","settings":{"section_image":"","image":{"id":222,"url":"http:\/\/localhost\/test\/wp-content\/uploads\/2018\/09\/5..png"},"title_text":"Wordwide Coverage","description_text":"Vivamus elementum massa neque, sed fringilla mi malesuada aliquet. Vivamus pharetra ultricies. ","link":{"is_external":"","url":""},"position":"left","section_style_image":"","image_opacity":{"unit":"px","size":1},"section_style_content":"","heading_title":"","title_color":"#333333","title_typography_typography":"custom","title_typography_font_size":{"unit":"px","size":"25"},"title_typography_font_family":"Roboto Condensed","title_typography_font_weight":"900","heading_description":"","description_typography_typography":"custom","description_typography_font_size":{"unit":"px","size":"16"},"description_typography_font_family":"Roboto Condensed","description_typography_letter_spacing":{"unit":"px","size":"0.8"},"_section_style":"","_section_background":"","_box_shadow_box_shadow":{"horizontal":0,"vertical":0,"blur":10,"spread":0,"inset":"","color":"rgba(0,0,0,0.5)"},"_section_responsive":"","responsive_description":"","text_align_tablet":"left","title_typography_font_size_tablet":{"unit":"px","size":"18"},"title_typography_font_size_mobile":{"unit":"px","size":"25"},"description_typography_font_size_tablet":{"unit":"px","size":"14"},"_padding_mobile":{"unit":"px","top":"20","right":"0","bottom":"0","left":"0","isLinked":false},"section_custom_css":"","custom_css_description":""},"elements":[],"isInner":false,"widgetType":"image-box","elType":"widget"}],"isInner":false,"elType":"column"},{"id":"5b8f1b3d","settings":{"_column_size":33,"_inline_size":null,"section_style":"","box_shadow_box_shadow":{"horizontal":0,"vertical":0,"blur":10,"spread":0,"inset":"","color":"rgba(0,0,0,0.5)"},"section_typo":"","section_advanced":"","section_responsive":"","screen_sm":"default","screen_sm_width":"100","screen_xs":"default","screen_xs_width":"100","section_custom_css":"","custom_css_description":"","section_background_overlay":""},"elements":[{"id":"2830efe1","settings":{"section_image":"","image":{"id":223,"url":"http:\/\/localhost\/test\/wp-content\/uploads\/2018\/09\/1..png"},"title_text":"Mobile Notifications","description_text":"Vivamus elementum massa neque, sed fringilla mi malesuada aliquet. Vivamus pharetra ultricies. ","link":{"is_external":"","url":""},"position":"left","section_style_image":"","image_opacity":{"unit":"px","size":1},"section_style_content":"","heading_title":"","title_color":"#333333","title_typography_typography":"custom","title_typography_font_size":{"unit":"px","size":"25"},"title_typography_font_family":"Roboto Condensed","title_typography_font_weight":"900","heading_description":"","description_typography_typography":"custom","description_typography_font_size":{"unit":"px","size":"16"},"description_typography_font_family":"Roboto Condensed","description_typography_letter_spacing":{"unit":"px","size":"0.8"},"_section_style":"","_section_background":"","_box_shadow_box_shadow":{"horizontal":0,"vertical":0,"blur":10,"spread":0,"inset":"","color":"rgba(0,0,0,0.5)"},"_section_responsive":"","responsive_description":"","text_align_tablet":"left","title_typography_font_size_tablet":{"unit":"px","size":"18"},"title_typography_font_size_mobile":{"unit":"px","size":"25"},"description_typography_font_size_tablet":{"unit":"px","size":"14"},"_padding_mobile":{"unit":"px","top":"20","right":"0","bottom":"0","left":"0","isLinked":false},"section_custom_css":"","custom_css_description":""},"elements":[],"isInner":false,"widgetType":"image-box","elType":"widget"}],"isInner":false,"elType":"column"},{"id":"25e5de0f","settings":{"_column_size":33,"_inline_size":null,"section_style":"","box_shadow_box_shadow":{"horizontal":0,"vertical":0,"blur":10,"spread":0,"inset":"","color":"rgba(0,0,0,0.5)"},"section_typo":"","section_advanced":"","section_responsive":"","screen_sm":"default","screen_sm_width":"100","screen_xs":"default","screen_xs_width":"100","section_custom_css":"","custom_css_description":"","section_background_overlay":""},"elements":[{"id":"4c2dd06f","settings":{"section_image":"","image":{"id":224,"url":"http:\/\/localhost\/test\/wp-content\/uploads\/2018\/09\/3..png"},"title_text":"Tracking System","description_text":"Vivamus elementum massa neque, sed fringilla mi malesuada aliquet. Vivamus pharetra ultricies. ","link":{"is_external":"","url":""},"position":"left","section_style_image":"","image_opacity":{"unit":"px","size":1},"section_style_content":"","heading_title":"","title_color":"#333333","title_typography_typography":"custom","title_typography_font_size":{"unit":"px","size":"25"},"title_typography_font_family":"Roboto Condensed","title_typography_font_weight":"900","heading_description":"","description_typography_typography":"custom","description_typography_font_size":{"unit":"px","size":"16"},"description_typography_font_family":"Roboto Condensed","description_typography_letter_spacing":{"unit":"px","size":"0.8"},"_section_style":"","_section_background":"","_box_shadow_box_shadow":{"horizontal":0,"vertical":0,"blur":10,"spread":0,"inset":"","color":"rgba(0,0,0,0.5)"},"_section_responsive":"","responsive_description":"","text_align_tablet":"left","title_typography_font_size_tablet":{"unit":"px","size":"18"},"title_typography_font_size_mobile":{"unit":"px","size":"25"},"description_typography_font_size_tablet":{"unit":"px","size":"14"},"_padding_mobile":{"unit":"px","top":"20","right":"0","bottom":"0","left":"0","isLinked":false},"section_custom_css":"","custom_css_description":""},"elements":[],"isInner":false,"widgetType":"image-box","elType":"widget"}],"isInner":false,"elType":"column"}],"isInner":false,"elType":"section"},{"id":"177f91d2","settings":{"section_layout":"","layout":"full_width","content_width":{"unit":"px","size":1140},"gap":"no","content_position":"middle","structure":"20","section_background":"","background_overlay_title":"","section_border":"","box_shadow_box_shadow":{"horizontal":0,"vertical":0,"blur":10,"spread":0,"inset":"","color":"rgba(0,0,0,0.5)"},"section_typo":"","section_advanced":"","padding":{"unit":"px","top":"0","right":"0","bottom":"0","left":"0","isLinked":true},"_section_responsive":"","responsive_description":"","background_overlay_section":"","margin_tablet":{"unit":"px","top":"0","right":0,"bottom":"0","left":0,"isLinked":true},"padding_tablet":{"unit":"px","top":"0","right":"0","bottom":"0","left":"0","isLinked":true},"heading_visibility":"","section_custom_css":"","custom_css_description":""},"elements":[{"id":"7ca4f9ea","settings":{"_column_size":50,"_inline_size":null,"section_style":"","background_background":"classic","background_image":{"id":225,"url":"http:\/\/localhost\/test\/wp-content\/uploads\/2018\/09\/7..png"},"background_position":"center center","background_size":"cover","box_shadow_box_shadow":{"horizontal":0,"vertical":0,"blur":10,"spread":0,"inset":"","color":"rgba(0,0,0,0.5)"},"section_typo":"","section_advanced":"","padding":{"unit":"px","top":"250","right":"250","bottom":"250","left":"250","isLinked":true},"section_responsive":"","screen_sm":"default","screen_sm_width":"100","screen_xs":"default","screen_xs_width":"100","padding_tablet":{"unit":"px","top":"0","right":"0","bottom":"0","left":"0","isLinked":true},"padding_mobile":{"unit":"px","top":"100","right":"0","bottom":"100","left":"0","isLinked":false},"section_custom_css":"","custom_css_description":"","section_background_overlay":""},"elements":[{"id":"3a8a8be3","settings":{"section_spacer":"","space_tablet":{"unit":"px","size":50},"space_mobile":{"unit":"px","size":50},"_section_style":"","_section_background":"","_box_shadow_box_shadow":{"horizontal":0,"vertical":0,"blur":10,"spread":0,"inset":"","color":"rgba(0,0,0,0.5)"},"_section_responsive":"","responsive_description":"","section_custom_css":"","custom_css_description":""},"elements":[],"isInner":false,"widgetType":"spacer","elType":"widget"}],"isInner":false,"elType":"column"},{"id":"6afbf78b","settings":{"_column_size":50,"_inline_size":null,"section_style":"","background_background":"classic","background_color":"#f84d43","box_shadow_box_shadow":{"horizontal":0,"vertical":0,"blur":10,"spread":0,"inset":"","color":"rgba(0,0,0,0.5)"},"section_typo":"","section_advanced":"","padding":{"unit":"px","top":"80","right":"80","bottom":"80","left":"80","isLinked":true},"section_responsive":"","screen_sm":"default","screen_sm_width":"100","screen_xs":"default","screen_xs_width":"100","padding_tablet":{"unit":"px","top":"50","right":"50","bottom":"50","left":"50","isLinked":true},"padding_mobile":{"unit":"px","top":"30","right":"30","bottom":"30","left":"30","isLinked":true},"section_custom_css":"","custom_css_description":"","section_background_overlay":""},"elements":[{"id":"29ebc110","settings":{"section_title":"","title":"Our services","link":{"is_external":"","url":""},"size":"large","section_title_style":"","title_color":"#ffffff","typography_typography":"custom","typography_font_size":{"unit":"px","size":"40"},"typography_font_family":"Roboto Condensed","typography_font_weight":"600","typography_text_transform":"capitalize","typography_line_height":{"unit":"em","size":"1.5"},"typography_letter_spacing":{"unit":"px","size":"1.5"},"_section_style":"","_section_background":"","_box_shadow_box_shadow":{"horizontal":0,"vertical":0,"blur":10,"spread":0,"inset":"","color":"rgba(0,0,0,0.5)"},"_section_responsive":"","responsive_description":"","section_custom_css":"","custom_css_description":""},"elements":[],"isInner":false,"widgetType":"heading","elType":"widget"},{"id":"31b974b4","settings":{"section_icon":"","icon_list":[{"text":"Vivamus elementum massa neque. ","icon":"fa fa-angle-right","link":{"url":"","is_external":"","nofollow":""},"_id":"faud15n"},{"text":"sed fringilla mi malesuada aliquet. ","icon":"fa fa-angle-right","link":{"url":"","is_external":"","nofollow":""},"_id":"ymvqyb4"},{"text":"Vivamus pharetra ultricies.","icon":"fa fa-angle-right","link":{"url":"","is_external":"","nofollow":""},"_id":"klrk1zx"},{"text":"Donec sit amet erat leo tibulum felis.","icon":"fa fa-angle-right","link":{"url":"","is_external":"","nofollow":""},"_id":"2xz5zny"},{"text":"Nulla vitae commodo elit. ","icon":"fa fa-angle-right","link":{"url":"","is_external":"","nofollow":""},"_id":"rug291x"},{"text":"Donec euismod ipsum massa.","icon":"fa fa-angle-right","link":{"url":"","is_external":"","nofollow":""},"_id":"pdtg5q4"},{"text":"Nam faucibus pulvinar dictum.","icon":"fa fa-angle-right","link":{"url":"","is_external":"","nofollow":""},"_id":"xelg2dy"}],"section_icon_style":"","icon_color":"#2323d6","icon_size":{"unit":"px","size":22},"section_text_style":"","text_color":"#ffffff","icon_typography_typography":"custom","icon_typography_font_size":{"unit":"px","size":"16"},"icon_typography_font_family":"Roboto Condensed","icon_typography_line_height":{"unit":"em","size":"2.5"},"icon_typography_letter_spacing":{"unit":"px","size":"0.8"},"_section_style":"","_section_background":"","_box_shadow_box_shadow":{"horizontal":0,"vertical":0,"blur":10,"spread":0,"inset":"","color":"rgba(0,0,0,0.5)"},"_section_responsive":"","responsive_description":"","icon_typography_font_size_tablet":{"unit":"px","size":"14"},"_margin_mobile":{"unit":"px","top":"0","right":"0","bottom":"0","left":"0","isLinked":true},"_padding_mobile":{"unit":"px","top":"0","right":"0","bottom":"0","left":"0","isLinked":true},"section_custom_css":"","custom_css_description":""},"elements":[],"isInner":false,"widgetType":"icon-list","elType":"widget"}],"isInner":false,"elType":"column"}],"isInner":false,"elType":"section"},{"id":"1c2bf955","settings":{"section_layout":"","content_width":{"unit":"px","size":"1040"},"section_background":"","background_background":"classic","background_color":"#2323d6","background_overlay_title":"","section_border":"","box_shadow_box_shadow":{"horizontal":0,"vertical":0,"blur":10,"spread":0,"inset":"","color":"rgba(0,0,0,0.5)"},"section_typo":"","section_advanced":"","padding":{"unit":"px","top":"40","right":"40","bottom":"40","left":"40","isLinked":true},"_section_responsive":"","responsive_description":"","background_overlay_section":"","heading_visibility":"","section_custom_css":"","custom_css_description":""},"elements":[{"id":"41374a05","settings":{"_column_size":100,"_inline_size":null,"section_style":"","box_shadow_box_shadow":{"horizontal":0,"vertical":0,"blur":10,"spread":0,"inset":"","color":"rgba(0,0,0,0.5)"},"section_typo":"","section_advanced":"","section_responsive":"","screen_sm":"default","screen_sm_width":"100","screen_xs":"default","screen_xs_width":"100","margin_mobile":{"unit":"px","top":"0","right":"0","bottom":"0","left":"0","isLinked":true},"padding_mobile":{"unit":"px","top":"0","right":"0","bottom":"0","left":"0","isLinked":true},"section_custom_css":"","custom_css_description":"","section_background_overlay":""},"elements":[{"id":"6cd4a5b8","settings":{"section_layout":"","content_width":{"unit":"px","size":"1140"},"content_position":"middle","structure":"20","section_background":"","background_background":"classic","background_color":"#ffffff","background_overlay_title":"","section_border":"","box_shadow_box_shadow":{"horizontal":0,"vertical":0,"blur":10,"spread":0,"inset":"","color":"rgba(0,0,0,0.5)"},"section_typo":"","section_advanced":"","padding":{"unit":"px","top":"20","right":"0","bottom":"20","left":"0","isLinked":false},"_section_responsive":"","responsive_description":"","background_overlay_section":"","heading_visibility":"","section_custom_css":"","custom_css_description":""},"elements":[{"id":"63cc4943","settings":{"_column_size":50,"_inline_size":"23.636","section_style":"","box_shadow_box_shadow":{"horizontal":0,"vertical":0,"blur":10,"spread":0,"inset":"","color":"rgba(0,0,0,0.5)"},"section_typo":"","section_advanced":"","section_responsive":"","screen_sm":"default","screen_sm_width":"100","screen_xs":"default","screen_xs_width":"100","section_custom_css":"","custom_css_description":"","section_background_overlay":""},"elements":[{"id":"74aad110","settings":{"section_image":"","image":{"id":226,"url":"http:\/\/localhost\/test\/wp-content\/uploads\/2018\/09\/4.png"},"align":"center","link":{"is_external":"","url":""},"section_style_image":"","space":{"unit":"%","size":100},"opacity":{"unit":"px","size":1},"image_box_shadow_box_shadow":{"horizontal":0,"vertical":0,"blur":10,"spread":0,"inset":"","color":"rgba(0,0,0,0.5)"},"section_style_caption":"","caption_typography_font_size":{"unit":"px","size":15},"_section_style":"","_padding":{"unit":"px","top":"0","right":"10","bottom":"0","left":"10","isLinked":false},"_section_background":"","_box_shadow_box_shadow":{"horizontal":0,"vertical":0,"blur":10,"spread":0,"inset":"","color":"rgba(0,0,0,0.5)"},"_section_responsive":"","responsive_description":"","align_tablet":"center","align_mobile":"center","section_custom_css":"","custom_css_description":""},"elements":[],"isInner":false,"widgetType":"image","elType":"widget"}],"isInner":true,"elType":"column"},{"id":"7ab12782","settings":{"_column_size":50,"_inline_size":"76.364","section_style":"","box_shadow_box_shadow":{"horizontal":0,"vertical":0,"blur":10,"spread":0,"inset":"","color":"rgba(0,0,0,0.5)"},"section_typo":"","section_advanced":"","section_responsive":"","screen_sm":"default","screen_sm_width":"100","screen_xs":"default","screen_xs_width":"100","section_custom_css":"","custom_css_description":"","section_background_overlay":""},"elements":[{"id":"2ec7b6a2","settings":{"section_editor":"","editor":"<p>\"Lorem ipsum dolor sit amet, consectetur adipiscing elit. Nam sodales fermentum gravida. Vivamus elementum massa neque, sed fringilla mi malesuada aliquet. Vivamus pharetra ultricies dolor ut consectetur. Nunc quis dolor sed arcu sodales varius\"<\/p>","section_style":"","typography_typography":"custom","typography_font_size":{"unit":"px","size":"16"},"typography_font_family":"Roboto Condensed","typography_letter_spacing":{"unit":"px","size":"0.8"},"_section_style":"","_padding":{"unit":"%","top":"0","right":"07","bottom":"0","left":"0","isLinked":false},"_section_background":"","_box_shadow_box_shadow":{"horizontal":0,"vertical":0,"blur":10,"spread":0,"inset":"","color":"rgba(0,0,0,0.5)"},"_section_responsive":"","responsive_description":"","align_mobile":"center","typography_font_size_mobile":{"unit":"px","size":"14"},"_padding_mobile":{"unit":"px","top":"0","right":"10","bottom":"0","left":"10","isLinked":false},"section_custom_css":"","custom_css_description":""},"elements":[],"isInner":false,"widgetType":"text-editor","elType":"widget"},{"id":"3554d5bf","settings":{"section_title":"","title":"Jonathan Baron","link":{"is_external":"","url":""},"size":"large","header_size":"h5","section_title_style":"","title_color":"#333333","typography_typography":"custom","typography_font_size":{"unit":"px","size":"20"},"typography_font_family":"Roboto Condensed","typography_font_weight":"900","typography_letter_spacing":{"unit":"px","size":"1"},"_section_style":"","_section_background":"","_box_shadow_box_shadow":{"horizontal":0,"vertical":0,"blur":10,"spread":0,"inset":"","color":"rgba(0,0,0,0.5)"},"_section_responsive":"","responsive_description":"","align_mobile":"center","section_custom_css":"","custom_css_description":""},"elements":[],"isInner":false,"widgetType":"heading","elType":"widget"}],"isInner":true,"elType":"column"}],"isInner":true,"elType":"section"}],"isInner":false,"elType":"column"}],"isInner":false,"elType":"section"},{"id":"5b798012","settings":{"section_layout":"","content_width":{"unit":"px","size":1140},"gap":"no","structure":"20","section_background":"","background_overlay_title":"","section_border":"","box_shadow_box_shadow":{"horizontal":0,"vertical":0,"blur":10,"spread":0,"inset":"","color":"rgba(0,0,0,0.5)"},"section_typo":"","section_advanced":"","padding":{"unit":"px","top":"150","right":"150","bottom":"150","left":"150","isLinked":true},"_section_responsive":"","responsive_description":"","background_overlay_section":"","padding_tablet":{"unit":"px","top":"70","right":"30","bottom":"70","left":"30","isLinked":false},"heading_visibility":"","section_custom_css":"","custom_css_description":""},"elements":[{"id":"466e2a59","settings":{"_column_size":50,"_inline_size":null,"section_style":"","background_background":"classic","background_color":"#333333","box_shadow_box_shadow":{"horizontal":0,"vertical":0,"blur":10,"spread":0,"inset":"","color":"rgba(0,0,0,0.5)"},"section_typo":"","section_advanced":"","margin":{"unit":"px","top":"0","right":"12","bottom":"0","left":"12","isLinked":false},"padding":{"unit":"px","top":"0","right":"0","bottom":"50","left":"0","isLinked":false},"section_responsive":"","screen_sm":"default","screen_sm_width":"100","screen_xs":"default","screen_xs_width":"100","margin_tablet":{"unit":"px","top":"0","right":"20","bottom":"0","left":"0","isLinked":false},"margin_mobile":{"unit":"px","top":"0","right":"0","bottom":"0","left":"0","isLinked":false},"section_custom_css":"","custom_css_description":"","section_background_overlay":""},"elements":[{"id":"57f65e90","settings":{"section_image":"","image":{"id":227,"url":"http:\/\/localhost\/test\/wp-content\/uploads\/2018\/09\/1-1-3.png"},"align":"center","link":{"is_external":"","url":""},"section_style_image":"","space":{"unit":"%","size":100},"opacity":{"unit":"px","size":1},"image_box_shadow_box_shadow":{"horizontal":0,"vertical":0,"blur":10,"spread":0,"inset":"","color":"rgba(0,0,0,0.5)"},"section_style_caption":"","caption_typography_font_size":{"unit":"px","size":15},"_section_style":"","_section_background":"","_box_shadow_box_shadow":{"horizontal":0,"vertical":0,"blur":10,"spread":0,"inset":"","color":"rgba(0,0,0,0.5)"},"_section_responsive":"","responsive_description":"","align_tablet":"center","align_mobile":"center","section_custom_css":"","custom_css_description":""},"elements":[],"isInner":false,"widgetType":"image","elType":"widget"},{"id":"5f01e01f","settings":{"section_title":"","title":"Private customers","link":{"is_external":"","url":""},"size":"large","header_size":"h3","align":"center","section_title_style":"","title_color":"#ffffff","typography_typography":"custom","typography_font_size":{"unit":"px","size":"30"},"typography_font_family":"Roboto Condensed","typography_font_weight":"600","typography_text_transform":"capitalize","typography_letter_spacing":{"unit":"px","size":"1.5"},"_section_style":"","_padding":{"unit":"px","top":"20","right":"0","bottom":"0","left":"0","isLinked":false},"_section_background":"","_box_shadow_box_shadow":{"horizontal":0,"vertical":0,"blur":10,"spread":0,"inset":"","color":"rgba(0,0,0,0.5)"},"_section_responsive":"","responsive_description":"","typography_font_size_mobile":{"unit":"px","size":"22"},"section_custom_css":"","custom_css_description":""},"elements":[],"isInner":false,"widgetType":"heading","elType":"widget"},{"id":"799b014f","settings":{"section_editor":"","editor":"<p>Lorem ipsum dolor sit amet, consec tetur adipiscing elit. Nam sodales ferm entum gravida.<\/p>","section_style":"","align":"center","text_color":"#ffffff","typography_typography":"custom","typography_font_size":{"unit":"px","size":"16"},"typography_font_family":"Roboto Condensed","typography_letter_spacing":{"unit":"px","size":"0.8"},"_section_style":"","_padding":{"unit":"%","top":"0","right":"17","bottom":"0","left":"17","isLinked":false},"_section_background":"","_box_shadow_box_shadow":{"horizontal":0,"vertical":0,"blur":10,"spread":0,"inset":"","color":"rgba(0,0,0,0.5)"},"_section_responsive":"","responsive_description":"","typography_font_size_mobile":{"unit":"px","size":"14"},"section_custom_css":"","custom_css_description":""},"elements":[],"isInner":false,"widgetType":"text-editor","elType":"widget"},{"id":"731d10f5","settings":{"section_button":"","text":"order now","link":{"is_external":"","url":"#"},"align":"center","section_style":"","button_text_color":"#ffffff","typography_typography":"custom","typography_font_size":{"unit":"px","size":"16"},"typography_font_family":"Roboto Condensed","typography_font_weight":"bold","typography_text_transform":"uppercase","typography_letter_spacing":{"unit":"px","size":"2"},"background_color":"#f84d43","border_radius":{"unit":"px","top":"0","right":"0","bottom":"0","left":"0","isLinked":true},"section_hover":"","_section_style":"","_section_background":"","_box_shadow_box_shadow":{"horizontal":0,"vertical":0,"blur":10,"spread":0,"inset":"","color":"rgba(0,0,0,0.5)"},"_section_responsive":"","responsive_description":"","section_custom_css":"","custom_css_description":""},"elements":[],"isInner":false,"widgetType":"button","elType":"widget"}],"isInner":false,"elType":"column"},{"id":"7e7499fe","settings":{"_column_size":50,"_inline_size":null,"section_style":"","background_background":"classic","background_color":"#333333","box_shadow_box_shadow":{"horizontal":0,"vertical":0,"blur":10,"spread":0,"inset":"","color":"rgba(0,0,0,0.5)"},"section_typo":"","section_advanced":"","margin":{"unit":"px","top":"0","right":"12","bottom":"0","left":"12","isLinked":false},"padding":{"unit":"px","top":"0","right":"0","bottom":"50","left":"0","isLinked":false},"section_responsive":"","screen_sm":"default","screen_sm_width":"100","screen_xs":"default","screen_xs_width":"100","margin_tablet":{"unit":"px","top":"0","right":"0","bottom":"0","left":"20","isLinked":false},"margin_mobile":{"unit":"px","top":"50","right":"0","bottom":"0","left":"0","isLinked":false},"section_custom_css":"","custom_css_description":"","section_background_overlay":""},"elements":[{"id":"6fcd645e","settings":{"section_image":"","image":{"id":228,"url":"http:\/\/localhost\/test\/wp-content\/uploads\/2018\/09\/2-2-1.jpg"},"align":"center","link":{"is_external":"","url":""},"section_style_image":"","space":{"unit":"%","size":100},"opacity":{"unit":"px","size":1},"image_box_shadow_box_shadow":{"horizontal":0,"vertical":0,"blur":10,"spread":0,"inset":"","color":"rgba(0,0,0,0.5)"},"section_style_caption":"","caption_typography_font_size":{"unit":"px","size":15},"_section_style":"","_section_background":"","_box_shadow_box_shadow":{"horizontal":0,"vertical":0,"blur":10,"spread":0,"inset":"","color":"rgba(0,0,0,0.5)"},"_section_responsive":"","responsive_description":"","align_tablet":"center","align_mobile":"center","section_custom_css":"","custom_css_description":""},"elements":[],"isInner":false,"widgetType":"image","elType":"widget"},{"id":"11964e74","settings":{"section_title":"","title":"Business customers","link":{"is_external":"","url":""},"size":"large","header_size":"h3","align":"center","section_title_style":"","title_color":"#ffffff","typography_typography":"custom","typography_font_size":{"unit":"px","size":"30"},"typography_font_family":"Roboto Condensed","typography_font_weight":"600","typography_text_transform":"capitalize","typography_letter_spacing":{"unit":"px","size":"1.5"},"_section_style":"","_padding":{"unit":"px","top":"20","right":"0","bottom":"0","left":"0","isLinked":false},"_section_background":"","_box_shadow_box_shadow":{"horizontal":0,"vertical":0,"blur":10,"spread":0,"inset":"","color":"rgba(0,0,0,0.5)"},"_section_responsive":"","responsive_description":"","typography_font_size_mobile":{"unit":"px","size":"22"},"section_custom_css":"","custom_css_description":""},"elements":[],"isInner":false,"widgetType":"heading","elType":"widget"},{"id":"7ffcc868","settings":{"section_editor":"","editor":"<p>Lorem ipsum dolor sit amet, conse ctetur adip iscing elit. Nam sodales fermentum gravida.<\/p>","section_style":"","align":"center","text_color":"#ffffff","typography_typography":"custom","typography_font_size":{"unit":"px","size":"16"},"typography_font_family":"Roboto Condensed","typography_letter_spacing":{"unit":"px","size":"0.8"},"_section_style":"","_padding":{"unit":"%","top":"0","right":"17","bottom":"0","left":"17","isLinked":false},"_section_background":"","_box_shadow_box_shadow":{"horizontal":0,"vertical":0,"blur":10,"spread":0,"inset":"","color":"rgba(0,0,0,0.5)"},"_section_responsive":"","responsive_description":"","typography_font_size_mobile":{"unit":"px","size":"14"},"section_custom_css":"","custom_css_description":""},"elements":[],"isInner":false,"widgetType":"text-editor","elType":"widget"},{"id":"3b00d40b","settings":{"section_button":"","text":"order now","link":{"is_external":"","url":"#"},"align":"center","section_style":"","button_text_color":"#ffffff","typography_typography":"custom","typography_font_size":{"unit":"px","size":"16"},"typography_font_family":"Roboto Condensed","typography_font_weight":"bold","typography_text_transform":"uppercase","typography_letter_spacing":{"unit":"px","size":"2"},"background_color":"#f84d43","border_radius":{"unit":"px","top":"0","right":"0","bottom":"0","left":"0","isLinked":true},"section_hover":"","_section_style":"","_section_background":"","_box_shadow_box_shadow":{"horizontal":0,"vertical":0,"blur":10,"spread":0,"inset":"","color":"rgba(0,0,0,0.5)"},"_section_responsive":"","responsive_description":"","section_custom_css":"","custom_css_description":""},"elements":[],"isInner":false,"widgetType":"button","elType":"widget"}],"isInner":false,"elType":"column"}],"isInner":false,"elType":"section"},{"id":"14775889","settings":{"section_layout":"","height":"min-height","custom_height":{"unit":"px","size":"500"},"section_background":"","background_background":"classic","background_image":{"id":229,"url":"http:\/\/localhost\/test\/wp-content\/uploads\/2018\/09\/3-2-1.jpg"},"background_position":"center center","background_size":"cover","background_overlay_title":"","background_overlay_background":"classic","background_overlay_color":"#020928","background_overlay_opacity":{"unit":"px","size":"0.7"},"section_border":"","box_shadow_box_shadow":{"horizontal":0,"vertical":0,"blur":10,"spread":0,"inset":"","color":"rgba(0,0,0,0.5)"},"section_typo":"","section_advanced":"","_section_responsive":"","responsive_description":"","background_overlay_section":"","margin_tablet":{"unit":"px","top":"0","right":0,"bottom":"0","left":0,"isLinked":true},"padding_mobile":{"unit":"px","top":"10","right":"10","bottom":"10","left":"10","isLinked":true},"heading_visibility":"","section_custom_css":"","custom_css_description":""},"elements":[{"id":"7c5b6080","settings":{"_column_size":100,"_inline_size":null,"section_style":"","box_shadow_box_shadow":{"horizontal":0,"vertical":0,"blur":10,"spread":0,"inset":"","color":"rgba(0,0,0,0.5)"},"section_typo":"","section_advanced":"","section_responsive":"","screen_sm":"default","screen_sm_width":"100","screen_xs":"default","screen_xs_width":"100","margin_tablet":{"unit":"px","top":"0","right":"0","bottom":"0","left":"0","isLinked":true},"section_custom_css":"","custom_css_description":"","section_background_overlay":""},"elements":[{"id":"21ea9946","settings":{"section_title":"","title":"Call Us Now","link":{"is_external":"","url":""},"size":"large","header_size":"h3","align":"center","section_title_style":"","title_color":"#ffffff","typography_typography":"custom","typography_font_size":{"unit":"px","size":"70"},"typography_font_family":"Roboto Condensed","typography_font_style":"italic","typography_letter_spacing":{"unit":"px","size":"1"},"_section_style":"","_padding":{"unit":"px","top":"0","right":"0","bottom":"20","left":"0","isLinked":false},"_section_background":"","_box_shadow_box_shadow":{"horizontal":0,"vertical":0,"blur":10,"spread":0,"inset":"","color":"rgba(0,0,0,0.5)"},"_section_responsive":"","responsive_description":"","section_custom_css":"","custom_css_description":""},"elements":[],"isInner":false,"widgetType":"heading","elType":"widget"},{"id":"7e8d1aa0","settings":{"section_title":"","title":"+32 558 555 673","link":{"is_external":"","url":""},"size":"large","header_size":"h4","align":"center","section_title_style":"","title_color":"#ffffff","typography_typography":"custom","typography_font_size":{"unit":"px","size":"50"},"typography_font_family":"Roboto Condensed","typography_font_weight":"bold","typography_font_style":"normal","typography_letter_spacing":{"unit":"px","size":"1"},"_section_style":"","_margin":{"unit":"%","top":"0","right":"30","bottom":"0","left":"30","isLinked":false},"_padding":{"unit":"px","top":"10","right":"10","bottom":"10","left":"10","isLinked":true},"_section_background":"","_border_border":"solid","_border_width":{"unit":"px","top":"5","right":"0","bottom":"5","left":"0","isLinked":false},"_border_color":"#f84d43","_box_shadow_box_shadow":{"horizontal":0,"vertical":0,"blur":10,"spread":0,"inset":"","color":"rgba(0,0,0,0.5)"},"_section_responsive":"","responsive_description":"","typography_font_size_mobile":{"unit":"px","size":"30"},"_margin_tablet":{"unit":"%","top":"0","right":"20","bottom":"0","left":"20","isLinked":false},"_margin_mobile":{"unit":"%","top":"0","right":"10","bottom":"0","left":"10","isLinked":false},"_padding_tablet":{"unit":"px","top":"20","right":"0","bottom":"20","left":"0","isLinked":false},"section_custom_css":"","custom_css_description":""},"elements":[],"isInner":false,"widgetType":"heading","elType":"widget"}],"isInner":false,"elType":"column"}],"isInner":false,"elType":"section"}]}