{"version":"0.4","title":"Homepage-Product-page.","type":"page","content":[{"id":"4f8fee6e","settings":{"height":"min-height","custom_height":{"unit":"vh","size":80},"column_position":"top","background_background":"classic","background_image":{"id":"17","url":"http:\/\/localhost\/test\/wp-content\/uploads\/2018\/09\/1-1.jpg"},"background_position":"center center","background_size":"cover","margin":{"unit":"px","top":"0","right":0,"bottom":"0","left":0,"isLinked":true},"content_width":{"unit":"px","size":1000},"custom_height_tablet":{"unit":"vh","size":65},"custom_height_mobile":{"unit":"px","size":729}},"elements":[{"id":"21d3a6b5","settings":{"_column_size":100,"_inline_size":null,"margin":{"unit":"px","top":"25","right":"0","bottom":"0","left":"0","isLinked":false}},"elements":[{"id":"b1634a1","settings":[],"elements":[{"id":"6fc0b356","settings":{"_column_size":100,"_inline_size":null,"margin_tablet":{"unit":"px","top":"0","right":"0","bottom":"0","left":"25","isLinked":false},"margin_mobile":{"unit":"px","top":"0","right":"0","bottom":"0","left":"0","isLinked":true},"padding_mobile":{"unit":"px","top":"0","right":"0","bottom":"0","left":"0","isLinked":true}},"elements":[{"id":"b255d89","settings":{"anchor":"home"},"elements":[],"isInner":false,"widgetType":"menu-anchor","elType":"widget"},{"id":"4702cc89","settings":{"image":{"id":"15","url":"http:\/\/localhost\/test\/wp-content\/uploads\/2018\/09\/logo3.png"},"align":"left","space":{"unit":"%","size":11},"_margin":{"unit":"px","top":"0","right":"0","bottom":"0","left":"0","isLinked":false},"align_mobile":"center","space_mobile":{"unit":"%","size":37},"_margin_tablet":{"unit":"px","top":"0","right":"0","bottom":"0","left":"0","isLinked":false},"_z_index":1,"space_tablet":{"unit":"%","size":18}},"elements":[],"isInner":false,"widgetType":"image","elType":"widget"}],"isInner":true,"elType":"column"}],"isInner":true,"elType":"section"},{"id":"f967840","settings":{"structure":"20","content_position":"middle","padding":{"unit":"px","top":"65","right":"0","bottom":"0","left":"0","isLinked":false},"margin_tablet":{"unit":"px","top":"","right":0,"bottom":"","left":0,"isLinked":true},"padding_tablet":{"unit":"px","top":"55","right":"0","bottom":"0","left":"0","isLinked":false},"padding_mobile":{"unit":"px","top":"35","right":"20","bottom":"20","left":"20","isLinked":false},"reverse_order_mobile":"reverse-mobile"},"elements":[{"id":"5f286c91","settings":{"_column_size":50,"_inline_size":44.49,"margin_tablet":{"unit":"px","top":"0","right":"0","bottom":"0","left":"25","isLinked":false},"margin_mobile":{"unit":"px","top":"0","right":"0","bottom":"0","left":"0","isLinked":false},"padding_mobile":{"unit":"px","top":"0","right":"0","bottom":"0","left":"0","isLinked":false}},"elements":[{"id":"354b61d8","settings":{"title":"Welcome\n","header_size":"h1","title_color":"#ffffff","typography_typography":"custom","typography_font_size":{"unit":"px","size":50},"typography_font_family":"Montserrat","align_mobile":"center"},"elements":[],"isInner":false,"widgetType":"heading","elType":"widget"},{"id":"446d3b61","settings":{"editor":"<p>The Best Collection of WordPress Templates. Lorem ipsum dolor sit amet, consectetur adipiscing elit. Donec suscipit orci ligula, sed laoreet elit finibus et. Maecenas rhoncus, est vitae varius, mauris enim laoreet nulla, non imperdiet justo nibh eu justo.<\/p>","text_color":"rgba(255,255,255,0.73)","typography_typography":"custom","typography_font_size":{"unit":"px","size":15},"typography_font_family":"Montserrat","typography_font_weight":"300","typography_line_height":{"unit":"em","size":1.7},"align_mobile":"center","_margin_mobile":{"unit":"px","top":"0","right":"0","bottom":"0","left":"0","isLinked":true},"_padding_mobile":{"unit":"px","top":"0","right":"0","bottom":"0","left":"0","isLinked":true},"typography_font_size_mobile":{"unit":"px","size":13}},"elements":[],"isInner":false,"widgetType":"text-editor","elType":"widget"},{"id":"4156d863","settings":{"text":"Learn More","typography_typography":"custom","typography_font_size":{"unit":"px","size":14},"typography_font_family":"Montserrat","typography_font_weight":"600","button_text_color":"#00f0f4","background_color":"rgba(0,0,0,0)","hover_color":"#4054b2","button_background_hover_color":"#00f0f4","border_border":"solid","border_width":{"unit":"px","top":"1","right":"1","bottom":"1","left":"1","isLinked":true},"border_color":"#00f0f4","border_radius":{"unit":"px","top":"0","right":"0","bottom":"0","left":"0","isLinked":false},"align_mobile":"center","_margin_mobile":{"unit":"px","top":"0","right":"0","bottom":"0","left":"0","isLinked":true},"_padding_mobile":{"unit":"px","top":"0","right":"0","bottom":"0","left":"0","isLinked":true},"_margin":{"unit":"px","top":"35","right":"0","bottom":"0","left":"0","isLinked":false}},"elements":[],"isInner":false,"widgetType":"button","elType":"widget"}],"isInner":true,"elType":"column"},{"id":"6b338e8","settings":{"_column_size":50,"_inline_size":55.51,"margin_tablet":{"unit":"px","top":"0","right":"25","bottom":"0","left":"0","isLinked":false}},"elements":[{"id":"681c4e9d","settings":{"image":{"id":"16","url":"http:\/\/localhost\/test\/wp-content\/uploads\/2018\/09\/q2-2.png"},"image_size":"full"},"elements":[],"isInner":false,"widgetType":"image","elType":"widget"}],"isInner":true,"elType":"column"}],"isInner":true,"elType":"section"}],"isInner":false,"elType":"column"}],"isInner":false,"elType":"section"},{"id":"68c5c605","settings":{"gap":"no","background_background":"classic","background_color":"rgba(255,255,255,0)","margin":{"unit":"px","top":"0","right":0,"bottom":"0","left":0,"isLinked":false},"padding":{"unit":"px","top":"0","right":"0","bottom":"0","left":"0","isLinked":true},"z_index":1,"content_position":"middle"},"elements":[{"id":"4798dfc3","settings":{"_column_size":100,"background_background":"classic","background_color":"#ffffff","box_shadow_box_shadow_type":"yes","box_shadow_box_shadow":{"horizontal":0,"vertical":0,"blur":100,"spread":0,"color":"rgba(0,0,0,0.22)"},"margin":{"unit":"px","top":"-53","right":"0","bottom":"0","left":"0","isLinked":false},"padding":{"unit":"px","top":"35","right":"35","bottom":"35","left":"35","isLinked":true},"margin_tablet":{"unit":"px","top":"-80","right":"50","bottom":"0","left":"50","isLinked":false},"margin_mobile":{"unit":"px","top":"-77","right":"20","bottom":"0","left":"20","isLinked":false}},"elements":[{"id":"524b35b3","settings":{"slides":[{"type":"image","image":{"id":"18","url":"http:\/\/localhost\/test\/wp-content\/uploads\/2018\/09\/a5.png"},"image_link_to_type":"","image_link_to":{"url":"","is_external":"","nofollow":""},"video":{"url":"","is_external":"","nofollow":""},"_id":"fgz8rob"},{"type":"image","image":{"id":"19","url":"http:\/\/localhost\/test\/wp-content\/uploads\/2018\/09\/a4.png"},"image_link_to_type":"","image_link_to":{"url":"","is_external":"","nofollow":""},"video":{"url":"","is_external":"","nofollow":""},"_id":"kuj6ah0"},{"type":"image","image":{"id":"20","url":"http:\/\/localhost\/test\/wp-content\/uploads\/2018\/09\/a7.png"},"image_link_to_type":"","image_link_to":{"url":"","is_external":"","nofollow":""},"video":{"url":"","is_external":"","nofollow":""},"_id":"s8znr02"},{"type":"image","image":{"id":"21","url":"http:\/\/localhost\/test\/wp-content\/uploads\/2018\/09\/a3.png"},"image_link_to_type":"","image_link_to":{"url":"","is_external":"","nofollow":""},"video":{"url":"","is_external":"","nofollow":""},"_id":"1lqnmt9"},{"type":"image","image":{"id":"22","url":"http:\/\/localhost\/test\/wp-content\/uploads\/2018\/09\/a6.png"},"image_link_to_type":"","image_link_to":{"url":"","is_external":"","nofollow":""},"video":{"url":"","is_external":"","nofollow":""},"_id":"ausc8p8"},{"type":"image","image":{"id":"23","url":"http:\/\/localhost\/test\/wp-content\/uploads\/2018\/09\/a1.png"},"image_link_to_type":"","image_link_to":{"url":"","is_external":"","nofollow":""},"video":{"url":"","is_external":"","nofollow":""},"_id":"hy26tp8"},{"type":"image","image":{"id":"24","url":"http:\/\/localhost\/test\/wp-content\/uploads\/2018\/09\/a2.png"},"image_link_to_type":"","image_link_to":{"url":"","is_external":"","nofollow":""},"video":{"url":"","is_external":"","nofollow":""},"_id":"ewisyxr"}],"slides_per_view":"5","height":{"unit":"px","size":116},"show_arrows":"","image_fit":"contain","space_between":{"unit":"px","size":50},"slides_per_view_tablet":"3","slides_per_view_mobile":"1","width":{"unit":"%","size":93},"width_tablet":{"unit":"px","size":590},"width_mobile":{"unit":"px","size":178},"space_between_tablet":{"unit":"px","size":32}},"elements":[],"isInner":false,"widgetType":"media-carousel","elType":"widget"}],"isInner":false,"elType":"column"}],"isInner":false,"elType":"section"},{"id":"3643a8f9","settings":{"layout":"full_width","background_background":"classic","background_color":"#ffffff","padding":{"unit":"px","top":"100","right":"0","bottom":"100","left":"0","isLinked":false},"gap":"no","padding_mobile":{"unit":"px","top":"45","right":"0","bottom":"45","left":"0","isLinked":false}},"elements":[{"id":"75d9ea5c","settings":{"_column_size":100},"elements":[{"id":"6e31efc1","settings":{"image":{"id":"25","url":"http:\/\/localhost\/test\/wp-content\/uploads\/2018\/09\/3-2.png"},"image_size":"full","align_mobile":"center","space_mobile":{"unit":"%","size":100},"_margin_mobile":{"unit":"px","top":"0","right":"0","bottom":"0","left":"0","isLinked":true},"_padding_mobile":{"unit":"px","top":"0","right":"0","bottom":"0","left":"0","isLinked":true}},"elements":[],"isInner":false,"widgetType":"image","elType":"widget"}],"isInner":false,"elType":"column"}],"isInner":false,"elType":"section"},{"id":"63b54dd6","settings":{"layout":"full_width","gap":"no","content_position":"middle","structure":"20","padding":{"unit":"px","top":"100","right":"0","bottom":"100","left":"0","isLinked":false},"margin_mobile":{"unit":"px","top":"0","right":0,"bottom":"0","left":0,"isLinked":true},"padding_mobile":{"unit":"px","top":"50","right":"0","bottom":"50","left":"0","isLinked":false},"reverse_order_mobile":"reverse-mobile","margin_tablet":{"unit":"px","top":"","right":0,"bottom":"","left":0,"isLinked":true},"padding_tablet":{"unit":"px","top":"50","right":"0","bottom":"50","left":"0","isLinked":false}},"elements":[{"id":"77e5062d","settings":{"_column_size":50,"_inline_size":49.971},"elements":[{"id":"447d9c96","settings":{"image":{"id":"26","url":"http:\/\/localhost\/test\/wp-content\/uploads\/2018\/09\/5-1.png"},"_margin_mobile":{"unit":"px","top":"35","right":"0","bottom":"0","left":"0","isLinked":false}},"elements":[],"isInner":false,"widgetType":"image","elType":"widget"}],"isInner":false,"elType":"column"},{"id":"2dcd6b61","settings":{"_column_size":50,"_inline_size":50.029,"padding":{"unit":"%","top":"0","right":"15","bottom":"0","left":"0","isLinked":false},"padding_mobile":{"unit":"px","top":"20","right":"20","bottom":"20","left":"20","isLinked":true}},"elements":[{"id":"7ae2dc82","settings":{"editor":"<p>\"Seriously one of the easiest and most feature rich themes I have ever come across. Must have for any web designer.\"<\/p>","text_color":"#000000","typography_typography":"custom","typography_font_size":{"unit":"px","size":17},"typography_font_family":"Montserrat","typography_font_weight":"200","typography_line_height":{"unit":"em","size":1.8},"align_mobile":"center","_margin_mobile":{"unit":"px","top":"0","right":"25","bottom":"0","left":"25","isLinked":false},"typography_font_style":"italic","typography_line_height_tablet":{"unit":"px","size":24},"typography_line_height_mobile":{"unit":"px","size":24}},"elements":[],"isInner":false,"widgetType":"text-editor","elType":"widget"},{"id":"6c79a1","settings":{"color":"rgba(0,0,0,0.09)","width":{"unit":"%","size":24},"align":"left","align_mobile":"center"},"elements":[],"isInner":false,"widgetType":"divider","elType":"widget"},{"id":"603b4522","settings":{"title":"Jesse Molinsky , CEO , WP Design","title_color":"#001df9","typography_typography":"custom","typography_font_size":{"unit":"px","size":16},"typography_font_family":"Montserrat","align_mobile":"center","header_size":"p"},"elements":[],"isInner":false,"widgetType":"heading","elType":"widget"}],"isInner":false,"elType":"column"}],"isInner":false,"elType":"section"},{"id":"11124dc9","settings":{"content_position":"middle","structure":"30","padding":{"unit":"px","top":"100","right":"0","bottom":"100","left":"0","isLinked":false},"padding_mobile":{"unit":"px","top":"50","right":"0","bottom":"50","left":"0","isLinked":false}},"elements":[{"id":"59125514","settings":{"_column_size":33,"_inline_size":null,"margin_tablet":{"unit":"px","top":"0","right":"0","bottom":"0","left":"30","isLinked":false},"margin_mobile":{"unit":"px","top":"0","right":"25","bottom":"0","left":"25","isLinked":false},"padding_tablet":{"unit":"px","top":"0","right":"0","bottom":"0","left":"0","isLinked":true}},"elements":[{"id":"16d53deb","settings":{"heading":"Standard","sub_heading":"For Home Businesses and Solopreneurs","price":"25","period":" per month paid annually","features_list":[{"item_text":"","item_icon":"","_id":"sfy2xmz","item_icon_color":""}],"button_text":"","footer_additional_info":"","show_ribbon":"","ribbon_title":"Popular","header_bg_color":"#ffffff","header_padding":{"unit":"px","top":"35","right":"35","bottom":"0","left":"35","isLinked":false},"heading_color":"#000000","heading_typography_typography":"custom","heading_typography_font_size":{"unit":"px","size":35},"heading_typography_font_family":"Montserrat","heading_typography_line_height":{"unit":"px","size":""},"sub_heading_color":"#001df9","sub_heading_typography_typography":"custom","sub_heading_typography_font_size":{"unit":"px","size":14},"sub_heading_typography_font_family":"Montserrat","sub_heading_typography_font_weight":"200","pricing_element_bg_color":"#ffffff","price_color":"#000000","price_typography_typography":"custom","price_typography_font_size":{"unit":"px","size":80},"price_typography_font_family":"Montserrat","price_typography_font_weight":"900","currency_vertical_position":"middle","fractional_part_vertical_position":"middle","period_color":"#000000","period_typography_typography":"custom","period_typography_font_size":{"unit":"px","size":14},"period_typography_font_family":"Montserrat","period_typography_font_weight":"200","period_typography_line_height":{"unit":"em","size":2.9},"features_list_bg_color":"#ffffff","features_list_padding":{"unit":"px","top":"0","right":"0","bottom":"0","left":"0","isLinked":true},"features_list_color":"#ffffff","item_width":{"unit":"px","size":0},"divider_color":"#ffffff","divider_weight":{"unit":"px","size":1},"divider_gap":{"unit":"px","size":1},"footer_bg_color":"#ffffff","footer_padding":{"unit":"px","top":"0","right":"0","bottom":"0","left":"0","isLinked":true},"_margin":{"unit":"px","top":"0","right":"-30","bottom":"0","left":"0","isLinked":false},"_border_border":"solid","_border_width":{"unit":"px","top":"1","right":"1","bottom":"1","left":"1","isLinked":true},"_border_color":"#001df9","_border_radius":{"unit":"px","top":"0","right":"0","bottom":"0","left":"0","isLinked":true},"_box_shadow_box_shadow_type":"yes","_box_shadow_box_shadow":{"horizontal":0,"vertical":0,"blur":100,"spread":0,"color":"rgba(0,0,0,0.19)"},"_margin_tablet":{"unit":"px","top":"0","right":"0","bottom":"0","left":"0","isLinked":true},"_padding_tablet":{"unit":"px","top":"0","right":"0","bottom":"0","left":"0","isLinked":true}},"elements":[],"isInner":false,"widgetType":"price-table","elType":"widget"}],"isInner":false,"elType":"column"},{"id":"f6ef3f1","settings":{"_column_size":33,"_inline_size":null,"margin_mobile":{"unit":"px","top":"25","right":"25","bottom":"0","left":"25","isLinked":false},"padding_mobile":{"unit":"px","top":"0","right":"0","bottom":"0","left":"0","isLinked":true}},"elements":[{"id":"1898f04f","settings":{"heading":"Pro","sub_heading":"For Small Businesses and Professional Marketers","price":"55","period":" per month paid annually","features_list":[{"item_text":"","item_icon":"","_id":"sfy2xmz","item_icon_color":""}],"button_text":"TRY NOW FOR FREE","footer_additional_info":"","show_ribbon":"","ribbon_title":"Popular","header_bg_color":"rgba(0,29,249,0)","header_padding":{"unit":"px","top":"35","right":"35","bottom":"35","left":"35","isLinked":false},"heading_color":"#ffffff","heading_typography_typography":"custom","heading_typography_font_size":{"unit":"px","size":35},"heading_typography_font_family":"Montserrat","heading_typography_line_height":{"unit":"px","size":""},"sub_heading_color":"#ffffff","sub_heading_typography_typography":"custom","sub_heading_typography_font_size":{"unit":"px","size":14},"sub_heading_typography_font_family":"Montserrat","sub_heading_typography_font_weight":"200","pricing_element_bg_color":"rgba(0,29,249,0)","price_color":"#ffffff","price_typography_typography":"custom","price_typography_font_size":{"unit":"px","size":80},"price_typography_font_family":"Montserrat","price_typography_font_weight":"900","currency_vertical_position":"middle","fractional_part_vertical_position":"middle","period_color":"#ffffff","period_typography_typography":"custom","period_typography_font_size":{"unit":"px","size":14},"period_typography_font_family":"Montserrat","period_typography_font_weight":"200","period_typography_line_height":{"unit":"em","size":2.9},"features_list_bg_color":"rgba(0,29,249,0)","features_list_padding":{"unit":"px","top":"0","right":"0","bottom":"0","left":"0","isLinked":true},"features_list_color":"#ffffff","item_width":{"unit":"px","size":0},"divider_color":"#ffffff","divider_weight":{"unit":"px","size":1},"divider_gap":{"unit":"px","size":1},"footer_bg_color":"rgba(0,29,249,0)","footer_padding":{"unit":"px","top":"0","right":"0","bottom":"35","left":"0","isLinked":false},"button_text_color":"#00f0f4","button_typography_typography":"custom","button_typography_font_size":{"unit":"px","size":14},"button_typography_font_family":"Montserrat","button_typography_font_weight":"600","button_background_color":"rgba(255,255,255,0)","button_border_border":"solid","button_border_width":{"unit":"px","top":"1","right":"1","bottom":"1","left":"1","isLinked":true},"button_border_color":"#00f0f4","button_border_radius":{"unit":"px","top":"0","right":"0","bottom":"0","left":"0","isLinked":true},"button_hover_color":"#ffffff","button_background_hover_color":"#00f0f4","button_hover_animation":"shrink","_z_index":2,"_background_background":"gradient","_background_color":"#00e0f9","_background_color_b":"#001df9","_background_gradient_angle":{"unit":"deg","size":240},"_border_width":{"unit":"px","top":"1","right":"1","bottom":"1","left":"1","isLinked":true},"_border_color":"#001df9","_border_radius":{"unit":"px","top":"0","right":"0","bottom":"0","left":"0","isLinked":true},"_box_shadow_box_shadow_type":"yes","_box_shadow_box_shadow":{"horizontal":0,"vertical":0,"blur":100,"spread":0,"color":"rgba(0,0,0,0.47)"}},"elements":[],"isInner":false,"widgetType":"price-table","elType":"widget"}],"isInner":false,"elType":"column"},{"id":"709f9fed","settings":{"_column_size":33,"_inline_size":null,"margin":{"unit":"px","top":"0","right":"0","bottom":"0","left":"-30","isLinked":false},"margin_tablet":{"unit":"px","top":"0","right":"0","bottom":"0","left":"-25","isLinked":false},"margin_mobile":{"unit":"px","top":"25","right":"25","bottom":"0","left":"25","isLinked":false},"padding_tablet":{"unit":"px","top":"0","right":"0","bottom":"0","left":"0","isLinked":true}},"elements":[{"id":"a29227e","settings":{"heading":"Advanced","sub_heading":"For Marketing Teams and Agencies","price":"125","period":" per month paid annually","features_list":[{"item_text":"","item_icon":"","_id":"sfy2xmz","item_icon_color":""}],"button_text":"","footer_additional_info":"","show_ribbon":"","ribbon_title":"Popular","header_bg_color":"#ffffff","header_padding":{"unit":"px","top":"35","right":"35","bottom":"0","left":"35","isLinked":false},"heading_color":"#000000","heading_typography_typography":"custom","heading_typography_font_size":{"unit":"px","size":35},"heading_typography_font_family":"Montserrat","heading_typography_line_height":{"unit":"px","size":""},"sub_heading_color":"#001df9","sub_heading_typography_typography":"custom","sub_heading_typography_font_size":{"unit":"px","size":14},"sub_heading_typography_font_family":"Montserrat","sub_heading_typography_font_weight":"200","pricing_element_bg_color":"#ffffff","price_color":"#000000","price_typography_typography":"custom","price_typography_font_size":{"unit":"px","size":80},"price_typography_font_family":"Montserrat","price_typography_font_weight":"900","currency_vertical_position":"middle","fractional_part_vertical_position":"middle","period_color":"#000000","period_typography_typography":"custom","period_typography_font_size":{"unit":"px","size":14},"period_typography_font_family":"Montserrat","period_typography_font_weight":"200","period_typography_line_height":{"unit":"em","size":2.9},"features_list_bg_color":"#ffffff","features_list_padding":{"unit":"px","top":"0","right":"0","bottom":"0","left":"0","isLinked":true},"features_list_color":"#ffffff","item_width":{"unit":"px","size":0},"divider_color":"#ffffff","divider_weight":{"unit":"px","size":1},"divider_gap":{"unit":"px","size":1},"footer_bg_color":"#ffffff","footer_padding":{"unit":"px","top":"0","right":"0","bottom":"0","left":"0","isLinked":true},"_border_border":"solid","_border_width":{"unit":"px","top":"1","right":"1","bottom":"1","left":"1","isLinked":true},"_border_color":"#001df9","_border_radius":{"unit":"px","top":"0","right":"0","bottom":"0","left":"0","isLinked":true},"_box_shadow_box_shadow_type":"yes","_box_shadow_box_shadow":{"horizontal":0,"vertical":0,"blur":100,"spread":0,"color":"rgba(0,0,0,0.19)"},"_margin_tablet":{"unit":"px","top":"0","right":"0","bottom":"0","left":"0","isLinked":true},"_padding_tablet":{"unit":"px","top":"0","right":"0","bottom":"0","left":"0","isLinked":true}},"elements":[],"isInner":false,"widgetType":"price-table","elType":"widget"}],"isInner":false,"elType":"column"}],"isInner":false,"elType":"section"},{"id":"6f7cbb4a","settings":{"content_width":{"unit":"px","size":1130},"content_position":"middle","structure":"30","background_background":"classic","background_color":"#efefef","padding":{"unit":"px","top":"25","right":"0","bottom":"25","left":"0","isLinked":false},"padding_tablet":{"unit":"px","top":"15","right":"15","bottom":"15","left":"15","isLinked":true}},"elements":[{"id":"9b26d02","settings":{"_column_size":33,"_inline_size":11.754,"margin_tablet":{"unit":"px","top":"0","right":"0","bottom":"0","left":"0","isLinked":false}},"elements":[{"id":"1e3496dd","settings":{"image":{"id":"27","url":"http:\/\/localhost\/test\/wp-content\/uploads\/2018\/09\/logo4.png"},"align":"left","space":{"unit":"%","size":93},"align_mobile":"center","space_mobile":{"unit":"%","size":35}},"elements":[],"isInner":false,"widgetType":"image","elType":"widget"}],"isInner":false,"elType":"column"},{"id":"2fe112e1","settings":{"_column_size":33,"_inline_size":54.91,"_inline_size_tablet":78},"elements":[{"id":"319caccb","settings":{"title":"\u00a9 2017 Bullet . Trademarks and brands are the property of their respective owners.\n","title_color":"#000000","typography_typography":"custom","typography_font_size":{"unit":"px","size":14},"typography_font_family":"Montserrat","typography_font_weight":"200","align_mobile":"center","header_size":"p"},"elements":[],"isInner":false,"widgetType":"heading","elType":"widget"}],"isInner":false,"elType":"column"},{"id":"1f1eddb7","settings":{"_column_size":33,"_inline_size":null,"_inline_size_tablet":10},"elements":[{"id":"50e4553d","settings":{"icon":"fa fa-angle-up","align":"right","primary_color":"#001df9","hover_primary_color":"#000000","hover_animation":"shrink","align_mobile":"center","link":{"url":"#home","is_external":"","nofollow":""}},"elements":[],"isInner":false,"widgetType":"icon","elType":"widget"}],"isInner":false,"elType":"column"}],"isInner":false,"elType":"section"},{"id":"57e40989","settings":{"content_width":{"unit":"px","size":1130},"content_position":"middle","structure":"20","background_background":"classic","background_color":"#001df9","padding":{"unit":"px","top":"0","right":"0","bottom":"0","left":"0","isLinked":true},"padding_tablet":{"unit":"px","top":"15","right":"15","bottom":"15","left":"15","isLinked":true}},"elements":[{"id":"60365a82","settings":{"_column_size":50,"_inline_size":null,"_inline_size_tablet":60},"elements":[{"id":"62a13db3","settings":{"editor":"<p><span class=\"marketplaceStats-module_stats_1SkGL\" data-reactid=\"2993\"><strong>9,024,448<\/strong>\u00a0<\/span>community members \u00a0, \u00a0<strong><span class=\"marketplaceStats-module_stats_1SkGL\" data-reactid=\"2996\">2,459,792\u00a0<\/span><\/strong>items for sale<\/p>","align":"left","text_color":"#ffffff","typography_typography":"custom","typography_font_size":{"unit":"px","size":14},"typography_font_family":"Montserrat","typography_font_weight":"200","_margin":{"unit":"px","top":"19","right":"0","bottom":"0","left":"0","isLinked":false},"_padding":{"unit":"px","top":"0","right":"0","bottom":"0","left":"0","isLinked":true},"align_mobile":"center"},"elements":[],"isInner":false,"widgetType":"text-editor","elType":"widget"}],"isInner":false,"elType":"column"},{"id":"55634572","settings":{"_column_size":50,"_inline_size":null,"_inline_size_tablet":40},"elements":[{"id":"7d5f212d","settings":{"social_icon_list":[{"social":"fa fa-facebook","_id":"ftpu0nm","link":{"url":"","is_external":"true","nofollow":""}},{"social":"fa fa-twitter","_id":"5m4zf1n","link":{"url":"","is_external":"true","nofollow":""}},{"social":"fa fa-behance","link":{"url":"","is_external":"true","nofollow":""},"_id":"0hm1fza"},{"social":"fa fa-dribbble","link":{"url":"","is_external":"true","nofollow":""},"_id":"koqjmxm"},{"social":"fa fa-instagram","link":{"url":"","is_external":"true","nofollow":""},"_id":"7tmgfkr"}],"align":"right","icon_color":"custom","icon_primary_color":"rgba(0,0,0,0)","icon_size":{"unit":"px","size":14},"icon_spacing":{"unit":"px","size":30},"hover_primary_color":"rgba(0,240,244,0)","hover_secondary_color":"#00f0f4","hover_animation":"grow","align_mobile":"center"},"elements":[],"isInner":false,"widgetType":"social-icons","elType":"widget"}],"isInner":false,"elType":"column"}],"isInner":false,"elType":"section"}]}