{"version":"0.4","title":"Homepage-Creative-Agency-page.","type":"page","content":[{"id":"6f24ac7c","settings":{"content_width":{"unit":"px","size":1300},"height":"min-height","custom_height":{"unit":"vh","size":80},"background_background":"classic","background_image":{"id":"83","url":"http:\/\/localhost\/test\/wp-content\/uploads\/2018\/09\/1-1.png"},"background_position":"center center","background_size":"cover","custom_height_tablet":{"unit":"vh","size":70},"custom_height_mobile":{"unit":"vh","size":100},"padding_tablet":{"unit":"px","top":"50","right":"50","bottom":"50","left":"50","isLinked":true},"padding_mobile":{"unit":"px","top":"20","right":"20","bottom":"20","left":"20","isLinked":true},"padding":{"unit":"px","top":"0","right":"50","bottom":"0","left":"50","isLinked":false}},"elements":[{"id":"208adf0e","settings":{"_column_size":100,"_inline_size":null,"padding":{"unit":"px","top":"0","right":"700","bottom":"0","left":"0","isLinked":false},"padding_tablet":{"unit":"px","top":"0","right":"150","bottom":"0","left":"0","isLinked":false},"padding_mobile":{"unit":"px","top":"0","right":"0","bottom":"0","left":"0","isLinked":true}},"elements":[{"id":"2a149915","settings":{"title":"Welcome To Dynamic Studio","title_color":"#ffffff","typography_typography":"custom","typography_font_size":{"unit":"px","size":70},"typography_font_family":"Playfair Display","typography_font_style":"oblique","typography_letter_spacing":{"unit":"px","size":-0.7},"typography_font_size_tablet":{"unit":"px","size":60},"typography_line_height_tablet":{"unit":"px","size":65},"align_mobile":"center","typography_font_size_mobile":{"unit":"px","size":45},"typography_line_height_mobile":{"unit":"px","size":53},"header_size":"h1"},"elements":[],"isInner":false,"widgetType":"heading","elType":"widget"},{"id":"416bf374","settings":{"weight":{"unit":"px","size":3},"color":"#12e0b9","width":{"unit":"%","size":30},"align_mobile":"center"},"elements":[],"isInner":false,"widgetType":"divider","elType":"widget"},{"id":"198e546c","settings":{"editor":"<p>Leverage agile frameworks to provide a robust synopsis for high level overviews. Iterative approaches to corporate strategy foster collaborative thinking to further the overall value proposition.\u00a0<\/p>","text_color":"#ffffff","typography_typography":"custom","typography_font_size":{"unit":"px","size":20},"typography_font_family":"Roboto","typography_line_height":{"unit":"em","size":1.6},"_padding":{"unit":"px","top":"0","right":"0","bottom":"50","left":"0","isLinked":false},"typography_font_size_tablet":{"unit":"px","size":18},"_padding_tablet":{"unit":"px","top":"0","right":"0","bottom":"20","left":"0","isLinked":false},"align_mobile":"center","_padding_mobile":{"unit":"px","top":"0","right":"0","bottom":"10","left":"0","isLinked":false}},"elements":[],"isInner":false,"widgetType":"text-editor","elType":"widget"},{"id":"7d254d3d","settings":{"text":"View Studio Tour","typography_typography":"custom","typography_font_size":{"unit":"px","size":18},"typography_text_transform":"uppercase","typography_letter_spacing":{"unit":"px","size":3},"background_color":"rgba(18,224,185,0)","button_background_hover_color":"#12e0b9","border_border":"solid","border_width":{"unit":"px","top":"3","right":"3","bottom":"3","left":"3","isLinked":true},"border_color":"#12e0b9","border_radius":{"unit":"px","top":"0","right":"0","bottom":"0","left":"0","isLinked":true},"typography_font_size_tablet":{"unit":"px","size":16},"align_mobile":"center"},"elements":[],"isInner":false,"widgetType":"button","elType":"widget"}],"isInner":false,"elType":"column"}],"isInner":false,"elType":"section"},{"id":"373d55e4","settings":{"structure":"30","content_width":{"unit":"px","size":1300},"gap":"no","padding":{"unit":"px","top":"100","right":"50","bottom":"100","left":"50","isLinked":false},"padding_tablet":{"unit":"px","top":"50","right":"20","bottom":"50","left":"20","isLinked":false},"padding_mobile":{"unit":"px","top":"60","right":"40","bottom":"60","left":"40","isLinked":false}},"elements":[{"id":"45856827","settings":{"_column_size":33,"_inline_size":null,"padding":{"unit":"px","top":"0","right":"100","bottom":"0","left":"0","isLinked":false},"padding_tablet":{"unit":"px","top":"0","right":"0","bottom":"0","left":"0","isLinked":false},"margin_tablet":{"unit":"px","top":"0","right":"20","bottom":"0","left":"0","isLinked":false},"margin_mobile":{"unit":"px","top":"0","right":"0","bottom":"0","left":"0","isLinked":true},"padding_mobile":{"unit":"px","top":"0","right":"0","bottom":"0","left":"0","isLinked":true}},"elements":[{"id":"77d04459","settings":{"icon":"fa fa-desktop","title_text":"Web design","description_text":"Leverage agile frameworks to provide a robust synopsis for high level overviews iterative approaches.","position":"left","primary_color":"#464646","icon_space":{"unit":"px","size":20},"icon_size":{"unit":"px","size":30},"title_bottom_space":{"unit":"px","size":20},"title_color":"#464646","title_typography_typography":"custom","title_typography_font_size":{"unit":"px","size":17},"title_typography_text_transform":"uppercase","title_typography_line_height":{"unit":"em","size":0.5},"title_typography_letter_spacing":{"unit":"px","size":2},"description_color":"#464646","description_typography_typography":"custom","description_typography_font_size":{"unit":"px","size":15},"description_typography_font_weight":"300","description_typography_line_height":{"unit":"em","size":1.6},"title_typography_font_size_tablet":{"unit":"px","size":15},"description_typography_font_size_tablet":{"unit":"px","size":14}},"elements":[],"isInner":false,"widgetType":"icon-box","elType":"widget"}],"isInner":false,"elType":"column"},{"id":"526e4051","settings":{"_column_size":33,"_inline_size":null,"padding":{"unit":"px","top":"0","right":"50","bottom":"0","left":"50","isLinked":false},"padding_tablet":{"unit":"px","top":"0","right":"0","bottom":"0","left":"0","isLinked":true},"margin_tablet":{"unit":"px","top":"0","right":"10","bottom":"0","left":"10","isLinked":false},"margin_mobile":{"unit":"px","top":"50","right":"0","bottom":"50","left":"0","isLinked":false}},"elements":[{"id":"e71937a","settings":{"icon":"fa fa-bandcamp","title_text":"Branding","description_text":"Leverage agile frameworks to provide a robust synopsis for high level overviews iterative approaches.","position":"left","primary_color":"#464646","icon_space":{"unit":"px","size":20},"icon_size":{"unit":"px","size":30},"title_bottom_space":{"unit":"px","size":20},"title_color":"#464646","title_typography_typography":"custom","title_typography_font_size":{"unit":"px","size":17},"title_typography_text_transform":"uppercase","title_typography_line_height":{"unit":"em","size":0.5},"title_typography_letter_spacing":{"unit":"px","size":2},"description_color":"#464646","description_typography_typography":"custom","description_typography_font_size":{"unit":"px","size":15},"description_typography_font_weight":"300","description_typography_line_height":{"unit":"em","size":1.6},"title_typography_font_size_tablet":{"unit":"px","size":15},"description_typography_font_size_tablet":{"unit":"px","size":14}},"elements":[],"isInner":false,"widgetType":"icon-box","elType":"widget"}],"isInner":false,"elType":"column"},{"id":"71fab348","settings":{"_column_size":33,"_inline_size":null,"padding":{"unit":"px","top":"0","right":"0","bottom":"0","left":"100","isLinked":false},"padding_tablet":{"unit":"px","top":"0","right":"0","bottom":"0","left":"0","isLinked":true},"margin_tablet":{"unit":"px","top":"0","right":"0","bottom":"0","left":"20","isLinked":false},"margin_mobile":{"unit":"px","top":"0","right":"0","bottom":"0","left":"0","isLinked":true}},"elements":[{"id":"31203b0a","settings":{"icon":"fa fa-black-tie","title_text":"Advertising ","description_text":"Leverage agile frameworks to provide a robust synopsis for high level overviews iterative approaches.","position":"left","primary_color":"#464646","icon_space":{"unit":"px","size":20},"icon_size":{"unit":"px","size":30},"title_bottom_space":{"unit":"px","size":20},"title_color":"#464646","title_typography_typography":"custom","title_typography_font_size":{"unit":"px","size":17},"title_typography_text_transform":"uppercase","title_typography_line_height":{"unit":"em","size":0.5},"title_typography_letter_spacing":{"unit":"px","size":2},"description_color":"#464646","description_typography_typography":"custom","description_typography_font_size":{"unit":"px","size":15},"description_typography_font_weight":"300","description_typography_line_height":{"unit":"em","size":1.6},"title_typography_font_size_tablet":{"unit":"px","size":15},"description_typography_font_size_tablet":{"unit":"px","size":14}},"elements":[],"isInner":false,"widgetType":"icon-box","elType":"widget"}],"isInner":false,"elType":"column"}],"isInner":false,"elType":"section"},{"id":"739bd39e","settings":{"content_width":{"unit":"px","size":1300},"structure":"30","layout":"full_width","gap":"no","content_position":"middle"},"elements":[{"id":"19ba59c8","settings":{"_column_size":33,"_inline_size":null,"background_background":"classic","background_color":"#e5e5e5","padding":{"unit":"px","top":"80","right":"0","bottom":"80","left":"0","isLinked":false},"padding_tablet":{"unit":"px","top":"60","right":"0","bottom":"60","left":"0","isLinked":false}},"elements":[{"id":"8d82db5","settings":{"image":{"id":"86","url":"http:\/\/localhost\/test\/wp-content\/uploads\/2018\/09\/052.png"},"_padding":{"unit":"px","top":"0","right":"0","bottom":"0","left":"0","isLinked":true},"_animation":"fadeInLeft","space_tablet":{"unit":"%","size":70}},"elements":[],"isInner":false,"widgetType":"image","elType":"widget"}],"isInner":false,"elType":"column"},{"id":"56a23a5d","settings":{"_column_size":33,"_inline_size":null,"background_background":"classic","background_color":"#fafafb","padding":{"unit":"px","top":"80","right":"0","bottom":"80","left":"0","isLinked":false},"padding_tablet":{"unit":"px","top":"60","right":"0","bottom":"60","left":"0","isLinked":false}},"elements":[{"id":"3510eea4","settings":{"image":{"id":"87","url":"http:\/\/localhost\/test\/wp-content\/uploads\/2018\/09\/155.png"},"_padding":{"unit":"px","top":"0","right":"0","bottom":"0","left":"0","isLinked":true},"_animation":"fadeInDown","space_tablet":{"unit":"%","size":34}},"elements":[],"isInner":false,"widgetType":"image","elType":"widget"}],"isInner":false,"elType":"column"},{"id":"5fe23efb","settings":{"_column_size":33,"_inline_size":null,"background_background":"classic","background_color":"#e5e5e5","padding":{"unit":"px","top":"80","right":"0","bottom":"80","left":"0","isLinked":false},"padding_tablet":{"unit":"px","top":"60","right":"0","bottom":"60","left":"0","isLinked":false}},"elements":[{"id":"4f26a23","settings":{"image":{"id":"88","url":"http:\/\/localhost\/test\/wp-content\/uploads\/2018\/09\/11.png"},"_padding":{"unit":"px","top":"0","right":"0","bottom":"0","left":"0","isLinked":true},"_animation":"fadeInRight","space_tablet":{"unit":"%","size":40},"space_mobile":{"unit":"%","size":33}},"elements":[],"isInner":false,"widgetType":"image","elType":"widget"}],"isInner":false,"elType":"column"}],"isInner":false,"elType":"section"},{"id":"74729207","settings":{"content_width":{"unit":"px","size":1300},"structure":"30","layout":"full_width","gap":"no","content_position":"middle","reverse_order_mobile":"reverse-mobile"},"elements":[{"id":"503a35f7","settings":{"_column_size":33,"_inline_size":null,"background_background":"classic","background_color":"#fafafb","padding":{"unit":"px","top":"80","right":"0","bottom":"80","left":"0","isLinked":false},"padding_tablet":{"unit":"px","top":"60","right":"0","bottom":"60","left":"0","isLinked":false}},"elements":[{"id":"2c124144","settings":{"image":{"id":"89","url":"http:\/\/localhost\/test\/wp-content\/uploads\/2018\/09\/12.png"},"_padding":{"unit":"px","top":"0","right":"0","bottom":"0","left":"0","isLinked":true},"_animation":"fadeInLeft","space_tablet":{"unit":"%","size":40},"space_mobile":{"unit":"%","size":30}},"elements":[],"isInner":false,"widgetType":"image","elType":"widget"}],"isInner":false,"elType":"column"},{"id":"7b1acaa3","settings":{"_column_size":33,"_inline_size":null,"background_background":"classic","background_color":"#e5e5e5","padding":{"unit":"px","top":"80","right":"0","bottom":"80","left":"0","isLinked":false},"padding_tablet":{"unit":"px","top":"60","right":"0","bottom":"60","left":"0","isLinked":false}},"elements":[{"id":"1e0059d","settings":{"image":{"id":"91","url":"http:\/\/localhost\/test\/wp-content\/uploads\/2018\/09\/13.png"},"_padding":{"unit":"px","top":"0","right":"0","bottom":"0","left":"0","isLinked":true},"_animation":"fadeInDown","space_tablet":{"unit":"%","size":50},"space_mobile":{"unit":"%","size":40}},"elements":[],"isInner":false,"widgetType":"image","elType":"widget"}],"isInner":false,"elType":"column"},{"id":"2eef0fb3","settings":{"_column_size":33,"_inline_size":null,"background_background":"classic","background_color":"#fafafb","padding":{"unit":"px","top":"80","right":"0","bottom":"80","left":"0","isLinked":false},"padding_tablet":{"unit":"px","top":"60","right":"0","bottom":"60","left":"0","isLinked":false}},"elements":[{"id":"79a1eeb0","settings":{"image":{"id":"93","url":"http:\/\/localhost\/test\/wp-content\/uploads\/2018\/09\/255.png"},"_padding":{"unit":"px","top":"0","right":"0","bottom":"0","left":"0","isLinked":true},"_animation":"fadeInRight","space_tablet":{"unit":"%","size":85}},"elements":[],"isInner":false,"widgetType":"image","elType":"widget"}],"isInner":false,"elType":"column"}],"isInner":false,"elType":"section"},{"id":"5f75256f","settings":{"content_width":{"unit":"px","size":1300},"structure":"30","layout":"full_width","gap":"no","content_position":"middle"},"elements":[{"id":"56d3b626","settings":{"_column_size":33,"_inline_size":null,"background_background":"classic","background_color":"#e5e5e5","padding":{"unit":"px","top":"80","right":"0","bottom":"80","left":"0","isLinked":false},"padding_tablet":{"unit":"px","top":"60","right":"0","bottom":"60","left":"0","isLinked":false}},"elements":[{"id":"2cbc433d","settings":{"image":{"id":"95","url":"http:\/\/localhost\/test\/wp-content\/uploads\/2018\/09\/3-5.png"},"_padding":{"unit":"px","top":"0","right":"0","bottom":"0","left":"0","isLinked":true},"_animation":"fadeInLeft","space_tablet":{"unit":"%","size":50},"space_mobile":{"unit":"%","size":40}},"elements":[],"isInner":false,"widgetType":"image","elType":"widget"}],"isInner":false,"elType":"column"},{"id":"b663002","settings":{"_column_size":33,"_inline_size":null,"background_background":"classic","background_color":"#fafafb","padding":{"unit":"px","top":"80","right":"0","bottom":"80","left":"0","isLinked":false},"padding_tablet":{"unit":"px","top":"60","right":"0","bottom":"60","left":"0","isLinked":false}},"elements":[{"id":"30b347f4","settings":{"image":{"id":"97","url":"http:\/\/localhost\/test\/wp-content\/uploads\/2018\/09\/535.png"},"_padding":{"unit":"px","top":"0","right":"0","bottom":"0","left":"0","isLinked":true},"_animation":"fadeInDown","space_tablet":{"unit":"%","size":70}},"elements":[],"isInner":false,"widgetType":"image","elType":"widget"}],"isInner":false,"elType":"column"},{"id":"392f3e33","settings":{"_column_size":33,"_inline_size":null,"background_background":"classic","background_color":"#e5e5e5","padding":{"unit":"px","top":"80","right":"0","bottom":"80","left":"0","isLinked":false},"padding_tablet":{"unit":"px","top":"60","right":"0","bottom":"60","left":"0","isLinked":false}},"elements":[{"id":"7b683584","settings":{"image":{"id":"99","url":"http:\/\/localhost\/test\/wp-content\/uploads\/2018\/09\/8.png"},"_padding":{"unit":"px","top":"0","right":"0","bottom":"0","left":"0","isLinked":true},"_animation":"fadeInRight","space_tablet":{"unit":"%","size":40},"space_mobile":{"unit":"%","size":30}},"elements":[],"isInner":false,"widgetType":"image","elType":"widget"}],"isInner":false,"elType":"column"}],"isInner":false,"elType":"section"},{"id":"1336197a","settings":{"content_width":{"unit":"px","size":1300},"custom_height":{"unit":"vh","size":70},"background_background":"classic","background_position":"center center","background_size":"cover","structure":"20","background_color":"#464646","padding":{"unit":"px","top":"100","right":"50","bottom":"100","left":"50","isLinked":false},"padding_tablet":{"unit":"px","top":"60","right":"30","bottom":"60","left":"30","isLinked":false},"padding_mobile":{"unit":"px","top":"60","right":"20","bottom":"60","left":"20","isLinked":false}},"elements":[{"id":"cb29218","settings":{"_column_size":50,"padding":{"unit":"px","top":"0","right":"50","bottom":"0","left":"0","isLinked":false},"content_position":"center","_inline_size_tablet":60,"margin_mobile":{"unit":"px","top":"0","right":"0","bottom":"0","left":"0","isLinked":true},"padding_tablet":{"unit":"px","top":"0","right":"50","bottom":"0","left":"0","isLinked":false},"padding_mobile":{"unit":"px","top":"0","right":"0","bottom":"0","left":"0","isLinked":true}},"elements":[{"id":"7e16df0f","settings":{"title":"Working Process","title_color":"#ffffff","typography_typography":"custom","typography_font_size":{"unit":"px","size":55},"typography_font_family":"Playfair Display","typography_font_style":"oblique","typography_letter_spacing":{"unit":"px","size":-0.7},"align_mobile":"center","typography_font_size_tablet":{"unit":"px","size":40},"typography_font_size_mobile":{"unit":"px","size":35}},"elements":[],"isInner":false,"widgetType":"heading","elType":"widget"},{"id":"5eb496a","settings":{"weight":{"unit":"px","size":3},"color":"#12e0b9","width":{"unit":"%","size":30},"align_mobile":"center","gap_tablet":{"unit":"px","size":2}},"elements":[],"isInner":false,"widgetType":"divider","elType":"widget"},{"id":"8b72c34","settings":{"editor":"<p>Bring to the table win-win survival strategies to ensure proactive domination. At the end of the day, going forward, a new normal that has evolved from generation X is on the runway heading towards a streamlined cloud solution. User generated content in real-time will have multiple touchpoints for offshoring.\u00a0Capitalize on low hanging fruit to identify a ballpark value added activity to beta test. Override the digital divide.<\/p>","text_color":"#ffffff","typography_typography":"custom","typography_font_size":{"unit":"px","size":18},"typography_font_family":"Roboto","typography_line_height":{"unit":"em","size":1.8},"_padding":{"unit":"px","top":"0","right":"0","bottom":"10","left":"0","isLinked":false},"typography_font_weight":"300","align_mobile":"center","typography_font_size_tablet":{"unit":"px","size":15},"typography_font_size_mobile":{"unit":"px","size":14},"_padding_tablet":{"unit":"px","top":"0","right":"0","bottom":"0","left":"0","isLinked":false}},"elements":[],"isInner":false,"widgetType":"text-editor","elType":"widget"},{"id":"4d91281d","settings":{"text":"View Studio Tour","typography_typography":"custom","typography_font_size":{"unit":"px","size":18},"typography_text_transform":"uppercase","typography_letter_spacing":{"unit":"px","size":3},"background_color":"rgba(18,224,185,0)","button_background_hover_color":"#12e0b9","border_border":"solid","border_width":{"unit":"px","top":"3","right":"3","bottom":"3","left":"3","isLinked":true},"border_color":"#12e0b9","border_radius":{"unit":"px","top":"0","right":"0","bottom":"0","left":"0","isLinked":true},"align_mobile":"center","typography_font_size_tablet":{"unit":"px","size":13},"typography_font_size_mobile":{"unit":"px","size":12}},"elements":[],"isInner":false,"widgetType":"button","elType":"widget"}],"isInner":false,"elType":"column"},{"id":"4c3df6be","settings":{"_column_size":50,"_inline_size":54.685,"_inline_size_tablet":40,"margin_tablet":{"unit":"px","top":"0","right":"0","bottom":"0","left":"0","isLinked":true},"padding_tablet":{"unit":"px","top":"0","right":"0","bottom":"0","left":"0","isLinked":false},"padding_mobile":{"unit":"px","top":"50","right":"0","bottom":"0","left":"0","isLinked":false}},"elements":[{"id":"307b1c3d","settings":{"slides":[{"image":{"id":"102","url":"http:\/\/localhost\/test\/wp-content\/uploads\/2018\/09\/36-1.png"},"_id":"fbe66s4","type":"image","image_link_to_type":"file","image_link_to":{"url":"","is_external":"","nofollow":""},"video":{"url":"","is_external":"","nofollow":""}},{"image":{"id":"104","url":"http:\/\/localhost\/test\/wp-content\/uploads\/2018\/09\/architecture_3.jpg"},"_id":"593jh4m","type":"image","image_link_to_type":"file","image_link_to":{"url":"","is_external":"","nofollow":""},"video":{"url":"","is_external":"","nofollow":""}},{"image":{"id":"107","url":"http:\/\/localhost\/test\/wp-content\/uploads\/2018\/09\/3-1.png"},"_id":"2u0yeyx","type":"image","image_link_to_type":"file","image_link_to":{"url":"","is_external":"","nofollow":""},"video":{"url":"","is_external":"","nofollow":""}},{"image":{"id":"111","url":"http:\/\/localhost\/test\/wp-content\/uploads\/2018\/09\/201-1.jpg"},"_id":"f6v9odr","type":"image","image_link_to_type":"file","image_link_to":{"url":"","is_external":"","nofollow":""},"video":{"url":"","is_external":"","nofollow":""}},{"image":{"id":"114","url":"http:\/\/localhost\/test\/wp-content\/uploads\/2018\/09\/15-1-1.png"},"_id":"675a0h3","type":"image","image_link_to_type":"file","image_link_to":{"url":"","is_external":"","nofollow":""},"video":{"url":"","is_external":"","nofollow":""}}],"slides_per_view":"1","height":{"unit":"px","size":530},"width":{"unit":"%","size":85},"show_arrows":"","pagination_color":"#12e0b9","slides_per_view_tablet":"1","height_tablet":{"unit":"px","size":390},"height_mobile":{"unit":"px","size":317},"width_tablet":{"unit":"px","size":279},"width_mobile":{"unit":"px","size":309}},"elements":[],"isInner":false,"widgetType":"media-carousel","elType":"widget"}],"isInner":false,"elType":"column"}],"isInner":false,"elType":"section"},{"id":"29551d69","settings":{"padding":{"unit":"px","top":"100","right":"300","bottom":"30","left":"300","isLinked":false},"padding_tablet":{"unit":"px","top":"60","right":"60","bottom":"0","left":"60","isLinked":false},"padding_mobile":{"unit":"px","top":"60","right":"20","bottom":"0","left":"20","isLinked":false}},"elements":[{"id":"3baac6a4","settings":{"_column_size":100,"_inline_size":null,"margin_tablet":{"unit":"px","top":"0","right":"0","bottom":"0","left":"0","isLinked":true},"padding_tablet":{"unit":"px","top":"0","right":"0","bottom":"0","left":"0","isLinked":true}},"elements":[{"id":"c2d446b","settings":{"title":"Meet The Team","title_color":"#464646","typography_typography":"custom","typography_font_size":{"unit":"px","size":55},"typography_font_family":"Playfair Display","typography_font_style":"oblique","typography_letter_spacing":{"unit":"px","size":-0.7},"align":"center","typography_font_size_tablet":{"unit":"px","size":40},"header_size":"h3"},"elements":[],"isInner":false,"widgetType":"heading","elType":"widget"},{"id":"1ea1f20","settings":{"weight":{"unit":"px","size":3},"color":"#12e0b9","width":{"unit":"%","size":20},"align":"center"},"elements":[],"isInner":false,"widgetType":"divider","elType":"widget"},{"id":"c16c8c4","settings":{"editor":"<p>Capitalize on low hanging fruit to identify a ballpark value added activity to beta test. Override the digital divide with additional clickthroughs from nanotechnology immersion DevOps.\u00a0<\/p>","text_color":"#464646","typography_typography":"custom","typography_font_size":{"unit":"px","size":18},"typography_font_family":"Roboto","typography_line_height":{"unit":"em","size":1.8},"align":"center","typography_font_weight":"300","typography_font_size_tablet":{"unit":"px","size":15},"_padding_mobile":{"unit":"px","top":"0","right":"0","bottom":"0","left":"0","isLinked":true}},"elements":[],"isInner":false,"widgetType":"text-editor","elType":"widget"}],"isInner":false,"elType":"column"}],"isInner":false,"elType":"section"},{"id":"547a233c","settings":{"content_width":{"unit":"px","size":1300},"structure":"40","padding":{"unit":"px","top":"0","right":"40","bottom":"40","left":"40","isLinked":false},"margin":{"unit":"px","top":"0","right":0,"bottom":"0","left":0,"isLinked":false},"padding_tablet":{"unit":"px","top":"20","right":"20","bottom":"2","left":"20","isLinked":false},"padding_mobile":{"unit":"px","top":"20","right":"20","bottom":"20","left":"20","isLinked":true},"animation":"fadeIn"},"elements":[{"id":"15369386","settings":{"_column_size":25,"_inline_size":null,"_inline_size_mobile":50,"padding_mobile":{"unit":"px","top":"3","right":"3","bottom":"0","left":"3","isLinked":false}},"elements":[{"id":"1442e67a","settings":{"image":{"id":"116","url":"http:\/\/localhost\/test\/wp-content\/uploads\/2018\/09\/5-2.png"},"caption":" Neil Gaiman - CTO","text_color":"#464646","caption_typography_typography":"custom","caption_typography_font_size":{"unit":"px","size":18},"caption_typography_font_size_tablet":{"unit":"px","size":11},"_background_hover_background":"classic"},"elements":[],"isInner":false,"widgetType":"image","elType":"widget"},{"id":"61c4c90","settings":{"social_icon_list":[{"social":"fa fa-facebook","_id":"t5ndfm1","link":{"url":"","is_external":"true","nofollow":""}},{"social":"fa fa-twitter","_id":"czutltn","link":{"url":"","is_external":"true","nofollow":""}},{"social":"fa fa-linkedin","_id":"re9t4c0","link":{"url":"","is_external":"true","nofollow":""}}],"icon_color":"custom","icon_primary_color":"#464646","icon_size":{"unit":"px","size":13},"icon_size_tablet":{"unit":"px","size":10},"border_radius":{"unit":"px","top":"51","right":"51","bottom":"51","left":"51","isLinked":true},"hover_primary_color":"#12e0b9","_margin_mobile":{"unit":"px","top":"-10","right":"0","bottom":"0","left":"0","isLinked":false}},"elements":[],"isInner":false,"widgetType":"social-icons","elType":"widget"}],"isInner":false,"elType":"column"},{"id":"2018b589","settings":{"_column_size":25,"_inline_size":null,"_inline_size_mobile":50,"padding_mobile":{"unit":"px","top":"3","right":"3","bottom":"0","left":"3","isLinked":false}},"elements":[{"id":"dc97048","settings":{"image":{"id":"119","url":"http:\/\/localhost\/test\/wp-content\/uploads\/2018\/09\/Untitled-4.png"},"caption":"Nikki Gooley - HR","text_color":"#464646","caption_typography_typography":"custom","caption_typography_font_size":{"unit":"px","size":18},"caption_typography_font_size_tablet":{"unit":"px","size":11}},"elements":[],"isInner":false,"widgetType":"image","elType":"widget"},{"id":"121153d3","settings":{"social_icon_list":[{"social":"fa fa-google-plus","_id":"t5ndfm1","link":{"url":"","is_external":"true","nofollow":""}},{"social":"fa fa-linkedin","_id":"czutltn","link":{"url":"","is_external":"true","nofollow":""}},{"social":"fa fa-twitter","_id":"re9t4c0","link":{"url":"","is_external":"true","nofollow":""}}],"icon_color":"custom","icon_primary_color":"#464646","icon_size":{"unit":"px","size":13},"icon_size_tablet":{"unit":"px","size":10},"border_radius":{"unit":"px","top":"51","right":"51","bottom":"51","left":"51","isLinked":true},"hover_primary_color":"#12e0b9","_margin_mobile":{"unit":"px","top":"-10","right":"0","bottom":"0","left":"0","isLinked":false}},"elements":[],"isInner":false,"widgetType":"social-icons","elType":"widget"}],"isInner":false,"elType":"column"},{"id":"17fb5125","settings":{"_column_size":25,"_inline_size":null,"_inline_size_mobile":50,"padding_mobile":{"unit":"px","top":"50","right":"3","bottom":"0","left":"3","isLinked":false}},"elements":[{"id":"482ff467","settings":{"image":{"id":"123","url":"http:\/\/localhost\/test\/wp-content\/uploads\/2018\/09\/5Untitled-4-1.png"},"caption":"Laurence Fishburne - CFO","text_color":"#464646","caption_typography_typography":"custom","caption_typography_font_size":{"unit":"px","size":18},"caption_typography_font_size_tablet":{"unit":"px","size":11}},"elements":[],"isInner":false,"widgetType":"image","elType":"widget"},{"id":"2c357b86","settings":{"social_icon_list":[{"social":"fa fa-facebook","_id":"t5ndfm1","link":{"url":"","is_external":"true","nofollow":""}},{"social":"fa fa-twitter","_id":"czutltn","link":{"url":"","is_external":"true","nofollow":""}},{"social":"fa fa-linkedin","_id":"re9t4c0","link":{"url":"","is_external":"true","nofollow":""}}],"icon_color":"custom","icon_primary_color":"#464646","icon_size":{"unit":"px","size":13},"icon_size_tablet":{"unit":"px","size":10},"border_radius":{"unit":"px","top":"51","right":"51","bottom":"51","left":"51","isLinked":true},"hover_primary_color":"#12e0b9","_margin_mobile":{"unit":"px","top":"-10","right":"0","bottom":"0","left":"0","isLinked":false}},"elements":[],"isInner":false,"widgetType":"social-icons","elType":"widget"}],"isInner":false,"elType":"column"},{"id":"52999f6b","settings":{"_column_size":25,"_inline_size":null,"_inline_size_mobile":50,"padding_mobile":{"unit":"px","top":"50","right":"3","bottom":"0","left":"3","isLinked":false}},"elements":[{"id":"16e50c06","settings":{"image":{"id":"126","url":"http:\/\/localhost\/test\/wp-content\/uploads\/2018\/09\/54-1.png"},"caption":"Kym Barrett - CMO","text_color":"#464646","caption_typography_typography":"custom","caption_typography_font_size":{"unit":"px","size":18},"caption_typography_font_size_tablet":{"unit":"px","size":11}},"elements":[],"isInner":false,"widgetType":"image","elType":"widget"},{"id":"7ec15bf7","settings":{"social_icon_list":[{"social":"fa fa-facebook","_id":"t5ndfm1","link":{"url":"","is_external":"true","nofollow":""}},{"social":"fa fa-twitter","_id":"czutltn","link":{"url":"","is_external":"true","nofollow":""}},{"social":"fa fa-instagram","_id":"re9t4c0","link":{"url":"","is_external":"true","nofollow":""}}],"icon_color":"custom","icon_primary_color":"#464646","icon_size":{"unit":"px","size":13},"icon_size_tablet":{"unit":"px","size":10},"border_radius":{"unit":"px","top":"51","right":"51","bottom":"51","left":"51","isLinked":true},"hover_primary_color":"#12e0b9","_margin_mobile":{"unit":"px","top":"-10","right":"0","bottom":"0","left":"0","isLinked":false}},"elements":[],"isInner":false,"widgetType":"social-icons","elType":"widget"}],"isInner":false,"elType":"column"}],"isInner":false,"elType":"section"},{"id":"7489fb9a","settings":{"content_width":{"unit":"px","size":1300},"structure":"40","padding":{"unit":"px","top":"0","right":"40","bottom":"100","left":"40","isLinked":false},"margin":{"unit":"px","top":"0","right":0,"bottom":"0","left":0,"isLinked":false},"padding_tablet":{"unit":"px","top":"20","right":"20","bottom":"60","left":"20","isLinked":false},"padding_mobile":{"unit":"px","top":"30","right":"20","bottom":"50","left":"20","isLinked":false},"animation":"fadeIn"},"elements":[{"id":"20a8a63f","settings":{"_column_size":25,"_inline_size":null,"_inline_size_mobile":50,"padding_mobile":{"unit":"px","top":"3","right":"3","bottom":"0","left":"3","isLinked":false}},"elements":[{"id":"eef4b71","settings":{"image":{"id":"128","url":"http:\/\/localhost\/test\/wp-content\/uploads\/2018\/09\/63853.png"},"caption":"Gloria Foster - UI Designer","text_color":"#464646","caption_typography_typography":"custom","caption_typography_font_size":{"unit":"px","size":18},"_padding":{"unit":"px","top":"0","right":"0","bottom":"0","left":"0","isLinked":false},"caption_typography_font_size_tablet":{"unit":"px","size":11},"_padding_tablet":{"unit":"px","top":"10","right":"0","bottom":"10","left":"0","isLinked":false},"_padding_mobile":{"unit":"px","top":"0","right":"0","bottom":"0","left":"0","isLinked":true}},"elements":[],"isInner":false,"widgetType":"image","elType":"widget"},{"id":"1d62da49","settings":{"social_icon_list":[{"social":"fa fa-dribbble","_id":"t5ndfm1","link":{"url":"","is_external":"true","nofollow":""}},{"social":"fa fa-behance","_id":"czutltn","link":{"url":"","is_external":"true","nofollow":""}},{"social":"fa fa-instagram","_id":"re9t4c0","link":{"url":"","is_external":"true","nofollow":""}}],"icon_color":"custom","icon_primary_color":"#464646","icon_size":{"unit":"px","size":13},"icon_size_tablet":{"unit":"px","size":10},"border_radius":{"unit":"px","top":"51","right":"51","bottom":"51","left":"51","isLinked":true},"hover_primary_color":"#12e0b9","_margin_mobile":{"unit":"px","top":"-10","right":"0","bottom":"0","left":"0","isLinked":false}},"elements":[],"isInner":false,"widgetType":"social-icons","elType":"widget"}],"isInner":false,"elType":"column"},{"id":"32bf6208","settings":{"_column_size":25,"_inline_size":null,"_inline_size_mobile":50,"padding_mobile":{"unit":"px","top":"3","right":"3","bottom":"0","left":"3","isLinked":false}},"elements":[{"id":"29c95f43","settings":{"image":{"id":"130","url":"http:\/\/localhost\/test\/wp-content\/uploads\/2018\/09\/86.png"},"caption":"Jean Reno - UX Expert","text_color":"#464646","caption_typography_typography":"custom","caption_typography_font_size":{"unit":"px","size":18},"_padding":{"unit":"px","top":"0","right":"0","bottom":"0","left":"0","isLinked":false},"caption_typography_font_size_tablet":{"unit":"px","size":11},"_padding_tablet":{"unit":"px","top":"10","right":"0","bottom":"10","left":"0","isLinked":false},"_padding_mobile":{"unit":"px","top":"0","right":"0","bottom":"0","left":"0","isLinked":true}},"elements":[],"isInner":false,"widgetType":"image","elType":"widget"},{"id":"1bddaf8d","settings":{"social_icon_list":[{"social":"fa fa-facebook","_id":"t5ndfm1","link":{"url":"","is_external":"true","nofollow":""}},{"social":"fa fa-twitter","_id":"czutltn","link":{"url":"","is_external":"true","nofollow":""}},{"social":"fa fa-linkedin","_id":"re9t4c0","link":{"url":"","is_external":"true","nofollow":""}}],"icon_color":"custom","icon_primary_color":"#464646","icon_size":{"unit":"px","size":13},"icon_size_tablet":{"unit":"px","size":10},"border_radius":{"unit":"px","top":"51","right":"51","bottom":"51","left":"51","isLinked":true},"hover_primary_color":"#12e0b9","_margin_mobile":{"unit":"px","top":"-10","right":"0","bottom":"0","left":"0","isLinked":false}},"elements":[],"isInner":false,"widgetType":"social-icons","elType":"widget"}],"isInner":false,"elType":"column"},{"id":"2010afdc","settings":{"_column_size":25,"_inline_size":null,"_inline_size_mobile":50,"padding_mobile":{"unit":"px","top":"50","right":"3","bottom":"0","left":"3","isLinked":false}},"elements":[{"id":"1fb1ceb3","settings":{"image":{"id":"133","url":"http:\/\/localhost\/test\/wp-content\/uploads\/2018\/09\/452.png"},"caption":"Bel McClory - UX Designer","text_color":"#464646","caption_typography_typography":"custom","caption_typography_font_size":{"unit":"px","size":18},"_padding":{"unit":"px","top":"0","right":"0","bottom":"0","left":"0","isLinked":false},"caption_typography_font_size_tablet":{"unit":"px","size":11},"_padding_tablet":{"unit":"px","top":"10","right":"0","bottom":"10","left":"0","isLinked":false}},"elements":[],"isInner":false,"widgetType":"image","elType":"widget"},{"id":"6c717362","settings":{"social_icon_list":[{"social":"fa fa-dribbble","_id":"t5ndfm1","link":{"url":"","is_external":"true","nofollow":""}},{"social":"fa fa-twitter","_id":"czutltn","link":{"url":"","is_external":"true","nofollow":""}},{"social":"fa fa-instagram","_id":"re9t4c0","link":{"url":"","is_external":"true","nofollow":""}}],"icon_color":"custom","icon_primary_color":"#464646","icon_size":{"unit":"px","size":13},"icon_size_tablet":{"unit":"px","size":10},"border_radius":{"unit":"px","top":"51","right":"51","bottom":"51","left":"51","isLinked":true},"hover_primary_color":"#12e0b9","_margin_mobile":{"unit":"px","top":"-10","right":"0","bottom":"0","left":"0","isLinked":false}},"elements":[],"isInner":false,"widgetType":"social-icons","elType":"widget"}],"isInner":false,"elType":"column"},{"id":"5aee7d8","settings":{"_column_size":25,"_inline_size":null,"_inline_size_mobile":50,"padding_mobile":{"unit":"px","top":"50","right":"3","bottom":"0","left":"3","isLinked":false}},"elements":[{"id":"263bafa2","settings":{"image":{"id":"136","url":"http:\/\/localhost\/test\/wp-content\/uploads\/2018\/09\/525.png"},"caption":"Matt Doran - Project manager","text_color":"#464646","caption_typography_typography":"custom","caption_typography_font_size":{"unit":"px","size":18},"_padding":{"unit":"px","top":"0","right":"0","bottom":"0","left":"0","isLinked":false},"caption_typography_font_size_tablet":{"unit":"px","size":11},"_padding_tablet":{"unit":"px","top":"10","right":"0","bottom":"10","left":"0","isLinked":false}},"elements":[],"isInner":false,"widgetType":"image","elType":"widget"},{"id":"48012b08","settings":{"social_icon_list":[{"social":"fa fa-google-plus","_id":"t5ndfm1","link":{"url":"","is_external":"true","nofollow":""}},{"social":"fa fa-linkedin","_id":"czutltn","link":{"url":"","is_external":"true","nofollow":""}},{"social":"fa fa-twitter","_id":"re9t4c0","link":{"url":"","is_external":"true","nofollow":""}}],"icon_color":"custom","icon_primary_color":"#464646","icon_size":{"unit":"px","size":13},"icon_size_tablet":{"unit":"px","size":10},"border_radius":{"unit":"px","top":"51","right":"51","bottom":"51","left":"51","isLinked":true},"hover_primary_color":"#12e0b9","_margin_mobile":{"unit":"px","top":"-10","right":"0","bottom":"0","left":"0","isLinked":false}},"elements":[],"isInner":false,"widgetType":"social-icons","elType":"widget"}],"isInner":false,"elType":"column"}],"isInner":false,"elType":"section"},{"id":"6390535b","settings":{"section_layout":"","layout":"full_width","gap":"no","height":"min-height","custom_height":{"unit":"px","size":""},"column_position":"stretch","content_position":"middle","structure":"20","section_background":"","background_background":"none","background_overlay_section":"","section_border":"","box_shadow_box_shadow":{"horizontal":0,"vertical":0,"blur":10,"spread":0,"inset":"","color":"rgba(0,0,0,0.5)"},"section_typo":"","section_advanced":"","margin":{"unit":"px","top":"","right":0,"bottom":"","left":0,"isLinked":true},"_section_responsive":"","heading_visibility":"","responsive_description":"","section_custom_css":"","custom_css_description":"","section_custom_css_pro":"","custom_css_pro":""},"elements":[{"id":"2995dbd6","settings":{"_column_size":50,"_inline_size":null,"section_style":"","background_background":"classic","background_color":"#fafafb","box_shadow_box_shadow":{"horizontal":0,"vertical":0,"blur":10,"spread":0,"inset":"","color":"rgba(0,0,0,0.5)"},"section_background_overlay":"","section_typo":"","section_advanced":"","padding":{"unit":"%","top":"0","right":"30","bottom":"0","left":"30","isLinked":false},"padding_tablet":{"unit":"px","top":"0","right":"50","bottom":"0","left":"50","isLinked":false},"padding_mobile":{"unit":"px","top":"50","right":"50","bottom":"150","left":"50","isLinked":false},"section_responsive":"","screen_xs":"default","screen_xs_width":"100","section_custom_css":"","custom_css_description":"","section_custom_css_pro":"","custom_css_pro":""},"elements":[{"id":"57014153","settings":{"title":"Contact Us","title_color":"#464646","typography_typography":"custom","typography_font_size":{"unit":"px","size":55},"typography_font_family":"Playfair Display","typography_font_style":"oblique","typography_letter_spacing":{"unit":"px","size":-0.7},"align":"left","typography_font_size_tablet":{"unit":"px","size":40},"header_size":"h3","align_mobile":"center"},"elements":[],"isInner":false,"widgetType":"heading","elType":"widget"},{"id":"3295950b","settings":{"section_divider":"","weight":{"unit":"px","size":"3"},"color":"#12e0b9","width":{"unit":"%","size":20},"align_mobile":"center","_section_style":"","_section_background":"","_box_shadow_box_shadow":{"horizontal":0,"vertical":0,"blur":10,"spread":0,"inset":"","color":"rgba(0,0,0,0.5)"},"_section_responsive":"","responsive_description":"","section_custom_css":"","custom_css_description":"","section_custom_css_pro":"","custom_css_pro":""},"elements":[],"isInner":false,"widgetType":"divider","elType":"widget"},{"id":"ecfa50c","settings":{"section_icon":"","icon_list":[{"text":"+44 20 5540 1234","icon":"fa fa-phone","link":{"url":"","is_external":"","nofollow":""},"_id":"kxo82hb"},{"text":"+44 35 9998 3245","icon":"fa fa-mobile-phone","link":{"url":"","is_external":"","nofollow":""},"_id":"89z2tky"},{"text":"+44 20 5540 4433","icon":"fa fa-fax","link":{"url":"","is_external":"","nofollow":""},"_id":"zi1l66f"}],"section_icon_style":"","icon_color":"#464646","icon_size":{"unit":"px","size":30},"icon_align_mobile":"center","section_text_style":"","text_indent":{"unit":"px","size":15},"text_color":"#777777","icon_typography_typography":"custom","icon_typography_font_size":{"unit":"px","size":18},"icon_typography_font_size_tablet":{"unit":"px","size":15},"icon_typography_line_height":{"unit":"em","size":2.3},"_section_style":"","_section_background":"","_box_shadow_box_shadow":{"horizontal":0,"vertical":0,"blur":10,"spread":0,"inset":"","color":"rgba(0,0,0,0.5)"},"_section_responsive":"","responsive_description":"","section_custom_css":"","custom_css_description":"","section_custom_css_pro":"","custom_css_pro":"","space_between":{"unit":"px","size":11}},"elements":[],"isInner":false,"widgetType":"icon-list","elType":"widget"}],"isInner":false,"elType":"column"},{"id":"47b63910","settings":{"_column_size":50,"_inline_size":null,"section_style":"","background_background":"classic","background_color":"#e5e5e5","background_size":"cover","box_shadow_box_shadow":{"horizontal":0,"vertical":0,"blur":10,"spread":0,"inset":"","color":"rgba(0,0,0,0.5)"},"section_background_overlay":"","background_overlay_background":"none","background_overlay_opacity":{"unit":"px","size":0.71},"section_typo":"","section_advanced":"","padding":{"unit":"px","top":"70","right":"0","bottom":"70","left":"120","isLinked":false},"padding_tablet":{"unit":"px","top":"60","right":"0","bottom":"60","left":"45","isLinked":false},"padding_mobile":{"unit":"px","top":"50","right":"30","bottom":"50","left":"30","isLinked":false},"section_responsive":"","screen_xs":"default","screen_xs_width":"100","section_custom_css":"","custom_css_description":"","section_custom_css_pro":"","custom_css_pro":""},"elements":[{"id":"1b055ae4","settings":{"section_form_fields":"","form_name":"Sample Form","form_fields":[{"field_type":"text","field_label":"Name","placeholder":"Name","width":"33","required":"","field_options":"","inline_list":"","width_tablet":"","width_mobile":"","rows":4,"recaptcha_size":"normal","recaptcha_style":"light","css_classes":"","_id":"qi8lqp1","field_value":"","file_sizes":"","file_types":"","allow_multiple_upload":"","max_files":"","acceptance_text":"","checked_by_default":"","field_min":"","field_max":"","min_date":"","max_date":"","use_native_date":"","use_native_time":"","allow_multiple":"","select_size":"","field_html":""},{"field_type":"email","required":true,"field_label":"Email","placeholder":"Email","width":"33","field_options":"","inline_list":"","width_tablet":"","width_mobile":"","rows":4,"recaptcha_size":"normal","recaptcha_style":"light","css_classes":"","_id":"8b28ttw","field_value":"","file_sizes":"","file_types":"","allow_multiple_upload":"","max_files":"","acceptance_text":"","checked_by_default":"","field_min":"","field_max":"","min_date":"","max_date":"","use_native_date":"","use_native_time":"","allow_multiple":"","select_size":"","field_html":""},{"field_type":"tel","field_label":"Tel","placeholder":"Tel","required":"","field_options":"","inline_list":"","width":"33","width_tablet":"","width_mobile":"","rows":4,"recaptcha_size":"normal","recaptcha_style":"light","css_classes":"","_id":"2gd0qrk","field_value":"","file_sizes":"","file_types":"","allow_multiple_upload":"","max_files":"","acceptance_text":"","checked_by_default":"","field_min":"","field_max":"","min_date":"","max_date":"","use_native_date":"","use_native_time":"","allow_multiple":"","select_size":"","field_html":""},{"field_type":"textarea","field_label":"Message","placeholder":"Message","width":"100","required":"","field_options":"","inline_list":"","width_tablet":"","width_mobile":"","rows":"6","recaptcha_size":"normal","recaptcha_style":"light","css_classes":"","_id":"1qsba9v","field_value":"","file_sizes":"","file_types":"","allow_multiple_upload":"","max_files":"","acceptance_text":"","checked_by_default":"","field_min":"","field_max":"","min_date":"","max_date":"","use_native_date":"","use_native_time":"","allow_multiple":"","select_size":"","field_html":""}],"input_size":"md","show_labels":"","section_submit_button":"","button_text":"Send","button_size":"md","section_form_options":"","send_html":"","success_message":"The message was sent successfully!","error_message":"There's something wrong... Please fill in the required fields.","required_field_message":"Required","invalid_message":"There's something wrong... The form is invalid.","section_form_style":"","column_gap":{"unit":"px","size":"20"},"row_gap":{"unit":"px","size":"20"},"heading_label":"","section_field_style":"","field_text_color":"#464646","field_typography_typography":"custom","field_typography_font_size_tablet":{"unit":"px","size":12},"field_typography_line_height_tablet":{"unit":"em","size":1.5},"field_background_color":"rgba(191,201,209,0.26)","field_border_width":{"unit":"px","top":"0","right":"0","bottom":"0","left":"0","isLinked":true},"field_border_radius":{"unit":"px","top":"0","right":"0","bottom":"0","left":"0","isLinked":true},"section_button_style":"","tabs_button_style":"","tab_button_normal":"","button_text_color":"#464646","button_typography_typography":"custom","button_typography_font_size":{"unit":"px","size":18},"button_typography_font_size_tablet":{"unit":"px","size":13},"button_typography_text_transform":"uppercase","button_typography_letter_spacing":{"unit":"px","size":3},"button_background_color":"rgba(0,41,73,0)","button_border_border":"solid","button_border_width":{"unit":"px","top":"3","right":"3","bottom":"3","left":"3","isLinked":true},"button_border_color":"#12e0b9","button_border_radius":{"unit":"px","top":"0","right":"0","bottom":"0","left":"0","isLinked":true},"tab_button_hover":"","button_hover_color":"#ffffff","button_background_hover_color":"#12e0b9","button_hover_border_color":"#12e0b9","_section_style":"","_margin":{"unit":"px","top":"0","right":"200","bottom":"0","left":"-200","isLinked":false},"_margin_tablet":{"unit":"px","top":"0","right":"50","bottom":"0","left":"-100","isLinked":false},"_margin_mobile":{"unit":"px","top":"-150","right":"0","bottom":"0","left":"0","isLinked":false},"_padding":{"unit":"px","top":"55","right":"55","bottom":"55","left":"55","isLinked":true},"_padding_tablet":{"unit":"px","top":"30","right":"30","bottom":"30","left":"30","isLinked":true},"_padding_mobile":{"unit":"px","top":"20","right":"20","bottom":"20","left":"20","isLinked":true},"_section_background":"","_background_background":"classic","_background_color":"#ffffff","_box_shadow_box_shadow_type":"outset","_box_shadow_box_shadow":{"horizontal":0,"vertical":0,"blur":"50","spread":0,"inset":"","color":"rgba(0,0,0,0.19)"},"_section_responsive":"","responsive_description":"","section_custom_css":"","custom_css_description":"","section_custom_css_pro":"","custom_css_pro":"","mark_required":"yes","email_content":"[all-fields]","email_content_2":"[all-fields]","subscriber_already_exists_message":"Subscriber already exist."},"elements":[],"isInner":false,"widgetType":"form","elType":"widget"}],"isInner":false,"elType":"column"}],"isInner":false,"elType":"section"},{"id":"fd62c83","settings":{"background_background":"classic","background_color":"#464646","margin":{"unit":"px","top":"","right":0,"bottom":"","left":0,"isLinked":true},"padding":{"unit":"px","top":"40","right":"0","bottom":"40","left":"0","isLinked":false},"padding_tablet":{"unit":"px","top":"15","right":"0","bottom":"15","left":"0","isLinked":false}},"elements":[{"id":"3922bbfc","settings":{"_column_size":100,"_inline_size":null},"elements":[{"id":"22f0b4f6","settings":{"social_icon_list":[{"social":"fa fa-facebook","_id":"7o3b1fs","link":{"url":"","is_external":"true","nofollow":""}},{"social":"fa fa-twitter","_id":"7mj1o4u","link":{"url":"","is_external":"true","nofollow":""}},{"social":"fa fa-google-plus","_id":"7b6sjw9","link":{"url":"","is_external":"true","nofollow":""}},{"social":"fa fa-linkedin","link":{"url":"","is_external":"true","nofollow":""},"_id":"0wh417m"},{"social":"fa fa-tumblr","link":{"url":"","is_external":"true","nofollow":""},"_id":"agdym3r"}],"icon_color":"custom","icon_primary_color":"rgba(0,0,0,0)","icon_size":{"unit":"px","size":30},"icon_spacing":{"unit":"px","size":14},"icon_size_tablet":{"unit":"px","size":25},"icon_size_mobile":{"unit":"px","size":20}},"elements":[],"isInner":false,"widgetType":"social-icons","elType":"widget"}],"isInner":false,"elType":"column"}],"isInner":false,"elType":"section"}]}