{"version":"0.4","title":"Single-Post4","type":"page","content":[{"id":"42b59b08","settings":{"height":"min-height","background_background":"classic","background_position":"center center","background_size":"cover","background_overlay_background":"gradient","background_overlay_color":"#000000","__dynamic__":{"background_image":"[elementor-tag id=\"13d2442\" name=\"post-featured-image\" settings=\"%7B%7D\"]"},"background_color_b":"#000000","background_overlay_color_b":"rgba(0,0,0,0.5)","custom_height":{"unit":"px","size":500},"content_width":{"unit":"px","size":700}},"elements":[{"id":"7455cc31","settings":{"_column_size":100},"elements":[{"id":"446fe314","settings":{"__dynamic__":{"title":"[elementor-tag id=\"\" name=\"post-title\" settings=\"%7B%22before%22%3A%22%22%2C%22after%22%3A%22%22%2C%22fallback%22%3A%22%22%7D\"]"},"title":"Add Your Heading Text Here","align":"center","title_color":"#ffffff","typography_typography":"custom","typography_font_weight":"600","typography_font_size":{"unit":"px","size":43},"typography_text_transform":"capitalize","typography_letter_spacing":{"unit":"px","size":-0.3}},"elements":[],"isInner":false,"widgetType":"theme-post-title","elType":"widget"},{"id":"6b6eac0f","settings":{"icon_list":[{"type":"author","date_format":"default","custom_date_format":"F j, Y","time_format":"default","custom_time_format":"g:i a","taxonomy":[],"text_prefix":"By","show_avatar":"","avatar_size":{"unit":"px","size":""},"avatar_size_tablet":{"unit":"px","size":""},"avatar_size_mobile":{"unit":"px","size":""},"comments_custom_strings":false,"string_no_comments":"","string_one_comment":"","string_comments":"","link":"yes","show_icon":"none","icon":"","_id":"9b232b3","custom_text":"","custom_url":{"url":"","is_external":"","nofollow":""}}],"icon_align":"center","icon_color":"#ffffff","text_color":"#ffffff","icon_typography_typography":"custom","icon_typography_font_size":{"unit":"px","size":13},"icon_typography_font_weight":"normal","icon_typography_text_transform":"uppercase","icon_typography_letter_spacing":{"unit":"px","size":2.1}},"elements":[],"isInner":false,"widgetType":"post-info","elType":"widget"}],"isInner":false,"elType":"column"}],"isInner":false,"elType":"section"},{"id":"5c3cd55a","settings":{"gap":"no","margin":{"unit":"px","top":"-45","right":0,"bottom":"0","left":0,"isLinked":false}},"elements":[{"id":"29867d2a","settings":{"_column_size":100},"elements":[{"id":"66c01b2f","settings":{"image":{"id":1870,"url":"http:\/\/localhost\/test\/wp-content\/uploads\/2018\/09\/https-www.pexels.comphotopress-conference-interview-man-person-32976-1.png"},"width":{"unit":"px","size":100},"image_border_border":"solid","image_border_width":{"unit":"px","top":"5","right":"5","bottom":"5","left":"5","isLinked":true},"image_border_color":"#ffffff","image_border_radius":{"unit":"%","top":"100","right":"100","bottom":"100","left":"100","isLinked":true},"__dynamic__":{"image":"[elementor-tag id=\"5022af7\" name=\"author-profile-picture\" settings=\"%7B%7D\"]"}},"elements":[],"isInner":false,"widgetType":"image","elType":"widget"}],"isInner":false,"elType":"column"}],"isInner":false,"elType":"section"},{"id":"44e8aa75","settings":{"content_width":{"unit":"px","size":800},"margin":{"unit":"px","top":"45","right":0,"bottom":"45","left":0,"isLinked":true},"structure":"20"},"elements":[{"id":"74931a9b","settings":{"_column_size":50,"_inline_size":8.5},"elements":[{"id":"149e1002","settings":{"share_buttons":[{"button":"facebook","_id":"9c85581","text":""},{"button":"google","_id":"f44afa9","text":""},{"button":"twitter","_id":"6fcf47b","text":""},{"button":"linkedin","_id":"c8e0bd2","text":""}],"view":"icon","skin":"minimal","columns":"1","primary_color":"#ffffff","secondary_color":"#bcbcbc"},"elements":[],"isInner":false,"widgetType":"share-buttons","elType":"widget"}],"isInner":false,"elType":"column"},{"id":"2f338499","settings":{"_column_size":50,"_inline_size":91.5,"margin":{"unit":"px","top":"0","right":"0","bottom":"0","left":"30","isLinked":false}},"elements":[{"id":"50c26570","settings":{"typography_typography":"custom","typography_line_height":{"unit":"em","size":2},"text_color":"#444444","typography_font_family":"Merriweather"},"elements":[],"isInner":false,"widgetType":"theme-post-content","elType":"widget"},{"id":"4ac37fb9","settings":{"follow_url":"https:\/\/www.facebook.com\/elemntor\/","show_faces":"yes"},"elements":[],"isInner":false,"widgetType":"facebook-button","elType":"widget"}],"isInner":false,"elType":"column"}],"isInner":false,"elType":"section"},{"id":"4b20ee3a","settings":{"content_width":{"unit":"px","size":800},"margin":{"unit":"px","top":"0","right":0,"bottom":"30","left":0,"isLinked":false}},"elements":[{"id":"2ccc1240","settings":{"_column_size":100},"elements":[{"id":"67be2dfe","settings":{"prev_label":"Previous","next_label":"Next","show_borders":""},"elements":[],"isInner":false,"widgetType":"post-navigation","elType":"widget"}],"isInner":false,"elType":"column"}],"isInner":false,"elType":"section"},{"id":"3e0f6bbf","settings":{"content_width":{"unit":"px","size":800},"background_background":"classic","background_color":"#ededed","padding":{"unit":"px","top":"30","right":"0","bottom":"30","left":"0","isLinked":false}},"elements":[{"id":"70c3bf8a","settings":{"_column_size":100},"elements":[{"id":"49d4f4ee","settings":{"comments_number":5,"url_type":"custom","url":"https:\/\/developers.facebook.com\/docs\/plugins"},"elements":[],"isInner":false,"widgetType":"facebook-comments","elType":"widget"}],"isInner":false,"elType":"column"}],"isInner":false,"elType":"section"}]}