{"version":"0.4","title":"Single-Post7","type":"page","content":[{"id":"64967e7f","settings":{"background_background":"classic","background_color":"#000000","padding":{"unit":"px","top":"60","right":"0","bottom":"130","left":"0","isLinked":false},"background_position":"center center","background_size":"cover","background_overlay_color":"#000000","background_overlay_opacity":{"unit":"px","size":0.84},"padding_tablet":{"unit":"px","top":"60","right":"0","bottom":"60","left":"0","isLinked":false},"padding_mobile":{"unit":"px","top":"0","right":"0","bottom":"0","left":"0","isLinked":true}},"elements":[{"id":"583f61a7","settings":{"_column_size":100,"margin":{"unit":"%","top":"0","right":"33","bottom":"0","left":"0","isLinked":false},"margin_tablet":{"unit":"px","top":"0","right":"0","bottom":"0","left":"0","isLinked":false},"padding_tablet":{"unit":"px","top":"0","right":"80","bottom":"0","left":"80","isLinked":false},"padding_mobile":{"unit":"px","top":"40","right":"40","bottom":"40","left":"40","isLinked":true}},"elements":[{"id":"53cd8d4a","settings":{"icon_list":[{"type":"terms","date_format":"default","custom_date_format":"F j, Y","time_format":"default","custom_time_format":"g:i a","taxonomy":"category","text_prefix":"","show_avatar":"","avatar_size":{"unit":"px","size":""},"avatar_size_tablet":{"unit":"px","size":""},"avatar_size_mobile":{"unit":"px","size":""},"comments_custom_strings":false,"string_no_comments":"","string_one_comment":"","string_comments":"","custom_text":"","link":"yes","custom_url":{"url":"","is_external":"","nofollow":""},"show_icon":"none","icon":"","_id":"124edcf"}],"text_color":"#ffffff","icon_typography_typography":"custom","icon_typography_font_size":{"unit":"px","size":15},"icon_align_tablet":"center"},"elements":[],"isInner":false,"widgetType":"post-info","elType":"widget"},{"id":"606177d0","settings":{"__dynamic__":{"title":"[elementor-tag id=\"\" name=\"post-title\" settings=\"%7B%22before%22%3A%22%22%2C%22after%22%3A%22%22%2C%22fallback%22%3A%22%22%7D\"]"},"title":"Add Your Heading Text Here","title_color":"#ffffff","typography_typography":"custom","typography_font_family":"Merriweather","typography_line_height":{"unit":"em","size":1.3},"_margin":{"unit":"px","top":"-10","right":"0","bottom":"40","left":"0","isLinked":false},"align_tablet":"center","typography_font_size_mobile":{"unit":"px","size":25}},"elements":[],"isInner":false,"widgetType":"theme-post-title","elType":"widget"},{"id":"35eb9c18","settings":{"share_buttons":[{"button":"facebook","_id":"8cda448","text":""},{"button":"google","_id":"07d8f39","text":""},{"button":"twitter","_id":"b1bb6c6","text":""},{"button":"linkedin","_id":"f4b2232","text":""}],"view":"icon","column_gap":{"unit":"px","size":9},"color_source":"custom","primary_color":"rgba(84,108,124,0.46)","alignment":"center"},"elements":[],"isInner":false,"widgetType":"share-buttons","elType":"widget"}],"isInner":false,"elType":"column"}],"isInner":false,"elType":"section"},{"id":"3082b7bf","settings":{"structure":"22","margin":{"unit":"px","top":"40","right":0,"bottom":"40","left":0,"isLinked":true},"z_index":1,"margin_tablet":{"unit":"px","top":"0","right":0,"bottom":"0","left":0,"isLinked":false}},"elements":[{"id":"673a9735","settings":{"_column_size":66,"_inline_size":null,"background_background":"classic","background_color":"#ffffff","box_shadow_box_shadow_type":"yes","box_shadow_box_shadow":{"horizontal":0,"vertical":0,"blur":20,"spread":0,"color":"rgba(0,0,0,0.09)"},"margin":{"unit":"px","top":"-120","right":"0","bottom":"0","left":"0","isLinked":false},"padding":{"unit":"px","top":"40","right":"40","bottom":"40","left":"40","isLinked":true},"_inline_size_tablet":100,"margin_tablet":{"unit":"px","top":"0","right":"0","bottom":"0","left":"0","isLinked":true}},"elements":[{"id":"3738041e","settings":{"__dynamic__":{"excerpt":"[elementor-tag id=\"\" name=\"post-excerpt\" settings=\"%7B%22fallback%22%3A%22A%20VPN%20is%20an%20essential%20component%20of%20IT%20security%2C%20whether%20you%E2%80%99re%20just%20starting%20a%20business%20or%20are%20already%20up%20and%20running.%20Most%20business%20interactions%20and%20transactions%20happen%20online%20and%20VPN%22%7D\"]"},"title_color":"#000000","typography_typography":"custom","typography_font_size":{"unit":"px","size":19},"typography_font_weight":"600","typography_line_height":{"unit":"em","size":1.5},"_margin":{"unit":"px","top":"0","right":"0","bottom":"40","left":"0","isLinked":false}},"elements":[],"isInner":false,"widgetType":"theme-post-excerpt","elType":"widget"},{"id":"36157cdd","settings":{"__dynamic__":{"image":"[elementor-tag id=\"\" name=\"post-featured-image\" settings=\"%7B%22fallback%22%3A%7B%22url%22%3A%22%22%2C%22id%22%3A%22%22%7D%7D\"]"},"_padding":{"unit":"px","top":"4","right":"4","bottom":"4","left":"4","isLinked":true},"_border_border":"solid","_border_width":{"unit":"px","top":"1","right":"1","bottom":"1","left":"1","isLinked":true},"_border_color":"#d1d1d1","image":{"id":"897","url":"http:\/\/localhost\/test\/wp-content\/uploads\/2018\/09\/placeholder-1-1.png"}},"elements":[],"isInner":false,"widgetType":"theme-post-featured-image","elType":"widget"},{"id":"15146b90","settings":{"typography_typography":"custom","typography_line_height":{"unit":"em","size":1.9}},"elements":[],"isInner":false,"widgetType":"theme-post-content","elType":"widget"},{"id":"4f9fde09","settings":{"follow_url":"https:\/\/www.facebook.com\/elemntor\/"},"elements":[],"isInner":false,"widgetType":"facebook-button","elType":"widget"},{"id":"3b0e80d4","settings":{"author_name":"John Doe","show_link":"","author_bio":"Click edit button to change this text. Lorem ipsum dolor sit amet consectetur adipiscing elit dolor","link_text":"All Posts","image_gap":{"unit":"px","size":30},"image_border_radius":{"unit":"px","size":0},"name_color":"#000000","name_typography_typography":"custom","name_typography_font_family":"Merriweather","name_typography_font_size":{"unit":"px","size":18},"bio_typography_typography":"custom","bio_typography_font_size":{"unit":"px","size":15},"_margin":{"unit":"px","top":"40","right":"0","bottom":"40","left":"0","isLinked":false},"_padding":{"unit":"px","top":"30","right":"30","bottom":"20","left":"30","isLinked":false},"_background_background":"classic","_background_color":"#f7f7f7","_border_border":"solid","_border_width":{"unit":"px","top":"04","right":"0","bottom":"0","left":"0","isLinked":false},"image_size_mobile":{"unit":"px","size":40},"author_avatar":{"id":"897","url":"http:\/\/localhost\/test\/wp-content\/uploads\/2018\/09\/placeholder-1-1.png"}},"elements":[],"isInner":false,"widgetType":"author-box","elType":"widget"},{"id":"82269a2","settings":{"title":"Leave a Replay","header_size":"h4","title_color":"#000000","typography_typography":"custom","typography_font_family":"Merriweather"},"elements":[],"isInner":false,"widgetType":"heading","elType":"widget"},{"id":"7aede72f","settings":{"comments_number":5},"elements":[],"isInner":false,"widgetType":"facebook-comments","elType":"widget"}],"isInner":false,"elType":"column"},{"id":"9102309","settings":{"_column_size":33,"_inline_size":null,"padding":{"unit":"px","top":"0","right":"45","bottom":"40","left":"45","isLinked":false},"_inline_size_tablet":100,"padding_tablet":{"unit":"px","top":"40","right":"40","bottom":"40","left":"40","isLinked":true}},"elements":[{"id":"7014f1f3","settings":{"placeholder":"Search...","button_text":"Search","input_background_color":"#ffffff","border_radius":{"unit":"px","size":0},"button_background_color":"#000000"},"elements":[],"isInner":false,"widgetType":"search-form","elType":"widget"},{"id":"5da5df9f","settings":{"title":"About Me","header_size":"h4","title_color":"#000000","typography_typography":"custom","typography_font_family":"Merriweather","_margin":{"unit":"px","top":"40","right":"0","bottom":"0","left":"0","isLinked":false}},"elements":[],"isInner":false,"widgetType":"heading","elType":"widget"},{"id":"288fc970","settings":{"typography_typography":"custom","typography_font_size":{"unit":"px","size":15}},"elements":[],"isInner":false,"widgetType":"text-editor","elType":"widget"},{"id":"33b96d","settings":{"social_icon_list":[{"social":"fa fa-facebook","_id":"0d1bf11","link":{"url":"","is_external":"true","nofollow":""}},{"social":"fa fa-twitter","_id":"ae20f37","link":{"url":"","is_external":"true","nofollow":""}},{"social":"fa fa-youtube","link":{"url":"","is_external":"true","nofollow":""},"_id":"24858d7"},{"social":"fa fa-medium","link":{"url":"","is_external":"true","nofollow":""},"_id":"bce7a8f"}],"shape":"square","align":"","icon_size":{"unit":"px","size":14},"icon_padding":{"unit":"em","size":0.7}},"elements":[],"isInner":false,"widgetType":"social-icons","elType":"widget"},{"id":"2b2fd0b1","settings":{"title":"Recent Posts","header_size":"h4","title_color":"#000000","typography_typography":"custom","typography_font_family":"Merriweather","_margin":{"unit":"px","top":"40","right":"0","bottom":"0","left":"0","isLinked":false}},"elements":[],"isInner":false,"widgetType":"heading","elType":"widget"},{"id":"2604a906","settings":{"classic_columns":"1","classic_posts_per_page":3,"classic_thumbnail":"left","classic_item_ratio":{"unit":"px","size":1},"classic_image_width":{"unit":"%","size":20},"classic_show_excerpt":"","classic_meta_data":[],"classic_meta_separator":"\/\/\/","classic_read_more_text":"Read More \u00bb","cards_meta_separator":"\u2022","cards_read_more_text":"Read More \u00bb","classic_row_gap":{"unit":"px","size":20},"classic_title_typography_typography":"custom","classic_title_typography_font_size":{"unit":"px","size":15},"classic_read_more_color":"#a0a0a0","classic_read_more_typography_typography":"custom","classic_read_more_typography_font_family":"Merriweather","classic_read_more_typography_font_size":{"unit":"px","size":10},"pagination_page_limit":"5","pagination_prev_label":"&laquo; Previous","pagination_next_label":"Next &raquo;","classic_item_ratio_mobile":{"unit":"px","size":1},"classic_image_width_mobile":{"unit":"%","size":20}},"elements":[],"isInner":false,"widgetType":"posts","elType":"widget"},{"id":"247af5dc","settings":{"title":"Follow Us","header_size":"h4","title_color":"#000000","typography_typography":"custom","typography_font_family":"Merriweather","_margin":{"unit":"px","top":"40","right":"0","bottom":"0","left":"0","isLinked":false}},"elements":[],"isInner":false,"widgetType":"heading","elType":"widget"},{"id":"e2eb72f","settings":{"url":"https:\/\/www.facebook.com\/elemntor\/","tabs":[],"height":{"unit":"px","size":220}},"elements":[],"isInner":false,"widgetType":"facebook-page","elType":"widget"},{"id":"3c3ac43e","settings":{"title":"Weekly Tutorial","header_size":"h4","title_color":"#000000","typography_typography":"custom","typography_font_family":"Merriweather","_margin":{"unit":"px","top":"40","right":"0","bottom":"0","left":"0","isLinked":false}},"elements":[],"isInner":false,"widgetType":"heading","elType":"widget"},{"id":"4c50c7db","settings":{"youtube_url":"https:\/\/www.youtube.com\/watch?v=KMPVOt_1F2A","vimeo_url":"https:\/\/vimeo.com\/235215203","dailymotion_url":"https:\/\/www.dailymotion.com\/video\/x6koazf","showinfo":"","image_overlay":{"id":"897","url":"http:\/\/localhost\/test\/wp-content\/uploads\/2018\/09\/placeholder-1-1.png"}},"elements":[],"isInner":false,"widgetType":"video","elType":"widget"}],"isInner":false,"elType":"column"}],"isInner":false,"elType":"section"},{"id":"6e25d342","settings":{"background_background":"classic","background_color":"#000000","margin":{"unit":"px","top":"-120","right":0,"bottom":"0","left":0,"isLinked":false},"padding":{"unit":"px","top":"140","right":"0","bottom":"60","left":"0","isLinked":false}},"elements":[{"id":"71a24412","settings":{"_column_size":100,"margin":{"unit":"%","top":"0","right":"33","bottom":"0","left":"0","isLinked":false},"margin_tablet":{"unit":"px","top":"0","right":"0","bottom":"0","left":"0","isLinked":true},"padding_tablet":{"unit":"px","top":"0","right":"80","bottom":"0","left":"80","isLinked":false},"padding_mobile":{"unit":"px","top":"40","right":"40","bottom":"40","left":"40","isLinked":true}},"elements":[{"id":"5038e21e","settings":{"title":"Sign up for our Newsletter\n","title_color":"#ffffff","typography_typography":"custom","typography_font_family":"Merriweather","typography_text_transform":"capitalize","typography_line_height":{"unit":"em","size":1.3},"align_tablet":"center"},"elements":[],"isInner":false,"widgetType":"heading","elType":"widget"},{"id":"3d12f92a","settings":{"form_name":"New Form","form_fields":[{"_id":"email","field_type":"email","required":"true","field_label":"Email","placeholder":"Email","width":"66","field_value":"","min_date":"","max_date":"","field_options":"","allow_multiple":"","select_size":"","inline_list":"","field_html":"","width_tablet":"","width_mobile":"","rows":4,"recaptcha_size":"normal","recaptcha_style":"light","css_classes":"","file_sizes":"","file_types":"","allow_multiple_upload":"","max_files":"","acceptance_text":"","checked_by_default":"","field_min":"","field_max":"","use_native_date":"","use_native_time":""}],"input_size":"lg","show_labels":"","button_text":"Send","button_size":"lg","button_width":"33","email_content":"[all-fields]","email_content_2":"[all-fields]","success_message":"The form was sent successfully.","error_message":"An error occured.","required_field_message":"This field is required.","invalid_message":"There's something wrong. The form is invalid.","column_gap":{"unit":"px","size":0},"row_gap":{"unit":"px","size":0},"field_border_width":{"unit":"px","top":"0","right":"0","bottom":"0","left":"0","isLinked":true},"field_border_radius":{"unit":"px","top":"0","right":"0","bottom":"0","left":"0","isLinked":true},"button_background_color":"rgba(84,108,124,0.79)","button_typography_typography":"custom","button_typography_font_family":"Merriweather","button_border_radius":{"unit":"px","top":"0","right":"0","bottom":"0","left":"0","isLinked":true}},"elements":[],"isInner":false,"widgetType":"form","elType":"widget"},{"id":"583beca1","settings":{"editor":"<p>Click edit button to change this text. Lorem ipsum dolor sit amet, consectetur adipiscing elit<\/p>","text_color":"rgba(255,255,255,0.51)","typography_typography":"custom","typography_font_size":{"unit":"px","size":14},"align_tablet":"center"},"elements":[],"isInner":false,"widgetType":"text-editor","elType":"widget"}],"isInner":false,"elType":"column"}],"isInner":false,"elType":"section"}]}