{"version":"0.4","title":"Single-Post1","type":"page","content":[{"id":"18a95b9c","settings":{"margin":{"unit":"px","top":"50","right":0,"bottom":"50","left":0,"isLinked":true},"content_width":{"unit":"px","size":880}},"elements":[{"id":"55e8458d","settings":{"_column_size":100,"background_color":"#ffffff","box_shadow_box_shadow":{"horizontal":0,"vertical":0,"blur":34,"spread":0,"color":"rgba(0,0,0,0.11)"}},"elements":[{"id":"7c74d9d5","settings":{"__dynamic__":{"image":"[elementor-tag id=\"\" name=\"post-featured-image\" settings=\"%7B%22fallback%22%3A%7B%22url%22%3A%22%22%2C%22id%22%3A%22%22%7D%7D\"]"},"image_size":"custom","image_custom_dimension":{"width":"1140","height":"500"},"image":{"id":"291","url":"http:\/\/localhost\/test\/wp-content\/uploads\/2018\/09\/placeholder-2.png"}},"elements":[],"isInner":false,"widgetType":"theme-post-featured-image","elType":"widget"},{"id":"2837714f","settings":{"author_name":"John Doe","show_biography":"","author_bio":"Click edit button to change this text. Lorem ipsum dolor sit amet consectetur adipiscing elit dolor","link_text":"All Posts","layout":"above","alignment":"center","image_gap":{"unit":"px","size":0},"image_border":"yes","image_border_color":"#ffffff","image_border_width":{"unit":"px","size":8},"name_color":"#828282","name_typography_typography":"custom","name_typography_font_size":{"unit":"px","size":16},"name_typography_text_transform":"uppercase","name_typography_letter_spacing":{"unit":"px","size":2.9},"_margin":{"unit":"px","top":"-70","right":"0","bottom":"0","left":"0","isLinked":false},"author_avatar":{"id":"291","url":"http:\/\/localhost\/test\/wp-content\/uploads\/2018\/09\/placeholder-2.png"}},"elements":[],"isInner":false,"widgetType":"author-box","elType":"widget"},{"id":"6f5cab42","settings":{"__dynamic__":{"title":"[elementor-tag id=\"\" name=\"post-title\" settings=\"%7B%22before%22%3A%22%22%2C%22after%22%3A%22%22%2C%22fallback%22%3A%22%22%7D\"]"},"title":"Add Your Heading Text Here","title_color":"#000000","typography_typography":"custom","typography_font_size":{"unit":"px","size":60},"typography_font_size_mobile":{"unit":"px","size":33},"typography_font_weight":"600","_margin":{"unit":"px","top":"50","right":"0","bottom":"30","left":"0","isLinked":false},"align":"center"},"elements":[],"isInner":false,"widgetType":"theme-post-title","elType":"widget"},{"id":"3f91c907","settings":{"icon_list":[{"type":"date","icon":"fa fa-calendar","_id":"ba9c996","date_format":"default","custom_date_format":"F j, Y","time_format":"default","custom_time_format":"g:i a","taxonomy":[],"text_prefix":"","show_avatar":"","avatar_size":{"unit":"px","size":""},"avatar_size_tablet":{"unit":"px","size":""},"avatar_size_mobile":{"unit":"px","size":""},"comments_custom_strings":"","string_no_comments":"","string_one_comment":"","string_comments":"","link":"yes","show_icon":"none","custom_text":"","custom_url":{"url":"","is_external":"","nofollow":""}},{"type":"time","icon":"fa fa-clock-o","_id":"d7670a7","date_format":"default","custom_date_format":"F j, Y","time_format":"default","custom_time_format":"g:i a","taxonomy":[],"text_prefix":",","show_avatar":"","avatar_size":{"unit":"px","size":""},"avatar_size_tablet":{"unit":"px","size":""},"avatar_size_mobile":{"unit":"px","size":""},"comments_custom_strings":"","string_no_comments":"","string_one_comment":"","string_comments":"","link":"yes","show_icon":"none","custom_text":"","custom_url":{"url":"","is_external":"","nofollow":""}},{"type":"terms","icon":"fa fa-commenting-o","_id":"afbda51","date_format":"default","custom_date_format":"F j, Y","time_format":"default","custom_time_format":"g:i a","taxonomy":"category","text_prefix":",","show_avatar":"","avatar_size":{"unit":"px","size":""},"avatar_size_tablet":{"unit":"px","size":""},"avatar_size_mobile":{"unit":"px","size":""},"comments_custom_strings":"","string_no_comments":"","string_one_comment":"","string_comments":"","link":"yes","show_icon":"none","custom_text":"","custom_url":{"url":"","is_external":"","nofollow":""}}],"space_between":{"unit":"px","size":0},"space_between_mobile":{"unit":"px","size":15},"icon_align_mobile":"center","icon_color":"#54595f","icon_size_mobile":{"unit":"px","size":16},"text_indent":{"unit":"px","size":8},"text_color":"#54595f","icon_typography_typography":"custom","icon_typography_font_size":{"unit":"px","size":13},"icon_typography_font_weight":"300","icon_size":{"unit":"px","size":13},"_border_color":"#afafaf","icon_typography_line_height_mobile":{"unit":"px","size":27},"icon_align":"center"},"elements":[],"isInner":false,"widgetType":"post-info","elType":"widget"},{"id":"8b17071","settings":{"__dynamic__":{"excerpt":"[elementor-tag id=\"\" name=\"post-excerpt\" settings=\"%7B%22before%22%3A%22%22%2C%22after%22%3A%22%22%2C%22fallback%22%3A%22%22%7D\"]"},"title_color":"#54595f","typography_typography":"custom","typography_font_size":{"unit":"px","size":19},"typography_font_weight":"500","typography_line_height":{"unit":"em","size":1.8},"_margin":{"unit":"px","top":"30","right":"0","bottom":"30","left":"0","isLinked":false}},"elements":[],"isInner":false,"widgetType":"theme-post-excerpt","elType":"widget"},{"id":"11346a02","settings":{"typography_typography":"custom","typography_line_height":{"unit":"em","size":2.1}},"elements":[],"isInner":false,"widgetType":"theme-post-content","elType":"widget"},{"id":"5060c24d","settings":{"content_position":"middle","structure":"20","background_color":"#f4f4f4"},"elements":[{"id":"4e903177","settings":{"_column_size":50,"_inline_size":null},"elements":[{"id":"7e419814","settings":{"title":"Share this post","header_size":"h4","title_color":"#000000","typography_typography":"custom","typography_text_transform":"uppercase"},"elements":[],"isInner":false,"widgetType":"heading","elType":"widget"}],"isInner":true,"elType":"column"},{"id":"d26867c","settings":{"_column_size":50,"_inline_size":null},"elements":[{"id":"450d7ff","settings":{"share_buttons":[{"button":"facebook","_id":"62d78a5","text":""},{"button":"google","_id":"0f55b88","text":""},{"button":"twitter","_id":"21de836","text":""},{"button":"linkedin","_id":"f780b63","text":""},{"button":"pinterest","text":"","_id":"050fff4"},{"button":"print","text":"","_id":"f85468c"},{"button":"email","text":"","_id":"7b166d6"}],"row_gap":{"unit":"px","size":""},"row_gap_mobile":{"unit":"px","size":10},"button_size":{"unit":"px","size":0.8},"icon_size":{"unit":"em","size":1.5},"skin":"flat","columns_mobile":"1","typography_typography":"custom","typography_text_transform":"uppercase","view":"icon","alignment":"right"},"elements":[],"isInner":false,"widgetType":"share-buttons","elType":"widget"}],"isInner":true,"elType":"column"}],"isInner":true,"elType":"section"},{"id":"57412d60","settings":{"style":"dotted","gap":{"unit":"px","size":28}},"elements":[],"isInner":false,"widgetType":"divider","elType":"widget"},{"id":"7f263e6","settings":[],"elements":[],"isInner":false,"widgetType":"facebook-comments","elType":"widget"}],"isInner":false,"elType":"column"}],"isInner":false,"elType":"section"}]}