{"content":[{"id":"514155d7","settings":{"layout":"full_width","gap":"no","height":"min-height","custom_height":{"unit":"px","size":"65","sizes":[]},"custom_height_mobile":{"unit":"vh","size":"","sizes":[]},"structure":"20","padding":{"unit":"%","top":"0","right":"3","bottom":"0","left":"3","isLinked":""},"padding_tablet":{"unit":"%","top":"0","right":"5","bottom":"0","left":"5","isLinked":""},"padding_mobile":{"unit":"%","top":"","right":"","bottom":"","left":"","isLinked":"1"},"_title":"Header","background_background":"classic","background_color":"#F3F5F8","html_tag":"header","content_position":"middle"},"elements":[{"id":"57e7cb69","settings":{"_column_size":"50","_inline_size_mobile":"50","space_between_widgets":"0"},"elements":[{"id":"44e1be4d","settings":{"title":"123 Main Street New York, NY 10001","header_size":"p","align":"left","title_color":"#324A6D","typography_typography":"custom","typography_font_family":"Poppins","typography_font_size":{"unit":"px","size":"16","sizes":[]},"typography_font_size_tablet":{"unit":"px","size":"14","sizes":[]},"typography_font_weight":"300","typography_text_transform":"none","typography_font_style":"normal","typography_text_decoration":"none","typography_line_height":{"unit":"em","size":"0.9","sizes":[]},"typography_letter_spacing":{"unit":"px","size":"0","sizes":[]},"_padding":{"unit":"%","top":"","right":"","bottom":"","left":"","isLinked":"1"},"_padding_tablet":{"unit":"%","top":"","right":"","bottom":"","left":"","isLinked":"1"},"_padding_mobile":{"unit":"%","top":"","right":"","bottom":"","left":"","isLinked":"1"},"typography_word_spacing":{"unit":"em","size":0,"sizes":[]}},"elements":[],"isInner":false,"widgetType":"heading","elType":"widget"}],"isInner":"","elType":"column"},{"id":"1d4973b5","settings":{"_column_size":"50","_inline_size_mobile":"50","space_between_widgets":"0"},"elements":[{"id":"26099819","settings":{"icon_list":[{"text":"123-456-7890","selected_icon":{"value":"","library":""},"_id":"2947707","__dynamic__":{"link":"[elementor-tag id=\"69b1d25\" name=\"contact-url\" settings=\"%7B%22link_type%22%3A%22tel%22%2C%22tel_number%22%3A%22123-456-7890%22%7D\"]"}}],"icon_align":"right","icon_color":"#1C244B","icon_color_hover":"#467FF7","icon_size":{"unit":"px","size":"20","sizes":[]},"icon_size_tablet":{"unit":"px","size":"18","sizes":[]},"text_color":"#1C244B","text_color_hover":"#467FF7","text_indent":{"unit":"px","size":"14","sizes":[]},"icon_typography_typography":"custom","icon_typography_font_family":"Poppins","icon_typography_font_size":{"unit":"px","size":"16","sizes":[]},"icon_typography_font_weight":"400","icon_typography_text_transform":"none","icon_typography_font_style":"normal","icon_typography_text_decoration":"none","icon_typography_line_height":{"unit":"em","size":"1.5","sizes":[]},"icon_typography_letter_spacing":{"unit":"px","size":"0","sizes":[]},"icon_typography_word_spacing":{"unit":"em","size":"0","sizes":[]}},"elements":[],"isInner":false,"widgetType":"icon-list","elType":"widget"}],"isInner":"","elType":"column"}],"isInner":"","elType":"section"},{"id":"1ac5dc83","settings":{"layout":"full_width","gap":"no","height":"min-height","custom_height":{"unit":"px","size":65,"sizes":[]},"custom_height_mobile":{"unit":"vh","size":"","sizes":[]},"padding":{"unit":"%","top":"0","right":"3","bottom":"0","left":"3","isLinked":""},"padding_tablet":{"unit":"%","top":"0","right":"5","bottom":"0","left":"5","isLinked":""},"padding_mobile":{"unit":"%","top":"","right":"","bottom":"","left":"","isLinked":"1"},"_title":"Header","content_position":"middle"},"elements":[{"id":"3817e7a5","settings":{"_column_size":100,"space_between_widgets":"0","_inline_size":null},"elements":[{"id":"4c3513d4","settings":{"image_size":"full","align":"left"},"elements":[],"isInner":false,"widgetType":"image","elType":"widget"}],"isInner":"","elType":"column"}],"isInner":"","elType":"section"},{"id":"2c4f5ac5","settings":{"gap":"no","content_position":"middle","margin":{"unit":"%","top":"0","right":0,"bottom":"0","left":0,"isLinked":""},"padding":{"unit":"%","top":"5","right":"3","bottom":"5","left":"3","isLinked":""},"padding_tablet":{"unit":"%","top":"5","right":"8","bottom":"5","left":"8","isLinked":""},"reverse_order_tablet":"reverse-tablet","reverse_order_mobile":"reverse-mobile","margin_tablet":{"unit":"%","top":"","right":"0","bottom":"","left":"0","isLinked":"1"},"margin_mobile":{"unit":"%","top":"0","right":0,"bottom":"0","left":0,"isLinked":""},"_title":"CTA","content_width":{"unit":"px","size":"750","sizes":[]},"padding_mobile":{"unit":"%","top":"10","right":"5","bottom":"10","left":"5","isLinked":""},"background_background":"classic","background_color":"#F3F5F8","height":"min-height","custom_height":{"unit":"vh","size":70,"sizes":[]},"custom_height_tablet":{"unit":"vh","size":"","sizes":[]},"custom_height_mobile":{"unit":"vh","size":"","sizes":[]},"background_image":{"id":3701,"url":"http:\/\/localhost\/demo\/wp-content\/uploads\/2022\/09\/1920x540.jpg"},"background_position":"bottom right","background_attachment":"scroll","background_repeat":"no-repeat","background_size":"cover"},"elements":[{"id":"2921ebff","settings":{"_column_size":"100","padding":{"unit":"%","top":"","right":"","bottom":"","left":"","isLinked":"1"},"_inline_size_tablet":"100","margin_tablet":{"unit":"%","top":"","right":"","bottom":"","left":"","isLinked":"1"},"padding_mobile":{"unit":"px","top":"0","right":"0","bottom":"0","left":"0","isLinked":""},"space_between_widgets":90,"space_between_widgets_tablet":50,"space_between_widgets_mobile":30},"elements":[{"id":"76680f03","settings":{"title":"Our Services","align_mobile":"center","header_size":"h1","align":"center","title_color":"#1C244B","typography_typography":"custom","typography_font_family":"Poppins","typography_font_size":{"unit":"px","size":"65","sizes":[]},"typography_font_size_tablet":{"unit":"px","size":"45","sizes":[]},"typography_font_size_mobile":{"unit":"px","size":"28","sizes":[]},"typography_font_weight":"600","typography_text_transform":"none","typography_font_style":"normal","typography_text_decoration":"none","typography_line_height":{"unit":"em","size":"1.2","sizes":[]},"typography_line_height_mobile":{"unit":"em","size":"1.1","sizes":[]},"typography_letter_spacing":{"unit":"px","size":"0","sizes":[]},"typography_word_spacing":{"unit":"em","size":0,"sizes":[]}},"elements":[],"isInner":false,"widgetType":"heading","elType":"widget"},{"id":"63f65bb0","settings":{"editor":"<p>An overview of the services you offer and how they will benefit the visitor.<\/p>","_padding":{"unit":"%","top":"0","right":"20","bottom":"0","left":"20","isLinked":""},"_padding_tablet":{"unit":"%","top":"","right":"","bottom":"","left":"","isLinked":"1"},"_padding_mobile":{"unit":"%","top":"0","right":"0","bottom":"0","left":"0","isLinked":""},"align":"center","text_color":"#324A6D","typography_typography":"custom","typography_font_family":"Poppins","typography_font_size":{"unit":"px","size":22,"sizes":[]},"typography_font_size_tablet":{"unit":"px","size":16,"sizes":[]},"typography_font_weight":"300","typography_text_transform":"none","typography_font_style":"normal","typography_text_decoration":"none","typography_line_height":{"unit":"em","size":"1.5","sizes":[]},"typography_letter_spacing":{"unit":"px","size":"0","sizes":[]},"_margin_mobile":{"unit":"px","top":"0","right":"0","bottom":"0","left":"0","isLinked":false},"typography_word_spacing":{"unit":"em","size":0,"sizes":[]},"typography_font_size_mobile":{"unit":"px","size":14,"sizes":[]}},"elements":[],"isInner":false,"widgetType":"text-editor","elType":"widget"}],"isInner":"","elType":"column"}],"isInner":"","elType":"section"},{"id":"91d35c4","settings":{"gap":"no","custom_height":{"unit":"px","size":600,"sizes":[]},"background_background":"classic","column_position":"stretch","content_position":"middle","padding":{"unit":"%","top":"0","right":"0","bottom":"0","left":"3","isLinked":""},"padding_tablet":{"unit":"%","top":"0","right":"0","bottom":"0","left":"5","isLinked":""},"_title":"Services","__globals__":{"background_color":""},"background_position":"center right","background_repeat":"no-repeat","background_size":"cover","custom_height_mobile":{"unit":"vh","size":"","sizes":[]},"background_position_mobile":"center center","layout":"full_width","custom_height_tablet":{"unit":"px","size":"500","sizes":[]},"structure":"20","padding_mobile":{"unit":"%","top":"0","right":"5","bottom":"0","left":"5","isLinked":""},"margin":{"unit":"%","top":"8","right":0,"bottom":"0","left":0,"isLinked":false},"margin_tablet":{"unit":"%","top":"8","right":0,"bottom":"0","left":0,"isLinked":false},"margin_mobile":{"unit":"%","top":"25","right":0,"bottom":"0","left":0,"isLinked":false}},"elements":[{"id":"12fa3259","settings":{"_column_size":"50","_inline_size":45,"_inline_size_tablet":"50","space_between_widgets":15,"padding":{"unit":"%","top":"0","right":"20","bottom":"0","left":"20","isLinked":""},"padding_tablet":{"unit":"%","top":"0","right":"10","bottom":"0","left":"0","isLinked":false},"padding_mobile":{"unit":"%","top":"0","right":"0","bottom":"0","left":"0","isLinked":false}},"elements":[{"id":"3b1d4c91","settings":{"title":"Service 1","align":"left","__globals__":{"typography_typography":""},"_padding":{"unit":"%","top":"","right":"","bottom":"","left":"","isLinked":"1"},"_padding_tablet":{"unit":"%","top":"","right":"","bottom":"","left":"","isLinked":"1"},"_padding_mobile":{"unit":"%","top":"","right":"","bottom":"","left":"","isLinked":"1"},"align_mobile":"center","title_color":"#1C244B","typography_typography":"custom","typography_font_family":"Poppins","typography_font_size":{"unit":"px","size":22,"sizes":[]},"typography_font_size_mobile":{"unit":"px","size":20,"sizes":[]},"typography_font_weight":"600","typography_text_transform":"none","typography_font_style":"normal","typography_text_decoration":"none","typography_line_height":{"unit":"em","size":"1.2","sizes":[]},"typography_line_height_mobile":{"unit":"em","size":"1.1","sizes":[]},"typography_letter_spacing":{"unit":"px","size":"0","sizes":[]},"header_size":"h3","typography_word_spacing":{"unit":"em","size":0,"sizes":[]}},"elements":[],"isInner":false,"widgetType":"heading","elType":"widget"},{"id":"7e5664b2","settings":{"editor":"<p>A short paragraph describing exactly what this service offers and how it helps clients. This is your chance to convince the visitor that your business is the right choice for them.<\/p>","text_color":"#324A6D","typography_typography":"custom","typography_font_family":"Poppins","typography_font_size":{"unit":"px","size":"16","sizes":[]},"typography_font_size_tablet":{"unit":"px","size":"14","sizes":[]},"typography_font_weight":"300","typography_text_transform":"none","typography_font_style":"normal","typography_text_decoration":"none","typography_line_height":{"unit":"em","size":"1.5","sizes":[]},"typography_letter_spacing":{"unit":"px","size":"0","sizes":[]},"__globals__":{"typography_typography":""},"_padding_mobile":{"unit":"%","top":"","right":"","bottom":"","left":"","isLinked":true},"align":"left","_padding":{"unit":"%","top":"","right":"","bottom":"","left":"","isLinked":true},"_padding_tablet":{"unit":"%","top":"","right":"","bottom":"","left":"","isLinked":"1"},"align_mobile":"center","typography_word_spacing":{"unit":"em","size":0,"sizes":[]}},"elements":[],"isInner":false,"widgetType":"text-editor","elType":"widget"}],"isInner":false,"elType":"column"},{"id":"59c83f47","settings":{"_column_size":"50","_inline_size":55,"_inline_size_tablet":"50","space_between_widgets":"0","margin_mobile":{"unit":"%","top":"10","right":"0","bottom":"0","left":"0","isLinked":false}},"elements":[{"id":"66ccdd96","settings":{"image":{"id":"3678","url":"http:\/\/localhost\/demo\/wp-content\/uploads\/2022\/09\/Image-Contact.jpg"},"width":{"unit":"%","size":"100","sizes":[]}},"elements":[],"isInner":false,"widgetType":"image","elType":"widget"}],"isInner":"","elType":"column"}],"isInner":"","elType":"section"},{"id":"3d3df169","settings":{"gap":"no","custom_height":{"unit":"vh","size":"90","sizes":[]},"background_background":"classic","column_position":"stretch","content_position":"middle","padding":{"unit":"%","top":"0","right":"0","bottom":"0","left":"3","isLinked":""},"padding_tablet":{"unit":"%","top":"0","right":"0","bottom":"0","left":"5","isLinked":""},"_title":"Services","__globals__":{"background_color":""},"background_position":"center right","background_repeat":"no-repeat","background_size":"cover","custom_height_mobile":{"unit":"vh","size":"","sizes":[]},"background_position_mobile":"center center","layout":"full_width","custom_height_tablet":{"unit":"px","size":"500","sizes":[]},"structure":"20","padding_mobile":{"unit":"%","top":"0","right":"5","bottom":"0","left":"5","isLinked":""},"margin":{"unit":"%","top":"5","right":0,"bottom":"0","left":0,"isLinked":false},"margin_tablet":{"unit":"%","top":"5","right":0,"bottom":"0","left":0,"isLinked":false},"margin_mobile":{"unit":"%","top":"25","right":0,"bottom":"0","left":0,"isLinked":false}},"elements":[{"id":"9c2ad96","settings":{"_column_size":"50","_inline_size":45,"_inline_size_tablet":"50","space_between_widgets":15,"padding":{"unit":"%","top":"0","right":"20","bottom":"0","left":"20","isLinked":""},"padding_tablet":{"unit":"%","top":"0","right":"10","bottom":"0","left":"0","isLinked":false},"padding_mobile":{"unit":"%","top":"0","right":"0","bottom":"0","left":"0","isLinked":false}},"elements":[{"id":"12b4ace5","settings":{"title":"Service 2","align":"left","__globals__":{"typography_typography":""},"_padding":{"unit":"%","top":"","right":"","bottom":"","left":"","isLinked":"1"},"_padding_tablet":{"unit":"%","top":"","right":"","bottom":"","left":"","isLinked":"1"},"_padding_mobile":{"unit":"%","top":"","right":"","bottom":"","left":"","isLinked":"1"},"align_mobile":"center","title_color":"#1C244B","typography_typography":"custom","typography_font_family":"Poppins","typography_font_size":{"unit":"px","size":22,"sizes":[]},"typography_font_size_mobile":{"unit":"px","size":20,"sizes":[]},"typography_font_weight":"600","typography_text_transform":"none","typography_font_style":"normal","typography_text_decoration":"none","typography_line_height":{"unit":"em","size":"1.2","sizes":[]},"typography_line_height_mobile":{"unit":"em","size":"1.1","sizes":[]},"typography_letter_spacing":{"unit":"px","size":"0","sizes":[]},"header_size":"h3","typography_word_spacing":{"unit":"em","size":0,"sizes":[]}},"elements":[],"isInner":false,"widgetType":"heading","elType":"widget"},{"id":"6c51fc70","settings":{"editor":"<p>A short paragraph describing exactly what this service offers and how it helps clients. This is your chance to convince the visitor that your business is the right choice for them.<\/p>","text_color":"#324A6D","typography_typography":"custom","typography_font_family":"Poppins","typography_font_size":{"unit":"px","size":"16","sizes":[]},"typography_font_size_tablet":{"unit":"px","size":"14","sizes":[]},"typography_font_weight":"300","typography_text_transform":"none","typography_font_style":"normal","typography_text_decoration":"none","typography_line_height":{"unit":"em","size":"1.5","sizes":[]},"typography_letter_spacing":{"unit":"px","size":"0","sizes":[]},"__globals__":{"typography_typography":""},"_padding_mobile":{"unit":"%","top":"","right":"","bottom":"","left":"","isLinked":true},"align":"left","_padding":{"unit":"%","top":"","right":"","bottom":"","left":"","isLinked":true},"_padding_tablet":{"unit":"%","top":"","right":"","bottom":"","left":"","isLinked":"1"},"align_mobile":"center","typography_word_spacing":{"unit":"em","size":0,"sizes":[]}},"elements":[],"isInner":false,"widgetType":"text-editor","elType":"widget"}],"isInner":false,"elType":"column"},{"id":"58562102","settings":{"_column_size":"50","_inline_size":55,"_inline_size_tablet":"50","space_between_widgets":"0","margin_mobile":{"unit":"%","top":"10","right":"0","bottom":"0","left":"0","isLinked":false}},"elements":[{"id":"797cd1ac","settings":{"image":{"id":"3678","url":"http:\/\/localhost\/demo\/wp-content\/uploads\/2022\/09\/Image-Contact.jpg"},"width":{"unit":"%","size":"100","sizes":[]}},"elements":[],"isInner":false,"widgetType":"image","elType":"widget"}],"isInner":"","elType":"column"}],"isInner":"","elType":"section"},{"id":"346310f9","settings":{"gap":"no","custom_height":{"unit":"vh","size":"90","sizes":[]},"background_background":"classic","column_position":"stretch","content_position":"middle","padding":{"unit":"%","top":"0","right":"0","bottom":"0","left":"3","isLinked":""},"padding_tablet":{"unit":"%","top":"0","right":"0","bottom":"0","left":"5","isLinked":""},"_title":"Services","__globals__":{"background_color":""},"background_position":"center right","background_repeat":"no-repeat","background_size":"cover","custom_height_mobile":{"unit":"vh","size":"","sizes":[]},"background_position_mobile":"center center","layout":"full_width","custom_height_tablet":{"unit":"px","size":"500","sizes":[]},"structure":"20","padding_mobile":{"unit":"%","top":"0","right":"5","bottom":"0","left":"5","isLinked":""},"margin":{"unit":"%","top":"5","right":0,"bottom":"0","left":0,"isLinked":false},"margin_tablet":{"unit":"%","top":"5","right":0,"bottom":"0","left":0,"isLinked":false},"margin_mobile":{"unit":"%","top":"25","right":0,"bottom":"0","left":0,"isLinked":false}},"elements":[{"id":"6ca1a897","settings":{"_column_size":"50","_inline_size":45,"_inline_size_tablet":"50","space_between_widgets":15,"padding":{"unit":"%","top":"0","right":"20","bottom":"0","left":"20","isLinked":""},"padding_tablet":{"unit":"%","top":"0","right":"10","bottom":"0","left":"0","isLinked":false},"padding_mobile":{"unit":"%","top":"0","right":"0","bottom":"0","left":"0","isLinked":false}},"elements":[{"id":"6c10c674","settings":{"title":"Service 3","align":"left","__globals__":{"typography_typography":""},"_padding":{"unit":"%","top":"","right":"","bottom":"","left":"","isLinked":"1"},"_padding_tablet":{"unit":"%","top":"","right":"","bottom":"","left":"","isLinked":"1"},"_padding_mobile":{"unit":"%","top":"","right":"","bottom":"","left":"","isLinked":"1"},"align_mobile":"center","title_color":"#1C244B","typography_typography":"custom","typography_font_family":"Poppins","typography_font_size":{"unit":"px","size":22,"sizes":[]},"typography_font_size_mobile":{"unit":"px","size":20,"sizes":[]},"typography_font_weight":"600","typography_text_transform":"none","typography_font_style":"normal","typography_text_decoration":"none","typography_line_height":{"unit":"em","size":"1.2","sizes":[]},"typography_line_height_mobile":{"unit":"em","size":"1.1","sizes":[]},"typography_letter_spacing":{"unit":"px","size":"0","sizes":[]},"header_size":"h3","typography_word_spacing":{"unit":"em","size":0,"sizes":[]}},"elements":[],"isInner":false,"widgetType":"heading","elType":"widget"},{"id":"51ee92db","settings":{"editor":"<p>A short paragraph describing exactly what this service offers and how it helps clients. This is your chance to convince the visitor that your business is the right choice for them.<\/p>","text_color":"#324A6D","typography_typography":"custom","typography_font_family":"Poppins","typography_font_size":{"unit":"px","size":"16","sizes":[]},"typography_font_size_tablet":{"unit":"px","size":"14","sizes":[]},"typography_font_weight":"300","typography_text_transform":"none","typography_font_style":"normal","typography_text_decoration":"none","typography_line_height":{"unit":"em","size":"1.5","sizes":[]},"typography_letter_spacing":{"unit":"px","size":"0","sizes":[]},"__globals__":{"typography_typography":""},"_padding_mobile":{"unit":"%","top":"","right":"","bottom":"","left":"","isLinked":true},"align":"left","_padding":{"unit":"%","top":"","right":"","bottom":"","left":"","isLinked":true},"_padding_tablet":{"unit":"%","top":"","right":"","bottom":"","left":"","isLinked":"1"},"align_mobile":"center","typography_word_spacing":{"unit":"em","size":0,"sizes":[]}},"elements":[],"isInner":false,"widgetType":"text-editor","elType":"widget"}],"isInner":false,"elType":"column"},{"id":"509b2b19","settings":{"_column_size":"50","_inline_size":55,"_inline_size_tablet":"50","space_between_widgets":"0","margin_mobile":{"unit":"%","top":"10","right":"0","bottom":"0","left":"0","isLinked":false}},"elements":[{"id":"4d97ab1b","settings":{"image":{"id":"3678","url":"http:\/\/localhost\/demo\/wp-content\/uploads\/2022\/09\/Image-Contact.jpg"},"width":{"unit":"%","size":"100","sizes":[]}},"elements":[],"isInner":false,"widgetType":"image","elType":"widget"}],"isInner":"","elType":"column"}],"isInner":"","elType":"section"},{"id":"219475ac","settings":{"layout":"full_width","gap":"no","padding":{"unit":"%","top":"0","right":"5","bottom":"0","left":"0","isLinked":""},"margin":{"unit":"%","top":"12","right":0,"bottom":"0","left":0,"isLinked":""},"padding_tablet":{"unit":"%","top":"0","right":"5","bottom":"0","left":"5","isLinked":""},"margin_tablet":{"unit":"%","top":"15","right":0,"bottom":"0","left":0,"isLinked":false},"margin_mobile":{"unit":"%","top":"25","right":0,"bottom":"0","left":0,"isLinked":""},"_title":"Testimonials","padding_mobile":{"unit":"%","top":"","right":"","bottom":"","left":"","isLinked":true},"structure":"30","content_position":"middle"},"elements":[{"id":"2d8610b3","settings":{"_column_size":33,"space_between_widgets":"0","_inline_size":35.802,"_inline_size_tablet":100,"background_background":"classic","background_color":"#F3F5F8","padding":{"unit":"px","top":"100","right":"50","bottom":"100","left":"50","isLinked":false},"padding_mobile":{"unit":"%","top":"15","right":"15","bottom":"15","left":"15","isLinked":true}},"elements":[{"id":"534b976d","settings":{"title":"Client \nTestimonials","align_mobile":"center","align":"left","title_color":"#1C244B","typography_typography":"custom","typography_font_family":"Poppins","typography_font_size":{"unit":"px","size":"65","sizes":[]},"typography_font_size_tablet":{"unit":"px","size":"45","sizes":[]},"typography_font_size_mobile":{"unit":"px","size":"28","sizes":[]},"typography_font_weight":"600","typography_text_transform":"none","typography_font_style":"normal","typography_text_decoration":"none","typography_line_height":{"unit":"em","size":"1.2","sizes":[]},"typography_line_height_mobile":{"unit":"em","size":"1.1","sizes":[]},"typography_letter_spacing":{"unit":"px","size":"0","sizes":[]},"align_tablet":"center","typography_word_spacing":{"unit":"em","size":0,"sizes":[]}},"elements":[],"isInner":false,"widgetType":"heading","elType":"widget"}],"isInner":"","elType":"column"},{"id":"719f7cfa","settings":{"_column_size":33,"margin":{"unit":"%","top":"0","right":"0","bottom":"0","left":"20","isLinked":""},"_inline_size_tablet":50,"margin_tablet":{"unit":"%","top":"10","right":"10","bottom":"0","left":"0","isLinked":false},"margin_mobile":{"unit":"%","top":"10","right":"0","bottom":"0","left":"0","isLinked":""},"_inline_size":32.51,"space_between_widgets":0},"elements":[{"id":"1b9f21bc","settings":{"testimonial_content":"\u201cA testimonial from a client who benefited from your product or service. Testimonials can be a highly effective way of establishing credibility and increasing your company's reputation.\u201d","testimonial_name":"Client Name","testimonial_job":"","testimonial_alignment":"left","image_size":{"unit":"px","size":"63","sizes":[]},"__globals__":{"name_typography_typography":"","image_border_color":"globals\/colors?id=14ef391"},"testimonial_image":{"id":"3673","url":"http:\/\/localhost\/demo\/wp-content\/uploads\/2022\/09\/Image-Testemonials-1.jpeg"},"image_border_radius":{"unit":"px","top":"50","right":"50","bottom":"50","left":"50","isLinked":"1"},"image_border_width":{"unit":"px","top":"1","right":"1","bottom":"1","left":"1","isLinked":"1"},"content_content_color":"#324A6D","content_typography_typography":"custom","content_typography_font_family":"Poppins","content_typography_font_size":{"unit":"px","size":"16","sizes":[]},"content_typography_font_size_tablet":{"unit":"px","size":"14","sizes":[]},"content_typography_font_weight":"300","content_typography_text_transform":"none","content_typography_font_style":"normal","content_typography_text_decoration":"none","content_typography_line_height":{"unit":"em","size":"1.5","sizes":[]},"content_typography_letter_spacing":{"unit":"px","size":"0","sizes":[]},"image_border_color":"#C8D5DC","name_text_color":"#1C244B","name_typography_typography":"custom","name_typography_font_family":"Poppins","name_typography_font_size":{"unit":"px","size":"16","sizes":[]},"name_typography_font_size_tablet":{"unit":"px","size":"14","sizes":[]},"name_typography_font_weight":"400","name_typography_text_transform":"capitalize","name_typography_font_style":"italic","name_typography_text_decoration":"none","name_typography_line_height":{"unit":"em","size":"1.3","sizes":[]},"name_typography_letter_spacing":{"unit":"px","size":"0","sizes":[]},"job_text_color":"#F3F5F8","job_typography_typography":"custom","job_typography_font_family":"Poppins","job_typography_font_size":{"unit":"px","size":"36","sizes":[]},"job_typography_font_size_tablet":{"unit":"px","size":"25","sizes":[]},"job_typography_font_size_mobile":{"unit":"px","size":"20","sizes":[]},"job_typography_font_weight":"600","job_typography_text_transform":"capitalize","job_typography_font_style":"normal","job_typography_text_decoration":"none","job_typography_line_height":{"unit":"em","size":"1.1","sizes":[]},"job_typography_letter_spacing":{"unit":"px","size":"0","sizes":[]},"content_typography_word_spacing":{"unit":"em","size":0,"sizes":[]},"name_typography_word_spacing":{"unit":"em","size":0,"sizes":[]},"job_typography_word_spacing":{"unit":"em","size":0,"sizes":[]}},"elements":[],"isInner":false,"widgetType":"testimonial","elType":"widget"}],"isInner":false,"elType":"column"},{"id":"6d211d0f","settings":{"_column_size":33,"margin":{"unit":"%","top":"0","right":"0","bottom":"0","left":"20","isLinked":""},"_inline_size_tablet":50,"margin_tablet":{"unit":"%","top":"10","right":"0","bottom":"0","left":"10","isLinked":""},"margin_mobile":{"unit":"%","top":"15","right":"0","bottom":"0","left":"0","isLinked":""},"_inline_size":31.33,"space_between_widgets":0},"elements":[{"id":"6169890e","settings":{"testimonial_content":"\u201cA testimonial from a client who benefited from your product or service. Testimonials can be a highly effective way of establishing credibility and increasing your company's reputation.\u201d","testimonial_name":"Client Name","testimonial_job":"","testimonial_alignment":"left","image_size":{"unit":"px","size":"63","sizes":[]},"__globals__":{"name_typography_typography":"","image_border_color":"globals\/colors?id=14ef391"},"testimonial_image":{"id":"3673","url":"http:\/\/localhost\/demo\/wp-content\/uploads\/2022\/09\/Image-Testemonials-1.jpeg"},"image_border_radius":{"unit":"px","top":"50","right":"50","bottom":"50","left":"50","isLinked":"1"},"image_border_width":{"unit":"px","top":"1","right":"1","bottom":"1","left":"1","isLinked":"1"},"content_content_color":"#324A6D","content_typography_typography":"custom","content_typography_font_family":"Poppins","content_typography_font_size":{"unit":"px","size":"16","sizes":[]},"content_typography_font_size_tablet":{"unit":"px","size":"14","sizes":[]},"content_typography_font_weight":"300","content_typography_text_transform":"none","content_typography_font_style":"normal","content_typography_text_decoration":"none","content_typography_line_height":{"unit":"em","size":"1.5","sizes":[]},"content_typography_letter_spacing":{"unit":"px","size":"0","sizes":[]},"image_border_color":"#C8D5DC","name_text_color":"#1C244B","name_typography_typography":"custom","name_typography_font_family":"Poppins","name_typography_font_size":{"unit":"px","size":"16","sizes":[]},"name_typography_font_size_tablet":{"unit":"px","size":"14","sizes":[]},"name_typography_font_weight":"400","name_typography_text_transform":"capitalize","name_typography_font_style":"italic","name_typography_text_decoration":"none","name_typography_line_height":{"unit":"em","size":"1.3","sizes":[]},"name_typography_letter_spacing":{"unit":"px","size":"0","sizes":[]},"job_text_color":"#F3F5F8","job_typography_typography":"custom","job_typography_font_family":"Poppins","job_typography_font_size":{"unit":"px","size":"36","sizes":[]},"job_typography_font_size_tablet":{"unit":"px","size":"25","sizes":[]},"job_typography_font_size_mobile":{"unit":"px","size":"20","sizes":[]},"job_typography_font_weight":"600","job_typography_text_transform":"capitalize","job_typography_font_style":"normal","job_typography_text_decoration":"none","job_typography_line_height":{"unit":"em","size":"1.1","sizes":[]},"job_typography_letter_spacing":{"unit":"px","size":"0","sizes":[]},"content_typography_word_spacing":{"unit":"em","size":0,"sizes":[]},"name_typography_word_spacing":{"unit":"em","size":0,"sizes":[]},"job_typography_word_spacing":{"unit":"em","size":0,"sizes":[]}},"elements":[],"isInner":false,"widgetType":"testimonial","elType":"widget"}],"isInner":false,"elType":"column"}],"isInner":"","elType":"section"},{"id":"121d0732","settings":{"gap":"no","content_position":"middle","margin":{"unit":"%","top":"12","right":"0","bottom":"0","left":"0","isLinked":""},"padding":{"unit":"%","top":"0","right":"3","bottom":"0","left":"3","isLinked":""},"padding_tablet":{"unit":"%","top":"0","right":"5","bottom":"0","left":"5","isLinked":""},"reverse_order_tablet":"reverse-tablet","reverse_order_mobile":"reverse-mobile","margin_tablet":{"unit":"%","top":"15","right":0,"bottom":"0","left":0,"isLinked":""},"margin_mobile":{"unit":"%","top":"25","right":0,"bottom":"0","left":0,"isLinked":""},"_title":"CTA","content_width":{"unit":"px","size":"750","sizes":[]},"padding_mobile":{"unit":"%","top":"","right":"","bottom":"","left":"","isLinked":"1"},"content_width_tablet":{"unit":"px","size":500,"sizes":[]}},"elements":[{"id":"1107e98c","settings":{"_column_size":"100","padding":{"unit":"%","top":"","right":"","bottom":"","left":"","isLinked":"1"},"_inline_size_tablet":"100","margin_tablet":{"unit":"%","top":"","right":"","bottom":"","left":"","isLinked":"1"},"padding_mobile":{"unit":"px","top":"0","right":"0","bottom":"0","left":"0","isLinked":""},"space_between_widgets":"20","padding_tablet":{"unit":"%","top":"","right":"","bottom":"","left":"","isLinked":true}},"elements":[{"id":"f1bb6fc","settings":{"title":"A Title to Turn the Visitor Into a Lead","align_mobile":"center","header_size":"h3","align":"center","title_color":"#1C244B","typography_typography":"custom","typography_font_family":"Poppins","typography_font_size":{"unit":"px","size":"65","sizes":[]},"typography_font_size_tablet":{"unit":"px","size":"45","sizes":[]},"typography_font_size_mobile":{"unit":"px","size":"28","sizes":[]},"typography_font_weight":"600","typography_text_transform":"none","typography_font_style":"normal","typography_text_decoration":"none","typography_line_height":{"unit":"em","size":"1.2","sizes":[]},"typography_line_height_mobile":{"unit":"em","size":"1.1","sizes":[]},"typography_letter_spacing":{"unit":"px","size":"0","sizes":[]},"typography_word_spacing":{"unit":"em","size":"0","sizes":[]}},"elements":[],"isInner":false,"widgetType":"heading","elType":"widget"},{"id":"3b9c7c24","settings":{"editor":"This is your chance to emphasize why the visitor should contact you right now.","_padding":{"unit":"%","top":"0","right":"20","bottom":"0","left":"20","isLinked":""},"_padding_tablet":{"unit":"%","top":"0","right":"5","bottom":"0","left":"5","isLinked":false},"_padding_mobile":{"unit":"%","top":"0","right":"0","bottom":"0","left":"0","isLinked":""},"align":"center","text_color":"#324A6D","typography_typography":"custom","typography_font_family":"Poppins","typography_font_size":{"unit":"px","size":"16","sizes":[]},"typography_font_size_tablet":{"unit":"px","size":"14","sizes":[]},"typography_font_weight":"300","typography_text_transform":"none","typography_font_style":"normal","typography_text_decoration":"none","typography_line_height":{"unit":"em","size":"1.5","sizes":[]},"typography_letter_spacing":{"unit":"px","size":"0","sizes":[]},"typography_word_spacing":{"unit":"em","size":"0","sizes":[]}},"elements":[],"isInner":false,"widgetType":"text-editor","elType":"widget"},{"id":"7e2b53d","settings":{"text":"Contact us","button_text_color":"#FFFFFF","border_border":"solid","border_width":{"unit":"px","top":"1","right":"1","bottom":"1","left":"1","isLinked":"1"},"border_color":"#467FF7","border_radius":{"unit":"px","top":"100","right":"100","bottom":"100","left":"100","isLinked":"1"},"text_padding":{"unit":"px","top":"16","right":"55","bottom":"16","left":"55","isLinked":""},"__globals__":{"button_text_color":"","border_color":"","button_background_hover_color":"","hover_color":""},"align_mobile":"center","typography_typography":"custom","typography_font_family":"Poppins","typography_font_size":{"unit":"px","size":"16","sizes":[]},"typography_font_size_tablet":{"unit":"px","size":"14","sizes":[]},"typography_font_weight":"400","typography_text_transform":"capitalize","typography_font_style":"normal","typography_text_decoration":"none","typography_line_height":{"unit":"em","size":"1","sizes":[]},"typography_letter_spacing":{"unit":"px","size":"0","sizes":[]},"background_color":"#467FF7","hover_color":"#467FF7","button_background_hover_color":"#02010100","typography_word_spacing":{"unit":"em","size":"0","sizes":[]},"text_padding_mobile":{"unit":"px","top":"15","right":"35","bottom":"15","left":"35","isLinked":false},"_margin":{"unit":"%","top":"","right":"","bottom":"","left":"","isLinked":true},"_margin_tablet":{"unit":"%","top":"","right":"","bottom":"","left":"","isLinked":true},"_margin_mobile":{"unit":"%","top":"","right":"","bottom":"","left":"","isLinked":true},"align":"center"},"elements":[],"isInner":false,"widgetType":"button","elType":"widget"}],"isInner":"","elType":"column"}],"isInner":"","elType":"section"},{"id":"5132c98e","settings":{"layout":"full_width","gap":"no","structure":"30","padding":{"unit":"%","top":"0","right":"3","bottom":"0","left":"3","isLinked":""},"padding_tablet":{"unit":"%","top":"0","right":"4","bottom":"0","left":"4","isLinked":""},"padding_mobile":{"unit":"%","top":"0","right":"5","bottom":"0","left":"5","isLinked":""},"_title":"Footer","margin":{"unit":"%","top":"12","right":0,"bottom":"4","left":0,"isLinked":""},"margin_tablet":{"unit":"%","top":"15","right":"0","bottom":"6","left":"0","isLinked":""},"margin_mobile":{"unit":"%","top":"25","right":"0","bottom":"15","left":"0","isLinked":""},"content_position":"middle","html_tag":"footer"},"elements":[{"id":"35e65e7a","settings":{"_column_size":"33","space_between_widgets":"0","padding":{"unit":"%","top":"","right":"","bottom":"","left":"","isLinked":"1"},"space_between_widgets_tablet":"0","margin_tablet":{"unit":"%","top":"0","right":"10","bottom":"0","left":"0","isLinked":""},"padding_tablet":{"unit":"%","top":"","right":"","bottom":"","left":"","isLinked":"1"},"margin_mobile":{"unit":"%","top":"0","right":"0","bottom":"0","left":"0","isLinked":""},"margin":{"unit":"%","top":"0","right":"40","bottom":"0","left":"0","isLinked":""},"_inline_size_tablet":"50"},"elements":[{"id":"35d825a5","settings":{"title_text":"","description_text":"Summarize your business so the visitor can learn about your offerings from any page on your website.","title_size":"span","image_space":{"unit":"px","size":"5","sizes":[]},"image_size":{"unit":"%","size":"16","sizes":[]},"text_align":"left","__dynamic__":[],"image_space_mobile":{"unit":"px","size":"0","sizes":[]},"text_align_mobile":"center","title_color":"#1C244B","title_typography_typography":"custom","title_typography_font_family":"Poppins","title_typography_font_size":{"unit":"px","size":"22","sizes":[]},"title_typography_font_weight":"600","title_typography_text_transform":"none","title_typography_font_style":"normal","title_typography_text_decoration":"none","title_typography_line_height":{"unit":"em","size":"1.5","sizes":[]},"title_typography_letter_spacing":{"unit":"px","size":"0","sizes":[]},"title_typography_word_spacing":{"unit":"em","size":"0","sizes":[]},"description_color":"#324A6D","description_typography_typography":"custom","description_typography_font_family":"Poppins","description_typography_font_size":{"unit":"px","size":"16","sizes":[]},"description_typography_font_weight":"300","description_typography_text_transform":"none","description_typography_font_style":"normal","description_typography_text_decoration":"none","description_typography_line_height":{"unit":"em","size":"1.5","sizes":[]},"description_typography_letter_spacing":{"unit":"px","size":"0","sizes":[]},"description_typography_word_spacing":{"unit":"em","size":"0","sizes":[]},"_padding_mobile":{"unit":"%","top":"","right":"","bottom":"","left":"","isLinked":"1"},"_element_custom_width_tablet":{"unit":"%","size":"60","sizes":[]},"_element_custom_width_mobile":{"unit":"%","size":"","sizes":[]},"image_size_tablet":{"unit":"%","size":"30","sizes":[]},"description_typography_font_size_tablet":{"unit":"px","size":"14","sizes":[]}},"elements":[],"isInner":false,"widgetType":"image-box","elType":"widget"},{"id":"2aa0266a","settings":{"social_icon_list":[{"social_icon":{"value":"fab fa-facebook-f","library":"fa-brands"},"_id":"3f1b7ac"},{"social_icon":{"value":"","library":""},"_id":"5c0ce3c"},{"social_icon":{"value":"fab fa-twitter","library":"fa-brands"},"_id":"828f132"}],"align":"left","icon_color":"custom","icon_size":{"unit":"px","size":"23","sizes":[]},"icon_padding":{"unit":"em","size":"0","sizes":[]},"icon_spacing":{"unit":"px","size":"20","sizes":[]},"__globals__":{"icon_primary_color":"","icon_secondary_color":"","hover_secondary_color":""},"icon_size_tablet":{"unit":"px","size":"18","sizes":[]},"align_mobile":"center","icon_primary_color":"#02010100","icon_secondary_color":"#467FF7","hover_secondary_color":"#C8D5DC","_element_custom_width_tablet":{"unit":"%","size":"20","sizes":[]},"_element_custom_width_mobile":{"unit":"%","size":"","sizes":[]},"_element_vertical_align":"center","_padding_tablet":{"unit":"%","top":"","right":"","bottom":"","left":"","isLinked":"1"},"_padding_mobile":{"unit":"%","top":"","right":"","bottom":"","left":"","isLinked":"1"},"_element_vertical_align_tablet":"flex-end","_margin_tablet":{"unit":"%","top":"","right":"","bottom":"","left":"","isLinked":"1"},"_margin_mobile":{"unit":"%","top":"","right":"","bottom":"","left":"","isLinked":"1"},"_margin":{"unit":"%","top":"6","right":"0","bottom":"0","left":"0","isLinked":""}},"elements":[],"isInner":false,"widgetType":"social-icons","elType":"widget"}],"isInner":"","elType":"column"},{"id":"2250a87d","settings":{"_column_size":"33","margin_mobile":{"unit":"%","top":"12","right":"0","bottom":"0","left":"0","isLinked":""},"padding":{"unit":"%","top":"","right":"","bottom":"","left":"","isLinked":"1"},"padding_tablet":{"unit":"%","top":"","right":"","bottom":"","left":"","isLinked":"1"},"padding_mobile":{"unit":"%","top":"0","right":"0","bottom":"0","left":"0","isLinked":""},"space_between_widgets":"0","border_border":"solid","border_width":{"unit":"px","top":"0","right":"1","bottom":"0","left":"1","isLinked":""},"border_width_mobile":{"unit":"px","top":"0","right":"0","bottom":"0","left":"0","isLinked":"1"},"border_color":"#324A6D","_inline_size_tablet":"50","border_width_tablet":{"unit":"px","top":"0","right":"0","bottom":"0","left":"0","isLinked":""},"margin_tablet":{"unit":"%","top":"0","right":"0","bottom":"0","left":"10","isLinked":""}},"elements":[{"id":"5ed775c6","settings":{"icon_list":[{"text":"123-456-7890","selected_icon":{"value":"","library":""},"_id":"ad6ec7f","__dynamic__":{"link":"[elementor-tag id=\"329af31\" name=\"contact-url\" settings=\"%7B%22link_type%22%3A%22tel%22%2C%22tel_number%22%3A%22123-456-7890%22%7D\"]"}},{"text":"123 Main Street. New York, NY 10001","selected_icon":{"value":"","library":""},"__dynamic__":[],"_id":"1770798"},{"text":"Mon-Fri 9:00AM - 5:00PM","selected_icon":{"value":"","library":""},"_id":"1eeac9a"}],"space_between":{"unit":"px","size":"5","sizes":[]},"__globals__":{"text_color":"","text_color_hover":"","icon_color":""},"space_between_mobile":{"unit":"px","size":"5","sizes":[]},"icon_color":"#7A7A7A","text_color":"#324A6D","icon_typography_typography":"custom","icon_typography_font_family":"Poppins","icon_typography_font_size":{"unit":"px","size":"16","sizes":[]},"icon_typography_font_weight":"300","icon_typography_text_transform":"none","icon_typography_font_style":"normal","icon_typography_text_decoration":"none","icon_typography_line_height":{"unit":"em","size":"1.5","sizes":[]},"icon_typography_letter_spacing":{"unit":"px","size":"0","sizes":[]},"icon_typography_word_spacing":{"unit":"em","size":"0","sizes":[]},"_padding":{"unit":"%","top":"","right":"","bottom":"","left":"","isLinked":"1"},"_padding_tablet":{"unit":"%","top":"","right":"","bottom":"","left":"","isLinked":"1"},"_padding_mobile":{"unit":"%","top":"","right":"","bottom":"","left":"","isLinked":"1"},"icon_align":"center","icon_align_tablet":"left","icon_align_mobile":"center","icon_typography_font_size_tablet":{"unit":"px","size":"14","sizes":[]}},"elements":[],"isInner":false,"widgetType":"icon-list","elType":"widget"}],"isInner":"","elType":"column"},{"id":"3b0aeb8c","settings":{"_column_size":"33","padding_tablet":{"unit":"%","top":"","right":"","bottom":"","left":"","isLinked":"1"},"padding_mobile":{"unit":"%","top":"","right":"","bottom":"","left":"","isLinked":"1"},"space_between_widgets":"0","margin":{"unit":"%","top":"0","right":"0","bottom":"0","left":"40","isLinked":""},"margin_tablet":{"unit":"%","top":"8","right":"0","bottom":"0","left":"0","isLinked":""},"margin_mobile":{"unit":"%","top":"12","right":"0","bottom":"0","left":"0","isLinked":""},"padding":{"unit":"%","top":"","right":"","bottom":"","left":"","isLinked":"1"},"_inline_size_tablet":"100"},"elements":[{"id":"17093d51","settings":{"editor":"<p>Subscribe to receive our latest updates directly in your inbox!<\/p>","align":"left","align_mobile":"center","text_color":"#324A6D","typography_typography":"custom","typography_font_family":"Poppins","typography_font_size":{"unit":"px","size":"16","sizes":[]},"typography_font_size_tablet":{"unit":"px","size":"14","sizes":[]},"typography_font_weight":"300","typography_text_transform":"none","typography_font_style":"normal","typography_text_decoration":"none","typography_line_height":{"unit":"em","size":"1.5","sizes":[]},"typography_letter_spacing":{"unit":"px","size":"0","sizes":[]},"typography_word_spacing":{"unit":"em","size":"0","sizes":[]},"_margin":{"unit":"%","top":"0","right":"0","bottom":"1","left":"0","isLinked":""},"_margin_tablet":{"unit":"%","top":"0","right":"0","bottom":"0","left":"0","isLinked":""},"_margin_mobile":{"unit":"%","top":"0","right":"0","bottom":"5","left":"0","isLinked":""},"_padding":{"unit":"%","top":"","right":"","bottom":"","left":"","isLinked":"1"},"_padding_tablet":{"unit":"%","top":"","right":"","bottom":"","left":"","isLinked":"1"},"_padding_mobile":{"unit":"%","top":"","right":"","bottom":"","left":"","isLinked":"1"}},"elements":[],"isInner":false,"widgetType":"text-editor","elType":"widget"},{"id":"10881057","settings":{"form_name":"New Form","form_fields":[{"custom_id":"email","field_type":"email","required":"true","field_label":"Email","placeholder":"Email Address","_id":"17a75fb","width_mobile":"100","previous_button":"","next_button":"","file_sizes":"","file_types":"","allow_multiple_upload":"","max_files":"","acceptance_text":"","checked_by_default":"","field_min":"","field_max":"","min_date":"","max_date":"","use_native_date":"","use_native_time":""}],"input_size":"md","show_labels":"","button_size":"md","button_align":"start","button_align_mobile":"stretch","step_next_label":"Next","step_previous_label":"Previous","button_text":"Subscribe","email_content":"[all-fields]","email_content_2":"[all-fields]","success_message":"The form was sent successfully.","error_message":"An error occurred.","required_field_message":"This field is required.","invalid_message":"There&#039;s something wrong. The form is invalid.","row_gap":{"unit":"px","size":"26","sizes":[]},"label_color":"#7A7A7A","label_typography_typography":"custom","label_typography_font_family":"Roboto","label_typography_font_weight":"400","html_color":"#324A6D","html_typography_typography":"custom","html_typography_font_family":"Poppins","html_typography_font_weight":"300","field_text_color":"#324A6D","field_typography_typography":"custom","field_typography_font_family":"Poppins","field_typography_font_size":{"unit":"px","size":"16","sizes":[]},"field_typography_font_weight":"300","field_typography_text_transform":"none","field_typography_font_style":"normal","field_typography_text_decoration":"none","field_typography_line_height":{"unit":"em","size":"1.5","sizes":[]},"field_typography_letter_spacing":{"unit":"px","size":"0","sizes":[]},"field_typography_word_spacing":{"unit":"em","size":"0","sizes":[]},"field_border_color":"#C8D5DC","field_border_width":{"unit":"px","top":"0","right":"0","bottom":"1","left":"0","isLinked":""},"field_border_radius":{"unit":"px","top":"0","right":"0","bottom":"0","left":"0","isLinked":""},"button_typography_typography":"custom","button_typography_font_family":"Poppins","button_typography_font_size":{"unit":"px","size":"16","sizes":[]},"button_typography_font_weight":"400","button_typography_text_transform":"none","button_typography_font_style":"normal","button_typography_text_decoration":"none","button_typography_line_height":{"unit":"em","size":"1.1","sizes":[]},"button_typography_letter_spacing":{"unit":"px","size":"0","sizes":[]},"button_typography_word_spacing":{"unit":"em","size":"0","sizes":[]},"button_border_border":"solid","button_border_width":{"unit":"px","top":"1","right":"1","bottom":"1","left":"1","isLinked":"1"},"button_background_color":"#467FF7","button_border_color":"#467FF7","previous_button_background_color":"#61CE70","button_background_hover_color":"#FFFFFF","button_hover_color":"#467FF7","button_hover_border_color":"#467FF7","button_border_radius":{"unit":"px","top":"30","right":"30","bottom":"30","left":"30","isLinked":"1"},"button_text_padding":{"unit":"px","top":"16","right":"55","bottom":"16","left":"55","isLinked":""},"_padding":{"unit":"%","top":"","right":"","bottom":"","left":"","isLinked":"1"},"_padding_tablet":{"unit":"%","top":"","right":"","bottom":"","left":"","isLinked":"1"},"_padding_mobile":{"unit":"%","top":"0","right":"0","bottom":"0","left":"0","isLinked":""},"html_typography_font_size":{"unit":"px","size":"16","sizes":[]},"html_typography_text_transform":"none","html_typography_font_style":"normal","html_typography_text_decoration":"none","html_typography_line_height":{"unit":"em","size":"1.4","sizes":[]},"html_typography_letter_spacing":{"unit":"px","size":"0","sizes":[]},"html_typography_word_spacing":{"unit":"em","size":"0","sizes":[]},"message_typography_typography":"custom","message_typography_font_family":"Poppins","message_typography_font_size":{"unit":"px","size":"16","sizes":[]},"message_typography_font_size_tablet":{"unit":"px","size":"14","sizes":[]},"message_typography_font_weight":"300","message_typography_text_transform":"none","message_typography_font_style":"normal","message_typography_text_decoration":"none","message_typography_line_height":{"unit":"em","size":"1.5","sizes":[]},"message_typography_letter_spacing":{"unit":"px","size":"0","sizes":[]},"message_typography_word_spacing":{"unit":"em","size":"0","sizes":[]},"success_message_color":"#1C244B","error_message_color":"#1C244B","inline_message_color":"#1C244B"},"elements":[],"isInner":false,"widgetType":"form","elType":"widget"}],"isInner":"","elType":"column"}],"isInner":"","elType":"section"},{"id":"1924e708","settings":{"gap":"no","height":"min-height","custom_height":{"unit":"px","size":"45","sizes":[]},"content_position":"middle","background_background":"classic","__globals__":{"background_color":""},"_title":"Copyright","background_color":"#467FF7","content_width":{"unit":"px","size":"750","sizes":[]},"margin_tablet":{"unit":"%","top":"","right":0,"bottom":"","left":0,"isLinked":true},"margin_mobile":{"unit":"%","top":"","right":0,"bottom":"","left":0,"isLinked":true},"layout":"full_width","padding":{"unit":"%","top":"0","right":"3","bottom":"0","left":"3","isLinked":false},"padding_tablet":{"unit":"%","top":"0","right":"5","bottom":"0","left":"5","isLinked":false},"padding_mobile":{"unit":"%","top":"","right":"","bottom":"","left":"","isLinked":true}},"elements":[{"id":"6a3883de","settings":{"_column_size":"100","space_between_widgets":"0"},"elements":[{"id":"6be82f48","settings":{"title":"\u00a9 All Rights Reserved.","header_size":"p","align":"center","__globals__":{"typography_typography":"","title_color":""},"title_color":"#FFFFFF","typography_typography":"custom","typography_font_family":"Poppins","typography_font_size":{"unit":"px","size":"16","sizes":[]},"typography_font_size_tablet":{"unit":"px","size":"14","sizes":[]},"typography_font_weight":"300","typography_text_transform":"none","typography_font_style":"normal","typography_text_decoration":"none","typography_line_height":{"unit":"em","size":"1.5","sizes":[]},"typography_letter_spacing":{"unit":"px","size":"0","sizes":[]},"__dynamic__":{"title":"[elementor-tag id=\"ab42f97\" name=\"current-date-time\" settings=\"%7B%22date_format%22%3A%22custom%22%2C%22custom_format%22%3A%22Y%22%2C%22before%22%3A%22%C2%A9%20%22%2C%22after%22%3A%22%20All%20Rights%20Reserved.%22%7D\"]"},"typography_word_spacing":{"unit":"em","size":"0","sizes":[]}},"elements":[],"isInner":false,"widgetType":"heading","elType":"widget"}],"isInner":"","elType":"column"}],"isInner":"","elType":"section"}],"page_settings":[],"version":"0.4","title":"wireframe-services-2","type":"page"}