{"content":[{"id":"a57b75c","settings":{"gap":"no","content_position":"middle","margin":{"unit":"%","top":"","right":"0","bottom":"","left":"0","isLinked":"1"},"padding":{"unit":"%","top":"0","right":"0","bottom":"0","left":"3","isLinked":""},"padding_tablet":{"unit":"%","top":"0","right":"0","bottom":"0","left":"0","isLinked":false},"margin_tablet":{"unit":"%","top":"","right":"0","bottom":"","left":"0","isLinked":"1"},"margin_mobile":{"unit":"%","top":"","right":"0","bottom":"","left":"0","isLinked":"1"},"_title":"Our Mission","content_width":{"unit":"px","size":"750","sizes":[]},"layout":"full_width","structure":"20","custom_height":{"unit":"px","size":645,"sizes":[]},"padding_mobile":{"unit":"%","top":"","right":"","bottom":"","left":"","isLinked":true},"height":"min-height","custom_height_tablet":{"unit":"px","size":0,"sizes":[]},"column_position":"stretch"},"elements":[{"id":"687c4258","settings":{"_column_size":"50","padding":{"unit":"%","top":"0","right":"10","bottom":"0","left":"10","isLinked":""},"margin_tablet":{"unit":"%","top":"","right":"","bottom":"","left":"","isLinked":"1"},"padding_mobile":{"unit":"%","top":"15","right":"5","bottom":"15","left":"5","isLinked":false},"space_between_widgets":5,"padding_tablet":{"unit":"%","top":"8","right":"5","bottom":"8","left":"5","isLinked":""},"_inline_size_tablet":100,"_inline_size":42.934},"elements":[{"id":"54bd70c1","settings":{"title":"Contact Us","align_mobile":"center","header_size":"h1","align":"center","title_color":"#1C244B","typography_typography":"custom","typography_font_family":"Poppins","typography_font_size":{"unit":"px","size":85,"sizes":[]},"typography_font_size_tablet":{"unit":"px","size":"45","sizes":[]},"typography_font_size_mobile":{"unit":"px","size":"28","sizes":[]},"typography_font_weight":"600","typography_text_transform":"none","typography_font_style":"normal","typography_text_decoration":"none","typography_line_height":{"unit":"em","size":"1.2","sizes":[]},"typography_line_height_mobile":{"unit":"em","size":"1.1","sizes":[]},"typography_letter_spacing":{"unit":"px","size":"0","sizes":[]},"_padding":{"unit":"%","top":"0","right":"0","bottom":"0","left":"0","isLinked":""},"_padding_tablet":{"unit":"%","top":"0","right":"0","bottom":"0","left":"0","isLinked":""},"_padding_mobile":{"unit":"%","top":"","right":"","bottom":"","left":"","isLinked":"1"},"typography_word_spacing":{"unit":"em","size":0,"sizes":[]}},"elements":[],"isInner":false,"widgetType":"heading","elType":"widget"},{"id":"4b376ec1","settings":{"width_tablet":{"unit":"%","size":50,"sizes":[]},"width_mobile":{"unit":"%","size":80,"sizes":[]},"align":"center","text":"Divider","color":"#C8D5DC"},"elements":[],"isInner":false,"widgetType":"divider","elType":"widget"},{"id":"1c5e0f48","settings":{"title":"Contact Info","align":"center","title_color":"#324A6D","typography_typography":"custom","typography_font_family":"Poppins","typography_font_size":{"unit":"px","size":16,"sizes":[]},"typography_font_size_tablet":{"unit":"px","size":14,"sizes":[]},"typography_font_weight":"600","typography_text_transform":"capitalize","typography_font_style":"normal","typography_text_decoration":"none","typography_line_height":{"unit":"em","size":1.5,"sizes":[]},"typography_letter_spacing":{"unit":"px","size":0,"sizes":[]},"typography_word_spacing":{"unit":"em","size":0,"sizes":[]}},"elements":[],"isInner":false,"widgetType":"heading","elType":"widget"},{"id":"8e4bb36","settings":{"icon_list":[{"text":"123-456-7890","selected_icon":{"value":"","library":""},"_id":"fda6b98"},{"text":"contact@mysite.com","selected_icon":{"value":"","library":""},"_id":"52c9d1a"}],"space_between":{"unit":"px","size":0,"sizes":[]},"icon_align":"center","divider_color":"#324A6D","icon_color":"#324A6D","text_color":"#324A6D","icon_typography_typography":"custom","icon_typography_font_family":"Poppins","icon_typography_font_size":{"unit":"px","size":"16","sizes":[]},"icon_typography_font_size_tablet":{"unit":"px","size":"14","sizes":[]},"icon_typography_font_weight":"300","icon_typography_text_transform":"none","icon_typography_font_style":"normal","icon_typography_text_decoration":"none","icon_typography_line_height":{"unit":"em","size":"1.5","sizes":[]},"icon_typography_letter_spacing":{"unit":"px","size":"0","sizes":[]},"icon_typography_word_spacing":{"unit":"em","size":"0","sizes":[]},"_element_custom_width_tablet":{"unit":"%","size":"60","sizes":[]},"_element_custom_width_mobile":{"unit":"%","size":"","sizes":[]},"_element_vertical_align":"center","__globals__":{"text_color":"","text_color_hover":"","icon_color":"","divider_color":""}},"elements":[],"isInner":false,"widgetType":"icon-list","elType":"widget"}],"isInner":"","elType":"column"},{"id":"5374c65d","settings":{"_column_size":"50","space_between_widgets":15,"padding_mobile":{"unit":"%","top":"15","right":"5","bottom":"15","left":"5","isLinked":""},"_inline_size_tablet":100,"background_background":"classic","background_color":"#F3F5F8","padding":{"unit":"%","top":"0","right":"10","bottom":"0","left":"10","isLinked":false},"padding_tablet":{"unit":"%","top":"8","right":"5","bottom":"8","left":"5","isLinked":false},"_inline_size":56.995},"elements":[{"id":"d0e62d","settings":{"editor":"<p>Fill out the form below and we will<br \/>contact you as soon as possible!<\/p>","_padding":{"unit":"%","top":"","right":"","bottom":"","left":"","isLinked":"1"},"_padding_tablet":{"unit":"%","top":"","right":"","bottom":"","left":"","isLinked":true},"_padding_mobile":{"unit":"%","top":"","right":"","bottom":"","left":"","isLinked":true},"align":"center","text_color":"#324A6D","typography_typography":"custom","typography_font_family":"Poppins","typography_font_size":{"unit":"px","size":"16","sizes":[]},"typography_font_size_tablet":{"unit":"px","size":"14","sizes":[]},"typography_font_weight":"300","typography_text_transform":"none","typography_font_style":"normal","typography_text_decoration":"none","typography_line_height":{"unit":"em","size":"1.5","sizes":[]},"typography_letter_spacing":{"unit":"px","size":"0","sizes":[]},"align_mobile":"center","typography_word_spacing":{"unit":"em","size":0,"sizes":[]}},"elements":[],"isInner":false,"widgetType":"text-editor","elType":"widget"},{"id":"27a75219","settings":{"form_name":"Contact Form","form_fields":[{"_id":"5a3e178","field_label":"Your Name","placeholder":"Your Name","required":"true","custom_id":"name","width":"50","previous_button":"","next_button":"","file_sizes":"","file_types":"","allow_multiple_upload":"","max_files":"","acceptance_text":"","checked_by_default":"","field_min":"","field_max":"","min_date":"","max_date":"","use_native_date":"","use_native_time":""},{"custom_id":"email","field_type":"email","required":"true","field_label":"Your email","placeholder":"Your Email","_id":"cd2e872","width_tablet":"50","width":"50","previous_button":"","next_button":"","file_sizes":"","file_types":"","allow_multiple_upload":"","max_files":"","acceptance_text":"","checked_by_default":"","field_min":"","field_max":"","min_date":"","max_date":"","use_native_date":"","use_native_time":""},{"custom_id":"field_5057311","field_type":"tel","required":"true","field_label":"Phone Number","placeholder":"Phone Number","width_tablet":"50","width":"50","_id":"5057311","previous_button":"","next_button":"","file_sizes":"","file_types":"","allow_multiple_upload":"","max_files":"","acceptance_text":"","checked_by_default":"","field_min":"","field_max":"","min_date":"","max_date":"","use_native_date":"","use_native_time":""},{"custom_id":"field_d6c1e2e","field_type":"select","required":"true","field_label":"Service Type","placeholder":"Phone Number","width_tablet":"50","field_options":"Service 1\nService 3\nService 4\nService Type","width":"50","_id":"d6c1e2e","previous_button":"","next_button":"","file_sizes":"","file_types":"","allow_multiple_upload":"","max_files":"","acceptance_text":"","checked_by_default":"","field_min":"","field_max":"","min_date":"","max_date":"","use_native_date":"","use_native_time":""},{"_id":"71766c7","field_type":"textarea","field_label":"Message","placeholder":"Message","custom_id":"field_71766c7","previous_button":"","next_button":"","file_sizes":"","file_types":"","allow_multiple_upload":"","max_files":"","acceptance_text":"","checked_by_default":"","field_min":"","field_max":"","min_date":"","max_date":"","use_native_date":"","use_native_time":""}],"step_next_label":"Next","step_previous_label":"Previous","button_text":"Send","email_content":"[all-fields]","email_content_2":"[all-fields]","success_message":"The form was sent successfully.","error_message":"An error occurred.","required_field_message":"This field is required.","invalid_message":"There's something wrong. The form is invalid.","html_spacing":{"unit":"px","size":36,"sizes":[]},"_margin":{"unit":"%","top":"","right":"","bottom":"","left":"","isLinked":true},"_padding":{"unit":"%","top":"","right":"","bottom":"","left":"","isLinked":true},"__globals__":{"_background_color":"","success_message_color":"","error_message_color":"","inline_message_color":"","field_text_color":"","field_border_color":"","button_text_color":"","button_border_color":"","button_background_hover_color":"","button_hover_border_color":"","button_hover_color":"","field_typography_typography":""},"show_labels":"","column_gap":{"unit":"px","size":22,"sizes":[]},"row_gap":{"unit":"px","size":20,"sizes":[]},"field_text_color":"#324A6D","field_background_color":"","field_border_color":"#C8D5DC","field_border_width":{"unit":"px","top":"1","right":"1","bottom":"1","left":"1","isLinked":true},"field_border_radius":{"unit":"px","top":"0","right":"0","bottom":"0","left":"0","isLinked":false},"button_border_border":"solid","button_border_width":{"unit":"px","top":"1","right":"1","bottom":"1","left":"1","isLinked":true},"button_text_color":"#FFFFFF","button_border_color":"#467FF7","button_background_hover_color":"#02010100","button_hover_color":"#467FF7","button_hover_border_color":"#467FF7","button_border_radius":{"unit":"px","top":"300","right":"300","bottom":"300","left":"300","isLinked":true},"button_text_padding":{"unit":"px","top":"16","right":"55","bottom":"16","left":"55","isLinked":false},"success_message_color":"#324A6D","error_message_color":"#324A6D","inline_message_color":"#324A6D","input_size":"md","button_size":"md","button_width_tablet":"100","_element_custom_width":{"unit":"px","size":641,"sizes":[]},"_element_custom_width_tablet":{"unit":"%","size":"","sizes":[]},"_element_custom_width_mobile":{"unit":"%","size":"","sizes":[]},"_padding_tablet":{"unit":"px","top":"0","right":"0","bottom":"0","left":"0","isLinked":false},"button_align":"center","label_spacing":{"unit":"px","size":14,"sizes":[]},"label_color":"#324A6D","label_typography_typography":"custom","label_typography_font_family":"Poppins","label_typography_font_size":{"unit":"px","size":16,"sizes":[]},"label_typography_font_size_tablet":{"unit":"px","size":14,"sizes":[]},"label_typography_font_weight":"300","label_typography_text_transform":"none","label_typography_font_style":"normal","label_typography_text_decoration":"none","label_typography_line_height":{"unit":"em","size":1.5,"sizes":[]},"label_typography_letter_spacing":{"unit":"px","size":0,"sizes":[]},"html_color":"#324A6D","html_typography_typography":"custom","html_typography_font_family":"Poppins","html_typography_font_size":{"unit":"px","size":16,"sizes":[]},"html_typography_font_size_tablet":{"unit":"px","size":14,"sizes":[]},"html_typography_font_weight":"300","html_typography_text_transform":"none","html_typography_font_style":"normal","html_typography_text_decoration":"none","html_typography_line_height":{"unit":"em","size":1.5,"sizes":[]},"html_typography_letter_spacing":{"unit":"px","size":0,"sizes":[]},"field_typography_typography":"custom","field_typography_font_family":"Poppins","field_typography_font_size":{"unit":"px","size":16,"sizes":[]},"field_typography_font_size_tablet":{"unit":"px","size":14,"sizes":[]},"field_typography_font_weight":"300","field_typography_text_transform":"none","field_typography_font_style":"normal","field_typography_text_decoration":"none","field_typography_line_height":{"unit":"em","size":1.5,"sizes":[]},"field_typography_letter_spacing":{"unit":"px","size":0,"sizes":[]},"button_typography_typography":"custom","button_typography_font_family":"Poppins","button_typography_font_size":{"unit":"px","size":16,"sizes":[]},"button_typography_font_size_tablet":{"unit":"px","size":14,"sizes":[]},"button_typography_font_weight":"400","button_typography_text_transform":"capitalize","button_typography_font_style":"normal","button_typography_text_decoration":"none","button_typography_line_height":{"unit":"em","size":1,"sizes":[]},"button_typography_letter_spacing":{"unit":"px","size":0,"sizes":[]},"button_background_color":"#467FF7","previous_button_background_color":"#467FF7","message_typography_typography":"custom","message_typography_font_family":"Poppins","message_typography_font_size":{"unit":"px","size":16,"sizes":[]},"message_typography_font_size_tablet":{"unit":"px","size":14,"sizes":[]},"message_typography_font_weight":"300","message_typography_text_transform":"none","message_typography_font_style":"normal","message_typography_text_decoration":"none","message_typography_line_height":{"unit":"em","size":1.5,"sizes":[]},"message_typography_letter_spacing":{"unit":"px","size":0,"sizes":[]},"steps_typography_typography":"custom","steps_typography_font_family":"Poppins","steps_typography_font_size":{"unit":"px","size":16,"sizes":[]},"steps_typography_font_size_tablet":{"unit":"px","size":14,"sizes":[]},"steps_typography_font_weight":"400","steps_typography_text_transform":"capitalize","steps_typography_font_style":"normal","steps_typography_text_decoration":"none","steps_typography_line_height":{"unit":"em","size":1,"sizes":[]},"steps_typography_letter_spacing":{"unit":"px","size":0,"sizes":[]},"step_inactive_primary_color":"#324A6D","step_active_primary_color":"#467FF7","step_completed_primary_color":"#467FF7","field_typography_word_spacing":{"unit":"em","size":0,"sizes":[]},"button_typography_word_spacing":{"unit":"em","size":0,"sizes":[]},"message_typography_word_spacing":{"unit":"em","size":0,"sizes":[]}},"elements":[],"isInner":false,"widgetType":"form","elType":"widget"}],"isInner":false,"elType":"column"}],"isInner":"","elType":"section"},{"id":"20ac5ce","settings":{"layout":"full_width","gap":"no","padding":{"unit":"%","top":"0","right":"5","bottom":"0","left":"0","isLinked":""},"margin":{"unit":"%","top":"12","right":0,"bottom":"0","left":0,"isLinked":""},"padding_tablet":{"unit":"%","top":"0","right":"5","bottom":"0","left":"5","isLinked":""},"margin_tablet":{"unit":"%","top":"15","right":0,"bottom":"0","left":0,"isLinked":false},"margin_mobile":{"unit":"%","top":"25","right":0,"bottom":"0","left":0,"isLinked":""},"_title":"Testimonials","padding_mobile":{"unit":"%","top":"","right":"","bottom":"","left":"","isLinked":true},"structure":"30","content_position":"middle"},"elements":[{"id":"367cd122","settings":{"_column_size":33,"space_between_widgets":"0","_inline_size":35.802,"_inline_size_tablet":100,"background_background":"classic","background_color":"#F3F5F8","padding":{"unit":"px","top":"100","right":"50","bottom":"100","left":"50","isLinked":false},"padding_mobile":{"unit":"%","top":"15","right":"15","bottom":"15","left":"15","isLinked":true}},"elements":[{"id":"799ae9f1","settings":{"title":"Client \nTestimonials","align_mobile":"center","align":"left","title_color":"#1C244B","typography_typography":"custom","typography_font_family":"Poppins","typography_font_size":{"unit":"px","size":"65","sizes":[]},"typography_font_size_tablet":{"unit":"px","size":"45","sizes":[]},"typography_font_size_mobile":{"unit":"px","size":"28","sizes":[]},"typography_font_weight":"600","typography_text_transform":"none","typography_font_style":"normal","typography_text_decoration":"none","typography_line_height":{"unit":"em","size":"1.2","sizes":[]},"typography_line_height_mobile":{"unit":"em","size":"1.1","sizes":[]},"typography_letter_spacing":{"unit":"px","size":"0","sizes":[]},"align_tablet":"center","typography_word_spacing":{"unit":"em","size":0,"sizes":[]}},"elements":[],"isInner":false,"widgetType":"heading","elType":"widget"}],"isInner":"","elType":"column"},{"id":"39403d87","settings":{"_column_size":33,"margin":{"unit":"%","top":"0","right":"0","bottom":"0","left":"20","isLinked":""},"_inline_size_tablet":50,"margin_tablet":{"unit":"%","top":"10","right":"10","bottom":"0","left":"0","isLinked":false},"margin_mobile":{"unit":"%","top":"10","right":"0","bottom":"0","left":"0","isLinked":""},"_inline_size":32.51,"space_between_widgets":0},"elements":[{"id":"388b7ab3","settings":{"testimonial_content":"\u201cA testimonial from a client who benefited from your product or service. Testimonials can be a highly effective way of establishing credibility and increasing your company's reputation.\u201d","testimonial_name":"Client Name","testimonial_job":"","testimonial_alignment":"left","image_size":{"unit":"px","size":"63","sizes":[]},"__globals__":{"name_typography_typography":"","image_border_color":"globals\/colors?id=14ef391"},"testimonial_image":{"id":"3673","url":"http:\/\/localhost\/demo\/wp-content\/uploads\/2022\/09\/Image-Testemonials-1.jpeg"},"image_border_radius":{"unit":"px","top":"50","right":"50","bottom":"50","left":"50","isLinked":"1"},"image_border_width":{"unit":"px","top":"1","right":"1","bottom":"1","left":"1","isLinked":"1"},"content_content_color":"#324A6D","content_typography_typography":"custom","content_typography_font_family":"Poppins","content_typography_font_size":{"unit":"px","size":"16","sizes":[]},"content_typography_font_size_tablet":{"unit":"px","size":"14","sizes":[]},"content_typography_font_weight":"300","content_typography_text_transform":"none","content_typography_font_style":"normal","content_typography_text_decoration":"none","content_typography_line_height":{"unit":"em","size":"1.5","sizes":[]},"content_typography_letter_spacing":{"unit":"px","size":"0","sizes":[]},"image_border_color":"#C8D5DC","name_text_color":"#1C244B","name_typography_typography":"custom","name_typography_font_family":"Poppins","name_typography_font_size":{"unit":"px","size":"16","sizes":[]},"name_typography_font_size_tablet":{"unit":"px","size":"14","sizes":[]},"name_typography_font_weight":"400","name_typography_text_transform":"capitalize","name_typography_font_style":"italic","name_typography_text_decoration":"none","name_typography_line_height":{"unit":"em","size":"1.3","sizes":[]},"name_typography_letter_spacing":{"unit":"px","size":"0","sizes":[]},"job_text_color":"#F3F5F8","job_typography_typography":"custom","job_typography_font_family":"Poppins","job_typography_font_size":{"unit":"px","size":"36","sizes":[]},"job_typography_font_size_tablet":{"unit":"px","size":"25","sizes":[]},"job_typography_font_size_mobile":{"unit":"px","size":"20","sizes":[]},"job_typography_font_weight":"600","job_typography_text_transform":"capitalize","job_typography_font_style":"normal","job_typography_text_decoration":"none","job_typography_line_height":{"unit":"em","size":"1.1","sizes":[]},"job_typography_letter_spacing":{"unit":"px","size":"0","sizes":[]},"content_typography_word_spacing":{"unit":"em","size":0,"sizes":[]},"name_typography_word_spacing":{"unit":"em","size":0,"sizes":[]},"job_typography_word_spacing":{"unit":"em","size":0,"sizes":[]}},"elements":[],"isInner":false,"widgetType":"testimonial","elType":"widget"}],"isInner":false,"elType":"column"},{"id":"12a82d42","settings":{"_column_size":33,"margin":{"unit":"%","top":"0","right":"0","bottom":"0","left":"20","isLinked":""},"_inline_size_tablet":50,"margin_tablet":{"unit":"%","top":"10","right":"0","bottom":"0","left":"10","isLinked":""},"margin_mobile":{"unit":"%","top":"15","right":"0","bottom":"0","left":"0","isLinked":""},"_inline_size":31.33,"space_between_widgets":0},"elements":[{"id":"1c81e085","settings":{"testimonial_content":"\u201cA testimonial from a client who benefited from your product or service. Testimonials can be a highly effective way of establishing credibility and increasing your company's reputation.\u201d","testimonial_name":"Client Name","testimonial_job":"","testimonial_alignment":"left","image_size":{"unit":"px","size":"63","sizes":[]},"__globals__":{"name_typography_typography":"","image_border_color":"globals\/colors?id=14ef391"},"testimonial_image":{"id":"3673","url":"http:\/\/localhost\/demo\/wp-content\/uploads\/2022\/09\/Image-Testemonials-1.jpeg"},"image_border_radius":{"unit":"px","top":"50","right":"50","bottom":"50","left":"50","isLinked":"1"},"image_border_width":{"unit":"px","top":"1","right":"1","bottom":"1","left":"1","isLinked":"1"},"content_content_color":"#324A6D","content_typography_typography":"custom","content_typography_font_family":"Poppins","content_typography_font_size":{"unit":"px","size":"16","sizes":[]},"content_typography_font_size_tablet":{"unit":"px","size":"14","sizes":[]},"content_typography_font_weight":"300","content_typography_text_transform":"none","content_typography_font_style":"normal","content_typography_text_decoration":"none","content_typography_line_height":{"unit":"em","size":"1.5","sizes":[]},"content_typography_letter_spacing":{"unit":"px","size":"0","sizes":[]},"image_border_color":"#C8D5DC","name_text_color":"#1C244B","name_typography_typography":"custom","name_typography_font_family":"Poppins","name_typography_font_size":{"unit":"px","size":"16","sizes":[]},"name_typography_font_size_tablet":{"unit":"px","size":"14","sizes":[]},"name_typography_font_weight":"400","name_typography_text_transform":"capitalize","name_typography_font_style":"italic","name_typography_text_decoration":"none","name_typography_line_height":{"unit":"em","size":"1.3","sizes":[]},"name_typography_letter_spacing":{"unit":"px","size":"0","sizes":[]},"job_text_color":"#F3F5F8","job_typography_typography":"custom","job_typography_font_family":"Poppins","job_typography_font_size":{"unit":"px","size":"36","sizes":[]},"job_typography_font_size_tablet":{"unit":"px","size":"25","sizes":[]},"job_typography_font_size_mobile":{"unit":"px","size":"20","sizes":[]},"job_typography_font_weight":"600","job_typography_text_transform":"capitalize","job_typography_font_style":"normal","job_typography_text_decoration":"none","job_typography_line_height":{"unit":"em","size":"1.1","sizes":[]},"job_typography_letter_spacing":{"unit":"px","size":"0","sizes":[]},"content_typography_word_spacing":{"unit":"em","size":0,"sizes":[]},"name_typography_word_spacing":{"unit":"em","size":0,"sizes":[]},"job_typography_word_spacing":{"unit":"em","size":0,"sizes":[]}},"elements":[],"isInner":false,"widgetType":"testimonial","elType":"widget"}],"isInner":false,"elType":"column"}],"isInner":"","elType":"section"},{"id":"614174f5","settings":{"gap":"no","height":"min-height","custom_height":{"unit":"px","size":"45","sizes":[]},"content_position":"middle","background_background":"classic","__globals__":{"background_color":""},"_title":"Copyright","background_color":"#467FF7","content_width":{"unit":"px","size":"750","sizes":[]},"margin_tablet":{"unit":"%","top":"15","right":0,"bottom":"0","left":0,"isLinked":false},"margin_mobile":{"unit":"%","top":"25","right":0,"bottom":"0","left":0,"isLinked":false},"layout":"full_width","margin":{"unit":"%","top":"12","right":0,"bottom":"0","left":0,"isLinked":false},"padding":{"unit":"%","top":"0","right":"3","bottom":"0","left":"3","isLinked":false},"padding_tablet":{"unit":"%","top":"0","right":"5","bottom":"0","left":"5","isLinked":false},"padding_mobile":{"unit":"%","top":"4","right":"10","bottom":"4","left":"10","isLinked":false},"html_tag":"footer"},"elements":[{"id":"4379a355","settings":{"_column_size":"100","space_between_widgets":"0"},"elements":[{"id":"59cbbff1","settings":{"view":"inline","icon_list":[{"text":"123-456-7890\u00a0|","selected_icon":{"value":"","library":""},"_id":"3f85ab9","__dynamic__":{"text":"[elementor-tag id=\"5b9564d\" name=\"current-date-time\" settings=\"%7B%22date_format%22%3A%22custom%22%2C%22custom_format%22%3A%22Y%22%2C%22before%22%3A%22%C2%A9%20%20%22%2C%22after%22%3A%22%20All%20Rights%20Reserved.%22%7D\"]"}},{"text":"Contact@Mysite.com |","selected_icon":{"value":"","library":""},"_id":"97aaafe"},{"text":"123-456-7890\u00a0","selected_icon":{"value":"","library":""},"_id":"1186160"}],"space_between":{"unit":"px","size":8,"sizes":[]},"space_between_mobile":{"unit":"px","size":8,"sizes":[]},"icon_align":"center","icon_align_mobile":"center","text_color":"#FFFFFF","text_indent":{"unit":"px","size":0,"sizes":[]},"icon_typography_typography":"custom","icon_typography_font_family":"Poppins","icon_typography_font_size":{"unit":"px","size":16,"sizes":[]},"icon_typography_font_weight":"300","icon_typography_text_transform":"none","icon_typography_font_style":"normal","icon_typography_text_decoration":"none","icon_typography_line_height":{"unit":"em","size":1.5,"sizes":[]},"icon_typography_letter_spacing":{"unit":"px","size":0,"sizes":[]},"icon_typography_word_spacing":{"unit":"em","size":0,"sizes":[]},"icon_typography_font_size_tablet":{"unit":"px","size":14,"sizes":[]},"icon_typography_font_size_mobile":{"unit":"px","size":14,"sizes":[]}},"elements":[],"isInner":false,"widgetType":"icon-list","elType":"widget"}],"isInner":"","elType":"column"}],"isInner":"","elType":"section"}],"page_settings":[],"version":"0.4","title":"wireframe-contact-3","type":"page"}