{"content":[{"id":"6fc625d9","settings":{"layout":"full_width","gap":"no","height":"min-height","custom_height":{"unit":"px","size":"65","sizes":[]},"custom_height_mobile":{"unit":"vh","size":"","sizes":[]},"structure":"20","padding":{"unit":"%","top":"0","right":"3","bottom":"0","left":"3","isLinked":""},"padding_tablet":{"unit":"%","top":"0","right":"5","bottom":"0","left":"5","isLinked":""},"padding_mobile":{"unit":"%","top":"","right":"","bottom":"","left":"","isLinked":"1"},"_title":"Header","background_background":"classic","background_color":"#F3F5F8","html_tag":"header","content_position":"middle"},"elements":[{"id":"687dd2bb","settings":{"_column_size":"50","_inline_size_mobile":"50","space_between_widgets":"0"},"elements":[{"id":"46881a47","settings":{"title":"123 Main Street New York, NY 10001","header_size":"p","align":"left","title_color":"#324A6D","typography_typography":"custom","typography_font_family":"Poppins","typography_font_size":{"unit":"px","size":"16","sizes":[]},"typography_font_size_tablet":{"unit":"px","size":"14","sizes":[]},"typography_font_weight":"300","typography_text_transform":"none","typography_font_style":"normal","typography_text_decoration":"none","typography_line_height":{"unit":"em","size":"0.9","sizes":[]},"typography_letter_spacing":{"unit":"px","size":"0","sizes":[]},"_padding":{"unit":"%","top":"","right":"","bottom":"","left":"","isLinked":"1"},"_padding_tablet":{"unit":"%","top":"","right":"","bottom":"","left":"","isLinked":"1"},"_padding_mobile":{"unit":"%","top":"","right":"","bottom":"","left":"","isLinked":"1"},"typography_word_spacing":{"unit":"em","size":0,"sizes":[]}},"elements":[],"isInner":false,"widgetType":"heading","elType":"widget"}],"isInner":"","elType":"column"},{"id":"3ad01d98","settings":{"_column_size":"50","_inline_size_mobile":"50","space_between_widgets":"0"},"elements":[{"id":"217c10a4","settings":{"icon_list":[{"text":"123-456-7890","selected_icon":{"value":"","library":""},"_id":"2947707","__dynamic__":{"link":"[elementor-tag id=\"69b1d25\" name=\"contact-url\" settings=\"%7B%22link_type%22%3A%22tel%22%2C%22tel_number%22%3A%22123-456-7890%22%7D\"]"}}],"icon_align":"right","icon_color":"#1C244B","icon_color_hover":"#467FF7","icon_size":{"unit":"px","size":"20","sizes":[]},"icon_size_tablet":{"unit":"px","size":"18","sizes":[]},"text_color":"#1C244B","text_color_hover":"#467FF7","text_indent":{"unit":"px","size":"14","sizes":[]},"icon_typography_typography":"custom","icon_typography_font_family":"Poppins","icon_typography_font_size":{"unit":"px","size":"16","sizes":[]},"icon_typography_font_weight":"400","icon_typography_text_transform":"none","icon_typography_font_style":"normal","icon_typography_text_decoration":"none","icon_typography_line_height":{"unit":"em","size":"1.5","sizes":[]},"icon_typography_letter_spacing":{"unit":"px","size":"0","sizes":[]},"icon_typography_word_spacing":{"unit":"em","size":"0","sizes":[]}},"elements":[],"isInner":false,"widgetType":"icon-list","elType":"widget"}],"isInner":"","elType":"column"}],"isInner":"","elType":"section"},{"id":"3067bfd0","settings":{"layout":"full_width","gap":"no","height":"min-height","custom_height":{"unit":"px","size":65,"sizes":[]},"custom_height_mobile":{"unit":"vh","size":"","sizes":[]},"padding":{"unit":"%","top":"0","right":"3","bottom":"0","left":"3","isLinked":""},"padding_tablet":{"unit":"%","top":"0","right":"5","bottom":"0","left":"5","isLinked":""},"padding_mobile":{"unit":"%","top":"","right":"","bottom":"","left":"","isLinked":"1"},"_title":"Header","content_position":"middle"},"elements":[{"id":"7fd0e096","settings":{"_column_size":100,"space_between_widgets":"0","_inline_size":null},"elements":[{"id":"b9a2a9a","settings":{"image_size":"full","align":"left"},"elements":[],"isInner":false,"widgetType":"image","elType":"widget"}],"isInner":"","elType":"column"}],"isInner":"","elType":"section"},{"id":"27aee062","settings":{"gap":"no","content_position":"middle","margin":{"unit":"%","top":"","right":"0","bottom":"","left":"0","isLinked":"1"},"padding":{"unit":"%","top":"0","right":"0","bottom":"0","left":"3","isLinked":""},"padding_tablet":{"unit":"%","top":"0","right":"5","bottom":"0","left":"5","isLinked":""},"margin_tablet":{"unit":"%","top":"5","right":0,"bottom":"0","left":0,"isLinked":false},"margin_mobile":{"unit":"%","top":"","right":0,"bottom":"","left":0,"isLinked":true},"_title":"Our Mission","content_width":{"unit":"px","size":"750","sizes":[]},"layout":"full_width","structure":"20","custom_height":{"unit":"px","size":"638","sizes":[]},"padding_mobile":{"unit":"%","top":"","right":"","bottom":"","left":"","isLinked":true}},"elements":[{"id":"12dece51","settings":{"_column_size":"50","padding":{"unit":"%","top":"0","right":"17","bottom":"0","left":"17","isLinked":""},"margin_tablet":{"unit":"%","top":"","right":"","bottom":"","left":"","isLinked":"1"},"padding_mobile":{"unit":"px","top":"0","right":"0","bottom":"0","left":"0","isLinked":""},"space_between_widgets":15,"padding_tablet":{"unit":"%","top":"0","right":"35","bottom":"0","left":"0","isLinked":false},"_inline_size_tablet":100},"elements":[{"id":"1ec7700d","settings":{"title":"Contact Us","align_mobile":"center","header_size":"h1","align":"left","title_color":"#1C244B","typography_typography":"custom","typography_font_family":"Poppins","typography_font_size":{"unit":"px","size":"65","sizes":[]},"typography_font_size_tablet":{"unit":"px","size":42,"sizes":[]},"typography_font_size_mobile":{"unit":"px","size":"28","sizes":[]},"typography_font_weight":"600","typography_text_transform":"none","typography_font_style":"normal","typography_text_decoration":"none","typography_line_height":{"unit":"em","size":"1.2","sizes":[]},"typography_line_height_mobile":{"unit":"em","size":"1.1","sizes":[]},"typography_letter_spacing":{"unit":"px","size":"0","sizes":[]},"_padding":{"unit":"%","top":"0","right":"10","bottom":"0","left":"0","isLinked":""},"_padding_tablet":{"unit":"%","top":"0","right":"0","bottom":"0","left":"0","isLinked":""},"_padding_mobile":{"unit":"%","top":"","right":"","bottom":"","left":"","isLinked":"1"},"typography_word_spacing":{"unit":"em","size":0,"sizes":[]}},"elements":[],"isInner":false,"widgetType":"heading","elType":"widget"},{"id":"4fa4028a","settings":{"editor":"<p>We would love to hear from you.<br \/>Feel free to reach out using the below details.<\/p>","_padding":{"unit":"%","top":"","right":"","bottom":"","left":"","isLinked":"1"},"_padding_tablet":{"unit":"%","top":"","right":"","bottom":"","left":"","isLinked":true},"_padding_mobile":{"unit":"%","top":"","right":"","bottom":"","left":"","isLinked":true},"align":"left","text_color":"#324A6D","typography_typography":"custom","typography_font_family":"Poppins","typography_font_size":{"unit":"px","size":"16","sizes":[]},"typography_font_size_tablet":{"unit":"px","size":"14","sizes":[]},"typography_font_weight":"300","typography_text_transform":"none","typography_font_style":"normal","typography_text_decoration":"none","typography_line_height":{"unit":"em","size":"1.5","sizes":[]},"typography_letter_spacing":{"unit":"px","size":"0","sizes":[]},"align_mobile":"center","typography_word_spacing":{"unit":"em","size":0,"sizes":[]}},"elements":[],"isInner":false,"widgetType":"text-editor","elType":"widget"}],"isInner":"","elType":"column"},{"id":"73cee44c","settings":{"_column_size":"50","space_between_widgets":"0","padding_mobile":{"unit":"%","top":"","right":"","bottom":"","left":"","isLinked":true},"_inline_size_tablet":100,"margin_tablet":{"unit":"%","top":"10","right":"0","bottom":"0","left":"0","isLinked":false},"margin_mobile":{"unit":"%","top":"15","right":"0","bottom":"0","left":"0","isLinked":false}},"elements":[{"id":"4ab730d4","settings":{"image":{"id":3704,"url":"http:\/\/localhost\/demo\/wp-content\/uploads\/2022\/09\/About-2-Hero-1.jpg"},"align":"right","width":{"unit":"%","size":"100","sizes":[]}},"elements":[],"isInner":false,"widgetType":"image","elType":"widget"}],"isInner":false,"elType":"column"}],"isInner":"","elType":"section"},{"id":"1939d847","settings":{"gap":"no","custom_height":{"unit":"px","size":600,"sizes":[]},"background_background":"classic","column_position":"stretch","content_position":"middle","padding":{"unit":"%","top":"0","right":"3","bottom":"0","left":"0","isLinked":""},"padding_tablet":{"unit":"%","top":"0","right":"5","bottom":"0","left":"0","isLinked":""},"_title":"Hero","__globals__":{"background_color":""},"background_position":"center right","background_repeat":"no-repeat","background_size":"cover","custom_height_mobile":{"unit":"vh","size":"","sizes":[]},"background_position_mobile":"center center","layout":"full_width","custom_height_tablet":{"unit":"px","size":"500","sizes":[]},"structure":"20","padding_mobile":{"unit":"%","top":"0","right":"5","bottom":"0","left":"5","isLinked":false},"margin":{"unit":"%","top":"0","right":0,"bottom":"0","left":0,"isLinked":false},"margin_tablet":{"unit":"%","top":"15","right":0,"bottom":"0","left":0,"isLinked":false},"margin_mobile":{"unit":"%","top":"25","right":0,"bottom":"0","left":0,"isLinked":false},"reverse_order_mobile":"reverse-mobile"},"elements":[{"id":"7599dc71","settings":{"_column_size":"50","_inline_size":44.755,"_inline_size_tablet":50,"space_between_widgets":"0","margin_mobile":{"unit":"%","top":"15","right":"0","bottom":"0","left":"0","isLinked":false}},"elements":[{"id":"9e7b8dc","settings":{"image":{"id":"3678","url":"http:\/\/localhost\/demo\/wp-content\/uploads\/2022\/09\/Image-Contact.jpg"},"width":{"unit":"%","size":"100","sizes":[]}},"elements":[],"isInner":false,"widgetType":"image","elType":"widget"}],"isInner":"","elType":"column"},{"id":"13513daf","settings":{"_column_size":"50","_inline_size":55.245,"_inline_size_tablet":"50","space_between_widgets":"0","padding":{"unit":"%","top":"0","right":"15","bottom":"0","left":"15","isLinked":""},"padding_tablet":{"unit":"%","top":"0","right":"0","bottom":"0","left":"15","isLinked":false},"padding_mobile":{"unit":"%","top":"0","right":"0","bottom":"0","left":"0","isLinked":false}},"elements":[{"id":"5b45728f","settings":{"icon_list":[{"text":"<b>Address:<\/b> 123 Main Street, New York, NY 10001","selected_icon":{"value":"","library":""},"_id":"c822dd3"},{"text":"<b>Hours:<\/b> Mon-Fri 9:00AM - 5:00PM","selected_icon":{"value":"","library":""},"_id":"7f41ecd"},{"text":"<b>Phone:<\/b> 123-456-7890","selected_icon":{"value":"","library":""},"_id":"fda6b98"},{"text":"<b>Email:<\/b> contact@mysite.com","selected_icon":{"value":"","library":""},"_id":"52c9d1a"}],"space_between":{"unit":"px","size":15,"sizes":[]},"space_between_tablet":{"unit":"px","size":8,"sizes":[]},"space_between_mobile":{"unit":"px","size":"8","sizes":[]},"icon_align":"left","divider_color":"#324A6D","icon_color":"#324A6D","text_color":"#324A6D","icon_typography_typography":"custom","icon_typography_font_family":"Poppins","icon_typography_font_size":{"unit":"px","size":"16","sizes":[]},"icon_typography_font_size_tablet":{"unit":"px","size":"14","sizes":[]},"icon_typography_font_weight":"300","icon_typography_text_transform":"none","icon_typography_font_style":"normal","icon_typography_text_decoration":"none","icon_typography_line_height":{"unit":"em","size":"1.5","sizes":[]},"icon_typography_letter_spacing":{"unit":"px","size":"0","sizes":[]},"icon_typography_word_spacing":{"unit":"em","size":"0","sizes":[]},"_element_custom_width_tablet":{"unit":"%","size":"60","sizes":[]},"_element_custom_width_mobile":{"unit":"%","size":"","sizes":[]},"_element_vertical_align":"center","__globals__":{"text_color":"","text_color_hover":"","icon_color":"","divider_color":""}},"elements":[],"isInner":false,"widgetType":"icon-list","elType":"widget"}],"isInner":false,"elType":"column"}],"isInner":"","elType":"section"},{"id":"3792f298","settings":{"content_width":{"unit":"px","size":605,"sizes":[]},"gap":"no","margin":{"unit":"%","top":"12","right":0,"bottom":"0","left":0,"isLinked":false},"margin_tablet":{"unit":"%","top":"15","right":0,"bottom":"0","left":0,"isLinked":false},"margin_mobile":{"unit":"%","top":"25","right":0,"bottom":"0","left":0,"isLinked":false},"padding_mobile":{"unit":"%","top":"0","right":"5","bottom":"0","left":"5","isLinked":false},"_title":"Contact Us","padding_tablet":{"unit":"%","top":"0","right":"5","bottom":"0","left":"5","isLinked":false}},"elements":[{"id":"2d7d39f2","settings":{"_column_size":100,"_inline_size":null,"space_between_widgets":15},"elements":[{"id":"2f279586","settings":{"title":"Get In Touch","__globals__":{"typography_typography":""},"align":"center","title_color":"#1C244B","typography_typography":"custom","typography_font_family":"Poppins","typography_font_size":{"unit":"px","size":65,"sizes":[]},"typography_font_size_tablet":{"unit":"px","size":42,"sizes":[]},"typography_font_size_mobile":{"unit":"px","size":28,"sizes":[]},"typography_font_weight":"600","typography_text_transform":"capitalize","typography_font_style":"normal","typography_text_decoration":"none","typography_line_height":{"unit":"em","size":1.2,"sizes":[]},"typography_line_height_mobile":{"unit":"em","size":1,"sizes":[]},"typography_letter_spacing":{"unit":"px","size":0,"sizes":[]},"typography_word_spacing":{"unit":"em","size":0,"sizes":[]}},"elements":[],"isInner":false,"widgetType":"heading","elType":"widget"},{"id":"6b618a3c","settings":{"editor":"<p>Fill out the form below and we will contact you as soon as possible!<\/p>","_padding":{"unit":"%","top":"0","right":"25","bottom":"0","left":"25","isLinked":false},"_padding_tablet":{"unit":"%","top":"","right":"","bottom":"","left":"","isLinked":true},"_padding_mobile":{"unit":"%","top":"0","right":"0","bottom":"0","left":"0","isLinked":false},"align":"center","text_color":"#324A6D","typography_typography":"custom","typography_font_family":"Poppins","typography_font_size":{"unit":"px","size":"16","sizes":[]},"typography_font_size_tablet":{"unit":"px","size":"14","sizes":[]},"typography_font_weight":"300","typography_text_transform":"none","typography_font_style":"normal","typography_text_decoration":"none","typography_line_height":{"unit":"em","size":"1.5","sizes":[]},"typography_letter_spacing":{"unit":"px","size":"0","sizes":[]},"typography_word_spacing":{"unit":"em","size":0,"sizes":[]}},"elements":[],"isInner":false,"widgetType":"text-editor","elType":"widget"},{"id":"153437d4","settings":{"form_name":"Contact Form","form_fields":[{"_id":"5a3e178","field_label":"Your Name","placeholder":"Your Name","required":"true","custom_id":"name","width":"50","previous_button":"","next_button":"","file_sizes":"","file_types":"","allow_multiple_upload":"","max_files":"","acceptance_text":"","checked_by_default":"","field_min":"","field_max":"","min_date":"","max_date":"","use_native_date":"","use_native_time":""},{"custom_id":"email","field_type":"email","required":"true","field_label":"Your email","placeholder":"Your Email","_id":"cd2e872","width_tablet":"50","width":"50","previous_button":"","next_button":"","file_sizes":"","file_types":"","allow_multiple_upload":"","max_files":"","acceptance_text":"","checked_by_default":"","field_min":"","field_max":"","min_date":"","max_date":"","use_native_date":"","use_native_time":""},{"custom_id":"field_5057311","field_type":"tel","required":"true","field_label":"Phone Number","placeholder":"Phone Number","width_tablet":"50","width":"50","_id":"5057311","previous_button":"","next_button":"","file_sizes":"","file_types":"","allow_multiple_upload":"","max_files":"","acceptance_text":"","checked_by_default":"","field_min":"","field_max":"","min_date":"","max_date":"","use_native_date":"","use_native_time":""},{"custom_id":"field_d6c1e2e","field_type":"select","required":"true","field_label":"Service Type","placeholder":"Phone Number","width_tablet":"50","field_options":"Service 1\nService 3\nService 4\nService Type","width":"50","_id":"d6c1e2e","previous_button":"","next_button":"","file_sizes":"","file_types":"","allow_multiple_upload":"","max_files":"","acceptance_text":"","checked_by_default":"","field_min":"","field_max":"","min_date":"","max_date":"","use_native_date":"","use_native_time":""},{"_id":"71766c7","field_type":"textarea","field_label":"Message","placeholder":"Message","custom_id":"field_71766c7","previous_button":"","next_button":"","file_sizes":"","file_types":"","allow_multiple_upload":"","max_files":"","acceptance_text":"","checked_by_default":"","field_min":"","field_max":"","min_date":"","max_date":"","use_native_date":"","use_native_time":""}],"step_next_label":"Next","step_previous_label":"Previous","button_text":"Send","email_content":"[all-fields]","email_content_2":"[all-fields]","success_message":"The form was sent successfully.","error_message":"An error occurred.","required_field_message":"This field is required.","invalid_message":"There's something wrong. The form is invalid.","html_spacing":{"unit":"px","size":36,"sizes":[]},"_margin":{"unit":"%","top":"0","right":"0","bottom":"0","left":"0","isLinked":false},"_padding":{"unit":"%","top":"0","right":"0","bottom":"0","left":"0","isLinked":false},"__globals__":{"_background_color":"","success_message_color":"","error_message_color":"","inline_message_color":"","field_text_color":"","field_border_color":"","button_text_color":"","button_border_color":"","button_background_hover_color":"","button_hover_border_color":"","button_hover_color":"","field_typography_typography":""},"show_labels":"","column_gap":{"unit":"px","size":22,"sizes":[]},"row_gap":{"unit":"px","size":20,"sizes":[]},"field_text_color":"#324A6D","field_background_color":"","field_border_color":"#C8D5DC","field_border_width":{"unit":"px","top":"1","right":"1","bottom":"1","left":"1","isLinked":true},"field_border_radius":{"unit":"px","top":"0","right":"0","bottom":"0","left":"0","isLinked":false},"button_border_border":"solid","button_border_width":{"unit":"px","top":"1","right":"1","bottom":"1","left":"1","isLinked":true},"button_text_color":"#FFFFFF","button_border_color":"#467FF7","button_background_hover_color":"#02010100","button_hover_color":"#467FF7","button_hover_border_color":"#467FF7","button_border_radius":{"unit":"px","top":"50","right":"50","bottom":"50","left":"50","isLinked":true},"button_text_padding":{"unit":"px","top":"16","right":"55","bottom":"16","left":"55","isLinked":false},"success_message_color":"#324A6D","error_message_color":"#324A6D","inline_message_color":"#324A6D","input_size":"md","button_size":"md","button_width_tablet":"100","_element_custom_width":{"unit":"px","size":641,"sizes":[]},"_element_custom_width_tablet":{"unit":"%","size":"","sizes":[]},"_element_custom_width_mobile":{"unit":"%","size":"","sizes":[]},"_padding_tablet":{"unit":"px","top":"0","right":"0","bottom":"0","left":"0","isLinked":false},"button_align":"center","label_spacing":{"unit":"px","size":14,"sizes":[]},"label_color":"#324A6D","label_typography_typography":"custom","label_typography_font_family":"Poppins","label_typography_font_size":{"unit":"px","size":16,"sizes":[]},"label_typography_font_size_tablet":{"unit":"px","size":14,"sizes":[]},"label_typography_font_weight":"300","label_typography_text_transform":"none","label_typography_font_style":"normal","label_typography_text_decoration":"none","label_typography_line_height":{"unit":"em","size":1.5,"sizes":[]},"label_typography_letter_spacing":{"unit":"px","size":0,"sizes":[]},"html_color":"#324A6D","html_typography_typography":"custom","html_typography_font_family":"Poppins","html_typography_font_size":{"unit":"px","size":16,"sizes":[]},"html_typography_font_size_tablet":{"unit":"px","size":14,"sizes":[]},"html_typography_font_weight":"300","html_typography_text_transform":"none","html_typography_font_style":"normal","html_typography_text_decoration":"none","html_typography_line_height":{"unit":"em","size":1.5,"sizes":[]},"html_typography_letter_spacing":{"unit":"px","size":0,"sizes":[]},"field_typography_typography":"custom","field_typography_font_family":"Poppins","field_typography_font_size":{"unit":"px","size":16,"sizes":[]},"field_typography_font_size_tablet":{"unit":"px","size":14,"sizes":[]},"field_typography_font_weight":"300","field_typography_text_transform":"none","field_typography_font_style":"normal","field_typography_text_decoration":"none","field_typography_line_height":{"unit":"em","size":1.5,"sizes":[]},"field_typography_letter_spacing":{"unit":"px","size":0,"sizes":[]},"button_typography_typography":"custom","button_typography_font_family":"Poppins","button_typography_font_size":{"unit":"px","size":16,"sizes":[]},"button_typography_font_size_tablet":{"unit":"px","size":14,"sizes":[]},"button_typography_font_weight":"400","button_typography_text_transform":"capitalize","button_typography_font_style":"normal","button_typography_text_decoration":"none","button_typography_line_height":{"unit":"em","size":1,"sizes":[]},"button_typography_letter_spacing":{"unit":"px","size":0,"sizes":[]},"button_background_color":"#467FF7","previous_button_background_color":"#467FF7","message_typography_typography":"custom","message_typography_font_family":"Poppins","message_typography_font_size":{"unit":"px","size":16,"sizes":[]},"message_typography_font_size_tablet":{"unit":"px","size":14,"sizes":[]},"message_typography_font_weight":"300","message_typography_text_transform":"none","message_typography_font_style":"normal","message_typography_text_decoration":"none","message_typography_line_height":{"unit":"em","size":1.5,"sizes":[]},"message_typography_letter_spacing":{"unit":"px","size":0,"sizes":[]},"steps_typography_typography":"custom","steps_typography_font_family":"Poppins","steps_typography_font_size":{"unit":"px","size":16,"sizes":[]},"steps_typography_font_size_tablet":{"unit":"px","size":14,"sizes":[]},"steps_typography_font_weight":"400","steps_typography_text_transform":"capitalize","steps_typography_font_style":"normal","steps_typography_text_decoration":"none","steps_typography_line_height":{"unit":"em","size":1,"sizes":[]},"steps_typography_letter_spacing":{"unit":"px","size":0,"sizes":[]},"step_inactive_primary_color":"#324A6D","step_active_primary_color":"#467FF7","step_completed_primary_color":"#467FF7","label_typography_word_spacing":{"unit":"em","size":0,"sizes":[]},"html_typography_word_spacing":{"unit":"em","size":0,"sizes":[]},"field_typography_word_spacing":{"unit":"em","size":0,"sizes":[]},"button_typography_word_spacing":{"unit":"em","size":0,"sizes":[]},"message_typography_word_spacing":{"unit":"em","size":0,"sizes":[]}},"elements":[],"isInner":false,"widgetType":"form","elType":"widget"}],"isInner":false,"elType":"column"}],"isInner":false,"elType":"section"},{"id":"38260683","settings":{"layout":"full_width","gap":"no","structure":"20","margin":{"unit":"%","top":"12","right":0,"bottom":"0","left":0,"isLinked":false},"z_index":0,"margin_tablet":{"unit":"%","top":"15","right":0,"bottom":"0","left":0,"isLinked":false},"margin_mobile":{"unit":"%","top":"25","right":0,"bottom":"0","left":0,"isLinked":false},"_title":"Map","padding":{"unit":"%","top":"0","right":"3","bottom":"0","left":"0","isLinked":false},"padding_tablet":{"unit":"%","top":"0","right":"5","bottom":"0","left":"0","isLinked":false},"padding_mobile":{"unit":"%","top":"0","right":"5","bottom":"0","left":"5","isLinked":false},"reverse_order_mobile":"reverse-mobile","content_position":"middle"},"elements":[{"id":"23b606cf","settings":{"_column_size":50,"_inline_size":55,"background_background":"classic","background_image":{"url":"","id":"","alt":"","source":"library"},"background_position":"center center","background_repeat":"no-repeat","background_size":"cover","space_between_widgets":0,"margin_mobile":{"unit":"%","top":"15","right":"0","bottom":"0","left":"0","isLinked":false}},"elements":[{"id":"6352010b","settings":{"address":"Broadway &, Chambers St, New York, NY 10007, United States","zoom":{"unit":"px","size":17,"sizes":[]},"height":{"unit":"px","size":606,"sizes":[]},"height_tablet":{"unit":"px","size":320,"sizes":[]},"height_mobile":{"unit":"px","size":218,"sizes":[]},"css_filters_css_filter":"custom","css_filters_brightness":{"unit":"px","size":95,"sizes":[]},"css_filters_contrast":{"unit":"px","size":107,"sizes":[]},"css_filters_saturate":{"unit":"px","size":5,"sizes":[]},"css_filters_hover_css_filter":"custom"},"elements":[],"isInner":false,"widgetType":"google_maps","elType":"widget"}],"isInner":false,"elType":"column"},{"id":"73913379","settings":{"_column_size":50,"_inline_size":44.874,"padding":{"unit":"%","top":"0","right":"0","bottom":"0","left":"15","isLinked":false},"padding_tablet":{"unit":"%","top":"","right":"","bottom":"","left":"","isLinked":true},"padding_mobile":{"unit":"%","top":"0","right":"0","bottom":"0","left":"0","isLinked":false},"space_between_widgets":15},"elements":[{"id":"27af8290","settings":{"title":"Visit Us","__globals__":{"typography_typography":""},"title_color":"#1C244B","typography_typography":"custom","typography_font_family":"Poppins","typography_font_size":{"unit":"px","size":65,"sizes":[]},"typography_font_size_tablet":{"unit":"px","size":42,"sizes":[]},"typography_font_size_mobile":{"unit":"px","size":28,"sizes":[]},"typography_font_weight":"600","typography_text_transform":"none","typography_font_style":"normal","typography_text_decoration":"none","typography_line_height":{"unit":"em","size":1.2,"sizes":[]},"typography_line_height_mobile":{"unit":"em","size":1.1,"sizes":[]},"typography_letter_spacing":{"unit":"px","size":0,"sizes":[]},"typography_word_spacing":{"unit":"em","size":0,"sizes":[]},"align_mobile":"center"},"elements":[],"isInner":false,"widgetType":"heading","elType":"widget"},{"id":"1eceab78","settings":{"selected_icon":{"value":"","library":""},"title_text":"Address:","description_text":"123 Main Street\nNew York, NY 10001","title_size":"h4","text_align":"left","text_align_mobile":"center","title_bottom_space_tablet":{"unit":"px","size":5,"sizes":[]},"title_color":"#1C244B","title_typography_typography":"custom","title_typography_font_family":"Poppins","title_typography_font_size":{"unit":"px","size":22,"sizes":[]},"title_typography_font_size_mobile":{"unit":"px","size":18,"sizes":[]},"title_typography_font_weight":"600","title_typography_text_transform":"capitalize","title_typography_font_style":"normal","title_typography_text_decoration":"none","title_typography_line_height":{"unit":"em","size":1.2,"sizes":[]},"title_typography_line_height_mobile":{"unit":"em","size":1.1,"sizes":[]},"title_typography_letter_spacing":{"unit":"px","size":0,"sizes":[]},"title_typography_word_spacing":{"unit":"em","size":0,"sizes":[]},"description_color":"#324A6D","description_typography_typography":"custom","description_typography_font_family":"Poppins","description_typography_font_size":{"unit":"px","size":16,"sizes":[]},"description_typography_font_size_tablet":{"unit":"px","size":14,"sizes":[]},"description_typography_font_weight":"300","description_typography_text_transform":"none","description_typography_font_style":"normal","description_typography_text_decoration":"none","description_typography_line_height":{"unit":"em","size":1.5,"sizes":[]},"description_typography_letter_spacing":{"unit":"px","size":0,"sizes":[]},"description_typography_word_spacing":{"unit":"em","size":0,"sizes":[]}},"elements":[],"isInner":false,"widgetType":"icon-box","elType":"widget"}],"isInner":false,"elType":"column"}],"isInner":false,"elType":"section"},{"id":"29301c8f","settings":{"layout":"full_width","gap":"no","structure":"33","padding":{"unit":"%","top":"1","right":"3","bottom":"1","left":"3","isLinked":""},"padding_tablet":{"unit":"%","top":"2","right":"5","bottom":"2","left":"5","isLinked":""},"padding_mobile":{"unit":"%","top":"8","right":"5","bottom":"8","left":"5","isLinked":false},"_title":"Footer","content_position":"middle","margin":{"unit":"%","top":"12","right":0,"bottom":"0","left":0,"isLinked":""},"margin_tablet":{"unit":"%","top":"15","right":0,"bottom":"0","left":0,"isLinked":""},"margin_mobile":{"unit":"%","top":"25","right":"0","bottom":"0","left":"0","isLinked":""},"html_tag":"footer"},"elements":[{"id":"6ed72e16","settings":{"_column_size":"25","space_between_widgets":"0","padding":{"unit":"%","top":"","right":"","bottom":"","left":"","isLinked":"1"},"margin_tablet":{"unit":"%","top":"","right":"","bottom":"","left":"","isLinked":"1"},"padding_tablet":{"unit":"%","top":"","right":"","bottom":"","left":"","isLinked":"1"},"margin_mobile":{"unit":"%","top":"","right":"","bottom":"","left":"","isLinked":"1"}},"elements":[{"id":"39f69066","settings":{"image_size":"full","align":"left","align_mobile":"center"},"elements":[],"isInner":false,"widgetType":"image","elType":"widget"}],"isInner":"","elType":"column"},{"id":"4ef29b5b","settings":{"_column_size":"50","space_between_widgets":"0","margin_mobile":{"unit":"%","top":"5","right":"0","bottom":"5","left":"0","isLinked":""}},"elements":[{"id":"14609355","settings":{"icon_list":[{"text":"123-456-7890","selected_icon":{"value":"","library":""},"_id":"ad6ec7f","__dynamic__":{"link":"[elementor-tag id=\"0d60ee2\" name=\"contact-url\" settings=\"%7B%22link_type%22%3A%22tel%22%2C%22tel_number%22%3A%22123-456-7890%22%7D\"]"}},{"text":"123 Main Street, New York, NY 10001","selected_icon":{"value":"","library":""},"_id":"a5caa92","__dynamic__":[]},{"text":"Mon-Fri 9:00AM - 5:00PM","selected_icon":{"value":"","library":""},"_id":"1eeac9a"}],"space_between":{"unit":"px","size":"25","sizes":[]},"__globals__":{"text_color":"","text_color_hover":"","icon_color":"","divider_color":""},"space_between_mobile":{"unit":"px","size":"8","sizes":[]},"icon_color":"#324A6D","text_color":"#324A6D","view":"inline","icon_align_tablet":"center","divider":"yes","divider_color":"#324A6D","icon_typography_typography":"custom","icon_typography_font_family":"Poppins","icon_typography_font_size":{"unit":"px","size":"16","sizes":[]},"icon_typography_font_size_tablet":{"unit":"px","size":"14","sizes":[]},"icon_typography_font_weight":"300","icon_typography_text_transform":"none","icon_typography_font_style":"normal","icon_typography_text_decoration":"none","icon_typography_line_height":{"unit":"em","size":"1.5","sizes":[]},"icon_typography_letter_spacing":{"unit":"px","size":"0","sizes":[]},"_element_custom_width_tablet":{"unit":"%","size":"60","sizes":[]},"_element_custom_width_mobile":{"unit":"%","size":"","sizes":[]},"_element_vertical_align":"center","icon_align":"center","icon_typography_word_spacing":{"unit":"em","size":"0","sizes":[]}},"elements":[],"isInner":false,"widgetType":"icon-list","elType":"widget"}],"isInner":"","elType":"column"},{"id":"2e12a1ff","settings":{"_column_size":"25","space_between_widgets":"0"},"elements":[{"id":"448fe792","settings":{"social_icon_list":[{"social_icon":{"value":"fab fa-facebook-f","library":"fa-brands"},"_id":"3f1b7ac"},{"social_icon":{"value":"","library":""},"_id":"5c0ce3c"},{"social_icon":{"value":"fab fa-twitter","library":"fa-brands"},"_id":"828f132"}],"align":"right","icon_color":"custom","icon_size":{"unit":"px","size":20,"sizes":[]},"icon_padding":{"unit":"em","size":"0","sizes":[]},"icon_spacing":{"unit":"px","size":"20","sizes":[]},"__globals__":{"icon_primary_color":"","icon_secondary_color":"","hover_secondary_color":""},"icon_size_tablet":{"unit":"px","size":"18","sizes":[]},"align_tablet":"right","align_mobile":"center","icon_primary_color":"#02010100","icon_secondary_color":"#467FF7","hover_secondary_color":"#C8D5DC","_element_width_mobile":"inherit","_element_custom_width_tablet":{"unit":"%","size":"20","sizes":[]},"_element_custom_width_mobile":{"unit":"%","size":"","sizes":[]},"_element_vertical_align":"center"},"elements":[],"isInner":false,"widgetType":"social-icons","elType":"widget"}],"isInner":"","elType":"column"}],"isInner":"","elType":"section"},{"id":"8ce56d2","settings":{"gap":"no","height":"min-height","custom_height":{"unit":"px","size":"45","sizes":[]},"content_position":"middle","background_background":"classic","__globals__":{"background_color":""},"_title":"Copyright","background_color":"#467FF7","content_width":{"unit":"px","size":"750","sizes":[]},"margin_tablet":{"unit":"%","top":"","right":0,"bottom":"","left":0,"isLinked":true},"margin_mobile":{"unit":"%","top":"","right":0,"bottom":"","left":0,"isLinked":true},"layout":"full_width","padding":{"unit":"%","top":"0","right":"3","bottom":"0","left":"3","isLinked":false},"padding_tablet":{"unit":"%","top":"0","right":"5","bottom":"0","left":"5","isLinked":false},"padding_mobile":{"unit":"%","top":"","right":"","bottom":"","left":"","isLinked":true}},"elements":[{"id":"4927c2c4","settings":{"_column_size":"100","space_between_widgets":"0"},"elements":[{"id":"7d1d721c","settings":{"title":"\u00a9 All Rights Reserved.","header_size":"p","align":"center","__globals__":{"typography_typography":"","title_color":""},"title_color":"#FFFFFF","typography_typography":"custom","typography_font_family":"Poppins","typography_font_size":{"unit":"px","size":"16","sizes":[]},"typography_font_size_tablet":{"unit":"px","size":"14","sizes":[]},"typography_font_weight":"300","typography_text_transform":"none","typography_font_style":"normal","typography_text_decoration":"none","typography_line_height":{"unit":"em","size":"1.5","sizes":[]},"typography_letter_spacing":{"unit":"px","size":"0","sizes":[]},"__dynamic__":{"title":"[elementor-tag id=\"ab42f97\" name=\"current-date-time\" settings=\"%7B%22date_format%22%3A%22custom%22%2C%22custom_format%22%3A%22Y%22%2C%22before%22%3A%22%C2%A9%20%22%2C%22after%22%3A%22%20All%20Rights%20Reserved.%22%7D\"]"},"typography_word_spacing":{"unit":"em","size":"0","sizes":[]}},"elements":[],"isInner":false,"widgetType":"heading","elType":"widget"}],"isInner":"","elType":"column"}],"isInner":"","elType":"section"}],"page_settings":[],"version":"0.4","title":"wireframe-contact-1","type":"page"}