{"content":[{"id":"38691486","settings":{"layout":"full_width","gap":"no","height":"min-height","custom_height":{"unit":"px","size":65,"sizes":[]},"custom_height_mobile":{"unit":"vh","size":"","sizes":[]},"structure":"20","padding":{"unit":"%","top":"0","right":"3","bottom":"0","left":"3","isLinked":""},"padding_tablet":{"unit":"%","top":"0","right":"5","bottom":"0","left":"5","isLinked":""},"padding_mobile":{"unit":"%","top":"","right":"","bottom":"","left":"","isLinked":"1"},"_title":"Header","html_tag":"header","content_position":"middle"},"elements":[{"id":"45638109","settings":{"_column_size":"50","_inline_size_mobile":"50","content_position":"center","space_between_widgets":"0"},"elements":[{"id":"3580b5af","settings":{"image_size":"full","align":"left"},"elements":[],"isInner":false,"widgetType":"image","elType":"widget"}],"isInner":"","elType":"column"},{"id":"6b8efd33","settings":{"_column_size":"50","_inline_size_mobile":"50","space_between_widgets":"0"},"elements":[{"id":"6b6b58f3","settings":{"icon_list":[{"text":"123-456-7890","selected_icon":{"value":"","library":""},"_id":"2947707","__dynamic__":{"link":"[elementor-tag id=\"69b1d25\" name=\"contact-url\" settings=\"%7B%22link_type%22%3A%22tel%22%2C%22tel_number%22%3A%22123-456-7890%22%7D\"]"}}],"icon_align":"right","icon_color":"#1C244B","icon_color_hover":"#467FF7","icon_size":{"unit":"px","size":"20","sizes":[]},"icon_size_tablet":{"unit":"px","size":"18","sizes":[]},"text_color":"#1C244B","text_color_hover":"#467FF7","text_indent":{"unit":"px","size":"14","sizes":[]},"icon_typography_typography":"custom","icon_typography_font_family":"Poppins","icon_typography_font_size":{"unit":"px","size":"16","sizes":[]},"icon_typography_font_weight":"400","icon_typography_text_transform":"none","icon_typography_font_style":"normal","icon_typography_text_decoration":"none","icon_typography_line_height":{"unit":"em","size":"1.5","sizes":[]},"icon_typography_letter_spacing":{"unit":"px","size":"0","sizes":[]},"icon_typography_word_spacing":{"unit":"em","size":"0","sizes":[]}},"elements":[],"isInner":false,"widgetType":"icon-list","elType":"widget"}],"isInner":"","elType":"column"}],"isInner":"","elType":"section"},{"id":"6d5f9330","settings":{"gap":"no","padding":{"unit":"%","top":"6","right":"3","bottom":"4","left":"3","isLinked":""},"margin":{"unit":"%","top":"","right":0,"bottom":"","left":0,"isLinked":true},"padding_tablet":{"unit":"%","top":"8","right":"5","bottom":"8","left":"5","isLinked":""},"margin_tablet":{"unit":"%","top":"","right":0,"bottom":"","left":0,"isLinked":true},"margin_mobile":{"unit":"%","top":"","right":0,"bottom":"","left":0,"isLinked":true},"_title":"Project Portfolio Title","padding_mobile":{"unit":"%","top":"15","right":"5","bottom":"10","left":"5","isLinked":""},"content_width":{"unit":"px","size":920,"sizes":[]}},"elements":[{"id":"5d264d5","settings":{"_column_size":"100","space_between_widgets":15},"elements":[{"id":"12fdd98d","settings":{"title":"Project Portfolio","align":"center","__globals__":{"typography_typography":""},"title_color":"#1C244B","typography_typography":"custom","typography_font_family":"Poppins","typography_font_size":{"unit":"px","size":"65","sizes":[]},"typography_font_size_tablet":{"unit":"px","size":"45","sizes":[]},"typography_font_size_mobile":{"unit":"px","size":"28","sizes":[]},"typography_font_weight":"600","typography_text_transform":"none","typography_font_style":"normal","typography_text_decoration":"none","typography_line_height":{"unit":"em","size":"1.2","sizes":[]},"typography_line_height_mobile":{"unit":"em","size":"1.1","sizes":[]},"typography_letter_spacing":{"unit":"px","size":"0","sizes":[]},"header_size":"h1","typography_word_spacing":{"unit":"em","size":0,"sizes":[]}},"elements":[],"isInner":false,"widgetType":"heading","elType":"widget"},{"id":"1a03149b","settings":{"editor":"<p>A short description that introduces visitors to your portfolio.<\/p>","_padding":{"unit":"%","top":"0","right":"20","bottom":"0","left":"20","isLinked":false},"align":"center","text_color":"#324A6D","typography_typography":"custom","typography_font_family":"Poppins","typography_font_size":{"unit":"px","size":"16","sizes":[]},"typography_font_size_tablet":{"unit":"px","size":"14","sizes":[]},"typography_font_weight":"300","typography_text_transform":"none","typography_font_style":"normal","typography_text_decoration":"none","typography_line_height":{"unit":"em","size":"1.5","sizes":[]},"typography_letter_spacing":{"unit":"px","size":"0","sizes":[]},"_margin_mobile":{"unit":"%","top":"","right":"","bottom":"","left":"","isLinked":"1"},"typography_word_spacing":{"unit":"em","size":0,"sizes":[]},"_padding_mobile":{"unit":"px","top":"0","right":"0","bottom":"0","left":"0","isLinked":false}},"elements":[],"isInner":false,"widgetType":"text-editor","elType":"widget"}],"isInner":"","elType":"column"}],"isInner":"","elType":"section"},{"id":"1f4056fe","settings":{"content_width":{"unit":"px","size":1790,"sizes":[]},"gap":"no","padding":{"unit":"%","top":"0","right":"3","bottom":"0","left":"3","isLinked":false},"padding_tablet":{"unit":"%","top":"0","right":"5","bottom":"0","left":"5","isLinked":false},"padding_mobile":{"unit":"%","top":"","right":"","bottom":"","left":"","isLinked":true},"_title":"Project Portfolio Gallery","layout":"full_width"},"elements":[{"id":"29b2596d","settings":{"_column_size":100,"_inline_size":null,"space_between_widgets":0},"elements":[{"id":"50db61e7","settings":{"gallery":[{"id":3689,"url":"http:\/\/localhost\/demo\/wp-content\/uploads\/2022\/09\/place-holder-img1.jpg"},{"id":3690,"url":"http:\/\/localhost\/demo\/wp-content\/uploads\/2022\/09\/place-holder-img3.jpg"},{"id":3691,"url":"http:\/\/localhost\/demo\/wp-content\/uploads\/2022\/09\/place-holder-img2.jpg"},{"id":3692,"url":"http:\/\/localhost\/demo\/wp-content\/uploads\/2022\/09\/place-holder-img4.jpg"},{"id":3693,"url":"http:\/\/localhost\/demo\/wp-content\/uploads\/2022\/09\/place-holder-img5.jpg"},{"id":3694,"url":"http:\/\/localhost\/demo\/wp-content\/uploads\/2022\/09\/place-holder-img6.jpg"},{"id":3695,"url":"http:\/\/localhost\/demo\/wp-content\/uploads\/2022\/09\/place-holder-img7.jpg"},{"id":3696,"url":"http:\/\/localhost\/demo\/wp-content\/uploads\/2022\/09\/place-holder-img8.jpg"}],"galleries":[{"gallery_title":"New Gallery","_id":"8233a7a"}],"columns":2,"gap":{"unit":"px","size":14,"sizes":[]},"show_all_galleries_label":"All","overlay_background_hover_color":"#1C244B4A"},"elements":[],"isInner":false,"widgetType":"gallery","elType":"widget"}],"isInner":false,"elType":"column"}],"isInner":false,"elType":"section"},{"id":"7fe801ef","settings":{"gap":"no","content_position":"middle","margin":{"unit":"%","top":"12","right":"0","bottom":"0","left":"0","isLinked":""},"padding":{"unit":"%","top":"0","right":"3","bottom":"0","left":"3","isLinked":""},"padding_tablet":{"unit":"%","top":"0","right":"5","bottom":"0","left":"5","isLinked":""},"reverse_order_tablet":"reverse-tablet","reverse_order_mobile":"reverse-mobile","margin_tablet":{"unit":"%","top":"15","right":"0","bottom":"0","left":"0","isLinked":""},"margin_mobile":{"unit":"%","top":"25","right":"0","bottom":"0","left":"0","isLinked":""},"_title":"CTA","content_width":{"unit":"px","size":"750","sizes":[]},"layout":"full_width","structure":"20"},"elements":[{"id":"5ed2e9f6","settings":{"_column_size":"50","_inline_size":"40","space_between_widgets":"0","_inline_size_tablet":"100","padding_mobile":{"unit":"%","top":"","right":"","bottom":"","left":"","isLinked":"1"},"margin_tablet":{"unit":"%","top":"10","right":"0","bottom":"0","left":"0","isLinked":""},"margin_mobile":{"unit":"%","top":"15","right":"0","bottom":"0","left":"0","isLinked":""}},"elements":[{"id":"40d95187","settings":{"image":{"id":"3672","url":"http:\/\/localhost\/demo\/wp-content\/uploads\/2022\/09\/Image_Placeholder-about-1.jpeg"},"align":"left","width_tablet":{"unit":"%","size":"100","sizes":[]}},"elements":[],"isInner":false,"widgetType":"image","elType":"widget"}],"isInner":"","elType":"column"},{"id":"3a2b8b4b","settings":{"_column_size":"50","padding":{"unit":"%","top":"0","right":"10","bottom":"0","left":"20","isLinked":""},"_inline_size_tablet":"100","margin_tablet":{"unit":"%","top":"","right":"","bottom":"","left":"","isLinked":"1"},"padding_mobile":{"unit":"px","top":"0","right":"0","bottom":"0","left":"0","isLinked":""},"space_between_widgets":"15","_inline_size":"60","padding_tablet":{"unit":"%","top":"0","right":"15","bottom":"0","left":"15","isLinked":false}},"elements":[{"id":"1ec49eb9","settings":{"title":"A Title to Turn the Visitor Into a Lead","align_mobile":"center","header_size":"h3","align":"left","title_color":"#1C244B","typography_typography":"custom","typography_font_family":"Poppins","typography_font_size":{"unit":"px","size":"65","sizes":[]},"typography_font_size_tablet":{"unit":"px","size":"45","sizes":[]},"typography_font_size_mobile":{"unit":"px","size":"28","sizes":[]},"typography_font_weight":"600","typography_text_transform":"none","typography_font_style":"normal","typography_text_decoration":"none","typography_line_height":{"unit":"em","size":"1.2","sizes":[]},"typography_line_height_mobile":{"unit":"em","size":"1.1","sizes":[]},"typography_letter_spacing":{"unit":"px","size":"0","sizes":[]},"align_tablet":"center","typography_word_spacing":{"unit":"em","size":"0","sizes":[]}},"elements":[],"isInner":false,"widgetType":"heading","elType":"widget"},{"id":"4dcd82bf","settings":{"editor":"<p>This is your chance to emphasize why the visitor should contact you right now.<\/p>","_padding":{"unit":"%","top":"0","right":"50","bottom":"0","left":"0","isLinked":""},"_padding_tablet":{"unit":"%","top":"0","right":"5","bottom":"0","left":"5","isLinked":false},"_padding_mobile":{"unit":"%","top":"0","right":"0","bottom":"0","left":"0","isLinked":false},"align":"left","text_color":"#324A6D","typography_typography":"custom","typography_font_family":"Poppins","typography_font_size":{"unit":"px","size":"16","sizes":[]},"typography_font_size_tablet":{"unit":"px","size":"14","sizes":[]},"typography_font_weight":"300","typography_text_transform":"none","typography_font_style":"normal","typography_text_decoration":"none","typography_line_height":{"unit":"em","size":"1.5","sizes":[]},"typography_letter_spacing":{"unit":"px","size":"0","sizes":[]},"align_mobile":"center","align_tablet":"center","typography_word_spacing":{"unit":"em","size":"0","sizes":[]}},"elements":[],"isInner":false,"widgetType":"text-editor","elType":"widget"},{"id":"3b0c059f","settings":{"text":"Learn more","button_text_color":"#FFFFFF","border_border":"solid","border_width":{"unit":"px","top":"1","right":"1","bottom":"1","left":"1","isLinked":"1"},"border_color":"#467FF7","border_radius":{"unit":"px","top":"100","right":"100","bottom":"100","left":"100","isLinked":"1"},"text_padding":{"unit":"px","top":"16","right":"55","bottom":"16","left":"55","isLinked":""},"_margin":{"unit":"%","top":"","right":"","bottom":"","left":"","isLinked":"1"},"__globals__":{"button_text_color":"","border_color":"","button_background_hover_color":"","hover_color":""},"typography_typography":"custom","typography_font_family":"Poppins","typography_font_size":{"unit":"px","size":"16","sizes":[]},"typography_font_size_tablet":{"unit":"px","size":"14","sizes":[]},"typography_font_weight":"400","typography_text_transform":"capitalize","typography_font_style":"normal","typography_text_decoration":"none","typography_line_height":{"unit":"em","size":"1","sizes":[]},"typography_letter_spacing":{"unit":"px","size":"0","sizes":[]},"background_color":"#467FF7","hover_color":"#467FF7","button_background_hover_color":"#02010100","align_mobile":"center","typography_word_spacing":{"unit":"em","size":"0","sizes":[]},"text_padding_mobile":{"unit":"px","top":"15","right":"35","bottom":"15","left":"35","isLinked":""},"_margin_tablet":{"unit":"%","top":"","right":"","bottom":"","left":"","isLinked":"1"},"_margin_mobile":{"unit":"%","top":"","right":"","bottom":"","left":"","isLinked":"1"},"align_tablet":"center"},"elements":[],"isInner":false,"widgetType":"button","elType":"widget"}],"isInner":"","elType":"column"}],"isInner":"","elType":"section"},{"id":"6b0bb060","settings":{"layout":"full_width","gap":"no","structure":"33","padding":{"unit":"%","top":"1","right":"3","bottom":"1","left":"3","isLinked":""},"padding_tablet":{"unit":"%","top":"2","right":"5","bottom":"2","left":"5","isLinked":""},"padding_mobile":{"unit":"%","top":"8","right":"5","bottom":"8","left":"5","isLinked":false},"_title":"Footer","content_position":"middle","margin":{"unit":"%","top":"12","right":0,"bottom":"0","left":0,"isLinked":false},"margin_tablet":{"unit":"%","top":"","right":0,"bottom":"","left":0,"isLinked":true},"margin_mobile":{"unit":"%","top":"25","right":0,"bottom":"0","left":0,"isLinked":false},"html_tag":"footer"},"elements":[{"id":"d080495","settings":{"_column_size":"25","space_between_widgets":"0","padding":{"unit":"%","top":"","right":"","bottom":"","left":"","isLinked":"1"},"margin_tablet":{"unit":"%","top":"","right":"","bottom":"","left":"","isLinked":"1"},"padding_tablet":{"unit":"%","top":"","right":"","bottom":"","left":"","isLinked":"1"},"margin_mobile":{"unit":"%","top":"","right":"","bottom":"","left":"","isLinked":"1"}},"elements":[{"id":"4a705428","settings":{"image_size":"full","align":"left","align_mobile":"center"},"elements":[],"isInner":false,"widgetType":"image","elType":"widget"}],"isInner":"","elType":"column"},{"id":"4baec4df","settings":{"_column_size":"50","space_between_widgets":"0","margin_mobile":{"unit":"%","top":"5","right":"0","bottom":"5","left":"0","isLinked":""}},"elements":[{"id":"29dbc9b5","settings":{"icon_list":[{"text":"123-456-7890","selected_icon":{"value":"","library":""},"_id":"ad6ec7f","__dynamic__":{"link":"[elementor-tag id=\"0d60ee2\" name=\"contact-url\" settings=\"%7B%22link_type%22%3A%22tel%22%2C%22tel_number%22%3A%22123-456-7890%22%7D\"]"}},{"text":"123 Main Street, New York, NY 10001","selected_icon":{"value":"","library":""},"_id":"a5caa92","__dynamic__":[]},{"text":"Mon-Fri 9:00AM - 5:00PM","selected_icon":{"value":"","library":""},"_id":"1eeac9a"}],"space_between":{"unit":"px","size":"25","sizes":[]},"__globals__":{"text_color":"","text_color_hover":"","icon_color":"","divider_color":""},"space_between_mobile":{"unit":"px","size":"8","sizes":[]},"icon_color":"#324A6D","text_color":"#324A6D","view":"inline","icon_align_tablet":"center","divider":"yes","divider_color":"#324A6D","icon_typography_typography":"custom","icon_typography_font_family":"Poppins","icon_typography_font_size":{"unit":"px","size":"16","sizes":[]},"icon_typography_font_size_tablet":{"unit":"px","size":"14","sizes":[]},"icon_typography_font_weight":"300","icon_typography_text_transform":"none","icon_typography_font_style":"normal","icon_typography_text_decoration":"none","icon_typography_line_height":{"unit":"em","size":"1.5","sizes":[]},"icon_typography_letter_spacing":{"unit":"px","size":"0","sizes":[]},"_element_custom_width_tablet":{"unit":"%","size":"60","sizes":[]},"_element_custom_width_mobile":{"unit":"%","size":"","sizes":[]},"_element_vertical_align":"center","icon_align":"center","icon_typography_word_spacing":{"unit":"em","size":"0","sizes":[]}},"elements":[],"isInner":false,"widgetType":"icon-list","elType":"widget"}],"isInner":"","elType":"column"},{"id":"2471cfb1","settings":{"_column_size":"25","space_between_widgets":"0"},"elements":[{"id":"682bccf9","settings":{"social_icon_list":[{"social_icon":{"value":"fab fa-facebook-f","library":"fa-brands"},"_id":"3f1b7ac"},{"social_icon":{"value":"","library":""},"_id":"5c0ce3c"},{"social_icon":{"value":"fab fa-twitter","library":"fa-brands"},"_id":"828f132"}],"align":"right","icon_color":"custom","icon_size":{"unit":"px","size":20,"sizes":[]},"icon_padding":{"unit":"em","size":"0","sizes":[]},"icon_spacing":{"unit":"px","size":"20","sizes":[]},"__globals__":{"icon_primary_color":"","icon_secondary_color":"","hover_secondary_color":""},"icon_size_tablet":{"unit":"px","size":"18","sizes":[]},"align_tablet":"right","align_mobile":"center","icon_primary_color":"#02010100","icon_secondary_color":"#467FF7","hover_secondary_color":"#C8D5DC","_element_width_mobile":"inherit","_element_custom_width_tablet":{"unit":"%","size":"20","sizes":[]},"_element_custom_width_mobile":{"unit":"%","size":"","sizes":[]},"_element_vertical_align":"center"},"elements":[],"isInner":false,"widgetType":"social-icons","elType":"widget"}],"isInner":"","elType":"column"}],"isInner":"","elType":"section"},{"id":"341dbd84","settings":{"gap":"no","height":"min-height","custom_height":{"unit":"px","size":"45","sizes":[]},"content_position":"middle","background_background":"classic","__globals__":{"background_color":""},"_title":"Copyright","background_color":"#467FF7","content_width":{"unit":"px","size":"750","sizes":[]},"margin_tablet":{"unit":"%","top":"","right":0,"bottom":"","left":0,"isLinked":true},"margin_mobile":{"unit":"%","top":"","right":0,"bottom":"","left":0,"isLinked":true},"layout":"full_width","padding":{"unit":"%","top":"0","right":"3","bottom":"0","left":"3","isLinked":false},"padding_tablet":{"unit":"%","top":"0","right":"5","bottom":"0","left":"5","isLinked":false},"padding_mobile":{"unit":"%","top":"","right":"","bottom":"","left":"","isLinked":true}},"elements":[{"id":"294fc6a5","settings":{"_column_size":"100","space_between_widgets":"0"},"elements":[{"id":"294062f","settings":{"title":"\u00a9 2022 All Rights Reserved.","header_size":"p","align":"center","__globals__":{"typography_typography":"","title_color":""},"title_color":"#FFFFFF","typography_typography":"custom","typography_font_family":"Poppins","typography_font_size":{"unit":"px","size":"16","sizes":[]},"typography_font_size_tablet":{"unit":"px","size":"14","sizes":[]},"typography_font_weight":"300","typography_text_transform":"none","typography_font_style":"normal","typography_text_decoration":"none","typography_line_height":{"unit":"em","size":"1.5","sizes":[]},"typography_letter_spacing":{"unit":"px","size":"0","sizes":[]},"__dynamic__":[],"typography_word_spacing":{"unit":"em","size":"0","sizes":[]}},"elements":[],"isInner":false,"widgetType":"heading","elType":"widget"}],"isInner":"","elType":"column"}],"isInner":"","elType":"section"}],"page_settings":[],"version":"0.4","title":"wireframe-gallery-1","type":"page"}