{"content":[{"id":"122c67b2","settings":{"layout":"full_width","gap":"no","content_position":"middle","structure":"32","margin":{"unit":"%","top":"","right":0,"bottom":"","left":0,"isLinked":true},"padding":{"unit":"%","top":"0","right":"3","bottom":"0","left":"3","isLinked":""},"padding_tablet":{"unit":"%","top":"0","right":"5","bottom":"0","left":"5","isLinked":""},"reverse_order_tablet":"reverse-tablet","reverse_order_mobile":"reverse-mobile","margin_tablet":{"unit":"%","top":"","right":"0","bottom":"","left":"0","isLinked":"1"},"margin_mobile":{"unit":"%","top":"","right":0,"bottom":"","left":0,"isLinked":true},"_title":"About","custom_height":{"unit":"vh","size":100,"sizes":[]},"padding_mobile":{"unit":"%","top":"","right":"","bottom":"","left":"","isLinked":true},"height":"min-height","custom_height_tablet":{"unit":"vh","size":"","sizes":[]},"custom_height_mobile":{"unit":"vh","size":"","sizes":[]}},"elements":[{"id":"2e4f01ee","settings":{"_column_size":"25","_inline_size":25.02,"_inline_size_tablet":"50","_inline_size_mobile":"50","space_between_widgets":25,"padding":{"unit":"%","top":"","right":"","bottom":"","left":"","isLinked":true},"padding_tablet":{"unit":"%","top":"","right":"","bottom":"","left":"","isLinked":true},"padding_mobile":{"unit":"%","top":"","right":"","bottom":"","left":"","isLinked":true},"space_between_widgets_tablet":30,"margin":{"unit":"%","top":"0","right":"3","bottom":"0","left":"0","isLinked":false},"margin_tablet":{"unit":"%","top":"0","right":"0","bottom":"0","left":"5","isLinked":false},"margin_mobile":{"unit":"%","top":"","right":"","bottom":"","left":"","isLinked":true},"space_between_widgets_mobile":15},"elements":[{"id":"76116aae","settings":{"image":{"id":"3672","url":"http:\/\/localhost\/demo\/wp-content\/uploads\/2022\/09\/Image_Placeholder-about-1.jpeg"},"align":"right","align_tablet":"left","width":{"unit":"%","size":"45","sizes":[]},"width_mobile":{"unit":"%","size":60,"sizes":[]},"width_tablet":{"unit":"%","size":"50","sizes":[]}},"elements":[],"isInner":false,"widgetType":"image","elType":"widget"},{"id":"751ffc0a","settings":{"image":{"id":"3672","url":"http:\/\/localhost\/demo\/wp-content\/uploads\/2022\/09\/Image_Placeholder-about-1.jpeg"},"align":"right","align_tablet":"left","width":{"unit":"%","size":100,"sizes":[]},"width_mobile":{"unit":"%","size":100,"sizes":[]},"width_tablet":{"unit":"%","size":85,"sizes":[]}},"elements":[],"isInner":false,"widgetType":"image","elType":"widget"}],"isInner":"","elType":"column"},{"id":"34412b76","settings":{"_column_size":"25","_inline_size":29.98,"_inline_size_tablet":"50","_inline_size_mobile":"50","space_between_widgets":25,"padding":{"unit":"%","top":"","right":"","bottom":"","left":"","isLinked":true},"padding_tablet":{"unit":"%","top":"","right":"","bottom":"","left":"","isLinked":true},"padding_mobile":{"unit":"%","top":"","right":"","bottom":"","left":"","isLinked":true},"space_between_widgets_tablet":30,"margin":{"unit":"%","top":"0","right":"0","bottom":"0","left":"3","isLinked":false},"margin_tablet":{"unit":"%","top":"0","right":"5","bottom":"0","left":"0","isLinked":false},"margin_mobile":{"unit":"%","top":"","right":"","bottom":"","left":"","isLinked":true},"space_between_widgets_mobile":15},"elements":[{"id":"6794b6a5","settings":{"image":{"id":"3672","url":"http:\/\/localhost\/demo\/wp-content\/uploads\/2022\/09\/Image_Placeholder-about-1.jpeg"},"align":"left","align_tablet":"right","width":{"unit":"%","size":100,"sizes":[]},"width_mobile":{"unit":"%","size":"100","sizes":[]},"width_tablet":{"unit":"%","size":85,"sizes":[]}},"elements":[],"isInner":false,"widgetType":"image","elType":"widget"},{"id":"42fbc5bc","settings":{"image":{"id":"3672","url":"http:\/\/localhost\/demo\/wp-content\/uploads\/2022\/09\/Image_Placeholder-about-1.jpeg"},"align":"left","align_tablet":"right","width":{"unit":"%","size":45,"sizes":[]},"width_mobile":{"unit":"%","size":60,"sizes":[]},"width_tablet":{"unit":"%","size":50,"sizes":[]}},"elements":[],"isInner":false,"widgetType":"image","elType":"widget"}],"isInner":"","elType":"column"},{"id":"744bbab8","settings":{"_column_size":"50","padding":{"unit":"%","top":"0","right":"0","bottom":"0","left":"15","isLinked":""},"_inline_size_tablet":"100","margin_tablet":{"unit":"%","top":"","right":"","bottom":"","left":"","isLinked":true},"padding_mobile":{"unit":"px","top":"0","right":"0","bottom":"0","left":"0","isLinked":""},"_inline_size":"45","space_between_widgets":15,"padding_tablet":{"unit":"%","top":"0","right":"15","bottom":"0","left":"0","isLinked":false}},"elements":[{"id":"4b3b7e16","settings":{"title":"Choose the plan that\u2019s right for you.","align_mobile":"left","header_size":"h1","title_color":"#1C244B","typography_typography":"custom","typography_font_family":"Poppins","typography_font_size":{"unit":"px","size":"65","sizes":[]},"typography_font_size_tablet":{"unit":"px","size":42,"sizes":[]},"typography_font_size_mobile":{"unit":"px","size":"28","sizes":[]},"typography_font_weight":"600","typography_text_transform":"none","typography_font_style":"normal","typography_text_decoration":"none","typography_line_height":{"unit":"em","size":"1.2","sizes":[]},"typography_line_height_mobile":{"unit":"em","size":"1.1","sizes":[]},"typography_letter_spacing":{"unit":"px","size":"0","sizes":[]},"typography_word_spacing":{"unit":"em","size":0,"sizes":[]}},"elements":[],"isInner":false,"widgetType":"heading","elType":"widget"},{"id":"5fc78311","settings":{"editor":"<p>An introduction to the plans you offer and the differences between them<\/p>","_padding":{"unit":"%","top":"0","right":"20","bottom":"0","left":"0","isLinked":false},"_padding_tablet":{"unit":"%","top":"0","right":"30","bottom":"0","left":"0","isLinked":false},"_padding_mobile":{"unit":"%","top":"0","right":"0","bottom":"0","left":"0","isLinked":""},"_margin":{"unit":"%","top":"","right":"","bottom":"","left":"","isLinked":true},"_margin_tablet":{"unit":"%","top":"","right":"","bottom":"","left":"","isLinked":"1"},"_margin_mobile":{"unit":"%","top":"","right":"","bottom":"","left":"","isLinked":"1"},"text_color":"#324A6D","typography_typography":"custom","typography_font_family":"Poppins","typography_font_size":{"unit":"px","size":22,"sizes":[]},"typography_font_weight":"400","typography_text_transform":"none","typography_font_style":"normal","typography_text_decoration":"none","typography_line_height":{"unit":"em","size":"1.5","sizes":[]},"typography_letter_spacing":{"unit":"px","size":"0","sizes":[]},"typography_word_spacing":{"unit":"em","size":"0","sizes":[]},"typography_font_size_tablet":{"unit":"px","size":16,"sizes":[]},"typography_font_size_mobile":{"unit":"px","size":14,"sizes":[]}},"elements":[],"isInner":false,"widgetType":"text-editor","elType":"widget"},{"id":"2d605b2a","settings":{"text":"Contact Us","button_text_color":"#FFFFFF","border_border":"solid","border_width":{"unit":"px","top":"1","right":"1","bottom":"1","left":"1","isLinked":"1"},"border_color":"#467FF7","border_radius":{"unit":"px","top":"100","right":"100","bottom":"100","left":"100","isLinked":"1"},"text_padding":{"unit":"px","top":"16","right":"55","bottom":"16","left":"55","isLinked":""},"_margin":{"unit":"%","top":"","right":"","bottom":"","left":"","isLinked":"1"},"__globals__":{"button_text_color":"","border_color":"","button_background_hover_color":"","hover_color":""},"_animation":"fadeInDown","typography_typography":"custom","typography_font_family":"Poppins","typography_font_size":{"unit":"px","size":"16","sizes":[]},"typography_font_size_tablet":{"unit":"px","size":"14","sizes":[]},"typography_font_weight":"400","typography_text_transform":"capitalize","typography_font_style":"normal","typography_text_decoration":"none","typography_line_height":{"unit":"em","size":"1","sizes":[]},"typography_letter_spacing":{"unit":"px","size":"0","sizes":[]},"background_color":"#467FF7","hover_color":"#467FF7","button_background_hover_color":"#02010100","typography_word_spacing":{"unit":"em","size":0,"sizes":[]},"text_padding_mobile":{"unit":"px","top":"15","right":"35","bottom":"15","left":"35","isLinked":false}},"elements":[],"isInner":false,"widgetType":"button","elType":"widget"}],"isInner":"","elType":"column"}],"isInner":"","elType":"section"},{"id":"458be322","settings":{"gap":"no","background_background":"classic","margin":{"unit":"%","top":"8","right":0,"bottom":"0","left":0,"isLinked":""},"padding":{"unit":"%","top":"0","right":"3","bottom":"0","left":"3","isLinked":""},"__globals__":{"background_color":""},"padding_tablet":{"unit":"%","top":"0","right":"5","bottom":"0","left":"5","isLinked":""},"margin_tablet":{"unit":"%","top":"12","right":"0","bottom":"0","left":"0","isLinked":""},"margin_mobile":{"unit":"%","top":"25","right":0,"bottom":"0","left":0,"isLinked":""},"_title":"Logos","padding_mobile":{"unit":"%","top":"0","right":"5","bottom":"0","left":"5","isLinked":""},"structure":"30","content_width":{"unit":"px","size":1420,"sizes":[]}},"elements":[{"id":"2bafbd2f","settings":{"_column_size":33,"space_between_widgets":0,"_inline_size":null,"_inline_size_tablet":33,"margin":{"unit":"%","top":"0","right":"10","bottom":"0","left":"0","isLinked":false},"margin_tablet":{"unit":"%","top":"0","right":"4","bottom":"0","left":"0","isLinked":false},"margin_mobile":{"unit":"%","top":"0","right":"0","bottom":"0","left":"0","isLinked":false}},"elements":[{"id":"7990418f","settings":{"heading":"Free Plan","sub_heading":"","price":"0","period":"\/month","features_list":[{"item_text":"Service\/feature 1","selected_item_icon":{"value":"fas fa-check","library":"fa-solid"},"_id":"d2f1189","item_icon_color":"#467FF7"},{"item_text":"Service\/feature 2","selected_item_icon":{"value":"fas fa-check","library":"fa-solid"},"_id":"90c1249","item_icon_color":"#467FF7"},{"item_text":"Service\/feature 3","selected_item_icon":{"value":"fas fa-check","library":"fa-solid"},"_id":"0180b8b","item_icon_color":"#467FF7"}],"button_text":"Get Started","footer_additional_info":"","show_ribbon":"","ribbon_title":"Popular","header_bg_color":"#467FF7","header_padding":{"unit":"px","top":"15","right":"10","bottom":"15","left":"10","isLinked":false},"heading_typography_typography":"custom","heading_typography_font_family":"Poppins","heading_typography_font_size":{"unit":"px","size":22,"sizes":[]},"heading_typography_font_weight":"600","heading_typography_line_height":{"unit":"em","size":1.2,"sizes":[]},"pricing_element_bg_color":"#F9FAFD","price_color":"#1C2448","currency_size":{"unit":"px","size":100,"sizes":[]},"fractional_part_vertical_position":"bottom","period_color":"#1C2448","period_position":"beside","features_list_bg_color":"#F9FAFD","features_list_color":"#353434","list_divider":"","footer_bg_color":"#F9FAFD","button_text_color":"#FFFFFF","button_background_color":"#467FF7","button_border_border":"solid","button_border_width":{"unit":"px","top":"1","right":"1","bottom":"1","left":"1","isLinked":true},"button_border_color":"#467FF7","button_border_radius":{"unit":"px","top":"100","right":"100","bottom":"100","left":"100","isLinked":true},"button_text_padding":{"unit":"px","top":"16","right":"55","bottom":"16","left":"55","isLinked":false},"button_hover_color":"#467FF7","button_background_hover_color":"#02010100","button_hover_border_color":"#467FF7","ribbon_bg_color":"#FFFFFF","ribbon_text_color":"#467FF7","heading_typography_text_transform":"capitalize","sub_heading_typography_typography":"custom","sub_heading_typography_font_family":"Roboto Slab","sub_heading_typography_font_weight":"400","price_typography_typography":"custom","price_typography_font_family":"Poppins","price_typography_font_size":{"unit":"px","size":36,"sizes":[]},"price_typography_font_weight":"600","price_typography_text_transform":"none","price_typography_font_style":"normal","price_typography_text_decoration":"none","price_typography_line_height":{"unit":"em","size":1.2,"sizes":[]},"price_typography_letter_spacing":{"unit":"px","size":0,"sizes":[]},"price_typography_word_spacing":{"unit":"em","size":0,"sizes":[]},"period_typography_typography":"custom","period_typography_font_family":"Poppins","period_typography_font_size":{"unit":"px","size":16,"sizes":[]},"period_typography_font_weight":"400","period_typography_text_transform":"none","period_typography_font_style":"normal","period_typography_text_decoration":"none","period_typography_line_height":{"unit":"em","size":1.5,"sizes":[]},"period_typography_letter_spacing":{"unit":"px","size":0,"sizes":[]},"period_typography_word_spacing":{"unit":"em","size":0,"sizes":[]},"features_list_padding":{"unit":"px","top":"0","right":"0","bottom":"200","left":"0","isLinked":false},"features_list_padding_mobile":{"unit":"px","top":"0","right":"0","bottom":"100","left":"0","isLinked":false},"features_list_typography_typography":"custom","features_list_typography_font_family":"Poppins","features_list_typography_font_size":{"unit":"px","size":16,"sizes":[]},"features_list_typography_font_weight":"400","features_list_typography_text_transform":"none","features_list_typography_font_style":"normal","features_list_typography_text_decoration":"none","features_list_typography_line_height":{"unit":"em","size":1.5,"sizes":[]},"features_list_typography_letter_spacing":{"unit":"px","size":0,"sizes":[]},"features_list_typography_word_spacing":{"unit":"em","size":0,"sizes":[]},"price_typography_font_size_tablet":{"unit":"px","size":32,"sizes":[]},"price_typography_font_size_mobile":{"unit":"px","size":28,"sizes":[]},"heading_color":"#FFFFFF","heading_typography_font_size_mobile":{"unit":"px","size":18,"sizes":[]},"heading_typography_font_style":"normal","heading_typography_text_decoration":"none","heading_typography_letter_spacing":{"unit":"px","size":0,"sizes":[]},"heading_typography_word_spacing":{"unit":"em","size":0,"sizes":[]},"currency_vertical_position":"middle","period_typography_font_size_tablet":{"unit":"px","size":14,"sizes":[]},"features_list_typography_font_size_tablet":{"unit":"px","size":14,"sizes":[]},"footer_padding":{"unit":"px","top":"0","right":"0","bottom":"60","left":"0","isLinked":false},"button_typography_typography":"custom","button_typography_font_family":"Poppins","button_typography_font_size":{"unit":"px","size":16,"sizes":[]},"button_typography_font_size_tablet":{"unit":"px","size":14,"sizes":[]},"button_typography_font_weight":"400","button_typography_text_transform":"capitalize","button_typography_font_style":"normal","button_typography_text_decoration":"none","button_typography_line_height":{"unit":"em","size":1,"sizes":[]},"button_typography_letter_spacing":{"unit":"px","size":0,"sizes":[]},"button_typography_word_spacing":{"unit":"em","size":0,"sizes":[]},"features_list_padding_tablet":{"unit":"px","top":"0","right":"0","bottom":"150","left":"0","isLinked":false},"footer_padding_tablet":{"unit":"px","top":"0","right":"0","bottom":"25","left":"0","isLinked":false},"footer_padding_mobile":{"unit":"px","top":"0","right":"0","bottom":"50","left":"0","isLinked":false}},"elements":[],"isInner":false,"widgetType":"price-table","elType":"widget"}],"isInner":"","elType":"column"},{"id":"80a51db","settings":{"_column_size":33,"space_between_widgets":0,"_inline_size":null,"margin_mobile":{"unit":"%","top":"20","right":"0","bottom":"0","left":"0","isLinked":false},"margin":{"unit":"%","top":"0","right":"5","bottom":"0","left":"5","isLinked":false},"margin_tablet":{"unit":"%","top":"0","right":"2","bottom":"0","left":"2","isLinked":false}},"elements":[{"id":"45034b85","settings":{"heading":"Standard Plan","sub_heading":"","price":"10","period":"\/month","features_list":[{"item_text":"Service\/feature 1","selected_item_icon":{"value":"fas fa-check","library":"fa-solid"},"_id":"d2f1189","item_icon_color":"#467FF7"},{"item_text":"Service\/feature 2","selected_item_icon":{"value":"fas fa-check","library":"fa-solid"},"_id":"90c1249","item_icon_color":"#467FF7"},{"item_text":"Service\/feature 3","selected_item_icon":{"value":"fas fa-check","library":"fa-solid"},"_id":"0180b8b","item_icon_color":"#467FF7"},{"item_text":"Service\/feature 4","selected_item_icon":{"value":"fas fa-check","library":"fa-solid"},"item_icon_color":"#467FF7","_id":"e321e73"},{"item_text":"Service\/feature 5","selected_item_icon":{"value":"fas fa-check","library":"fa-solid"},"item_icon_color":"#467FF7","_id":"aa29033"}],"button_text":"Get Started","footer_additional_info":"","show_ribbon":"","ribbon_title":"Popular","header_bg_color":"#467FF7","header_padding":{"unit":"px","top":"15","right":"10","bottom":"15","left":"10","isLinked":false},"heading_typography_typography":"custom","heading_typography_font_family":"Poppins","heading_typography_font_size":{"unit":"px","size":22,"sizes":[]},"heading_typography_font_weight":"600","heading_typography_line_height":{"unit":"em","size":1.2,"sizes":[]},"pricing_element_bg_color":"#F9FAFD","price_color":"#1C2448","currency_size":{"unit":"px","size":100,"sizes":[]},"fractional_part_vertical_position":"bottom","period_color":"#1C2448","period_position":"beside","features_list_bg_color":"#F9FAFD","features_list_color":"#353434","list_divider":"","footer_bg_color":"#F9FAFD","button_text_color":"#FFFFFF","button_background_color":"#467FF7","button_border_border":"solid","button_border_width":{"unit":"px","top":"1","right":"1","bottom":"1","left":"1","isLinked":true},"button_border_color":"#467FF7","button_border_radius":{"unit":"px","top":"100","right":"100","bottom":"100","left":"100","isLinked":true},"button_text_padding":{"unit":"px","top":"16","right":"55","bottom":"16","left":"55","isLinked":false},"button_hover_color":"#467FF7","button_background_hover_color":"#02010100","button_hover_border_color":"#467FF7","ribbon_bg_color":"#FFFFFF","ribbon_text_color":"#467FF7","heading_typography_text_transform":"capitalize","sub_heading_typography_typography":"custom","sub_heading_typography_font_family":"Roboto Slab","sub_heading_typography_font_weight":"400","price_typography_typography":"custom","price_typography_font_family":"Poppins","price_typography_font_size":{"unit":"px","size":36,"sizes":[]},"price_typography_font_weight":"600","price_typography_text_transform":"none","price_typography_font_style":"normal","price_typography_text_decoration":"none","price_typography_line_height":{"unit":"em","size":1.2,"sizes":[]},"price_typography_letter_spacing":{"unit":"px","size":0,"sizes":[]},"price_typography_word_spacing":{"unit":"em","size":0,"sizes":[]},"period_typography_typography":"custom","period_typography_font_family":"Poppins","period_typography_font_size":{"unit":"px","size":16,"sizes":[]},"period_typography_font_weight":"400","period_typography_text_transform":"none","period_typography_font_style":"normal","period_typography_text_decoration":"none","period_typography_line_height":{"unit":"em","size":1.5,"sizes":[]},"period_typography_letter_spacing":{"unit":"px","size":0,"sizes":[]},"period_typography_word_spacing":{"unit":"em","size":0,"sizes":[]},"features_list_padding":{"unit":"px","top":"0","right":"0","bottom":"130","left":"0","isLinked":false},"features_list_padding_mobile":{"unit":"px","top":"0","right":"0","bottom":"100","left":"0","isLinked":false},"features_list_typography_typography":"custom","features_list_typography_font_family":"Poppins","features_list_typography_font_size":{"unit":"px","size":16,"sizes":[]},"features_list_typography_font_weight":"400","features_list_typography_text_transform":"none","features_list_typography_font_style":"normal","features_list_typography_text_decoration":"none","features_list_typography_line_height":{"unit":"em","size":1.5,"sizes":[]},"features_list_typography_letter_spacing":{"unit":"px","size":0,"sizes":[]},"features_list_typography_word_spacing":{"unit":"em","size":0,"sizes":[]},"price_typography_font_size_tablet":{"unit":"px","size":32,"sizes":[]},"price_typography_font_size_mobile":{"unit":"px","size":28,"sizes":[]},"heading_color":"#FFFFFF","heading_typography_font_size_mobile":{"unit":"px","size":18,"sizes":[]},"heading_typography_font_style":"normal","heading_typography_text_decoration":"none","heading_typography_letter_spacing":{"unit":"px","size":0,"sizes":[]},"heading_typography_word_spacing":{"unit":"em","size":0,"sizes":[]},"currency_vertical_position":"middle","period_typography_font_size_tablet":{"unit":"px","size":14,"sizes":[]},"features_list_typography_font_size_tablet":{"unit":"px","size":14,"sizes":[]},"footer_padding":{"unit":"px","top":"0","right":"0","bottom":"60","left":"0","isLinked":false},"button_typography_typography":"custom","button_typography_font_family":"Poppins","button_typography_font_size":{"unit":"px","size":16,"sizes":[]},"button_typography_font_size_tablet":{"unit":"px","size":14,"sizes":[]},"button_typography_font_weight":"400","button_typography_text_transform":"capitalize","button_typography_font_style":"normal","button_typography_text_decoration":"none","button_typography_line_height":{"unit":"em","size":1,"sizes":[]},"button_typography_letter_spacing":{"unit":"px","size":0,"sizes":[]},"button_typography_word_spacing":{"unit":"em","size":0,"sizes":[]},"features_list_padding_tablet":{"unit":"px","top":"0","right":"0","bottom":"87","left":"0","isLinked":false},"footer_padding_tablet":{"unit":"px","top":"0","right":"0","bottom":"25","left":"0","isLinked":false},"footer_padding_mobile":{"unit":"px","top":"0","right":"0","bottom":"50","left":"0","isLinked":false}},"elements":[],"isInner":false,"widgetType":"price-table","elType":"widget"}],"isInner":false,"elType":"column"},{"id":"7a1674d9","settings":{"_column_size":33,"space_between_widgets":0,"_inline_size":null,"margin":{"unit":"%","top":"0","right":"0","bottom":"0","left":"10","isLinked":false},"margin_tablet":{"unit":"%","top":"0","right":"0","bottom":"0","left":"4","isLinked":false},"margin_mobile":{"unit":"%","top":"20","right":"0","bottom":"0","left":"0","isLinked":false}},"elements":[{"id":"73490d38","settings":{"heading":"Advanced Plan","sub_heading":"","price":"20","period":"\/month","features_list":[{"item_text":"Service\/feature 1","selected_item_icon":{"value":"fas fa-check","library":"fa-solid"},"_id":"d2f1189","item_icon_color":"#467FF7"},{"item_text":"Service\/feature 2","selected_item_icon":{"value":"fas fa-check","library":"fa-solid"},"_id":"90c1249","item_icon_color":"#467FF7"},{"item_text":"Service\/feature 3","selected_item_icon":{"value":"fas fa-check","library":"fa-solid"},"_id":"0180b8b","item_icon_color":"#467FF7"},{"item_text":"Service\/feature 4","selected_item_icon":{"value":"fas fa-check","library":"fa-solid"},"item_icon_color":"#467FF7","_id":"e321e73"},{"item_text":"Service\/feature 5","selected_item_icon":{"value":"fas fa-check","library":"fa-solid"},"item_icon_color":"#467FF7","_id":"aa29033"},{"item_text":"Service\/feature 6","selected_item_icon":{"value":"fas fa-check","library":"fa-solid"},"item_icon_color":"#467FF7","_id":"43417c6"},{"item_text":"Service\/feature 7","selected_item_icon":{"value":"fas fa-check","library":"fa-solid"},"item_icon_color":"#467FF7","_id":"14795c1"}],"button_text":"Get Started","footer_additional_info":"","show_ribbon":"","ribbon_title":"Popular","header_bg_color":"#467FF7","header_padding":{"unit":"px","top":"15","right":"10","bottom":"15","left":"10","isLinked":false},"heading_typography_typography":"custom","heading_typography_font_family":"Poppins","heading_typography_font_size":{"unit":"px","size":22,"sizes":[]},"heading_typography_font_weight":"600","heading_typography_line_height":{"unit":"em","size":1.2,"sizes":[]},"pricing_element_bg_color":"#F9FAFD","price_color":"#1C2448","currency_size":{"unit":"px","size":100,"sizes":[]},"fractional_part_vertical_position":"bottom","period_color":"#1C2448","period_position":"beside","features_list_bg_color":"#F9FAFD","features_list_color":"#353434","list_divider":"","footer_bg_color":"#F9FAFD","button_text_color":"#FFFFFF","button_background_color":"#467FF7","button_border_border":"solid","button_border_width":{"unit":"px","top":"1","right":"1","bottom":"1","left":"1","isLinked":true},"button_border_color":"#467FF7","button_border_radius":{"unit":"px","top":"100","right":"100","bottom":"100","left":"100","isLinked":true},"button_text_padding":{"unit":"px","top":"16","right":"55","bottom":"16","left":"55","isLinked":false},"button_hover_color":"#467FF7","button_background_hover_color":"#02010100","button_hover_border_color":"#467FF7","ribbon_bg_color":"#FFFFFF","ribbon_text_color":"#467FF7","heading_typography_text_transform":"capitalize","sub_heading_typography_typography":"custom","sub_heading_typography_font_family":"Roboto Slab","sub_heading_typography_font_weight":"400","price_typography_typography":"custom","price_typography_font_family":"Poppins","price_typography_font_size":{"unit":"px","size":36,"sizes":[]},"price_typography_font_weight":"600","price_typography_text_transform":"none","price_typography_font_style":"normal","price_typography_text_decoration":"none","price_typography_line_height":{"unit":"em","size":1.2,"sizes":[]},"price_typography_letter_spacing":{"unit":"px","size":0,"sizes":[]},"price_typography_word_spacing":{"unit":"em","size":0,"sizes":[]},"period_typography_typography":"custom","period_typography_font_family":"Poppins","period_typography_font_size":{"unit":"px","size":16,"sizes":[]},"period_typography_font_weight":"400","period_typography_text_transform":"none","period_typography_font_style":"normal","period_typography_text_decoration":"none","period_typography_line_height":{"unit":"em","size":1.5,"sizes":[]},"period_typography_letter_spacing":{"unit":"px","size":0,"sizes":[]},"period_typography_word_spacing":{"unit":"em","size":0,"sizes":[]},"features_list_padding":{"unit":"px","top":"0","right":"0","bottom":"60","left":"0","isLinked":false},"features_list_padding_mobile":{"unit":"px","top":"0","right":"0","bottom":"100","left":"0","isLinked":false},"features_list_typography_typography":"custom","features_list_typography_font_family":"Poppins","features_list_typography_font_size":{"unit":"px","size":16,"sizes":[]},"features_list_typography_font_weight":"400","features_list_typography_text_transform":"none","features_list_typography_font_style":"normal","features_list_typography_text_decoration":"none","features_list_typography_line_height":{"unit":"em","size":1.5,"sizes":[]},"features_list_typography_letter_spacing":{"unit":"px","size":0,"sizes":[]},"features_list_typography_word_spacing":{"unit":"em","size":0,"sizes":[]},"price_typography_font_size_tablet":{"unit":"px","size":32,"sizes":[]},"price_typography_font_size_mobile":{"unit":"px","size":28,"sizes":[]},"heading_color":"#FFFFFF","heading_typography_font_size_mobile":{"unit":"px","size":18,"sizes":[]},"heading_typography_font_style":"normal","heading_typography_text_decoration":"none","heading_typography_letter_spacing":{"unit":"px","size":0,"sizes":[]},"heading_typography_word_spacing":{"unit":"em","size":0,"sizes":[]},"currency_vertical_position":"middle","period_typography_font_size_tablet":{"unit":"px","size":14,"sizes":[]},"features_list_typography_font_size_tablet":{"unit":"px","size":14,"sizes":[]},"footer_padding":{"unit":"px","top":"0","right":"0","bottom":"60","left":"0","isLinked":false},"button_typography_typography":"custom","button_typography_font_family":"Poppins","button_typography_font_size":{"unit":"px","size":16,"sizes":[]},"button_typography_font_size_tablet":{"unit":"px","size":14,"sizes":[]},"button_typography_font_weight":"400","button_typography_text_transform":"capitalize","button_typography_font_style":"normal","button_typography_text_decoration":"none","button_typography_line_height":{"unit":"em","size":1,"sizes":[]},"button_typography_letter_spacing":{"unit":"px","size":0,"sizes":[]},"button_typography_word_spacing":{"unit":"em","size":0,"sizes":[]},"features_list_padding_tablet":{"unit":"px","top":"0","right":"0","bottom":"25","left":"0","isLinked":false},"footer_padding_tablet":{"unit":"px","top":"0","right":"0","bottom":"25","left":"0","isLinked":false},"footer_padding_mobile":{"unit":"px","top":"0","right":"0","bottom":"50","left":"0","isLinked":false}},"elements":[],"isInner":false,"widgetType":"price-table","elType":"widget"}],"isInner":false,"elType":"column"}],"isInner":"","elType":"section"},{"id":"6f1d4f33","settings":{"layout":"full_width","gap":"no","padding":{"unit":"%","top":"0","right":"3","bottom":"0","left":"3","isLinked":""},"margin":{"unit":"%","top":"12","right":"0","bottom":"0","left":"0","isLinked":""},"content_position":"middle","__globals__":{"background_color":""},"padding_tablet":{"unit":"%","top":"8","right":"5","bottom":"8","left":"5","isLinked":""},"margin_tablet":{"unit":"%","top":"15","right":"0","bottom":"0","left":"0","isLinked":""},"margin_mobile":{"unit":"%","top":"25","right":0,"bottom":"0","left":0,"isLinked":""},"padding_mobile":{"unit":"%","top":"15","right":"5","bottom":"15","left":"5","isLinked":false},"_title":"Benefits","height":"min-height","custom_height":{"unit":"px","size":565,"sizes":[]},"custom_height_tablet":{"unit":"px","size":0,"sizes":[]},"background_background":"classic","background_color":"#F3F5F8"},"elements":[{"id":"172f685a","settings":{"_column_size":"100","align":"center","space_between_widgets":"0"},"elements":[{"id":"5cb81120","settings":{"title":"Why Choose Us","align":"center","__globals__":{"typography_typography":""},"header_size":"h3","title_color":"#1C244B","typography_typography":"custom","typography_font_family":"Poppins","typography_font_size":{"unit":"px","size":"65","sizes":[]},"typography_font_size_tablet":{"unit":"px","size":"45","sizes":[]},"typography_font_size_mobile":{"unit":"px","size":"28","sizes":[]},"typography_font_weight":"600","typography_text_transform":"none","typography_font_style":"normal","typography_text_decoration":"none","typography_line_height":{"unit":"em","size":"1.2","sizes":[]},"typography_line_height_mobile":{"unit":"em","size":"1.1","sizes":[]},"typography_letter_spacing":{"unit":"px","size":"0","sizes":[]},"_margin":{"unit":"%","top":"","right":"","bottom":"","left":"","isLinked":"1"},"_margin_tablet":{"unit":"%","top":"","right":"","bottom":"","left":"","isLinked":"1"},"_margin_mobile":{"unit":"%","top":"","right":"","bottom":"","left":"","isLinked":"1"},"typography_word_spacing":{"unit":"em","size":"0","sizes":[]}},"elements":[],"isInner":false,"widgetType":"heading","elType":"widget"},{"id":"639165f9","settings":{"layout":"full_width","gap":"custom","structure":"40","margin":{"unit":"%","top":"","right":"0","bottom":"","left":"0","isLinked":"1"},"padding_tablet":{"unit":"%","top":"0","right":"8","bottom":"0","left":"8","isLinked":false},"margin_mobile":{"unit":"%","top":"10","right":0,"bottom":"0","left":0,"isLinked":""},"margin_tablet":{"unit":"%","top":"","right":"0","bottom":"","left":"0","isLinked":"1"},"gap_columns_custom":{"unit":"%","size":"15","sizes":[]},"gap_columns_custom_tablet":{"unit":"%","size":"","sizes":[]},"gap_columns_custom_mobile":{"unit":"%","size":0,"sizes":[]}},"elements":[{"id":"74d2ff9d","settings":{"_column_size":"25","margin":{"unit":"%","top":"","right":"","bottom":"","left":"","isLinked":"1"},"_inline_size_tablet":"50","margin_tablet":{"unit":"%","top":"","right":"","bottom":"","left":"","isLinked":"1"},"margin_mobile":{"unit":"px","top":"0","right":"0","bottom":"0","left":"0","isLinked":""},"space_between_widgets":"0"},"elements":[{"id":"32e191e2","settings":{"title_text":"benefit 1","description_text":"A short description of the benefit.","title_size":"h4","text_align":"center","__globals__":{"title_typography_typography":"","primary_color":"","secondary_color":""},"selected_icon":{"value":"","library":""},"view":"stacked","shape":"square","hover_animation":"shrink","icon_space":{"unit":"px","size":"20","sizes":[]},"icon_size":{"unit":"px","size":"45","sizes":[]},"icon_padding":{"unit":"px","size":"20","sizes":[]},"border_radius":{"unit":"px","top":"12","right":"12","bottom":"12","left":"12","isLinked":"1"},"title_bottom_space":{"unit":"px","size":"10","sizes":[]},"primary_color":"#FFFFFF","secondary_color":"#C8D5DC","title_color":"#1C244B","title_typography_typography":"custom","title_typography_font_family":"Poppins","title_typography_font_size":{"unit":"px","size":"22","sizes":[]},"title_typography_font_size_mobile":{"unit":"px","size":"18","sizes":[]},"title_typography_font_weight":"600","title_typography_text_transform":"capitalize","title_typography_font_style":"normal","title_typography_text_decoration":"none","title_typography_line_height":{"unit":"em","size":"1.2","sizes":[]},"title_typography_letter_spacing":{"unit":"px","size":"0","sizes":[]},"description_color":"#324A6D","description_typography_typography":"custom","description_typography_font_family":"Poppins","description_typography_font_size":{"unit":"px","size":"16","sizes":[]},"description_typography_font_size_tablet":{"unit":"px","size":14,"sizes":[]},"description_typography_font_weight":"300","description_typography_text_transform":"none","description_typography_font_style":"normal","description_typography_text_decoration":"none","description_typography_line_height":{"unit":"em","size":"1.5","sizes":[]},"description_typography_letter_spacing":{"unit":"px","size":"0","sizes":[]},"title_typography_word_spacing":{"unit":"em","size":"0","sizes":[]},"description_typography_word_spacing":{"unit":"em","size":"0","sizes":[]}},"elements":[],"isInner":false,"widgetType":"icon-box","elType":"widget"}],"isInner":"1","elType":"column"},{"id":"648dfba1","settings":{"_column_size":"25","margin":{"unit":"%","top":"","right":"","bottom":"","left":"","isLinked":"1"},"_inline_size_tablet":"50","margin_tablet":{"unit":"%","top":"","right":"","bottom":"","left":"","isLinked":"1"},"margin_mobile":{"unit":"%","top":"25","right":"0","bottom":"0","left":"0","isLinked":""},"space_between_widgets":"0"},"elements":[{"id":"6575cc34","settings":{"title_text":"benefit 2","description_text":"A short description of the benefit.","title_size":"h4","text_align":"center","__globals__":{"title_typography_typography":"","primary_color":"","secondary_color":""},"selected_icon":{"value":"","library":""},"view":"stacked","shape":"square","hover_animation":"shrink","icon_space":{"unit":"px","size":"20","sizes":[]},"icon_size":{"unit":"px","size":"45","sizes":[]},"icon_padding":{"unit":"px","size":"20","sizes":[]},"border_radius":{"unit":"px","top":"12","right":"12","bottom":"12","left":"12","isLinked":"1"},"title_bottom_space":{"unit":"px","size":"10","sizes":[]},"primary_color":"#FFFFFF","secondary_color":"#C8D5DC","title_color":"#1C244B","title_typography_typography":"custom","title_typography_font_family":"Poppins","title_typography_font_size":{"unit":"px","size":"22","sizes":[]},"title_typography_font_size_mobile":{"unit":"px","size":"18","sizes":[]},"title_typography_font_weight":"600","title_typography_text_transform":"capitalize","title_typography_font_style":"normal","title_typography_text_decoration":"none","title_typography_line_height":{"unit":"em","size":"1.2","sizes":[]},"title_typography_letter_spacing":{"unit":"px","size":"0","sizes":[]},"description_color":"#324A6D","description_typography_typography":"custom","description_typography_font_family":"Poppins","description_typography_font_size":{"unit":"px","size":"16","sizes":[]},"description_typography_font_weight":"300","description_typography_text_transform":"none","description_typography_font_style":"normal","description_typography_text_decoration":"none","description_typography_line_height":{"unit":"em","size":"1.5","sizes":[]},"description_typography_letter_spacing":{"unit":"px","size":"0","sizes":[]},"description_typography_word_spacing":{"unit":"em","size":"0","sizes":[]},"title_typography_word_spacing":{"unit":"em","size":"0","sizes":[]},"description_typography_font_size_tablet":{"unit":"px","size":14,"sizes":[]}},"elements":[],"isInner":false,"widgetType":"icon-box","elType":"widget"}],"isInner":"1","elType":"column"},{"id":"3b561ad2","settings":{"_column_size":"25","margin":{"unit":"%","top":"","right":"","bottom":"","left":"","isLinked":"1"},"_inline_size_tablet":"50","margin_tablet":{"unit":"%","top":"","right":"","bottom":"","left":"","isLinked":"1"},"margin_mobile":{"unit":"%","top":"25","right":"0","bottom":"0","left":"0","isLinked":""},"space_between_widgets":"0"},"elements":[{"id":"39bfca43","settings":{"title_text":"benefit 3","description_text":"A short description of the benefit.","title_size":"h4","text_align":"center","__globals__":{"title_typography_typography":"","primary_color":"","secondary_color":""},"selected_icon":{"value":"","library":""},"view":"stacked","shape":"square","hover_animation":"shrink","icon_space":{"unit":"px","size":"20","sizes":[]},"icon_size":{"unit":"px","size":"45","sizes":[]},"icon_padding":{"unit":"px","size":"20","sizes":[]},"border_radius":{"unit":"px","top":"12","right":"12","bottom":"12","left":"12","isLinked":"1"},"title_bottom_space":{"unit":"px","size":"10","sizes":[]},"primary_color":"#FFFFFF","secondary_color":"#C8D5DC","title_color":"#1C244B","title_typography_typography":"custom","title_typography_font_family":"Poppins","title_typography_font_size":{"unit":"px","size":"22","sizes":[]},"title_typography_font_size_mobile":{"unit":"px","size":"18","sizes":[]},"title_typography_font_weight":"600","title_typography_text_transform":"capitalize","title_typography_font_style":"normal","title_typography_text_decoration":"none","title_typography_line_height":{"unit":"em","size":"1.2","sizes":[]},"title_typography_letter_spacing":{"unit":"px","size":"0","sizes":[]},"description_color":"#324A6D","description_typography_typography":"custom","description_typography_font_family":"Poppins","description_typography_font_size":{"unit":"px","size":"16","sizes":[]},"description_typography_font_size_tablet":{"unit":"px","size":14,"sizes":[]},"description_typography_font_weight":"300","description_typography_text_transform":"none","description_typography_font_style":"normal","description_typography_text_decoration":"none","description_typography_line_height":{"unit":"em","size":"1.5","sizes":[]},"description_typography_letter_spacing":{"unit":"px","size":"0","sizes":[]},"title_typography_word_spacing":{"unit":"em","size":"0","sizes":[]},"description_typography_word_spacing":{"unit":"em","size":"0","sizes":[]}},"elements":[],"isInner":false,"widgetType":"icon-box","elType":"widget"}],"isInner":"1","elType":"column"},{"id":"72d109c2","settings":{"_column_size":"25","margin":{"unit":"%","top":"","right":"","bottom":"","left":"","isLinked":"1"},"_inline_size_tablet":"50","margin_tablet":{"unit":"%","top":"","right":"","bottom":"","left":"","isLinked":"1"},"margin_mobile":{"unit":"%","top":"25","right":"0","bottom":"0","left":"0","isLinked":""},"space_between_widgets":"0"},"elements":[{"id":"22565209","settings":{"title_text":"benefit 4","description_text":"A short description of the benefit.","title_size":"h4","text_align":"center","__globals__":{"title_typography_typography":"","primary_color":"","secondary_color":""},"selected_icon":{"value":"","library":""},"view":"stacked","shape":"square","hover_animation":"shrink","icon_space":{"unit":"px","size":"20","sizes":[]},"icon_size":{"unit":"px","size":"45","sizes":[]},"icon_padding":{"unit":"px","size":"20","sizes":[]},"border_radius":{"unit":"px","top":"12","right":"12","bottom":"12","left":"12","isLinked":"1"},"title_bottom_space":{"unit":"px","size":"10","sizes":[]},"primary_color":"#FFFFFF","secondary_color":"#C8D5DC","title_color":"#1C244B","title_typography_typography":"custom","title_typography_font_family":"Poppins","title_typography_font_size":{"unit":"px","size":"22","sizes":[]},"title_typography_font_size_mobile":{"unit":"px","size":"18","sizes":[]},"title_typography_font_weight":"600","title_typography_text_transform":"capitalize","title_typography_font_style":"normal","title_typography_text_decoration":"none","title_typography_line_height":{"unit":"em","size":"1.2","sizes":[]},"title_typography_letter_spacing":{"unit":"px","size":"0","sizes":[]},"description_color":"#324A6D","description_typography_typography":"custom","description_typography_font_family":"Poppins","description_typography_font_size":{"unit":"px","size":"16","sizes":[]},"description_typography_font_size_tablet":{"unit":"px","size":14,"sizes":[]},"description_typography_font_weight":"300","description_typography_text_transform":"none","description_typography_font_style":"normal","description_typography_text_decoration":"none","description_typography_line_height":{"unit":"em","size":"1.5","sizes":[]},"description_typography_letter_spacing":{"unit":"px","size":"0","sizes":[]},"title_typography_word_spacing":{"unit":"em","size":"0","sizes":[]},"description_typography_word_spacing":{"unit":"em","size":"0","sizes":[]}},"elements":[],"isInner":false,"widgetType":"icon-box","elType":"widget"}],"isInner":"1","elType":"column"}],"isInner":"1","elType":"section"}],"isInner":"","elType":"column"}],"isInner":"","elType":"section"},{"id":"6075da6f","settings":{"layout":"full_width","gap":"no","margin":{"unit":"%","top":"12","right":"0","bottom":"0","left":"0","isLinked":""},"padding":{"unit":"%","top":"0","right":"3","bottom":"0","left":"3","isLinked":""},"__globals__":{"background_color":""},"padding_tablet":{"unit":"%","top":"0","right":"5","bottom":"0","left":"5","isLinked":""},"margin_tablet":{"unit":"%","top":"15","right":"0","bottom":"0","left":"0","isLinked":""},"margin_mobile":{"unit":"%","top":"25","right":"0","bottom":"0","left":"0","isLinked":""},"_title":"Logos","padding_mobile":{"unit":"%","top":"","right":"","bottom":"","left":"","isLinked":"1"}},"elements":[{"id":"42a49ae5","settings":{"_column_size":"100","space_between_widgets":15},"elements":[{"id":"6b4dc923","settings":{"title":"Trusted By","align":"center","title_color":"#1C244B","typography_typography":"custom","typography_font_family":"Poppins","typography_font_size":{"unit":"px","size":"65","sizes":[]},"typography_font_size_tablet":{"unit":"px","size":"42","sizes":[]},"typography_font_size_mobile":{"unit":"px","size":"28","sizes":[]},"typography_font_weight":"600","typography_text_transform":"none","typography_font_style":"normal","typography_text_decoration":"none","typography_line_height":{"unit":"em","size":"1.2","sizes":[]},"typography_line_height_mobile":{"unit":"em","size":"1.1","sizes":[]},"typography_letter_spacing":{"unit":"px","size":"0","sizes":[]},"typography_word_spacing":{"unit":"px","size":"0","sizes":[]}},"elements":[],"isInner":false,"widgetType":"heading","elType":"widget"},{"id":"16bb766d","settings":{"editor":"<p>This is a place to showcase the logos of some of your clients<\/p>","align":"center","_element_custom_width":{"unit":"px","size":"305","sizes":[]},"_padding":{"unit":"%","top":"","right":"","bottom":"","left":"","isLinked":"1"},"_padding_tablet":{"unit":"%","top":"","right":"","bottom":"","left":"","isLinked":"1"},"_padding_mobile":{"unit":"%","top":"","right":"","bottom":"","left":"","isLinked":"1"},"text_color":"#324A6D","typography_typography":"custom","typography_font_family":"Poppins","typography_font_size":{"unit":"px","size":"16","sizes":[]},"typography_font_size_tablet":{"unit":"px","size":"14","sizes":[]},"typography_font_weight":"300","typography_text_transform":"none","typography_font_style":"normal","typography_text_decoration":"none","typography_line_height":{"unit":"em","size":"1.5","sizes":[]},"typography_letter_spacing":{"unit":"px","size":"0","sizes":[]},"typography_word_spacing":{"unit":"px","size":"0","sizes":[]},"_margin":{"unit":"%","top":"0","right":"10","bottom":"0","left":"10","isLinked":""},"_margin_tablet":{"unit":"%","top":"","right":"","bottom":"","left":"","isLinked":"1"},"_margin_mobile":{"unit":"%","top":"","right":"","bottom":"","left":"","isLinked":"1"}},"elements":[],"isInner":false,"widgetType":"text-editor","elType":"widget"},{"id":"5b33751a","settings":{"thumbnail_size":"full","slides_to_show":"6","slides_to_show_tablet":"4","navigation":"none","pause_on_hover":"no","pause_on_interaction":"no","gallery_vertical_align":"center","image_spacing":"custom","image_spacing_custom":{"unit":"px","size":"55","sizes":[]},"slides_to_scroll_tablet":"1","_margin":{"unit":"%","top":"5","right":"0","bottom":"0","left":"0","isLinked":""},"_margin_tablet":{"unit":"%","top":"","right":"","bottom":"","left":"","isLinked":"1"},"_margin_mobile":{"unit":"%","top":"","right":"","bottom":"","left":"","isLinked":"1"},"slides_to_show_mobile":"2"},"elements":[],"isInner":false,"widgetType":"image-carousel","elType":"widget"}],"isInner":"","elType":"column"}],"isInner":"","elType":"section"},{"id":"3d29a347","settings":{"layout":"full_width","gap":"no","padding":{"unit":"%","top":"0","right":"5","bottom":"0","left":"0","isLinked":""},"margin":{"unit":"%","top":"12","right":0,"bottom":"0","left":0,"isLinked":""},"padding_tablet":{"unit":"%","top":"0","right":"5","bottom":"0","left":"5","isLinked":""},"margin_tablet":{"unit":"%","top":"15","right":0,"bottom":"0","left":0,"isLinked":false},"margin_mobile":{"unit":"%","top":"25","right":0,"bottom":"0","left":0,"isLinked":""},"_title":"Testimonials","padding_mobile":{"unit":"%","top":"","right":"","bottom":"","left":"","isLinked":true},"structure":"30","content_position":"middle"},"elements":[{"id":"7c2b7e43","settings":{"_column_size":33,"space_between_widgets":"0","_inline_size":35.802,"_inline_size_tablet":100,"background_background":"classic","background_color":"#F3F5F8","padding":{"unit":"px","top":"100","right":"50","bottom":"100","left":"50","isLinked":false},"padding_mobile":{"unit":"%","top":"15","right":"15","bottom":"15","left":"15","isLinked":true}},"elements":[{"id":"213be48b","settings":{"title":"Client \nTestimonials","align_mobile":"center","align":"left","title_color":"#1C244B","typography_typography":"custom","typography_font_family":"Poppins","typography_font_size":{"unit":"px","size":"65","sizes":[]},"typography_font_size_tablet":{"unit":"px","size":"45","sizes":[]},"typography_font_size_mobile":{"unit":"px","size":"28","sizes":[]},"typography_font_weight":"600","typography_text_transform":"none","typography_font_style":"normal","typography_text_decoration":"none","typography_line_height":{"unit":"em","size":"1.2","sizes":[]},"typography_line_height_mobile":{"unit":"em","size":"1.1","sizes":[]},"typography_letter_spacing":{"unit":"px","size":"0","sizes":[]},"align_tablet":"center","typography_word_spacing":{"unit":"em","size":0,"sizes":[]}},"elements":[],"isInner":false,"widgetType":"heading","elType":"widget"}],"isInner":"","elType":"column"},{"id":"221bf31f","settings":{"_column_size":33,"margin":{"unit":"%","top":"0","right":"0","bottom":"0","left":"20","isLinked":""},"_inline_size_tablet":50,"margin_tablet":{"unit":"%","top":"10","right":"10","bottom":"0","left":"0","isLinked":false},"margin_mobile":{"unit":"%","top":"10","right":"0","bottom":"0","left":"0","isLinked":""},"_inline_size":32.51,"space_between_widgets":0},"elements":[{"id":"e7c9ebf","settings":{"testimonial_content":"\u201cA testimonial from a client who benefited from your product or service. Testimonials can be a highly effective way of establishing credibility and increasing your company's reputation.\u201d","testimonial_name":"Client Name","testimonial_job":"","testimonial_alignment":"left","image_size":{"unit":"px","size":"63","sizes":[]},"__globals__":{"name_typography_typography":"","image_border_color":"globals\/colors?id=14ef391"},"testimonial_image":{"id":"3673","url":"http:\/\/localhost\/demo\/wp-content\/uploads\/2022\/09\/Image-Testemonials-1.jpeg"},"image_border_radius":{"unit":"px","top":"50","right":"50","bottom":"50","left":"50","isLinked":"1"},"image_border_width":{"unit":"px","top":"1","right":"1","bottom":"1","left":"1","isLinked":"1"},"content_content_color":"#324A6D","content_typography_typography":"custom","content_typography_font_family":"Poppins","content_typography_font_size":{"unit":"px","size":"16","sizes":[]},"content_typography_font_size_tablet":{"unit":"px","size":"14","sizes":[]},"content_typography_font_weight":"300","content_typography_text_transform":"none","content_typography_font_style":"normal","content_typography_text_decoration":"none","content_typography_line_height":{"unit":"em","size":"1.5","sizes":[]},"content_typography_letter_spacing":{"unit":"px","size":"0","sizes":[]},"image_border_color":"#C8D5DC","name_text_color":"#1C244B","name_typography_typography":"custom","name_typography_font_family":"Poppins","name_typography_font_size":{"unit":"px","size":"16","sizes":[]},"name_typography_font_size_tablet":{"unit":"px","size":"14","sizes":[]},"name_typography_font_weight":"400","name_typography_text_transform":"capitalize","name_typography_font_style":"italic","name_typography_text_decoration":"none","name_typography_line_height":{"unit":"em","size":"1.3","sizes":[]},"name_typography_letter_spacing":{"unit":"px","size":"0","sizes":[]},"job_text_color":"#F3F5F8","job_typography_typography":"custom","job_typography_font_family":"Poppins","job_typography_font_size":{"unit":"px","size":"36","sizes":[]},"job_typography_font_size_tablet":{"unit":"px","size":"25","sizes":[]},"job_typography_font_size_mobile":{"unit":"px","size":"20","sizes":[]},"job_typography_font_weight":"600","job_typography_text_transform":"capitalize","job_typography_font_style":"normal","job_typography_text_decoration":"none","job_typography_line_height":{"unit":"em","size":"1.1","sizes":[]},"job_typography_letter_spacing":{"unit":"px","size":"0","sizes":[]},"content_typography_word_spacing":{"unit":"em","size":0,"sizes":[]},"name_typography_word_spacing":{"unit":"em","size":0,"sizes":[]},"job_typography_word_spacing":{"unit":"em","size":0,"sizes":[]}},"elements":[],"isInner":false,"widgetType":"testimonial","elType":"widget"}],"isInner":false,"elType":"column"},{"id":"683617e7","settings":{"_column_size":33,"margin":{"unit":"%","top":"0","right":"0","bottom":"0","left":"20","isLinked":""},"_inline_size_tablet":50,"margin_tablet":{"unit":"%","top":"10","right":"0","bottom":"0","left":"10","isLinked":""},"margin_mobile":{"unit":"%","top":"15","right":"0","bottom":"0","left":"0","isLinked":""},"_inline_size":31.33,"space_between_widgets":0},"elements":[{"id":"5e3d761c","settings":{"testimonial_content":"\u201cA testimonial from a client who benefited from your product or service. Testimonials can be a highly effective way of establishing credibility and increasing your company's reputation.\u201d","testimonial_name":"Client Name","testimonial_job":"","testimonial_alignment":"left","image_size":{"unit":"px","size":"63","sizes":[]},"__globals__":{"name_typography_typography":"","image_border_color":"globals\/colors?id=14ef391"},"testimonial_image":{"id":"3673","url":"http:\/\/localhost\/demo\/wp-content\/uploads\/2022\/09\/Image-Testemonials-1.jpeg"},"image_border_radius":{"unit":"px","top":"50","right":"50","bottom":"50","left":"50","isLinked":"1"},"image_border_width":{"unit":"px","top":"1","right":"1","bottom":"1","left":"1","isLinked":"1"},"content_content_color":"#324A6D","content_typography_typography":"custom","content_typography_font_family":"Poppins","content_typography_font_size":{"unit":"px","size":"16","sizes":[]},"content_typography_font_size_tablet":{"unit":"px","size":"14","sizes":[]},"content_typography_font_weight":"300","content_typography_text_transform":"none","content_typography_font_style":"normal","content_typography_text_decoration":"none","content_typography_line_height":{"unit":"em","size":"1.5","sizes":[]},"content_typography_letter_spacing":{"unit":"px","size":"0","sizes":[]},"image_border_color":"#C8D5DC","name_text_color":"#1C244B","name_typography_typography":"custom","name_typography_font_family":"Poppins","name_typography_font_size":{"unit":"px","size":"16","sizes":[]},"name_typography_font_size_tablet":{"unit":"px","size":"14","sizes":[]},"name_typography_font_weight":"400","name_typography_text_transform":"capitalize","name_typography_font_style":"italic","name_typography_text_decoration":"none","name_typography_line_height":{"unit":"em","size":"1.3","sizes":[]},"name_typography_letter_spacing":{"unit":"px","size":"0","sizes":[]},"job_text_color":"#F3F5F8","job_typography_typography":"custom","job_typography_font_family":"Poppins","job_typography_font_size":{"unit":"px","size":"36","sizes":[]},"job_typography_font_size_tablet":{"unit":"px","size":"25","sizes":[]},"job_typography_font_size_mobile":{"unit":"px","size":"20","sizes":[]},"job_typography_font_weight":"600","job_typography_text_transform":"capitalize","job_typography_font_style":"normal","job_typography_text_decoration":"none","job_typography_line_height":{"unit":"em","size":"1.1","sizes":[]},"job_typography_letter_spacing":{"unit":"px","size":"0","sizes":[]},"content_typography_word_spacing":{"unit":"em","size":0,"sizes":[]},"name_typography_word_spacing":{"unit":"em","size":0,"sizes":[]},"job_typography_word_spacing":{"unit":"em","size":0,"sizes":[]}},"elements":[],"isInner":false,"widgetType":"testimonial","elType":"widget"}],"isInner":false,"elType":"column"}],"isInner":"","elType":"section"},{"id":"73aa09da","settings":{"layout":"full_width","gap":"no","margin":{"unit":"%","top":"12","right":0,"bottom":"0","left":0,"isLinked":""},"margin_tablet":{"unit":"%","top":"15","right":0,"bottom":"0","left":0,"isLinked":false},"margin_mobile":{"unit":"%","top":"25","right":0,"bottom":"0","left":0,"isLinked":false},"padding":{"unit":"%","top":"0","right":"12","bottom":"0","left":"12","isLinked":""},"padding_tablet":{"unit":"%","top":"0","right":"5","bottom":"0","left":"5","isLinked":false},"padding_mobile":{"unit":"%","top":"","right":"","bottom":"","left":"","isLinked":true},"_title":"FAQ"},"elements":[{"id":"684eaa48","settings":{"_column_size":"100","space_between_widgets":20},"elements":[{"id":"3313b7bf","settings":{"title":"FAQ","align":"center","header_size":"h3","title_color":"#1C244B","typography_typography":"custom","typography_font_family":"Poppins","typography_font_size":{"unit":"px","size":"65","sizes":[]},"typography_font_size_tablet":{"unit":"px","size":"45","sizes":[]},"typography_font_size_mobile":{"unit":"px","size":"28","sizes":[]},"typography_font_weight":"600","typography_text_transform":"none","typography_font_style":"normal","typography_text_decoration":"none","typography_line_height":{"unit":"em","size":"1.2","sizes":[]},"typography_line_height_mobile":{"unit":"em","size":"1.1","sizes":[]},"typography_letter_spacing":{"unit":"px","size":"0","sizes":[]},"typography_word_spacing":{"unit":"em","size":0,"sizes":[]}},"elements":[],"isInner":false,"widgetType":"heading","elType":"widget"},{"id":"2f4744ef","settings":{"layout":"full_width","gap":"no","structure":"20","margin":{"unit":"%","top":"4","right":"0","bottom":"0","left":"0","isLinked":""},"content_width":{"unit":"px","size":"1440","sizes":[]}},"elements":[{"id":"7ab8c996","settings":{"_column_size":"50","_inline_size_tablet":"100","margin":{"unit":"%","top":"0","right":"15","bottom":"0","left":"0","isLinked":""},"margin_tablet":{"unit":"px","top":"0","right":"0","bottom":"0","left":"0","isLinked":""},"padding":{"unit":"%","top":"","right":"","bottom":"","left":"","isLinked":"1"},"space_between_widgets":0},"elements":[{"id":"5b7c6da6","settings":{"tabs":[{"tab_title":"A frequently asked question surrounding your service","tab_content":"A detailed answer to provide information about your business, build trust with potential clients, and help convince the visitor that you are a good fit for them.","_id":"08cb630"},{"tab_title":"A frequently asked question surrounding your service","tab_content":"A detailed answer to provide information about your business, build trust with potential clients, and help convince the visitor that you are a good fit for them.","_id":"d4eb9ce"},{"tab_title":"A frequently asked question surrounding your service","tab_content":"A detailed answer to provide information about your business, build trust with potential clients, and help convince the visitor that you are a good fit for them.","_id":"4e8aa86"},{"tab_title":"A frequently asked question surrounding your service","tab_content":"A detailed answer to provide information about your business, build trust with potential clients, and help convince the visitor that you are a good fit for them.","_id":"eb28bc6"}],"selected_icon":{"value":"","library":""},"selected_active_icon":{"value":"","library":""},"title_html_tag":"h4","border_width":{"unit":"px","size":"0.5","sizes":[]},"space_between":{"unit":"px","size":"30","sizes":[]},"title_padding":{"unit":"px","top":"0","right":"0","bottom":"30","left":"0","isLinked":""},"icon_align":"right","icon_space":{"unit":"px","size":"53","sizes":[]},"content_padding":{"unit":"px","top":"0","right":"30","bottom":"30","left":"0","isLinked":""},"content_padding_mobile":{"unit":"px","top":"0","right":"0","bottom":"30","left":"0","isLinked":""},"_padding":{"unit":"px","top":"30","right":"0","bottom":"0","left":"0","isLinked":""},"_border_border":"solid","_border_width":{"unit":"px","top":"0.5","right":"0","bottom":"0","left":"0","isLinked":""},"__globals__":{"border_color":"","title_typography_typography":"","icon_color":"","icon_active_color":"","_border_color":""},"border_color":"#D8D8D8","title_color":"#1C244B","tab_active_color":"#1C244B","title_typography_typography":"custom","title_typography_font_family":"Poppins","title_typography_font_size":{"unit":"px","size":"16","sizes":[]},"title_typography_font_size_tablet":{"unit":"px","size":"14","sizes":[]},"title_typography_font_weight":"400","title_typography_text_transform":"capitalize","title_typography_font_style":"normal","title_typography_text_decoration":"none","title_typography_line_height":{"unit":"em","size":"1","sizes":[]},"title_typography_letter_spacing":{"unit":"px","size":"0","sizes":[]},"icon_color":"#1C244B","icon_active_color":"#1C244B","content_color":"#324A6D","content_typography_typography":"custom","content_typography_font_family":"Poppins","content_typography_font_size":{"unit":"px","size":"16","sizes":[]},"content_typography_font_size_tablet":{"unit":"px","size":"14","sizes":[]},"content_typography_font_weight":"300","content_typography_text_transform":"none","content_typography_font_style":"normal","content_typography_text_decoration":"none","content_typography_line_height":{"unit":"em","size":"1.5","sizes":[]},"content_typography_letter_spacing":{"unit":"px","size":"0","sizes":[]},"_border_color":"#C8D5DC","_padding_tablet":{"unit":"px","top":"0","right":"0","bottom":"0","left":"0","isLinked":""},"_border_width_tablet":{"unit":"px","top":"0","right":"0","bottom":"0","left":"0","isLinked":""},"title_typography_word_spacing":{"unit":"em","size":0,"sizes":[]},"content_typography_word_spacing":{"unit":"em","size":0,"sizes":[]}},"elements":[],"isInner":false,"widgetType":"toggle","elType":"widget"}],"isInner":"1","elType":"column"},{"id":"105ac17d","settings":{"_column_size":"50","_inline_size_tablet":"100","margin":{"unit":"%","top":"0","right":"0","bottom":"0","left":"15","isLinked":""},"margin_tablet":{"unit":"px","top":"30","right":"0","bottom":"0","left":"0","isLinked":""},"space_between_widgets":0},"elements":[{"id":"3b7c5967","settings":{"tabs":[{"tab_title":"A frequently asked question surrounding your service","tab_content":"A detailed answer to provide information about your business, build trust with potential clients, and help convince the visitor that you are a good fit for them.","_id":"08cb630"},{"tab_title":"A frequently asked question surrounding your service","tab_content":"A detailed answer to provide information about your business, build trust with potential clients, and help convince the visitor that you are a good fit for them.","_id":"d4eb9ce"},{"tab_title":"A frequently asked question surrounding your service","tab_content":"A detailed answer to provide information about your business, build trust with potential clients, and help convince the visitor that you are a good fit for them.","_id":"4e8aa86"},{"tab_title":"A frequently asked question surrounding your service","tab_content":"A detailed answer to provide information about your business, build trust with potential clients, and help convince the visitor that you are a good fit for them.","_id":"eb28bc6"}],"selected_icon":{"value":"","library":""},"selected_active_icon":{"value":"","library":""},"title_html_tag":"h4","border_width":{"unit":"px","size":"0.5","sizes":[]},"space_between":{"unit":"px","size":"30","sizes":[]},"title_padding":{"unit":"px","top":"0","right":"0","bottom":"30","left":"0","isLinked":""},"icon_align":"right","icon_space":{"unit":"px","size":"53","sizes":[]},"content_padding":{"unit":"px","top":"0","right":"30","bottom":"30","left":"0","isLinked":""},"content_padding_mobile":{"unit":"px","top":"0","right":"0","bottom":"30","left":"0","isLinked":""},"_padding":{"unit":"px","top":"30","right":"0","bottom":"0","left":"0","isLinked":""},"_border_border":"solid","_border_width":{"unit":"px","top":"0.5","right":"0","bottom":"0","left":"0","isLinked":""},"__globals__":{"border_color":"","title_typography_typography":"","icon_color":"","icon_active_color":"","_border_color":""},"_padding_tablet":{"unit":"px","top":"0","right":"0","bottom":"0","left":"0","isLinked":""},"_border_width_tablet":{"unit":"px","top":"0","right":"0","bottom":"0","left":"0","isLinked":""},"border_color":"#D8D8D8","title_color":"#1C244B","tab_active_color":"#1C244B","title_typography_typography":"custom","title_typography_font_family":"Poppins","title_typography_font_size":{"unit":"px","size":"16","sizes":[]},"title_typography_font_size_tablet":{"unit":"px","size":"14","sizes":[]},"title_typography_font_weight":"400","title_typography_text_transform":"capitalize","title_typography_font_style":"normal","title_typography_text_decoration":"none","title_typography_line_height":{"unit":"em","size":"1","sizes":[]},"title_typography_letter_spacing":{"unit":"px","size":"0","sizes":[]},"icon_color":"#1C244B","icon_active_color":"#1C244B","content_color":"#324A6D","content_typography_typography":"custom","content_typography_font_family":"Poppins","content_typography_font_size":{"unit":"px","size":"16","sizes":[]},"content_typography_font_size_tablet":{"unit":"px","size":"14","sizes":[]},"content_typography_font_weight":"300","content_typography_text_transform":"none","content_typography_font_style":"normal","content_typography_text_decoration":"none","content_typography_line_height":{"unit":"em","size":"1.5","sizes":[]},"content_typography_letter_spacing":{"unit":"px","size":"0","sizes":[]},"_border_color":"#C8D5DC","title_typography_word_spacing":{"unit":"em","size":0,"sizes":[]},"content_typography_word_spacing":{"unit":"em","size":0,"sizes":[]}},"elements":[],"isInner":false,"widgetType":"toggle","elType":"widget"}],"isInner":"1","elType":"column"}],"isInner":"1","elType":"section"}],"isInner":"","elType":"column"}],"isInner":"","elType":"section"},{"id":"100f7ff5","settings":{"gap":"no","content_position":"middle","margin":{"unit":"%","top":"12","right":"0","bottom":"0","left":"0","isLinked":""},"padding":{"unit":"%","top":"0","right":"3","bottom":"0","left":"3","isLinked":""},"padding_tablet":{"unit":"%","top":"0","right":"5","bottom":"0","left":"5","isLinked":""},"reverse_order_tablet":"reverse-tablet","reverse_order_mobile":"reverse-mobile","margin_tablet":{"unit":"%","top":"15","right":0,"bottom":"0","left":0,"isLinked":""},"margin_mobile":{"unit":"%","top":"25","right":0,"bottom":"0","left":0,"isLinked":""},"_title":"CTA","content_width":{"unit":"px","size":"750","sizes":[]},"padding_mobile":{"unit":"%","top":"","right":"","bottom":"","left":"","isLinked":"1"},"content_width_tablet":{"unit":"px","size":500,"sizes":[]}},"elements":[{"id":"23eb585c","settings":{"_column_size":"100","padding":{"unit":"%","top":"","right":"","bottom":"","left":"","isLinked":"1"},"_inline_size_tablet":"100","margin_tablet":{"unit":"%","top":"","right":"","bottom":"","left":"","isLinked":"1"},"padding_mobile":{"unit":"px","top":"0","right":"0","bottom":"0","left":"0","isLinked":""},"space_between_widgets":"20","padding_tablet":{"unit":"%","top":"","right":"","bottom":"","left":"","isLinked":true}},"elements":[{"id":"4c540018","settings":{"title":"A Title to Turn the Visitor Into a Lead","align_mobile":"center","header_size":"h3","align":"center","title_color":"#1C244B","typography_typography":"custom","typography_font_family":"Poppins","typography_font_size":{"unit":"px","size":"65","sizes":[]},"typography_font_size_tablet":{"unit":"px","size":"45","sizes":[]},"typography_font_size_mobile":{"unit":"px","size":"28","sizes":[]},"typography_font_weight":"600","typography_text_transform":"none","typography_font_style":"normal","typography_text_decoration":"none","typography_line_height":{"unit":"em","size":"1.2","sizes":[]},"typography_line_height_mobile":{"unit":"em","size":"1.1","sizes":[]},"typography_letter_spacing":{"unit":"px","size":"0","sizes":[]},"typography_word_spacing":{"unit":"em","size":"0","sizes":[]}},"elements":[],"isInner":false,"widgetType":"heading","elType":"widget"},{"id":"4afa5ed9","settings":{"editor":"Use this short paragraph to explain how you will deliver this benefit to the visitor if they decide to work with you.","_padding":{"unit":"%","top":"0","right":"20","bottom":"0","left":"20","isLinked":""},"_padding_tablet":{"unit":"%","top":"0","right":"5","bottom":"0","left":"5","isLinked":false},"_padding_mobile":{"unit":"%","top":"0","right":"0","bottom":"0","left":"0","isLinked":""},"align":"center","text_color":"#324A6D","typography_typography":"custom","typography_font_family":"Poppins","typography_font_size":{"unit":"px","size":"16","sizes":[]},"typography_font_size_tablet":{"unit":"px","size":"14","sizes":[]},"typography_font_weight":"300","typography_text_transform":"none","typography_font_style":"normal","typography_text_decoration":"none","typography_line_height":{"unit":"em","size":"1.5","sizes":[]},"typography_letter_spacing":{"unit":"px","size":"0","sizes":[]},"typography_word_spacing":{"unit":"em","size":"0","sizes":[]}},"elements":[],"isInner":false,"widgetType":"text-editor","elType":"widget"},{"id":"6c3ae4c4","settings":{"text":"Learn more","button_text_color":"#FFFFFF","border_border":"solid","border_width":{"unit":"px","top":"1","right":"1","bottom":"1","left":"1","isLinked":"1"},"border_color":"#467FF7","border_radius":{"unit":"px","top":"100","right":"100","bottom":"100","left":"100","isLinked":"1"},"text_padding":{"unit":"px","top":"16","right":"55","bottom":"16","left":"55","isLinked":""},"_margin":{"unit":"%","top":"","right":"","bottom":"","left":"","isLinked":true},"__globals__":{"button_text_color":"","border_color":"","button_background_hover_color":"","hover_color":""},"align":"center","typography_typography":"custom","typography_font_family":"Poppins","typography_font_size":{"unit":"px","size":"16","sizes":[]},"typography_font_size_tablet":{"unit":"px","size":"14","sizes":[]},"typography_font_weight":"400","typography_text_transform":"capitalize","typography_font_style":"normal","typography_text_decoration":"none","typography_line_height":{"unit":"em","size":"1","sizes":[]},"typography_letter_spacing":{"unit":"px","size":"0","sizes":[]},"background_color":"#467FF7","hover_color":"#467FF7","button_background_hover_color":"#02010100","typography_word_spacing":{"unit":"em","size":"0","sizes":[]},"align_mobile":"center","text_padding_mobile":{"unit":"px","top":"15","right":"35","bottom":"15","left":"35","isLinked":false},"_margin_tablet":{"unit":"%","top":"","right":"","bottom":"","left":"","isLinked":true},"_margin_mobile":{"unit":"%","top":"","right":"","bottom":"","left":"","isLinked":true}},"elements":[],"isInner":false,"widgetType":"button","elType":"widget"}],"isInner":"","elType":"column"}],"isInner":"","elType":"section"},{"id":"3e838e30","settings":{"gap":"no","height":"min-height","custom_height":{"unit":"px","size":"45","sizes":[]},"content_position":"middle","background_background":"classic","__globals__":{"background_color":""},"_title":"Copyright","background_color":"#467FF7","content_width":{"unit":"px","size":"750","sizes":[]},"margin_tablet":{"unit":"%","top":"15","right":0,"bottom":"0","left":0,"isLinked":false},"margin_mobile":{"unit":"%","top":"25","right":0,"bottom":"0","left":0,"isLinked":false},"layout":"full_width","padding":{"unit":"%","top":"0","right":"3","bottom":"0","left":"3","isLinked":false},"padding_tablet":{"unit":"%","top":"0","right":"5","bottom":"0","left":"5","isLinked":false},"padding_mobile":{"unit":"%","top":"","right":"","bottom":"","left":"","isLinked":true},"margin":{"unit":"%","top":"12","right":0,"bottom":"0","left":0,"isLinked":false},"html_tag":"footer"},"elements":[{"id":"103d45d2","settings":{"_column_size":"100","space_between_widgets":"0"},"elements":[{"id":"1442a6e","settings":{"title":"\u00a9 All Rights Reserved.","header_size":"p","align":"center","__globals__":{"typography_typography":"","title_color":""},"title_color":"#FFFFFF","typography_typography":"custom","typography_font_family":"Poppins","typography_font_size":{"unit":"px","size":"16","sizes":[]},"typography_font_size_tablet":{"unit":"px","size":"14","sizes":[]},"typography_font_weight":"300","typography_text_transform":"none","typography_font_style":"normal","typography_text_decoration":"none","typography_line_height":{"unit":"em","size":"1.5","sizes":[]},"typography_letter_spacing":{"unit":"px","size":"0","sizes":[]},"__dynamic__":{"title":"[elementor-tag id=\"ab42f97\" name=\"current-date-time\" settings=\"%7B%22date_format%22%3A%22custom%22%2C%22custom_format%22%3A%22Y%22%2C%22before%22%3A%22%C2%A9%20%22%2C%22after%22%3A%22%20All%20Rights%20Reserved.%22%7D\"]"},"typography_word_spacing":{"unit":"em","size":"0","sizes":[]}},"elements":[],"isInner":false,"widgetType":"heading","elType":"widget"}],"isInner":"","elType":"column"}],"isInner":"","elType":"section"}],"page_settings":[],"version":"0.4","title":"wireframe-pricing-1","type":"page"}