{"content":[{"id":"11d4f33f","settings":{"layout":"full_width","gap":"no","height":"min-height","custom_height":{"unit":"px","size":65,"sizes":[]},"custom_height_mobile":{"unit":"vh","size":"","sizes":[]},"padding":{"unit":"%","top":"0","right":"3","bottom":"0","left":"3","isLinked":""},"padding_tablet":{"unit":"%","top":"0","right":"5","bottom":"0","left":"5","isLinked":""},"padding_mobile":{"unit":"%","top":"","right":"","bottom":"","left":"","isLinked":"1"},"_title":"Header","content_position":"middle","html_tag":"header"},"elements":[{"id":"3c71449f","settings":{"_column_size":100,"space_between_widgets":"0","_inline_size":null},"elements":[{"id":"7c36f044","settings":{"image_size":"full","align":"left"},"elements":[],"isInner":false,"widgetType":"image","elType":"widget"}],"isInner":"","elType":"column"}],"isInner":"","elType":"section"},{"id":"649b4705","settings":{"gap":"no","content_position":"middle","margin":{"unit":"%","top":"","right":"0","bottom":"","left":"0","isLinked":"1"},"padding":{"unit":"%","top":"","right":"","bottom":"","left":"","isLinked":true},"padding_tablet":{"unit":"%","top":"","right":"","bottom":"","left":"","isLinked":true},"margin_tablet":{"unit":"%","top":"","right":"0","bottom":"","left":"0","isLinked":"1"},"margin_mobile":{"unit":"%","top":"","right":"0","bottom":"","left":"0","isLinked":"1"},"_title":"Hero","content_width":{"unit":"px","size":"750","sizes":[]},"layout":"full_width","structure":"20","custom_height":{"unit":"px","size":830,"sizes":[]},"padding_mobile":{"unit":"%","top":"","right":"","bottom":"","left":"","isLinked":true},"height":"min-height","custom_height_tablet":{"unit":"px","size":0,"sizes":[]},"column_position":"stretch"},"elements":[{"id":"3a26dbe8","settings":{"_column_size":"50","padding":{"unit":"%","top":"0","right":"15","bottom":"0","left":"15","isLinked":""},"margin_tablet":{"unit":"%","top":"","right":"","bottom":"","left":"","isLinked":"1"},"padding_mobile":{"unit":"%","top":"15","right":"5","bottom":"15","left":"5","isLinked":false},"space_between_widgets":5,"padding_tablet":{"unit":"%","top":"8","right":"5","bottom":"8","left":"5","isLinked":false},"_inline_size_tablet":100,"background_background":"classic","background_color":"#F3F5F8"},"elements":[{"id":"4d245f41","settings":{"title":"Contact Us","header_size":"h1","title_color":"#1C244B","typography_typography":"custom","typography_font_family":"Poppins","typography_font_size":{"unit":"px","size":65,"sizes":[]},"typography_font_size_tablet":{"unit":"px","size":45,"sizes":[]},"typography_font_size_mobile":{"unit":"px","size":28,"sizes":[]},"typography_font_weight":"600","typography_text_transform":"none","typography_font_style":"normal","typography_text_decoration":"none","typography_line_height":{"unit":"em","size":1.2,"sizes":[]},"typography_line_height_mobile":{"unit":"em","size":1,"sizes":[]},"typography_letter_spacing":{"unit":"px","size":0,"sizes":[]},"typography_word_spacing":{"unit":"em","size":0,"sizes":[]},"__globals__":{"typography_typography":""}},"elements":[],"isInner":false,"widgetType":"heading","elType":"widget"},{"id":"67fdcf89","settings":{"editor":"<p>We would love to speak with you.<br \/>Feel free to reach out using the below details.<\/p>","_padding":{"unit":"%","top":"","right":"","bottom":"","left":"","isLinked":true},"_padding_tablet":{"unit":"%","top":"","right":"","bottom":"","left":"","isLinked":true},"_padding_mobile":{"unit":"%","top":"","right":"","bottom":"","left":"","isLinked":true},"align":"left","text_color":"#324A6D","typography_typography":"custom","typography_font_family":"Poppins","typography_font_size":{"unit":"px","size":"16","sizes":[]},"typography_font_size_tablet":{"unit":"px","size":"14","sizes":[]},"typography_font_weight":"300","typography_text_transform":"none","typography_font_style":"normal","typography_text_decoration":"none","typography_line_height":{"unit":"em","size":"1.5","sizes":[]},"typography_letter_spacing":{"unit":"px","size":"0","sizes":[]},"align_mobile":"left","typography_word_spacing":{"unit":"em","size":0,"sizes":[]}},"elements":[],"isInner":false,"widgetType":"text-editor","elType":"widget"},{"id":"5dd6ec4","settings":{"title":"Get In Touch","header_size":"h4","title_color":"#1C244B","typography_typography":"custom","typography_font_family":"Poppins","typography_font_size":{"unit":"px","size":22,"sizes":[]},"typography_font_size_tablet":{"unit":"px","size":20,"sizes":[]},"typography_font_size_mobile":{"unit":"px","size":18,"sizes":[]},"typography_font_weight":"600","typography_text_transform":"capitalize","typography_font_style":"normal","typography_text_decoration":"none","typography_line_height":{"unit":"em","size":1.5,"sizes":[]},"typography_line_height_mobile":{"unit":"em","size":1,"sizes":[]},"typography_letter_spacing":{"unit":"px","size":0,"sizes":[]},"typography_word_spacing":{"unit":"em","size":0,"sizes":[]},"_margin":{"unit":"%","top":"5","right":"0","bottom":"0","left":"0","isLinked":false},"__globals__":{"typography_typography":""},"_margin_tablet":{"unit":"%","top":"2","right":"0","bottom":"0","left":"0","isLinked":false},"_margin_mobile":{"unit":"%","top":"","right":"","bottom":"","left":"","isLinked":true}},"elements":[],"isInner":false,"widgetType":"heading","elType":"widget"},{"id":"71c586cd","settings":{"icon_list":[{"text":"123-456-7890","selected_icon":{"value":"","library":""},"_id":"fda6b98"},{"text":"contact@mysite.com","selected_icon":{"value":"","library":""},"_id":"52c9d1a"}],"space_between":{"unit":"px","size":0,"sizes":[]},"icon_align":"left","divider_color":"#324A6D","icon_color":"#324A6D","text_color":"#324A6D","icon_typography_typography":"custom","icon_typography_font_family":"Poppins","icon_typography_font_size":{"unit":"px","size":"16","sizes":[]},"icon_typography_font_size_tablet":{"unit":"px","size":"14","sizes":[]},"icon_typography_font_weight":"300","icon_typography_text_transform":"none","icon_typography_font_style":"normal","icon_typography_text_decoration":"none","icon_typography_line_height":{"unit":"em","size":"1.5","sizes":[]},"icon_typography_letter_spacing":{"unit":"px","size":"0","sizes":[]},"icon_typography_word_spacing":{"unit":"em","size":"0","sizes":[]},"_element_custom_width_tablet":{"unit":"%","size":"60","sizes":[]},"_element_custom_width_mobile":{"unit":"%","size":"","sizes":[]},"_element_vertical_align":"center","__globals__":{"text_color":"","text_color_hover":"","icon_color":"","divider_color":""}},"elements":[],"isInner":false,"widgetType":"icon-list","elType":"widget"},{"id":"1cfef8ba","settings":{"title":"Hours","header_size":"h4","title_color":"#1C244B","typography_typography":"custom","typography_font_family":"Poppins","typography_font_size":{"unit":"px","size":22,"sizes":[]},"typography_font_size_tablet":{"unit":"px","size":20,"sizes":[]},"typography_font_size_mobile":{"unit":"px","size":18,"sizes":[]},"typography_font_weight":"600","typography_text_transform":"capitalize","typography_font_style":"normal","typography_text_decoration":"none","typography_line_height":{"unit":"em","size":1.5,"sizes":[]},"typography_line_height_mobile":{"unit":"em","size":1,"sizes":[]},"typography_letter_spacing":{"unit":"px","size":0,"sizes":[]},"typography_word_spacing":{"unit":"em","size":0,"sizes":[]},"_margin":{"unit":"%","top":"5","right":"0","bottom":"0","left":"0","isLinked":false},"__globals__":{"typography_typography":""},"_margin_tablet":{"unit":"%","top":"2","right":"0","bottom":"0","left":"0","isLinked":false},"_margin_mobile":{"unit":"%","top":"4","right":"0","bottom":"0","left":"0","isLinked":false}},"elements":[],"isInner":false,"widgetType":"heading","elType":"widget"},{"id":"398de0f4","settings":{"icon_list":[{"text":"Mon-Fri 9:00AM - 5:00PM","selected_icon":{"value":"","library":""},"_id":"fda6b98"},{"text":"Sat-Sun 10:00AM - 6:00PM","selected_icon":{"value":"","library":""},"_id":"52c9d1a"}],"space_between":{"unit":"px","size":0,"sizes":[]},"icon_align":"left","divider_color":"#324A6D","icon_color":"#324A6D","text_color":"#324A6D","icon_typography_typography":"custom","icon_typography_font_family":"Poppins","icon_typography_font_size":{"unit":"px","size":"16","sizes":[]},"icon_typography_font_size_tablet":{"unit":"px","size":"14","sizes":[]},"icon_typography_font_weight":"300","icon_typography_text_transform":"none","icon_typography_font_style":"normal","icon_typography_text_decoration":"none","icon_typography_line_height":{"unit":"em","size":"1.5","sizes":[]},"icon_typography_letter_spacing":{"unit":"px","size":"0","sizes":[]},"icon_typography_word_spacing":{"unit":"em","size":"0","sizes":[]},"_element_custom_width_tablet":{"unit":"%","size":"60","sizes":[]},"_element_custom_width_mobile":{"unit":"%","size":"","sizes":[]},"_element_vertical_align":"center","__globals__":{"text_color":"","text_color_hover":"","icon_color":"","divider_color":""}},"elements":[],"isInner":false,"widgetType":"icon-list","elType":"widget"}],"isInner":"","elType":"column"},{"id":"513f0224","settings":{"_column_size":"50","space_between_widgets":"0","padding_mobile":{"unit":"%","top":"15","right":"5","bottom":"15","left":"5","isLinked":""},"_inline_size_tablet":100,"background_background":"classic","padding":{"unit":"%","top":"0","right":"15","bottom":"0","left":"15","isLinked":false},"padding_tablet":{"unit":"%","top":"8","right":"5","bottom":"8","left":"5","isLinked":false}},"elements":[{"id":"23249831","settings":{"editor":"<p>Fill out the form below and we will contact you as soon as possible!<\/p>","_padding":{"unit":"%","top":"0","right":"25","bottom":"0","left":"25","isLinked":false},"_padding_tablet":{"unit":"%","top":"","right":"","bottom":"","left":"","isLinked":true},"_padding_mobile":{"unit":"%","top":"0","right":"0","bottom":"0","left":"0","isLinked":""},"align":"center","text_color":"#324A6D","typography_typography":"custom","typography_font_family":"Poppins","typography_font_size":{"unit":"px","size":"16","sizes":[]},"typography_font_size_tablet":{"unit":"px","size":"14","sizes":[]},"typography_font_weight":"300","typography_text_transform":"none","typography_font_style":"normal","typography_text_decoration":"none","typography_line_height":{"unit":"em","size":"1.5","sizes":[]},"typography_letter_spacing":{"unit":"px","size":"0","sizes":[]},"align_mobile":"center"},"elements":[],"isInner":false,"widgetType":"text-editor","elType":"widget"},{"id":"6212158a","settings":{"form_name":"Contact Form","form_fields":[{"_id":"5a3e178","field_label":"Your Name","placeholder":"Your Name","required":"true","custom_id":"name","width":"50","previous_button":"","next_button":"","file_sizes":"","file_types":"","allow_multiple_upload":"","max_files":"","acceptance_text":"","checked_by_default":"","field_min":"","field_max":"","min_date":"","max_date":"","use_native_date":"","use_native_time":""},{"custom_id":"email","field_type":"email","required":"true","field_label":"Your email","placeholder":"Your Email","_id":"cd2e872","width_tablet":"50","width":"50","previous_button":"","next_button":"","file_sizes":"","file_types":"","allow_multiple_upload":"","max_files":"","acceptance_text":"","checked_by_default":"","field_min":"","field_max":"","min_date":"","max_date":"","use_native_date":"","use_native_time":""},{"custom_id":"field_5057311","field_type":"tel","required":"true","field_label":"Phone Number","placeholder":"Phone Number","width_tablet":"50","width":"50","_id":"5057311","previous_button":"","next_button":"","file_sizes":"","file_types":"","allow_multiple_upload":"","max_files":"","acceptance_text":"","checked_by_default":"","field_min":"","field_max":"","min_date":"","max_date":"","use_native_date":"","use_native_time":""},{"custom_id":"field_d6c1e2e","field_type":"select","required":"true","field_label":"Service Type","placeholder":"Phone Number","width_tablet":"50","field_options":"Service 1\nService 3\nService 4\nService Type","width":"50","_id":"d6c1e2e","previous_button":"","next_button":"","file_sizes":"","file_types":"","allow_multiple_upload":"","max_files":"","acceptance_text":"","checked_by_default":"","field_min":"","field_max":"","min_date":"","max_date":"","use_native_date":"","use_native_time":""},{"_id":"71766c7","field_type":"textarea","field_label":"Message","placeholder":"Message","custom_id":"field_71766c7","previous_button":"","next_button":"","file_sizes":"","file_types":"","allow_multiple_upload":"","max_files":"","acceptance_text":"","checked_by_default":"","field_min":"","field_max":"","min_date":"","max_date":"","use_native_date":"","use_native_time":""}],"step_next_label":"Next","step_previous_label":"Previous","button_text":"Send","email_content":"[all-fields]","email_content_2":"[all-fields]","success_message":"The form was sent successfully.","error_message":"An error occurred.","required_field_message":"This field is required.","invalid_message":"There's something wrong. The form is invalid.","html_spacing":{"unit":"px","size":36,"sizes":[]},"_margin":{"unit":"%","top":"0","right":"0","bottom":"0","left":"0","isLinked":false},"_padding":{"unit":"%","top":"0","right":"0","bottom":"0","left":"0","isLinked":false},"__globals__":{"_background_color":"","success_message_color":"","error_message_color":"","inline_message_color":"","field_text_color":"","field_border_color":"","button_text_color":"","button_border_color":"","button_background_hover_color":"","button_hover_border_color":"","button_hover_color":"","field_typography_typography":""},"show_labels":"","column_gap":{"unit":"px","size":22,"sizes":[]},"row_gap":{"unit":"px","size":20,"sizes":[]},"field_text_color":"#324A6D","field_background_color":"","field_border_color":"#C8D5DC","field_border_width":{"unit":"px","top":"1","right":"1","bottom":"1","left":"1","isLinked":true},"field_border_radius":{"unit":"px","top":"0","right":"0","bottom":"0","left":"0","isLinked":false},"button_border_border":"solid","button_border_width":{"unit":"px","top":"1","right":"1","bottom":"1","left":"1","isLinked":true},"button_text_color":"#FFFFFF","button_border_color":"#467FF7","button_background_hover_color":"#02010100","button_hover_color":"#467FF7","button_hover_border_color":"#467FF7","button_border_radius":{"unit":"px","top":"50","right":"50","bottom":"50","left":"50","isLinked":true},"button_text_padding":{"unit":"px","top":"16","right":"55","bottom":"16","left":"55","isLinked":false},"success_message_color":"#324A6D","error_message_color":"#324A6D","inline_message_color":"#324A6D","input_size":"md","button_size":"md","button_width_tablet":"100","_element_custom_width":{"unit":"px","size":641,"sizes":[]},"_element_custom_width_tablet":{"unit":"%","size":"","sizes":[]},"_element_custom_width_mobile":{"unit":"%","size":"","sizes":[]},"_padding_tablet":{"unit":"px","top":"0","right":"0","bottom":"0","left":"0","isLinked":false},"button_align":"center","label_spacing":{"unit":"px","size":14,"sizes":[]},"label_color":"#324A6D","label_typography_typography":"custom","label_typography_font_family":"Poppins","label_typography_font_size":{"unit":"px","size":16,"sizes":[]},"label_typography_font_size_tablet":{"unit":"px","size":14,"sizes":[]},"label_typography_font_weight":"300","label_typography_text_transform":"none","label_typography_font_style":"normal","label_typography_text_decoration":"none","label_typography_line_height":{"unit":"em","size":1.5,"sizes":[]},"label_typography_letter_spacing":{"unit":"px","size":0,"sizes":[]},"html_color":"#324A6D","html_typography_typography":"custom","html_typography_font_family":"Poppins","html_typography_font_size":{"unit":"px","size":16,"sizes":[]},"html_typography_font_size_tablet":{"unit":"px","size":14,"sizes":[]},"html_typography_font_weight":"300","html_typography_text_transform":"none","html_typography_font_style":"normal","html_typography_text_decoration":"none","html_typography_line_height":{"unit":"em","size":1.5,"sizes":[]},"html_typography_letter_spacing":{"unit":"px","size":0,"sizes":[]},"field_typography_typography":"custom","field_typography_font_family":"Poppins","field_typography_font_size":{"unit":"px","size":16,"sizes":[]},"field_typography_font_size_tablet":{"unit":"px","size":14,"sizes":[]},"field_typography_font_weight":"300","field_typography_text_transform":"none","field_typography_font_style":"normal","field_typography_text_decoration":"none","field_typography_line_height":{"unit":"em","size":1.5,"sizes":[]},"field_typography_letter_spacing":{"unit":"px","size":0,"sizes":[]},"button_typography_typography":"custom","button_typography_font_family":"Poppins","button_typography_font_size":{"unit":"px","size":16,"sizes":[]},"button_typography_font_size_tablet":{"unit":"px","size":14,"sizes":[]},"button_typography_font_weight":"400","button_typography_text_transform":"capitalize","button_typography_font_style":"normal","button_typography_text_decoration":"none","button_typography_line_height":{"unit":"em","size":1,"sizes":[]},"button_typography_letter_spacing":{"unit":"px","size":0,"sizes":[]},"button_background_color":"#467FF7","previous_button_background_color":"#467FF7","message_typography_typography":"custom","message_typography_font_family":"Poppins","message_typography_font_size":{"unit":"px","size":16,"sizes":[]},"message_typography_font_size_tablet":{"unit":"px","size":14,"sizes":[]},"message_typography_font_weight":"300","message_typography_text_transform":"none","message_typography_font_style":"normal","message_typography_text_decoration":"none","message_typography_line_height":{"unit":"em","size":1.5,"sizes":[]},"message_typography_letter_spacing":{"unit":"px","size":0,"sizes":[]},"steps_typography_typography":"custom","steps_typography_font_family":"Poppins","steps_typography_font_size":{"unit":"px","size":16,"sizes":[]},"steps_typography_font_size_tablet":{"unit":"px","size":14,"sizes":[]},"steps_typography_font_weight":"400","steps_typography_text_transform":"capitalize","steps_typography_font_style":"normal","steps_typography_text_decoration":"none","steps_typography_line_height":{"unit":"em","size":1,"sizes":[]},"steps_typography_letter_spacing":{"unit":"px","size":0,"sizes":[]},"step_inactive_primary_color":"#324A6D","step_active_primary_color":"#467FF7","step_completed_primary_color":"#467FF7","label_typography_word_spacing":{"unit":"em","size":0,"sizes":[]},"html_typography_word_spacing":{"unit":"em","size":0,"sizes":[]},"field_typography_word_spacing":{"unit":"em","size":0,"sizes":[]},"button_typography_word_spacing":{"unit":"em","size":0,"sizes":[]},"message_typography_word_spacing":{"unit":"em","size":0,"sizes":[]}},"elements":[],"isInner":false,"widgetType":"form","elType":"widget"}],"isInner":false,"elType":"column"}],"isInner":"","elType":"section"},{"id":"48e338ce","settings":{"layout":"full_width","gap":"no","structure":"20","margin":{"unit":"%","top":"12","right":0,"bottom":"0","left":0,"isLinked":false},"z_index":0,"margin_tablet":{"unit":"%","top":"15","right":0,"bottom":"0","left":0,"isLinked":false},"margin_mobile":{"unit":"%","top":"25","right":0,"bottom":"0","left":0,"isLinked":false},"_title":"Map","padding":{"unit":"%","top":"0","right":"3","bottom":"0","left":"0","isLinked":false},"padding_tablet":{"unit":"%","top":"0","right":"5","bottom":"0","left":"0","isLinked":false},"padding_mobile":{"unit":"%","top":"0","right":"5","bottom":"0","left":"5","isLinked":false},"reverse_order_mobile":"reverse-mobile","content_position":"middle"},"elements":[{"id":"12346805","settings":{"_column_size":50,"_inline_size":55,"background_background":"classic","background_image":{"url":"","id":"","alt":"","source":"library"},"background_position":"center center","background_repeat":"no-repeat","background_size":"cover","space_between_widgets":0,"margin_mobile":{"unit":"%","top":"15","right":"0","bottom":"0","left":"0","isLinked":false}},"elements":[{"id":"1c48c5e8","settings":{"address":"Broadway &, Chambers St, New York, NY 10007, United States","zoom":{"unit":"px","size":17,"sizes":[]},"height":{"unit":"px","size":606,"sizes":[]},"height_tablet":{"unit":"px","size":320,"sizes":[]},"height_mobile":{"unit":"px","size":218,"sizes":[]},"css_filters_css_filter":"custom","css_filters_brightness":{"unit":"px","size":95,"sizes":[]},"css_filters_contrast":{"unit":"px","size":107,"sizes":[]},"css_filters_saturate":{"unit":"px","size":5,"sizes":[]},"css_filters_hover_css_filter":"custom"},"elements":[],"isInner":false,"widgetType":"google_maps","elType":"widget"}],"isInner":false,"elType":"column"},{"id":"267d043a","settings":{"_column_size":50,"_inline_size":44.874,"padding":{"unit":"%","top":"0","right":"0","bottom":"0","left":"15","isLinked":false},"padding_tablet":{"unit":"%","top":"","right":"","bottom":"","left":"","isLinked":true},"padding_mobile":{"unit":"%","top":"0","right":"0","bottom":"0","left":"0","isLinked":false},"space_between_widgets":15},"elements":[{"id":"38574413","settings":{"title":"Visit Us","__globals__":{"typography_typography":""},"title_color":"#1C244B","typography_typography":"custom","typography_font_family":"Poppins","typography_font_size":{"unit":"px","size":65,"sizes":[]},"typography_font_size_tablet":{"unit":"px","size":42,"sizes":[]},"typography_font_size_mobile":{"unit":"px","size":28,"sizes":[]},"typography_font_weight":"600","typography_text_transform":"none","typography_font_style":"normal","typography_text_decoration":"none","typography_line_height":{"unit":"em","size":1.2,"sizes":[]},"typography_line_height_mobile":{"unit":"em","size":1.1,"sizes":[]},"typography_letter_spacing":{"unit":"px","size":0,"sizes":[]},"typography_word_spacing":{"unit":"em","size":0,"sizes":[]},"align_mobile":"center"},"elements":[],"isInner":false,"widgetType":"heading","elType":"widget"},{"id":"7d12e70a","settings":{"selected_icon":{"value":"","library":""},"title_text":"Address:","description_text":"123 Main Street\nNew York, NY 10001","title_size":"h4","text_align":"left","text_align_mobile":"center","title_bottom_space_tablet":{"unit":"px","size":5,"sizes":[]},"title_color":"#1C244B","title_typography_typography":"custom","title_typography_font_family":"Poppins","title_typography_font_size":{"unit":"px","size":22,"sizes":[]},"title_typography_font_size_mobile":{"unit":"px","size":18,"sizes":[]},"title_typography_font_weight":"600","title_typography_text_transform":"capitalize","title_typography_font_style":"normal","title_typography_text_decoration":"none","title_typography_line_height":{"unit":"em","size":1.2,"sizes":[]},"title_typography_line_height_mobile":{"unit":"em","size":1.1,"sizes":[]},"title_typography_letter_spacing":{"unit":"px","size":0,"sizes":[]},"title_typography_word_spacing":{"unit":"em","size":0,"sizes":[]},"description_color":"#324A6D","description_typography_typography":"custom","description_typography_font_family":"Poppins","description_typography_font_size":{"unit":"px","size":16,"sizes":[]},"description_typography_font_size_tablet":{"unit":"px","size":14,"sizes":[]},"description_typography_font_weight":"300","description_typography_text_transform":"none","description_typography_font_style":"normal","description_typography_text_decoration":"none","description_typography_line_height":{"unit":"em","size":1.5,"sizes":[]},"description_typography_letter_spacing":{"unit":"px","size":0,"sizes":[]},"description_typography_word_spacing":{"unit":"em","size":0,"sizes":[]}},"elements":[],"isInner":false,"widgetType":"icon-box","elType":"widget"}],"isInner":false,"elType":"column"}],"isInner":false,"elType":"section"},{"id":"b4a5508","settings":{"gap":"no","content_position":"middle","margin":{"unit":"%","top":"15","right":"0","bottom":"0","left":"0","isLinked":""},"padding":{"unit":"%","top":"","right":"","bottom":"","left":"","isLinked":"1"},"padding_tablet":{"unit":"%","top":"0","right":"5","bottom":"0","left":"5","isLinked":""},"reverse_order_tablet":"reverse-tablet","reverse_order_mobile":"reverse-mobile","margin_tablet":{"unit":"%","top":"","right":"0","bottom":"","left":"0","isLinked":"1"},"margin_mobile":{"unit":"%","top":"20","right":"0","bottom":"0","left":"0","isLinked":""},"_title":"Newsletter","content_width":{"unit":"px","size":"750","sizes":[]}},"elements":[{"id":"b985580","settings":{"_column_size":"100","padding":{"unit":"%","top":"","right":"","bottom":"","left":"","isLinked":"1"},"margin_tablet":{"unit":"%","top":"","right":"","bottom":"","left":"","isLinked":"1"},"padding_mobile":{"unit":"px","top":"0","right":"0","bottom":"0","left":"0","isLinked":""},"space_between_widgets":"15","padding_tablet":{"unit":"%","top":"0","right":"5","bottom":"0","left":"0","isLinked":""},"space_between_widgets_mobile":"10"},"elements":[{"id":"3477ccf7","settings":{"title":"Join Our Newsletter","header_size":"h3","align":"center","title_color":"#1C244B","typography_typography":"custom","typography_font_family":"Poppins","typography_font_size":{"unit":"px","size":"65","sizes":[]},"typography_font_size_tablet":{"unit":"px","size":"45","sizes":[]},"typography_font_size_mobile":{"unit":"px","size":"28","sizes":[]},"typography_font_weight":"600","typography_text_transform":"none","typography_font_style":"normal","typography_text_decoration":"none","typography_line_height":{"unit":"em","size":"1.2","sizes":[]},"typography_line_height_mobile":{"unit":"em","size":"1.1","sizes":[]},"typography_letter_spacing":{"unit":"px","size":"0","sizes":[]},"_padding":{"unit":"%","top":"","right":"","bottom":"","left":"","isLinked":"1"},"_padding_tablet":{"unit":"%","top":"","right":"","bottom":"","left":"","isLinked":"1"},"_padding_mobile":{"unit":"%","top":"","right":"","bottom":"","left":"","isLinked":"1"},"typography_word_spacing":{"unit":"em","size":"0","sizes":[]}},"elements":[],"isInner":false,"widgetType":"heading","elType":"widget"},{"id":"45830afd","settings":{"editor":"<p>Subscribe to receive our latest updates in your inbox!<\/p>","_padding":{"unit":"%","top":"","right":"","bottom":"","left":"","isLinked":"1"},"_padding_tablet":{"unit":"%","top":"","right":"","bottom":"","left":"","isLinked":"1"},"_padding_mobile":{"unit":"%","top":"0","right":"8","bottom":"0","left":"8","isLinked":""},"align":"center","text_color":"#324A6D","typography_typography":"custom","typography_font_family":"Poppins","typography_font_size":{"unit":"px","size":"16","sizes":[]},"typography_font_size_tablet":{"unit":"px","size":"14","sizes":[]},"typography_font_weight":"300","typography_text_transform":"none","typography_font_style":"normal","typography_text_decoration":"none","typography_line_height":{"unit":"em","size":"1.5","sizes":[]},"typography_letter_spacing":{"unit":"px","size":"0","sizes":[]},"align_mobile":"center","typography_word_spacing":{"unit":"em","size":"0","sizes":[]}},"elements":[],"isInner":false,"widgetType":"text-editor","elType":"widget"},{"id":"7c55eab1","settings":{"form_name":"Newsletter Form","form_fields":[{"custom_id":"email","field_type":"email","required":"true","field_label":"Email","placeholder":"Your email","width":"60","_id":"17a75fb","width_mobile":"100","previous_button":"","next_button":"","file_sizes":"","file_types":"","allow_multiple_upload":"","max_files":"","acceptance_text":"","checked_by_default":"","field_min":"","field_max":"","min_date":"","max_date":"","use_native_date":"","use_native_time":""}],"input_size":"md","show_labels":"","button_size":"md","button_width":"40","button_align":"end","button_align_mobile":"center","step_next_label":"Next","step_previous_label":"Previous","button_text":"Sign Up","email_content":"[all-fields]","email_content_2":"[all-fields]","success_message":"The form was sent successfully.","error_message":"An error occurred.","required_field_message":"This field is required.","invalid_message":"There&#039;s something wrong. The form is invalid.","row_gap":{"unit":"px","size":"20","sizes":[]},"label_color":"#7A7A7A","label_typography_typography":"custom","label_typography_font_family":"Roboto","label_typography_font_weight":"400","html_color":"#7A7A7A","html_typography_typography":"custom","html_typography_font_family":"Roboto","html_typography_font_weight":"400","field_text_color":"#324A6D","field_typography_typography":"custom","field_typography_font_family":"Poppins","field_typography_font_size":{"unit":"px","size":"16","sizes":[]},"field_typography_font_weight":"300","field_typography_text_transform":"none","field_typography_font_style":"normal","field_typography_text_decoration":"none","field_typography_line_height":{"unit":"em","size":"1.5","sizes":[]},"field_typography_letter_spacing":{"unit":"px","size":"0","sizes":[]},"field_typography_word_spacing":{"unit":"em","size":"0","sizes":[]},"field_border_color":"#C8D5DC","field_border_width":{"unit":"px","top":"0","right":"0","bottom":"1","left":"0","isLinked":""},"field_border_radius":{"unit":"px","top":"0","right":"0","bottom":"0","left":"0","isLinked":""},"button_typography_typography":"custom","button_typography_font_family":"Poppins","button_typography_font_size":{"unit":"px","size":"16","sizes":[]},"button_typography_font_weight":"400","button_typography_text_transform":"none","button_typography_font_style":"normal","button_typography_text_decoration":"none","button_typography_line_height":{"unit":"em","size":"1.1","sizes":[]},"button_typography_letter_spacing":{"unit":"px","size":"0","sizes":[]},"button_typography_word_spacing":{"unit":"em","size":"0","sizes":[]},"button_border_border":"solid","button_border_width":{"unit":"px","top":"1","right":"1","bottom":"1","left":"1","isLinked":"1"},"button_background_color":"#467FF7","button_border_color":"#467FF7","previous_button_background_color":"#61CE70","button_background_hover_color":"#FFFFFF","button_hover_color":"#467FF7","button_hover_border_color":"#467FF7","button_border_radius":{"unit":"px","top":"30","right":"30","bottom":"30","left":"30","isLinked":"1"},"button_text_padding":{"unit":"px","top":"16","right":"55","bottom":"16","left":"55","isLinked":""},"_padding":{"unit":"%","top":"0","right":"15","bottom":"0","left":"15","isLinked":""},"_padding_tablet":{"unit":"%","top":"","right":"","bottom":"","left":"","isLinked":"1"},"_padding_mobile":{"unit":"%","top":"0","right":"0","bottom":"0","left":"0","isLinked":""}},"elements":[],"isInner":false,"widgetType":"form","elType":"widget"}],"isInner":"","elType":"column"}],"isInner":"","elType":"section"},{"id":"5d418cd","settings":{"gap":"no","height":"min-height","custom_height":{"unit":"px","size":"45","sizes":[]},"content_position":"middle","background_background":"classic","__globals__":{"background_color":""},"_title":"Copyright","background_color":"#467FF7","content_width":{"unit":"px","size":"750","sizes":[]},"margin_tablet":{"unit":"%","top":"15","right":0,"bottom":"0","left":0,"isLinked":false},"margin_mobile":{"unit":"%","top":"25","right":0,"bottom":"0","left":0,"isLinked":false},"layout":"full_width","margin":{"unit":"%","top":"12","right":0,"bottom":"0","left":0,"isLinked":false},"padding":{"unit":"%","top":"0","right":"3","bottom":"0","left":"3","isLinked":false},"padding_tablet":{"unit":"%","top":"0","right":"5","bottom":"0","left":"5","isLinked":false},"padding_mobile":{"unit":"%","top":"4","right":"10","bottom":"4","left":"10","isLinked":false},"html_tag":"footer"},"elements":[{"id":"68346c3d","settings":{"_column_size":"100","space_between_widgets":"0"},"elements":[{"id":"33444a7d","settings":{"view":"inline","icon_list":[{"text":"123-456-7890\u00a0|","selected_icon":{"value":"","library":""},"_id":"3f85ab9","__dynamic__":{"text":"[elementor-tag id=\"5b9564d\" name=\"current-date-time\" settings=\"%7B%22date_format%22%3A%22custom%22%2C%22custom_format%22%3A%22Y%22%2C%22before%22%3A%22%C2%A9%20%20%22%2C%22after%22%3A%22%20All%20Rights%20Reserved.%22%7D\"]"}},{"text":"Contact@Mysite.com |","selected_icon":{"value":"","library":""},"_id":"97aaafe"},{"text":"123-456-7890\u00a0","selected_icon":{"value":"","library":""},"_id":"1186160"}],"space_between":{"unit":"px","size":8,"sizes":[]},"space_between_mobile":{"unit":"px","size":8,"sizes":[]},"icon_align":"center","icon_align_mobile":"center","text_color":"#FFFFFF","text_indent":{"unit":"px","size":0,"sizes":[]},"icon_typography_typography":"custom","icon_typography_font_family":"Poppins","icon_typography_font_size":{"unit":"px","size":16,"sizes":[]},"icon_typography_font_weight":"300","icon_typography_text_transform":"none","icon_typography_font_style":"normal","icon_typography_text_decoration":"none","icon_typography_line_height":{"unit":"em","size":1.5,"sizes":[]},"icon_typography_letter_spacing":{"unit":"px","size":0,"sizes":[]},"icon_typography_word_spacing":{"unit":"em","size":0,"sizes":[]},"icon_typography_font_size_tablet":{"unit":"px","size":14,"sizes":[]},"icon_typography_font_size_mobile":{"unit":"px","size":14,"sizes":[]}},"elements":[],"isInner":false,"widgetType":"icon-list","elType":"widget"}],"isInner":"","elType":"column"}],"isInner":"","elType":"section"}],"page_settings":[],"version":"0.4","title":"wireframe-contact-5","type":"page"}