{"version":"0.4","title":"Homepage-Construction-Company-page.","type":"page","content":[{"id":"7c811212","settings":{"content_width":{"unit":"px","size":"800"},"height":"min-height","custom_height":{"unit":"px","size":712},"background_background":"classic","background_image":{"id":303,"url":"http:\/\/localhost\/test\/wp-content\/uploads\/2018\/09\/home-page-top-cover.jpg"},"background_repeat":"no-repeat","background_size":"cover","background_overlay_title":"","gap":"no","padding_tablet":{"unit":"px","top":"0","right":"50","bottom":"0","left":"50","isLinked":false},"padding_mobile":{"unit":"px","top":"60","right":"30","bottom":"30","left":"30","isLinked":false},"background_overlay_background":"classic","background_overlay_color":"rgba(83,90,119,0.04)","background_overlay_hover_background":"classic","background_overlay_hover_color":"#535a77","border_border":"solid","border_width":{"unit":"px","top":"0","right":"0","bottom":"8","left":"0","isLinked":false},"border_color":"#ffba00","custom_height_tablet":{"unit":"vh","size":60}},"elements":[{"id":"75613758","settings":{"_column_size":100,"_inline_size":null},"elements":[{"id":"21ad3f5","settings":{"title":"welcome to dml","size":"large","align":"center","title_color":"#ffffff","typography_typography":"custom","typography_font_size":{"unit":"px","size":90},"typography_font_family":"Oswald","typography_font_weight":"bold","typography_text_transform":"uppercase","typography_letter_spacing":{"unit":"px","size":"1"},"header_size":"h1","typography_font_size_mobile":{"unit":"px","size":"64"},"typography_line_height_mobile":{"unit":"px","size":80},"typography_font_size_tablet":{"unit":"px","size":70},"text_shadow_text_shadow_type":"yes","text_shadow_text_shadow":{"horizontal":0,"vertical":0,"blur":25,"color":"rgba(0,0,0,0.29)"}},"elements":[],"isInner":false,"widgetType":"heading","elType":"widget"},{"id":"4deebf3f","settings":{"title":"We guarantee the highest quality workmanship in the construction industry, established in 20 years of experience","size":"large","align":"center","title_color":"#ffffff","typography_typography":"custom","typography_font_size":{"unit":"px","size":"23"},"typography_font_family":"Roboto","typography_font_weight":"300","typography_letter_spacing":{"unit":"px","size":0},"typography_font_size_mobile":{"unit":"px","size":20},"typography_line_height":{"unit":"em","size":"1.5"},"typography_font_size_tablet":{"unit":"px","size":20}},"elements":[],"isInner":false,"widgetType":"heading","elType":"widget"},{"id":"4d2cfb79","settings":{"space":{"unit":"px","size":149}},"elements":[],"isInner":false,"widgetType":"spacer","elType":"widget"}],"isInner":false,"elType":"column"}],"isInner":false,"elType":"section"},{"id":"243328e1","settings":{"content_width":{"unit":"px","size":1000},"custom_height":{"unit":"px","size":"650"},"background_image":{"id":308,"url":"http:\/\/localhost\/test\/wp-content\/uploads\/2018\/09\/home-page-1.jpg"},"background_size":"cover","background_overlay_title":"","box_shadow_box_shadow":{"horizontal":0,"vertical":0,"blur":"50","spread":0,"inset":"","color":"rgba(0,0,0,0.5)"},"padding_mobile":{"unit":"px","top":"0","right":"0","bottom":"0","left":"0","isLinked":true},"custom_height_tablet":{"unit":"px","size":500},"margin_tablet":{"unit":"px","top":"","right":0,"bottom":"","left":0,"isLinked":true},"margin":{"unit":"px","top":"-180","right":0,"bottom":"0","left":0,"isLinked":false}},"elements":[{"id":"2a8a679a","settings":{"_column_size":100,"_inline_size":null,"background_background":"classic","background_color":"#ffffff","box_shadow_box_shadow_type":"outset","box_shadow_box_shadow":{"horizontal":0,"vertical":0,"blur":"50","spread":0,"inset":"","color":"rgba(0,0,0,0.16)"},"padding":{"unit":"px","top":"70","right":"70","bottom":"70","left":"70","isLinked":true},"margin_tablet":{"unit":"px","top":"0","right":"50","bottom":"0","left":"50","isLinked":false},"margin_mobile":{"unit":"px","top":"30","right":"30","bottom":"30","left":"30","isLinked":true},"padding_tablet":{"unit":"px","top":"50","right":"50","bottom":"50","left":"50","isLinked":true},"background_hover_color":"#fffcf7","padding_mobile":{"unit":"px","top":"30","right":"30","bottom":"30","left":"30","isLinked":true}},"elements":[{"id":"5bc21e38","settings":{"content_width":{"unit":"px","size":"1000"},"gap":"no","structure":"20","background_overlay_title":"","border_border":"solid","border_width":{"unit":"px","top":"0","right":"0","bottom":"0","left":"0","isLinked":false},"border_color":"#eeeeee","margin":{"unit":"px","top":"","right":0,"bottom":"","left":0,"isLinked":true},"padding_tablet":{"unit":"px","top":"0","right":"0","bottom":"0","left":"0","isLinked":true},"margin_mobile":{"unit":"px","top":"0","right":0,"bottom":"0","left":0,"isLinked":true},"padding_mobile":{"unit":"px","top":"15","right":"0","bottom":"50","left":"0","isLinked":false}},"elements":[{"id":"547f3d5","settings":{"_column_size":50,"_inline_size":null,"border_color":"#eeeeee","padding":{"unit":"px","top":"0","right":"60","bottom":"80","left":"0","isLinked":false},"padding_tablet":{"unit":"px","top":"0","right":"40","bottom":"20","left":"0","isLinked":false},"padding_mobile":{"unit":"px","top":"0","right":"0","bottom":"0","left":"0","isLinked":true}},"elements":[{"id":"3b0d5eb9","settings":{"image":{"id":304,"url":"http:\/\/localhost\/test\/wp-content\/uploads\/2018\/09\/icon-1-1.png"},"title_text":"Lorem ipsum dolor sit amet","description_text":"Vivamus elementum massa neque, Pellentesque fermentum.","position":"left","image_size":{"unit":"%","size":"20"},"title_color":"#455b64","title_typography_typography":"custom","title_typography_font_size":{"unit":"px","size":"17"},"title_typography_font_family":"Roboto","title_typography_font_weight":"900","title_typography_text_transform":"uppercase","title_typography_letter_spacing":{"unit":"px","size":"1"},"description_color":"#455b64","description_typography_typography":"custom","description_typography_font_size":{"unit":"px","size":"16"},"description_typography_font_family":"Roboto","description_typography_font_weight":"300","description_typography_letter_spacing":{"unit":"px","size":"0"},"title_typography_font_size_tablet":{"unit":"px","size":"16"},"title_typography_line_height_tablet":{"unit":"em","size":"1.3"},"description_typography_font_size_tablet":{"unit":"px","size":"14"},"_background_hover_background":"classic","image_size_mobile":{"unit":"%","size":100},"title_bottom_space_mobile":{"unit":"px","size":5},"title_typography_font_size_mobile":{"unit":"px","size":14},"image_space":{"unit":"px","size":25},"title_bottom_space":{"unit":"px","size":10}},"elements":[],"isInner":false,"widgetType":"image-box","elType":"widget"}],"isInner":true,"elType":"column"},{"id":"1902693e","settings":{"_column_size":50,"_inline_size":null,"padding":{"unit":"px","top":"0","right":"0","bottom":"80","left":"60","isLinked":false},"padding_tablet":{"unit":"px","top":"0","right":"0","bottom":"20","left":"40","isLinked":false},"padding_mobile":{"unit":"px","top":"50","right":"0","bottom":"0","left":"0","isLinked":false}},"elements":[{"id":"551e7705","settings":{"image":{"id":305,"url":"http:\/\/localhost\/test\/wp-content\/uploads\/2018\/09\/icon2.png"},"title_text":"Lorem ipsum dolor sit amet","description_text":"Pellentesque fermentum erat a dolor porttitor tempor. Aenean eu porta.","position":"left","image_size":{"unit":"%","size":"20"},"title_color":"#455b64","title_typography_typography":"custom","title_typography_font_size":{"unit":"px","size":"17"},"title_typography_font_family":"Roboto","title_typography_font_weight":"900","title_typography_text_transform":"uppercase","title_typography_letter_spacing":{"unit":"px","size":"1"},"description_color":"#455b64","description_typography_typography":"custom","description_typography_font_size":{"unit":"px","size":"16"},"description_typography_font_family":"Roboto","description_typography_font_weight":"300","description_typography_letter_spacing":{"unit":"px","size":"0"},"_padding":{"unit":"%","top":"0","right":"0","bottom":"0","left":"0","isLinked":false},"title_typography_font_size_tablet":{"unit":"px","size":"16"},"title_typography_line_height_tablet":{"unit":"em","size":"1.3"},"description_typography_font_size_tablet":{"unit":"px","size":"14"},"image_size_mobile":{"unit":"%","size":100},"title_bottom_space_mobile":{"unit":"px","size":5},"title_typography_font_size_mobile":{"unit":"px","size":14},"image_space":{"unit":"px","size":25},"title_bottom_space":{"unit":"px","size":10}},"elements":[],"isInner":false,"widgetType":"image-box","elType":"widget"}],"isInner":true,"elType":"column"}],"isInner":true,"elType":"section"},{"id":"7c934ebf","settings":{"content_width":{"unit":"px","size":"1000"},"gap":"no","structure":"20","background_overlay_title":"","margin":{"unit":"px","top":"","right":0,"bottom":"","left":0,"isLinked":true},"padding_mobile":{"unit":"px","top":"0","right":"0","bottom":"15","left":"0","isLinked":false}},"elements":[{"id":"6a33966c","settings":{"_column_size":50,"_inline_size":null,"border_width":{"unit":"px","top":"0","right":"1","bottom":"0","left":"0","isLinked":false},"border_color":"#eeeeee","padding":{"unit":"px","top":"0","right":"60","bottom":"0","left":"0","isLinked":false},"padding_tablet":{"unit":"px","top":"20","right":"40","bottom":"0","left":"0","isLinked":false},"padding_mobile":{"unit":"px","top":"0","right":"0","bottom":"0","left":"0","isLinked":false}},"elements":[{"id":"6d84e5b","settings":{"image":{"id":306,"url":"http:\/\/localhost\/test\/wp-content\/uploads\/2018\/09\/icon3.png"},"title_text":"Lorem ipsum dolor sit amet","description_text":"Aenean eu porta lorem. Sed ullamcorper gravida sapien vulputate. ","position":"left","image_size":{"unit":"%","size":"20"},"title_color":"#455b64","title_typography_typography":"custom","title_typography_font_size":{"unit":"px","size":"17"},"title_typography_font_family":"Roboto","title_typography_font_weight":"900","title_typography_text_transform":"uppercase","title_typography_letter_spacing":{"unit":"px","size":"1"},"description_color":"#455b64","description_typography_typography":"custom","description_typography_font_size":{"unit":"px","size":"16"},"description_typography_font_family":"Roboto","description_typography_font_weight":"300","description_typography_letter_spacing":{"unit":"px","size":"0"},"title_typography_font_size_tablet":{"unit":"px","size":"16"},"title_typography_line_height_tablet":{"unit":"em","size":"1.3"},"description_typography_font_size_tablet":{"unit":"px","size":"14"},"image_size_mobile":{"unit":"%","size":100},"title_bottom_space_mobile":{"unit":"px","size":5},"title_typography_font_size_mobile":{"unit":"px","size":14},"image_space":{"unit":"px","size":25},"title_bottom_space":{"unit":"px","size":10}},"elements":[],"isInner":false,"widgetType":"image-box","elType":"widget"}],"isInner":true,"elType":"column"},{"id":"6bc51734","settings":{"_column_size":50,"_inline_size":null,"padding":{"unit":"px","top":"0","right":"0","bottom":"0","left":"60","isLinked":false},"padding_tablet":{"unit":"px","top":"20","right":"0","bottom":"0","left":"40","isLinked":false},"padding_mobile":{"unit":"px","top":"50","right":"0","bottom":"0","left":"0","isLinked":false}},"elements":[{"id":"f3d80fc","settings":{"image":{"id":307,"url":"http:\/\/localhost\/test\/wp-content\/uploads\/2018\/09\/icon4.png"},"title_text":"Lorem ipsum dolor sit amet","description_text":" Sed ullamcorper gravida sapien vulputate pellentesque neque.","position":"left","image_size":{"unit":"%","size":"20"},"title_color":"#455b64","title_typography_typography":"custom","title_typography_font_size":{"unit":"px","size":"17"},"title_typography_font_family":"Roboto","title_typography_font_weight":"900","title_typography_text_transform":"uppercase","title_typography_letter_spacing":{"unit":"px","size":"1"},"description_color":"#455b64","description_typography_typography":"custom","description_typography_font_size":{"unit":"px","size":"16"},"description_typography_font_family":"Roboto","description_typography_font_weight":"300","description_typography_letter_spacing":{"unit":"px","size":"0"},"_padding":{"unit":"%","top":"0","right":"0","bottom":"0","left":"0","isLinked":false},"title_typography_font_size_tablet":{"unit":"px","size":"16"},"title_typography_line_height_tablet":{"unit":"em","size":"1.3"},"description_typography_font_size_tablet":{"unit":"px","size":"14"},"image_size_mobile":{"unit":"%","size":100},"title_bottom_space_mobile":{"unit":"px","size":5},"title_typography_font_size_mobile":{"unit":"px","size":14},"image_space":{"unit":"px","size":25},"title_bottom_space":{"unit":"px","size":10}},"elements":[],"isInner":false,"widgetType":"image-box","elType":"widget"}],"isInner":true,"elType":"column"}],"isInner":true,"elType":"section"}],"isInner":false,"elType":"column"}],"isInner":false,"elType":"section"},{"id":"3415bc1e","settings":{"content_position":"middle","structure":"20","background_overlay_title":"","padding":{"unit":"px","top":"150","right":"0","bottom":"50","left":"0","isLinked":false},"gap":"no","padding_tablet":{"unit":"px","top":"60","right":"40","bottom":"40","left":"40","isLinked":false}},"elements":[{"id":"4dc8b80d","settings":{"_column_size":50,"_inline_size":"50.032","background_background":"classic","background_position":"center center","background_repeat":"no-repeat","margin":{"unit":"%","top":"","right":"","bottom":"","left":"","isLinked":true},"margin_tablet":{"unit":"px","top":"0","right":"50","bottom":"0","left":"0","isLinked":false},"margin_mobile":{"unit":"px","top":"0","right":"0","bottom":"0","left":"0","isLinked":true},"padding_mobile":{"unit":"px","top":"0","right":"0","bottom":"0","left":"0","isLinked":true},"_inline_size_tablet":60},"elements":[{"id":"38ef12d7","settings":{"slides":[{"image":{"id":309,"url":"http:\/\/localhost\/test\/wp-content\/uploads\/2018\/09\/services2.jpg"},"_id":"4ozzqiw","type":"image","image_link_to_type":"","image_link_to":{"url":"","is_external":"","nofollow":""},"video":{"url":"","is_external":"","nofollow":""}},{"image":{"id":310,"url":"http:\/\/localhost\/test\/wp-content\/uploads\/2018\/09\/about1-1.jpg"},"_id":"21y2n2q","type":"image","image_link_to_type":"","image_link_to":{"url":"","is_external":"","nofollow":""},"video":{"url":"","is_external":"","nofollow":""}},{"image":{"id":311,"url":"http:\/\/localhost\/test\/wp-content\/uploads\/2018\/09\/4-1-1.jpg"},"_id":"fkqlbzp","type":"image","image_link_to_type":"","image_link_to":{"url":"","is_external":"","nofollow":""},"video":{"url":"","is_external":"","nofollow":""}},{"image":{"id":312,"url":"http:\/\/localhost\/test\/wp-content\/uploads\/2018\/09\/services4.jpg"},"_id":"tf7hdwi","type":"image","image_link_to_type":"","image_link_to":{"url":"","is_external":"","nofollow":""},"video":{"url":"","is_external":"","nofollow":""}},{"image":{"id":313,"url":"http:\/\/localhost\/test\/wp-content\/uploads\/2018\/09\/services1.jpg"},"_id":"vcjkq3r","type":"image","image_link_to_type":"","image_link_to":{"url":"","is_external":"","nofollow":""},"video":{"url":"","is_external":"","nofollow":""}}],"slides_per_view":"3","height":{"unit":"px","size":400},"width":{"unit":"%","size":100},"arrows_color":"#455b64","pagination_color":"#455b64","play_icon_text_shadow_text_shadow_type":"yes","lightbox_color":"rgba(69,91,100,0.78)","lightbox_video_width":{"unit":"%","size":80},"overlay":"icon","icon":"eye","overlay_background_color":"rgba(0,0,0,0.45)","icon_size":{"unit":"px","size":50},"skin":"coverflow","pagination":"","slides_per_view_mobile":"1","height_mobile":{"unit":"px","size":328},"width_tablet":{"unit":"px","size":400},"width_mobile":{"unit":"px","size":279}},"elements":[],"isInner":false,"widgetType":"media-carousel","elType":"widget"}],"isInner":false,"elType":"column"},{"id":"26d37f14","settings":{"_column_size":50,"_inline_size":"49.968","padding":{"unit":"px","top":"0","right":"40","bottom":"0","left":"90","isLinked":false},"padding_tablet":{"unit":"%","top":"0","right":"5","bottom":"0","left":"5","isLinked":false},"padding_mobile":{"unit":"px","top":"0","right":"0","bottom":"0","left":"0","isLinked":true},"_inline_size_tablet":40},"elements":[{"id":"5f582215","settings":{"title":"the future is near","size":"large","align":"left","title_color":"#455b64","typography_typography":"custom","typography_font_size":{"unit":"px","size":"30"},"typography_font_family":"Oswald","typography_font_weight":"900","typography_text_transform":"uppercase","typography_letter_spacing":{"unit":"px","size":"1"},"header_size":"h3","align_mobile":"center","typography_font_size_tablet":{"unit":"px","size":"25"}},"elements":[],"isInner":false,"widgetType":"heading","elType":"widget"},{"id":"5a90761e","settings":{"weight":{"unit":"px","size":3},"color":"#ffba00","width":{"unit":"%","size":8},"align_mobile":"center"},"elements":[],"isInner":false,"widgetType":"divider","elType":"widget"},{"id":"6f3a105c","settings":{"editor":"<p>In a tincidunt ligula, quis blandit diam. Pellentesque fermentum erat a dolor porttitor tempor. Aenean eu porta lorem. Sed ullamcorper gravida sapien vulputate pellentesque. Duis quis commodo sem. Integer eros purus, tincidunt sed sagittis quis, dignissim et tortor. Nunc vitae massa tempor, finibus lectus ac, scelerisque diam. Vestibulum felis tellus, elementum sed risus a, imperdiet rhoncus dolor.\u00a0<\/p>","text_color":"#455b64","typography_typography":"custom","typography_font_size":{"unit":"px","size":"16"},"typography_font_family":"Roboto","typography_font_weight":"300","typography_line_height":{"unit":"em","size":"1.8"},"typography_letter_spacing":{"unit":"px","size":"0"},"_padding":{"unit":"%","top":"0","right":"0","bottom":"0","left":"0","isLinked":false},"align_mobile":"center","typography_font_size_tablet":{"unit":"px","size":"14"},"_padding_tablet":{"unit":"px","top":"0","right":"0","bottom":"0","left":"0","isLinked":true}},"elements":[],"isInner":false,"widgetType":"text-editor","elType":"widget"}],"isInner":false,"elType":"column"}],"isInner":false,"elType":"section"},{"id":"45e2c0bc","settings":{"content_position":"middle","structure":"20","background_overlay_title":"","padding":{"unit":"px","top":"100","right":"0","bottom":"100","left":"0","isLinked":false},"gap":"no","custom_height":{"unit":"px","size":"100"},"padding_tablet":{"unit":"px","top":"40","right":"40","bottom":"40","left":"40","isLinked":true},"padding_mobile":{"unit":"px","top":"30","right":"30","bottom":"30","left":"30","isLinked":true},"reverse_order_mobile":"reverse-mobile"},"elements":[{"id":"7deb706c","settings":{"_column_size":50,"_inline_size":52.034,"padding":{"unit":"px","top":"0","right":"90","bottom":"0","left":"40","isLinked":false},"content_position":"center","padding_tablet":{"unit":"px","top":"0","right":"40","bottom":"0","left":"0","isLinked":false},"padding_mobile":{"unit":"px","top":"0","right":"0","bottom":"0","left":"0","isLinked":true},"_inline_size_tablet":40},"elements":[{"id":"7f0063e2","settings":{"title":"our vision","size":"large","title_color":"#455b64","typography_typography":"custom","typography_font_size":{"unit":"px","size":"30"},"typography_font_family":"Oswald","typography_font_weight":"900","typography_text_transform":"uppercase","typography_letter_spacing":{"unit":"px","size":"1"},"align_mobile":"center","typography_font_size_tablet":{"unit":"px","size":"25"},"_padding_tablet":{"unit":"px","top":"0","right":"0","bottom":"0","left":"0","isLinked":false},"header_size":"h3"},"elements":[],"isInner":false,"widgetType":"heading","elType":"widget"},{"id":"7f085685","settings":{"weight":{"unit":"px","size":3},"color":"#ffba00","width":{"unit":"%","size":8},"align_mobile":"center"},"elements":[],"isInner":false,"widgetType":"divider","elType":"widget"},{"id":"30e327cd","settings":{"editor":"<p>In a tincidunt ligula, quis blandit diam. Pellentesque fermentum erat a dolor porttitor tempor. Aenean eu porta lorem. \u00a0Vestibulum felis tellus, elementum sed risus a, imperdiet rhoncus dolor. Donec at neque est. Pellentesque ullamcorper dignissim ullamcorper. Aliquam a sapien tincidunt, semper libero quis, dapibus lorem. Duis porta ante ac volutpat.<\/p>","text_color":"#455b64","typography_typography":"custom","typography_font_size":{"unit":"px","size":"16"},"typography_font_family":"Roboto","typography_font_weight":"300","typography_line_height":{"unit":"em","size":"1.8"},"typography_letter_spacing":{"unit":"px","size":"0"},"align_mobile":"center","typography_font_size_tablet":{"unit":"px","size":"14"},"_margin_tablet":{"unit":"px","top":"0","right":"0","bottom":"0","left":"0","isLinked":true},"_padding_tablet":{"unit":"px","top":"0","right":"0","bottom":"0","left":"0","isLinked":true}},"elements":[],"isInner":false,"widgetType":"text-editor","elType":"widget"}],"isInner":false,"elType":"column"},{"id":"102fe8b6","settings":{"_column_size":50,"_inline_size":47.966,"padding":{"unit":"%","top":"","right":"","bottom":"","left":"","isLinked":true},"_inline_size_tablet":60,"margin_tablet":{"unit":"px","top":"0","right":"0","bottom":"0","left":"0","isLinked":true},"padding_tablet":{"unit":"px","top":"0","right":"30","bottom":"0","left":"0","isLinked":false},"padding_mobile":{"unit":"px","top":"0","right":"0","bottom":"0","left":"0","isLinked":true}},"elements":[{"id":"112920a2","settings":{"link":"https:\/\/www.youtube.com\/watch?v=tdqyoQKSX6M","vimeo_link":"https:\/\/vimeo.com\/235215203","show_image_overlay":"yes","image_overlay":{"id":313,"url":"http:\/\/localhost\/test\/wp-content\/uploads\/2018\/09\/services1.jpg"},"lightbox":"yes","aspect_ratio":"32","play_icon_size_tablet":{"unit":"px","size":70},"play_icon_size_mobile":{"unit":"px","size":50},"_margin_mobile":{"unit":"px","top":"0","right":"0","bottom":"50","left":"0","isLinked":false},"youtube_url":"https:\/\/www.youtube.com\/watch?v=9uOETcuFjbE","vimeo_url":"https:\/\/vimeo.com\/235215203","dailymotion_url":"https:\/\/www.dailymotion.com\/video\/x6tqhqb"},"elements":[],"isInner":false,"widgetType":"video","elType":"widget"}],"isInner":false,"elType":"column"}],"isInner":false,"elType":"section"},{"id":"15ae9761","settings":{"content_width":{"unit":"px","size":1040},"background_overlay_title":"","padding":{"unit":"px","top":"90","right":"0","bottom":"60","left":"0","isLinked":false},"background_background":"classic","background_color":"#535a77","border_border":"solid","border_width":{"unit":"px","top":"0","right":"0","bottom":"8","left":"0","isLinked":false},"border_color":"#ffba00"},"elements":[{"id":"7a1e534e","settings":{"_column_size":100,"_inline_size":null,"padding_mobile":{"unit":"px","top":"10","right":"10","bottom":"10","left":"10","isLinked":true}},"elements":[{"id":"371d2879","settings":{"title":"featured projects","size":"large","align":"center","title_color":"#ffffff","typography_typography":"custom","typography_font_size":{"unit":"px","size":35},"typography_font_family":"Oswald","typography_font_weight":"900","typography_text_transform":"uppercase","typography_letter_spacing":{"unit":"px","size":"1"},"header_size":"h3","typography_font_size_mobile":{"unit":"px","size":"25"}},"elements":[],"isInner":false,"widgetType":"heading","elType":"widget"},{"id":"584b4b07","settings":{"structure":"40","background_overlay_title":"","padding":{"unit":"px","top":"30","right":"0","bottom":"50","left":"0","isLinked":false}},"elements":[{"id":"78cbd103","settings":{"_column_size":25,"_inline_size":null,"padding_mobile":{"unit":"px","top":"20","right":"10","bottom":"20","left":"20","isLinked":false},"screen_sm":"custom","screen_sm_width":"50"},"elements":[{"id":"1fbb43c8","settings":{"graphic_element":"none","title_text_a":"","description_text_a":"","background_a_background":"classic","background_a_image":{"id":311,"url":"http:\/\/localhost\/test\/wp-content\/uploads\/2018\/09\/4-1-1.jpg"},"title_text_b":"01","description_text_b":"Click edit button to change this text. Lorem ipsum dolor sit amet consectetur adipiscing elit dolor","button_text":"","link":{"url":"#","is_external":"","nofollow":""},"background_b_background":"classic","background_b_color":"rgba(83,90,119,0.84)","height":{"unit":"px","size":500},"flip_effect":"fade","alignment_b":"left","title_color_b":"#ffba00","title_typography_b_typography":"custom","title_typography_b_font_size":{"unit":"px","size":67},"title_typography_b_font_family":"Oswald","title_typography_b_text_transform":"uppercase","description_typography_b_typography":"custom","description_typography_b_font_size":{"unit":"px","size":15},"description_typography_b_font_family":"Roboto","description_typography_b_font_weight":"300","description_typography_b_line_height":{"unit":"em","size":1.6},"button_typography_typography":"custom","button_typography_font_family":"Oswald","button_typography_font_weight":"300","button_typography_text_transform":"uppercase","button_typography_letter_spacing":{"unit":"px","size":1.3},"button_background_color":"rgba(255,255,255,0.25)","button_border_width":{"unit":"px","size":0},"button_border_radius":{"unit":"px","size":0},"height_mobile":{"unit":"px","size":340},"padding_b_mobile":{"unit":"px","top":"10","right":"10","bottom":"10","left":"10","isLinked":true},"title_spacing_b":{"unit":"px","size":60},"image":{"id":"291","url":"http:\/\/localhost\/test\/wp-content\/uploads\/2018\/09\/placeholder-2.png"}},"elements":[],"isInner":false,"widgetType":"flip-box","elType":"widget"}],"isInner":true,"elType":"column"},{"id":"7c9e5151","settings":{"_column_size":25,"_inline_size":null,"padding_mobile":{"unit":"px","top":"20","right":"20","bottom":"20","left":"10","isLinked":false},"screen_xs":"custom","screen_xs_width":"50","_inline_size_mobile":50},"elements":[{"id":"4b90162f","settings":{"graphic_element":"none","title_text_a":"","description_text_a":"","background_a_background":"classic","background_a_image":{"id":314,"url":"http:\/\/localhost\/test\/wp-content\/uploads\/2018\/09\/3-1-2.jpg"},"title_text_b":"02","description_text_b":"Click edit button to change this text. Lorem ipsum dolor sit amet consectetur adipiscing elit dolor","button_text":"","link":{"url":"#","is_external":"","nofollow":""},"background_b_background":"classic","background_b_color":"rgba(83,90,119,0.84)","height":{"unit":"px","size":500},"flip_effect":"fade","alignment_b":"left","title_color_b":"#ffba00","title_typography_b_typography":"custom","title_typography_b_font_size":{"unit":"px","size":67},"title_typography_b_font_family":"Oswald","title_typography_b_text_transform":"uppercase","description_typography_b_typography":"custom","description_typography_b_font_size":{"unit":"px","size":15},"description_typography_b_font_family":"Roboto","description_typography_b_font_weight":"300","description_typography_b_line_height":{"unit":"em","size":1.6},"button_typography_typography":"custom","button_typography_font_family":"Oswald","button_typography_font_weight":"300","button_typography_text_transform":"uppercase","button_typography_letter_spacing":{"unit":"px","size":1.3},"button_background_color":"rgba(255,255,255,0.25)","button_border_width":{"unit":"px","size":0},"button_border_radius":{"unit":"px","size":0},"height_mobile":{"unit":"px","size":340},"padding_b_mobile":{"unit":"px","top":"10","right":"10","bottom":"10","left":"10","isLinked":true},"title_spacing_b":{"unit":"px","size":69},"image":{"id":"291","url":"http:\/\/localhost\/test\/wp-content\/uploads\/2018\/09\/placeholder-2.png"}},"elements":[],"isInner":false,"widgetType":"flip-box","elType":"widget"}],"isInner":true,"elType":"column"},{"id":"46296b42","settings":{"_column_size":25,"_inline_size":null,"padding_mobile":{"unit":"px","top":"0","right":"10","bottom":"20","left":"20","isLinked":false},"screen_sm":"custom","screen_sm_width":"50"},"elements":[{"id":"5a42017c","settings":{"graphic_element":"none","title_text_a":"","description_text_a":"","background_a_background":"classic","background_a_image":{"id":315,"url":"http:\/\/localhost\/test\/wp-content\/uploads\/2018\/09\/2-1-1.jpg"},"title_text_b":"03","description_text_b":"Click edit button to change this text. Lorem ipsum dolor sit amet consectetur adipiscing elit dolor","button_text":"","link":{"url":"#","is_external":"","nofollow":""},"background_b_background":"classic","background_b_color":"rgba(83,90,119,0.84)","height":{"unit":"px","size":500},"flip_effect":"fade","alignment_b":"left","title_color_b":"#ffba00","title_typography_b_typography":"custom","title_typography_b_font_size":{"unit":"px","size":67},"title_typography_b_font_family":"Oswald","title_typography_b_text_transform":"uppercase","description_typography_b_typography":"custom","description_typography_b_font_size":{"unit":"px","size":15},"description_typography_b_font_family":"Roboto","description_typography_b_font_weight":"300","description_typography_b_line_height":{"unit":"em","size":1.6},"button_typography_typography":"custom","button_typography_font_family":"Oswald","button_typography_font_weight":"300","button_typography_text_transform":"uppercase","button_typography_letter_spacing":{"unit":"px","size":1.3},"button_background_color":"rgba(255,255,255,0.25)","button_border_width":{"unit":"px","size":0},"button_border_radius":{"unit":"px","size":0},"height_mobile":{"unit":"px","size":340},"padding_b_mobile":{"unit":"px","top":"10","right":"10","bottom":"10","left":"10","isLinked":true},"title_spacing_b":{"unit":"px","size":60},"image":{"id":"291","url":"http:\/\/localhost\/test\/wp-content\/uploads\/2018\/09\/placeholder-2.png"}},"elements":[],"isInner":false,"widgetType":"flip-box","elType":"widget"}],"isInner":true,"elType":"column"},{"id":"6cc1c1ac","settings":{"_column_size":25,"_inline_size":null,"padding_mobile":{"unit":"px","top":"0","right":"20","bottom":"20","left":"10","isLinked":false},"screen_sm":"custom","screen_sm_width":"50"},"elements":[{"id":"f2b32ae","settings":{"graphic_element":"none","title_text_a":"","description_text_a":"","background_a_background":"classic","background_a_image":{"id":316,"url":"http:\/\/localhost\/test\/wp-content\/uploads\/2018\/09\/1-1-1-1.jpg"},"title_text_b":"04","description_text_b":"Click edit button to change this text. Lorem ipsum dolor sit amet consectetur adipiscing elit dolor","button_text":"","link":{"url":"#","is_external":"","nofollow":""},"background_b_background":"classic","background_b_color":"rgba(83,90,119,0.84)","height":{"unit":"px","size":500},"flip_effect":"fade","alignment_b":"left","title_color_b":"#ffba00","title_typography_b_typography":"custom","title_typography_b_font_size":{"unit":"px","size":67},"title_typography_b_font_family":"Oswald","title_typography_b_text_transform":"uppercase","description_typography_b_typography":"custom","description_typography_b_font_size":{"unit":"px","size":15},"description_typography_b_font_family":"Roboto","description_typography_b_font_weight":"300","description_typography_b_line_height":{"unit":"em","size":1.6},"button_typography_typography":"custom","button_typography_font_family":"Oswald","button_typography_font_weight":"300","button_typography_text_transform":"uppercase","button_typography_letter_spacing":{"unit":"px","size":1.3},"button_background_color":"rgba(255,255,255,0.25)","button_border_width":{"unit":"px","size":0},"button_border_radius":{"unit":"px","size":0},"height_mobile":{"unit":"px","size":340},"padding_b_mobile":{"unit":"px","top":"10","right":"10","bottom":"10","left":"10","isLinked":true},"title_spacing_b":{"unit":"px","size":60},"image":{"id":"291","url":"http:\/\/localhost\/test\/wp-content\/uploads\/2018\/09\/placeholder-2.png"}},"elements":[],"isInner":false,"widgetType":"flip-box","elType":"widget"}],"isInner":true,"elType":"column"}],"isInner":true,"elType":"section"},{"id":"6b035c9b","settings":{"slides":[{"image":{"id":317,"url":"http:\/\/localhost\/test\/wp-content\/uploads\/2018\/09\/madrin-1-2.png"},"_id":"fkqlbzp","type":"image","image_link_to_type":"","image_link_to":{"url":"","is_external":"","nofollow":""},"video":{"url":"","is_external":"","nofollow":""}},{"type":"image","image":{"id":318,"url":"http:\/\/localhost\/test\/wp-content\/uploads\/2018\/09\/quest-1.png"},"image_link_to_type":"","image_link_to":{"url":"","is_external":"","nofollow":""},"video":{"url":"","is_external":"","nofollow":""},"_id":"lji23e9"},{"image":{"id":319,"url":"http:\/\/localhost\/test\/wp-content\/uploads\/2018\/09\/larozse.png"},"_id":"40a1qoh","type":"image","image_link_to_type":"","image_link_to":{"url":"","is_external":"","nofollow":""},"video":{"url":"","is_external":"","nofollow":""}},{"image":{"id":320,"url":"http:\/\/localhost\/test\/wp-content\/uploads\/2018\/09\/ARMOND-1.png"},"_id":"vcjkq3r","type":"image","image_link_to_type":"","image_link_to":{"url":"","is_external":"","nofollow":""},"video":{"url":"","is_external":"","nofollow":""}},{"image":{"id":321,"url":"http:\/\/localhost\/test\/wp-content\/uploads\/2018\/09\/zusman-1-1.png"},"_id":"p8y1k05","type":"image","image_link_to_type":"","image_link_to":{"url":"","is_external":"","nofollow":""},"video":{"url":"","is_external":"","nofollow":""}},{"image":{"id":322,"url":"http:\/\/localhost\/test\/wp-content\/uploads\/2018\/09\/ECOCODE.png"},"_id":"znrp0e0","type":"image","image_link_to_type":"","image_link_to":{"url":"","is_external":"","nofollow":""},"video":{"url":"","is_external":"","nofollow":""}},{"type":"image","image":{"id":323,"url":"http:\/\/localhost\/test\/wp-content\/uploads\/2018\/09\/FIFTHFLOUR.png"},"image_link_to_type":"","image_link_to":{"url":"","is_external":"","nofollow":""},"video":{"url":"","is_external":"","nofollow":""},"_id":"lhl52p7"},{"type":"image","image":{"id":324,"url":"http:\/\/localhost\/test\/wp-content\/uploads\/2018\/09\/geo-1-2.png"},"image_link_to_type":"","image_link_to":{"url":"","is_external":"","nofollow":""},"video":{"url":"","is_external":"","nofollow":""},"_id":"w1ob9ub"}],"slides_per_view":"5","image_fit":"contain","width":{"unit":"%","size":90},"pagination":"","autoplay":"","space_between":{"unit":"px","size":50},"arrows_color":"rgba(255,255,255,0.35)","slides_per_view_tablet":"3","image_size_size":"medium","image_size_custom_dimension":{"width":"300","height":""},"space_between_tablet":{"unit":"px","size":50},"height":{"unit":"px","size":121}},"elements":[],"isInner":false,"widgetType":"media-carousel","elType":"widget"}],"isInner":false,"elType":"column"}],"isInner":false,"elType":"section"},{"id":"60d32f8","settings":{"padding":{"unit":"px","top":"70","right":"0","bottom":"60","left":"0","isLinked":false},"padding_mobile":{"unit":"px","top":"40","right":"40","bottom":"40","left":"40","isLinked":true}},"elements":[{"id":"646a5621","settings":{"_column_size":100},"elements":[{"id":"3d0703f8","settings":{"title":"Recent Posts","size":"large","align":"center","title_color":"#455b64","typography_typography":"custom","typography_font_size":{"unit":"px","size":35},"typography_font_family":"Oswald","typography_font_weight":"900","typography_text_transform":"uppercase","typography_letter_spacing":{"unit":"px","size":"1"},"header_size":"h3","typography_font_size_mobile":{"unit":"px","size":"25"},"_margin":{"unit":"px","top":"0","right":"0","bottom":"60","left":"0","isLinked":false}},"elements":[],"isInner":false,"widgetType":"heading","elType":"widget"},{"id":"f822e21","settings":{"classic_posts_per_page":3,"classic_item_ratio":{"unit":"px","size":0.5},"classic_meta_separator":"\/\/\/","classic_show_read_more":"","classic_read_more_text":"Read More \u00bb","cards_meta_separator":"\u2022","cards_read_more_text":"Read More \u00bb","offset":"","classic_title_typography_typography":"custom","classic_title_typography_font_size":{"unit":"px","size":27},"classic_title_typography_font_family":"Oswald","classic_title_typography_letter_spacing":{"unit":"px","size":-0.9},"classic_title_spacing":{"unit":"px","size":18},"classic_meta_color":"#ffba00","pagination_page_limit":"5","pagination_prev_label":"&laquo; Previous","pagination_next_label":"Next &raquo;","classic_columns_tablet":"3","order":"asc","classic_column_gap":{"unit":"px","size":40},"classic_row_gap":{"unit":"px","size":0},"classic_meta_typography_typography":"custom","classic_meta_typography_font_family":"Roboto","classic_meta_typography_font_weight":"500","classic_meta_typography_text_transform":"uppercase","classic_excerpt_typography_typography":"custom","classic_excerpt_typography_font_size":{"unit":"px","size":16},"classic_excerpt_typography_font_size_mobile":{"unit":"px","size":15},"classic_excerpt_typography_font_weight":"300","classic_excerpt_typography_line_height":{"unit":"em","size":1.7}},"elements":[],"isInner":false,"widgetType":"posts","elType":"widget"}],"isInner":false,"elType":"column"}],"isInner":false,"elType":"section"}]}