{"version":"0.4","title":"Product-App-Page","type":"page","content":[{"id":"292b5179","settings":{"section_layout":"","content_width":{"unit":"px","size":"1140"},"height":"min-height","custom_height":{"unit":"px","size":"600"},"structure":"20","section_background":"","background_background":"classic","background_image":{"id":8,"url":"http:\/\/localhost\/dieuhau\/wp-content\/uploads\/2020\/10\/11E20A0779.jpg"},"background_position":"center center","background_attachment":"fixed","background_size":"cover","background_overlay_title":"","background_overlay_background":"classic","background_overlay_color":"#4054b2","background_overlay_opacity":{"unit":"px","size":"0.8"},"section_border":"","box_shadow_box_shadow_type":"outset","box_shadow_box_shadow":{"horizontal":"0","vertical":"0","blur":"34","spread":"0","inset":"","color":"rgba(107,107,107,0.5)"},"section_typo":"","section_advanced":"","_section_responsive":"","responsive_description":"","padding_tablet":{"unit":"px","top":"20","right":"20","bottom":"20","left":"20","isLinked":"1"},"heading_visibility":"","background_overlay_section":"","_title":"hero section"},"elements":[{"id":"3a0d40e7","settings":{"_column_size":"50","section_style":"","box_shadow_box_shadow":{"horizontal":"0","vertical":"0","blur":"10","spread":"0","inset":"","color":"rgba(0,0,0,0.5)"},"section_typo":"","section_advanced":"","section_responsive":"","screen_sm":"default","screen_sm_width":"100","screen_xs":"default","screen_xs_width":"100"},"elements":[{"id":"39ee28be","settings":{"section_title":"","title":"workflow optimization made easy","link":{"is_external":"","url":""},"size":"large","section_title_style":"","title_color":"#ffffff","typography_typography":"custom","typography_font_size":{"unit":"px","size":"61"},"typography_font_weight":"500","typography_text_transform":"uppercase","typography_line_height":{"unit":"em","size":"1.1"},"typography_letter_spacing":{"unit":"px","size":""},"_section_style":"","_section_background":"","_box_shadow_box_shadow":{"horizontal":"0","vertical":"0","blur":"10","spread":"0","inset":"","color":"rgba(0,0,0,0.5)"},"_section_responsive":"","responsive_description":"","align_mobile":"center","typography_font_size_tablet":{"unit":"px","size":"50"},"typography_font_size_mobile":{"unit":"px","size":"42"},"typography_line_height_tablet":{"unit":"em","size":"1.3"},"typography_line_height_mobile":{"unit":"em","size":""},"typography_letter_spacing_tablet":{"unit":"px","size":"-0.5"},"typography_letter_spacing_mobile":{"unit":"px","size":"0"}},"elements":[],"isInner":false,"widgetType":"heading","elType":"widget"},{"id":"7bdff077","settings":{"section_button":"","text":"Get Started","link":{"is_external":"","url":"#pricing"},"size":"lg","icon":"","icon_indent":{"unit":"px","size":""},"section_style":"","button_text_color":"#4054b2","typography_font_size":{"unit":"px","size":"15"},"typography_line_height":{"unit":"em","size":""},"typography_letter_spacing":{"unit":"px","size":""},"background_color":"#ffffff","border_border":"solid","border_color":"#ffffff","border_radius":{"unit":"px","top":"50","right":"50","bottom":"50","left":"50","isLinked":"1"},"text_padding":{"unit":"px","top":"17","right":"50","bottom":"17","left":"50","isLinked":""},"section_hover":"","hover_color":"#ffffff","button_background_hover_color":"rgba(255,255,255,0)","button_hover_border_color":"#ffffff","_section_style":"","_padding":{"unit":"px","top":"30","right":"0","bottom":"0","left":"0","isLinked":""},"_section_background":"","_box_shadow_box_shadow":{"horizontal":"0","vertical":"0","blur":"10","spread":"0","inset":"","color":"rgba(0,0,0,0.5)"},"_section_responsive":"","responsive_description":"","align_mobile":"center","typography_font_size_tablet":{"unit":"px","size":""},"typography_font_size_mobile":{"unit":"px","size":""},"typography_line_height_tablet":{"unit":"em","size":""},"typography_line_height_mobile":{"unit":"em","size":""},"typography_letter_spacing_tablet":{"unit":"px","size":""},"typography_letter_spacing_mobile":{"unit":"px","size":""},"_padding_mobile":{"unit":"px","top":"0","right":"0","bottom":"40","left":"0","isLinked":""}},"elements":[],"isInner":false,"widgetType":"button","elType":"widget"}],"isInner":"","elType":"column"},{"id":"670bd1d9","settings":{"_column_size":"50","section_style":"","box_shadow_box_shadow":{"horizontal":"0","vertical":"0","blur":"10","spread":"0","inset":"","color":"rgba(0,0,0,0.5)"},"section_typo":"","section_advanced":"","section_responsive":"","screen_sm":"default","screen_sm_width":"100","screen_xs":"default","screen_xs_width":"100"},"elements":[{"id":"6adf8263","settings":{"section_video":"","link":"https:\/\/www.youtube.com\/watch?v=kB4U67tiQLA","vimeo_link":"https:\/\/vimeo.com\/170933924","hosted_link":"","heading_youtube":"","yt_autoplay":"no","yt_rel":"no","yt_controls":"yes","yt_showinfo":"no","vimeo_autoplay":"no","vimeo_loop":"no","vimeo_color":"","section_image_overlay":"","show_image_overlay":"no","image_overlay":{"id":7,"url":"http:\/\/localhost\/dieuhau\/wp-content\/uploads\/2020\/10\/placeholder.png"},"_section_style":"","_section_background":"","_box_shadow_box_shadow":{"horizontal":"0","vertical":"0","blur":"10","spread":"0","inset":"","color":"rgba(0,0,0,0.5)"},"_section_responsive":"","responsive_description":"","autoplay":"no","showinfo":"no","rel":"no","youtube_url":"https:\/\/www.youtube.com\/watch?v=kB4U67tiQLA","vimeo_url":"https:\/\/vimeo.com\/235215203","dailymotion_url":"https:\/\/www.dailymotion.com\/video\/x6tqhqb"},"elements":[],"isInner":false,"widgetType":"video","elType":"widget"}],"isInner":"","elType":"column"}],"isInner":"","elType":"section"},{"id":"715d4300","settings":{"section_layout":"","content_width":{"unit":"px","size":"1140"},"gap":"wider","custom_height":{"unit":"px","size":"400"},"structure":"20","section_background":"","background_overlay_title":"","background_overlay_opacity":{"unit":"px","size":"0.5"},"section_border":"","box_shadow_box_shadow":{"horizontal":"0","vertical":"0","blur":"10","spread":"0","inset":"","color":"rgba(0,0,0,0.5)"},"section_typo":"","section_advanced":"","padding":{"unit":"px","top":"70","right":"0","bottom":"70","left":"0","isLinked":""},"_section_responsive":"","responsive_description":"","padding_mobile":{"unit":"px","top":"40","right":"40","bottom":"40","left":"40","isLinked":"1"},"heading_visibility":"","background_overlay_section":"","_title":"features"},"elements":[{"id":"678f8382","settings":{"_column_size":"50","section_style":"","box_shadow_box_shadow":{"horizontal":"0","vertical":"0","blur":"10","spread":"0","inset":"","color":"rgba(0,0,0,0.5)"},"section_typo":"","section_advanced":"","section_responsive":"","screen_sm":"default","screen_sm_width":"100","screen_xs":"default","screen_xs_width":"100","padding_tablet":{"unit":"px","top":"22","right":"22","bottom":"22","left":"22","isLinked":"1"}},"elements":[{"id":"506da24a","settings":{"section_icon":"","view":"framed","icon":"fa fa-briefcase","title_text":"minimize your documents","description_text":"Click edit button to change this text. Lorem ipsum dolor sit amet, consectetur adipiscing elit. Ut elit tellus luctus nec ","link":{"is_external":"","url":""},"position":"left","section_style_icon":"","primary_color":"#4054b2","icon_space":{"unit":"px","size":"45"},"icon_size":{"unit":"px","size":"33"},"icon_padding":{"unit":"em","size":"1"},"rotate":{"unit":"deg","size":"0"},"section_hover":"","hover_primary_color":"#ffffff","hover_secondary_color":"#4054b2","section_style_content":"","content_vertical_alignment":"middle","heading_title":"","title_color":"#4c4c4c","title_typography_typography":"custom","title_typography_font_size":{"unit":"px","size":"21"},"title_typography_text_transform":"uppercase","title_typography_line_height":{"unit":"em","size":""},"title_typography_letter_spacing":{"unit":"px","size":""},"heading_description":"","description_color":"#4c4c4c","description_typography_typography":"custom","description_typography_font_size":{"unit":"px","size":"17"},"description_typography_font_weight":"300","description_typography_line_height":{"unit":"em","size":""},"description_typography_letter_spacing":{"unit":"px","size":""},"_section_style":"","_section_background":"","_box_shadow_box_shadow":{"horizontal":"0","vertical":"0","blur":"10","spread":"0","inset":"","color":"rgba(0,0,0,0.5)"},"_section_responsive":"","responsive_description":"","title_typography_font_size_tablet":{"unit":"px","size":""},"title_typography_font_size_mobile":{"unit":"px","size":""},"title_typography_line_height_tablet":{"unit":"em","size":""},"title_typography_line_height_mobile":{"unit":"em","size":""},"title_typography_letter_spacing_tablet":{"unit":"px","size":""},"title_typography_letter_spacing_mobile":{"unit":"px","size":""},"description_typography_font_size_tablet":{"unit":"px","size":""},"description_typography_font_size_mobile":{"unit":"px","size":""},"description_typography_line_height_tablet":{"unit":"em","size":""},"description_typography_line_height_mobile":{"unit":"em","size":""},"description_typography_letter_spacing_tablet":{"unit":"px","size":""},"description_typography_letter_spacing_mobile":{"unit":"px","size":""},"title_bottom_space":{"unit":"px","size":""},"title_bottom_space_tablet":{"unit":"px","size":""},"title_bottom_space_mobile":{"unit":"px","size":""},"selected_icon":{"value":"fas fa-briefcase","library":"fa-solid"},"__fa4_migrated":{"selected_icon":"1"}},"elements":[],"isInner":false,"widgetType":"icon-box","elType":"widget"},{"id":"633ee47b","settings":{"section_spacer":"","space":{"unit":"px","size":"20"},"_section_style":"","_section_background":"","_box_shadow_box_shadow":{"horizontal":"0","vertical":"0","blur":"10","spread":"0","inset":"","color":"rgba(0,0,0,0.5)"},"_section_responsive":"","responsive_description":"","space_tablet":{"unit":"px","size":"50"},"space_mobile":{"unit":"px","size":"50"}},"elements":[],"isInner":false,"widgetType":"spacer","elType":"widget"},{"id":"2a6d1b4","settings":{"section_icon":"","view":"framed","icon":"fa fa-credit-card","title_text":"follow client payments","description_text":"Click edit button to change this text. Lorem ipsum dolor sit amet, consectetur adipiscing elit. Ut elit tellus luctus nec ","link":{"is_external":"","url":""},"position":"left","section_style_icon":"","primary_color":"#4054b2","icon_space":{"unit":"px","size":"45"},"icon_size":{"unit":"px","size":"33"},"icon_padding":{"unit":"em","size":"1"},"rotate":{"unit":"deg","size":"0"},"section_hover":"","hover_primary_color":"#ffffff","hover_secondary_color":"#4054b2","section_style_content":"","content_vertical_alignment":"middle","heading_title":"","title_color":"#4c4c4c","title_typography_typography":"custom","title_typography_font_size":{"unit":"px","size":"21"},"title_typography_text_transform":"uppercase","title_typography_line_height":{"unit":"em","size":""},"title_typography_letter_spacing":{"unit":"px","size":""},"heading_description":"","description_color":"#4c4c4c","description_typography_typography":"custom","description_typography_font_size":{"unit":"px","size":"17"},"description_typography_font_weight":"300","description_typography_line_height":{"unit":"em","size":""},"description_typography_letter_spacing":{"unit":"px","size":""},"_section_style":"","_section_background":"","_box_shadow_box_shadow":{"horizontal":"0","vertical":"0","blur":"10","spread":"0","inset":"","color":"rgba(0,0,0,0.5)"},"_section_responsive":"","responsive_description":"","title_typography_font_size_tablet":{"unit":"px","size":""},"title_typography_font_size_mobile":{"unit":"px","size":""},"title_typography_line_height_tablet":{"unit":"em","size":""},"title_typography_line_height_mobile":{"unit":"em","size":""},"title_typography_letter_spacing_tablet":{"unit":"px","size":""},"title_typography_letter_spacing_mobile":{"unit":"px","size":""},"description_typography_font_size_tablet":{"unit":"px","size":""},"description_typography_font_size_mobile":{"unit":"px","size":""},"description_typography_line_height_tablet":{"unit":"em","size":""},"description_typography_line_height_mobile":{"unit":"em","size":""},"description_typography_letter_spacing_tablet":{"unit":"px","size":""},"description_typography_letter_spacing_mobile":{"unit":"px","size":""},"_padding_mobile":{"unit":"px","top":"0","right":"0","bottom":"50","left":"0","isLinked":""},"title_bottom_space":{"unit":"px","size":""},"title_bottom_space_tablet":{"unit":"px","size":""},"title_bottom_space_mobile":{"unit":"px","size":""},"selected_icon":{"value":"far fa-credit-card","library":"fa-regular"}},"elements":[],"isInner":false,"widgetType":"icon-box","elType":"widget"}],"isInner":"","elType":"column"},{"id":"2648759","settings":{"_column_size":"50","section_style":"","box_shadow_box_shadow":{"horizontal":"0","vertical":"0","blur":"10","spread":"0","inset":"","color":"rgba(0,0,0,0.5)"},"section_typo":"","section_advanced":"","section_responsive":"","screen_sm":"default","screen_sm_width":"100","screen_xs":"default","screen_xs_width":"100","padding_tablet":{"unit":"px","top":"22","right":"22","bottom":"22","left":"22","isLinked":"1"}},"elements":[{"id":"35b6a94a","settings":{"section_icon":"","view":"framed","icon":"fa fa-book","title_text":"saved to the cloud","description_text":"Click edit button to change this text. Lorem ipsum dolor sit amet, consectetur adipiscing elit. Ut elit tellus luctus nec ","link":{"is_external":"","url":""},"position":"left","section_style_icon":"","primary_color":"#4054b2","icon_space":{"unit":"px","size":"45"},"icon_size":{"unit":"px","size":"33"},"icon_padding":{"unit":"em","size":"1"},"rotate":{"unit":"deg","size":"0"},"section_hover":"","hover_primary_color":"#ffffff","hover_secondary_color":"#4054b2","section_style_content":"","content_vertical_alignment":"middle","heading_title":"","title_color":"#4c4c4c","title_typography_typography":"custom","title_typography_font_size":{"unit":"px","size":"21"},"title_typography_text_transform":"uppercase","title_typography_line_height":{"unit":"em","size":""},"title_typography_letter_spacing":{"unit":"px","size":""},"heading_description":"","description_color":"#4c4c4c","description_typography_typography":"custom","description_typography_font_size":{"unit":"px","size":"17"},"description_typography_font_weight":"300","description_typography_line_height":{"unit":"em","size":""},"description_typography_letter_spacing":{"unit":"px","size":""},"_section_style":"","_section_background":"","_box_shadow_box_shadow":{"horizontal":"0","vertical":"0","blur":"10","spread":"0","inset":"","color":"rgba(0,0,0,0.5)"},"_section_responsive":"","responsive_description":"","title_typography_font_size_tablet":{"unit":"px","size":""},"title_typography_font_size_mobile":{"unit":"px","size":""},"title_typography_line_height_tablet":{"unit":"em","size":""},"title_typography_line_height_mobile":{"unit":"em","size":""},"title_typography_letter_spacing_tablet":{"unit":"px","size":""},"title_typography_letter_spacing_mobile":{"unit":"px","size":""},"description_typography_font_size_tablet":{"unit":"px","size":""},"description_typography_font_size_mobile":{"unit":"px","size":""},"description_typography_line_height_tablet":{"unit":"em","size":""},"description_typography_line_height_mobile":{"unit":"em","size":""},"description_typography_letter_spacing_tablet":{"unit":"px","size":""},"description_typography_letter_spacing_mobile":{"unit":"px","size":""},"title_bottom_space":{"unit":"px","size":""},"title_bottom_space_tablet":{"unit":"px","size":""},"title_bottom_space_mobile":{"unit":"px","size":""},"selected_icon":{"value":"fas fa-book","library":"fa-solid"},"__fa4_migrated":{"selected_icon":"1"}},"elements":[],"isInner":false,"widgetType":"icon-box","elType":"widget"},{"id":"4e64897a","settings":{"section_spacer":"","space":{"unit":"px","size":"20"},"_section_style":"","_section_background":"","_box_shadow_box_shadow":{"horizontal":"0","vertical":"0","blur":"10","spread":"0","inset":"","color":"rgba(0,0,0,0.5)"},"_section_responsive":"","responsive_description":"","space_tablet":{"unit":"px","size":"50"},"space_mobile":{"unit":"px","size":"50"}},"elements":[],"isInner":false,"widgetType":"spacer","elType":"widget"},{"id":"f365026","settings":{"section_icon":"","view":"framed","icon":"fa fa-calculator","title_text":"automate repeating tasks","description_text":"Click edit button to change this text. Lorem ipsum dolor sit amet, consectetur adipiscing elit. Ut elit tellus luctus nec ","link":{"is_external":"","url":""},"position":"left","section_style_icon":"","primary_color":"#4054b2","icon_space":{"unit":"px","size":"45"},"icon_size":{"unit":"px","size":"33"},"icon_padding":{"unit":"em","size":"1"},"rotate":{"unit":"deg","size":"0"},"section_hover":"","hover_primary_color":"#ffffff","hover_secondary_color":"#4054b2","section_style_content":"","content_vertical_alignment":"middle","heading_title":"","title_color":"#4c4c4c","title_typography_typography":"custom","title_typography_font_size":{"unit":"px","size":"21"},"title_typography_text_transform":"uppercase","title_typography_line_height":{"unit":"em","size":""},"title_typography_letter_spacing":{"unit":"px","size":""},"heading_description":"","description_color":"#4c4c4c","description_typography_typography":"custom","description_typography_font_size":{"unit":"px","size":"17"},"description_typography_font_weight":"300","description_typography_line_height":{"unit":"em","size":""},"description_typography_letter_spacing":{"unit":"px","size":""},"_section_style":"","_section_background":"","_box_shadow_box_shadow":{"horizontal":"0","vertical":"0","blur":"10","spread":"0","inset":"","color":"rgba(0,0,0,0.5)"},"_section_responsive":"","responsive_description":"","title_typography_font_size_tablet":{"unit":"px","size":""},"title_typography_font_size_mobile":{"unit":"px","size":""},"title_typography_line_height_tablet":{"unit":"em","size":""},"title_typography_line_height_mobile":{"unit":"em","size":""},"title_typography_letter_spacing_tablet":{"unit":"px","size":""},"title_typography_letter_spacing_mobile":{"unit":"px","size":""},"description_typography_font_size_tablet":{"unit":"px","size":""},"description_typography_font_size_mobile":{"unit":"px","size":""},"description_typography_line_height_tablet":{"unit":"em","size":""},"description_typography_line_height_mobile":{"unit":"em","size":""},"description_typography_letter_spacing_tablet":{"unit":"px","size":""},"description_typography_letter_spacing_mobile":{"unit":"px","size":""},"title_bottom_space":{"unit":"px","size":""},"title_bottom_space_tablet":{"unit":"px","size":""},"title_bottom_space_mobile":{"unit":"px","size":""},"selected_icon":{"value":"fas fa-calculator","library":"fa-solid"},"__fa4_migrated":{"selected_icon":"1"}},"elements":[],"isInner":false,"widgetType":"icon-box","elType":"widget"}],"isInner":"","elType":"column"}],"isInner":"","elType":"section"},{"id":"40218ac8","settings":{"section_layout":"","content_width":{"unit":"px","size":"1140"},"custom_height":{"unit":"px","size":"400"},"section_background":"","background_background":"classic","background_color":"#eeeeee","background_overlay_title":"","background_overlay_opacity":{"unit":"px","size":"0.5"},"section_border":"","box_shadow_box_shadow":{"horizontal":"0","vertical":"0","blur":"10","spread":"0","inset":"","color":"rgba(0,0,0,0.5)"},"section_typo":"","section_advanced":"","padding":{"unit":"px","top":"90","right":"0","bottom":"90","left":"0","isLinked":""},"_section_responsive":"","responsive_description":"","heading_visibility":"","background_overlay_section":"","_title":"choose plan"},"elements":[{"id":"77f40d33","settings":{"_column_size":"100","section_style":"","box_shadow_box_shadow":{"horizontal":"0","vertical":"0","blur":"10","spread":"0","inset":"","color":"rgba(0,0,0,0.5)"},"section_typo":"","section_advanced":"","section_responsive":"","screen_sm":"default","screen_sm_width":"100","screen_xs":"default","screen_xs_width":"100"},"elements":[{"id":"253a3c47","settings":{"section_anchor":"","anchor_description":"","anchor":"pricing","_section_style":"","_section_background":"","_box_shadow_box_shadow":{"horizontal":"0","vertical":"0","blur":"10","spread":"0","inset":"","color":"rgba(0,0,0,0.5)"},"_section_responsive":"","responsive_description":""},"elements":[],"isInner":false,"widgetType":"menu-anchor","elType":"widget"},{"id":"98968f9","settings":{"section_title":"","title":"Choose the perfect plan","link":{"is_external":"","url":""},"size":"large","header_size":"h3","align":"center","section_title_style":"","title_color":"#4c4c4c","typography_typography":"custom","typography_font_size":{"unit":"px","size":"39"},"typography_font_weight":"400","typography_text_transform":"uppercase","typography_line_height":{"unit":"em","size":""},"typography_letter_spacing":{"unit":"px","size":""},"_section_style":"","_section_background":"","_box_shadow_box_shadow":{"horizontal":"0","vertical":"0","blur":"10","spread":"0","inset":"","color":"rgba(0,0,0,0.5)"},"_section_responsive":"","responsive_description":"","typography_font_size_tablet":{"unit":"px","size":""},"typography_font_size_mobile":{"unit":"px","size":""},"typography_line_height_tablet":{"unit":"em","size":""},"typography_line_height_mobile":{"unit":"em","size":""},"typography_letter_spacing_tablet":{"unit":"px","size":""},"typography_letter_spacing_mobile":{"unit":"px","size":""}},"elements":[],"isInner":false,"widgetType":"heading","elType":"widget"},{"id":"2d6751c9","settings":{"section_editor":"","editor":"I am text block. Click edit button to change this text. Lorem ipsum dolor sit amet, consectetur adipiscing elit. Ut elit tellus, luctus nec ullamcorper mattis, pulvinar dapibus leo.","section_style":"","align":"center","text_color":"#878787","typography_typography":"custom","typography_font_size":{"unit":"px","size":"17"},"typography_font_weight":"300","typography_line_height":{"unit":"em","size":""},"typography_letter_spacing":{"unit":"px","size":""},"_section_style":"","_padding":{"unit":"%","top":"0","right":"15","bottom":"0","left":"15","isLinked":""},"_section_background":"","_box_shadow_box_shadow":{"horizontal":"0","vertical":"0","blur":"10","spread":"0","inset":"","color":"rgba(0,0,0,0.5)"},"_section_responsive":"","responsive_description":"","typography_font_size_tablet":{"unit":"px","size":""},"typography_font_size_mobile":{"unit":"px","size":""},"typography_line_height_tablet":{"unit":"em","size":""},"typography_line_height_mobile":{"unit":"em","size":""},"typography_letter_spacing_tablet":{"unit":"px","size":""},"typography_letter_spacing_mobile":{"unit":"px","size":""}},"elements":[],"isInner":false,"widgetType":"text-editor","elType":"widget"},{"id":"4b2f4018","settings":{"section_spacer":"","space":{"unit":"px","size":"20"},"_section_style":"","_section_background":"","_box_shadow_box_shadow":{"horizontal":"0","vertical":"0","blur":"10","spread":"0","inset":"","color":"rgba(0,0,0,0.5)"},"_section_responsive":"","responsive_description":"","space_tablet":{"unit":"px","size":"50"},"space_mobile":{"unit":"px","size":"50"}},"elements":[],"isInner":false,"widgetType":"spacer","elType":"widget"},{"id":"817f8f3","settings":{"section_layout":"","content_width":{"unit":"px","size":"1140"},"custom_height_inner":{"unit":"px","size":"819"},"content_position":"middle","structure":"30","section_background":"","background_overlay_title":"","background_overlay_opacity":{"unit":"px","size":"0.5"},"section_border":"","box_shadow_box_shadow":{"horizontal":"0","vertical":"0","blur":"10","spread":"0","inset":"","color":"rgba(0,0,0,0.5)"},"section_typo":"","section_advanced":"","_section_responsive":"","responsive_description":"","heading_visibility":"","background_overlay_section":""},"elements":[{"id":"565da4d0","settings":{"_column_size":"33","section_style":"","background_background":"classic","background_color":"#ffffff","border_width":{"unit":"px","top":"2","right":"2","bottom":"2","left":"2","isLinked":"1"},"border_color":"#d8d8d8","border_radius":{"unit":"px","top":"10","right":"10","bottom":"10","left":"10","isLinked":"1"},"box_shadow_box_shadow_type":"outset","box_shadow_box_shadow":{"horizontal":"0","vertical":"0","blur":"20","spread":"0","inset":"","color":"rgba(221,221,221,0.5)"},"section_typo":"","text_align":"center","section_advanced":"","margin":{"unit":"px","top":"20","right":"20","bottom":"20","left":"20","isLinked":"1"},"padding":{"unit":"px","top":"70","right":"50","bottom":"70","left":"50","isLinked":""},"section_responsive":"","screen_sm":"default","screen_sm_width":"100","screen_xs":"default","screen_xs_width":"100","margin_tablet":{"unit":"px","top":"0","right":"0","bottom":"0","left":"0","isLinked":"1"}},"elements":[{"id":"ec0e65f","settings":{"section_title":"","title":"$19","link":{"is_external":"","url":""},"size":"large","section_title_style":"","title_color":"#4c4c4c","typography_typography":"custom","typography_font_size":{"unit":"px","size":"65"},"typography_line_height":{"unit":"em","size":""},"typography_letter_spacing":{"unit":"px","size":""},"_section_style":"","_section_background":"","_box_shadow_box_shadow":{"horizontal":"0","vertical":"0","blur":"10","spread":"0","inset":"","color":"rgba(0,0,0,0.5)"},"_section_responsive":"","responsive_description":"","typography_font_size_tablet":{"unit":"px","size":""},"typography_font_size_mobile":{"unit":"px","size":""},"typography_line_height_tablet":{"unit":"em","size":""},"typography_line_height_mobile":{"unit":"em","size":""},"typography_letter_spacing_tablet":{"unit":"px","size":""},"typography_letter_spacing_mobile":{"unit":"px","size":""}},"elements":[],"isInner":false,"widgetType":"heading","elType":"widget"},{"id":"2d83c38a","settings":{"section_title":"","title":"Per month","link":{"is_external":"","url":""},"size":"large","section_title_style":"","title_color":"#4c4c4c","typography_typography":"custom","typography_font_size":{"unit":"px","size":"17"},"typography_font_family":"Roboto","typography_font_weight":"300","typography_text_transform":"uppercase","typography_line_height":{"unit":"em","size":""},"typography_letter_spacing":{"unit":"px","size":"5.9"},"_section_style":"","_section_background":"","_box_shadow_box_shadow":{"horizontal":"0","vertical":"0","blur":"10","spread":"0","inset":"","color":"rgba(0,0,0,0.5)"},"_section_responsive":"","responsive_description":"","typography_font_size_tablet":{"unit":"px","size":""},"typography_font_size_mobile":{"unit":"px","size":""},"typography_line_height_tablet":{"unit":"em","size":""},"typography_line_height_mobile":{"unit":"em","size":""},"typography_letter_spacing_tablet":{"unit":"px","size":""},"typography_letter_spacing_mobile":{"unit":"px","size":""}},"elements":[],"isInner":false,"widgetType":"heading","elType":"widget"},{"id":"6a60fad9","settings":{"section_divider":"","weight":{"unit":"px","size":"3"},"color":"#4c4c4c","width":{"unit":"%","size":"20"},"align":"center","gap":{"unit":"px","size":"25"},"_section_style":"","_section_background":"","_box_shadow_box_shadow":{"horizontal":"0","vertical":"0","blur":"10","spread":"0","inset":"","color":"rgba(0,0,0,0.5)"},"_section_responsive":"","responsive_description":"","text":"Divider"},"elements":[],"isInner":false,"widgetType":"divider","elType":"widget"},{"id":"61339dbf","settings":{"section_icon":"","icon_list":[{"text":"5GB Storage   ","icon":"fa fa-check","_id":"f0f0560"},{"text":"500 Users","icon":"fa fa-check","_id":"010f077"},{"text":"15 Domains","icon":"fa fa-check","_id":"8bb652f"},{"text":"1 Year Support","icon":"fa fa-check","_id":"759d13f"}],"section_icon_style":"","icon_color":"#4c4c4c","icon_size":{"unit":"px","size":"16"},"icon_align":"left","section_text_style":"","text_indent":{"unit":"px","size":"15"},"text_color":"#666666","icon_typography_typography":"custom","icon_typography_font_size":{"unit":"px","size":"15"},"icon_typography_font_weight":"300","icon_typography_line_height":{"unit":"em","size":"2.4"},"icon_typography_letter_spacing":{"unit":"px","size":""},"_section_style":"","_padding":{"unit":"%","top":"0","right":"0","bottom":"0","left":"17","isLinked":""},"_section_background":"","_box_shadow_box_shadow":{"horizontal":"0","vertical":"0","blur":"10","spread":"0","inset":"","color":"rgba(0,0,0,0.5)"},"_section_responsive":"","responsive_description":"","icon_align_mobile":"left","icon_typography_font_size_tablet":{"unit":"px","size":""},"icon_typography_font_size_mobile":{"unit":"px","size":""},"icon_typography_line_height_tablet":{"unit":"em","size":""},"icon_typography_line_height_mobile":{"unit":"em","size":""},"icon_typography_letter_spacing_tablet":{"unit":"px","size":""},"icon_typography_letter_spacing_mobile":{"unit":"px","size":""},"_padding_tablet":{"unit":"px","top":"0","right":"0","bottom":"0","left":"0","isLinked":"1"}},"elements":[],"isInner":false,"widgetType":"icon-list","elType":"widget"},{"id":"9799977","settings":{"section_button":"","text":"Get Started","link":{"is_external":"","url":"#"},"size":"lg","icon":"","icon_indent":{"unit":"px","size":""},"section_style":"","button_text_color":"#4054b2","typography_font_size":{"unit":"px","size":"15"},"typography_line_height":{"unit":"em","size":""},"typography_letter_spacing":{"unit":"px","size":""},"background_color":"#ffffff","border_border":"solid","border_radius":{"unit":"px","top":"50","right":"50","bottom":"50","left":"50","isLinked":"1"},"text_padding":{"unit":"px","top":"17","right":"50","bottom":"17","left":"50","isLinked":""},"section_hover":"","hover_color":"#ffffff","button_background_hover_color":"#4054b2","button_hover_border_color":"#4054b2","_section_style":"","_padding":{"unit":"px","top":"15","right":"0","bottom":"0","left":"0","isLinked":""},"_section_background":"","_box_shadow_box_shadow":{"horizontal":"0","vertical":"0","blur":"10","spread":"0","inset":"","color":"rgba(0,0,0,0.5)"},"_section_responsive":"","responsive_description":"","typography_font_size_tablet":{"unit":"px","size":""},"typography_font_size_mobile":{"unit":"px","size":""},"typography_line_height_tablet":{"unit":"em","size":""},"typography_line_height_mobile":{"unit":"em","size":""},"typography_letter_spacing_tablet":{"unit":"px","size":""},"typography_letter_spacing_mobile":{"unit":"px","size":""}},"elements":[],"isInner":false,"widgetType":"button","elType":"widget"}],"isInner":"1","elType":"column"},{"id":"7134026a","settings":{"_column_size":"33","section_style":"","background_background":"classic","background_color":"#4054b2","border_radius":{"unit":"px","top":"10","right":"10","bottom":"10","left":"10","isLinked":"1"},"box_shadow_box_shadow_type":"outset","box_shadow_box_shadow":{"horizontal":"0","vertical":"0","blur":"20","spread":"0","inset":"","color":"rgba(114,114,114,0.5)"},"section_typo":"","text_align":"center","section_advanced":"","margin":{"unit":"px","top":"20","right":"20","bottom":"20","left":"20","isLinked":"1"},"padding":{"unit":"px","top":"70","right":"50","bottom":"70","left":"50","isLinked":""},"section_responsive":"","screen_sm":"default","screen_sm_width":"100","screen_xs":"default","screen_xs_width":"100","margin_tablet":{"unit":"px","top":"0","right":"0","bottom":"0","left":"0","isLinked":"1"}},"elements":[{"id":"5626c954","settings":{"section_title":"","title":"$49","link":{"is_external":"","url":""},"size":"large","section_title_style":"","title_color":"#ffffff","typography_typography":"custom","typography_font_size":{"unit":"px","size":"65"},"typography_line_height":{"unit":"em","size":""},"typography_letter_spacing":{"unit":"px","size":""},"_section_style":"","_section_background":"","_box_shadow_box_shadow":{"horizontal":"0","vertical":"0","blur":"10","spread":"0","inset":"","color":"rgba(0,0,0,0.5)"},"_section_responsive":"","responsive_description":"","typography_font_size_tablet":{"unit":"px","size":""},"typography_font_size_mobile":{"unit":"px","size":""},"typography_line_height_tablet":{"unit":"em","size":""},"typography_line_height_mobile":{"unit":"em","size":""},"typography_letter_spacing_tablet":{"unit":"px","size":""},"typography_letter_spacing_mobile":{"unit":"px","size":""}},"elements":[],"isInner":false,"widgetType":"heading","elType":"widget"},{"id":"180e4b99","settings":{"section_title":"","title":"Per month","link":{"is_external":"","url":""},"size":"large","section_title_style":"","title_color":"#ffffff","typography_typography":"custom","typography_font_size":{"unit":"px","size":"17"},"typography_font_family":"Roboto","typography_font_weight":"300","typography_text_transform":"uppercase","typography_line_height":{"unit":"em","size":""},"typography_letter_spacing":{"unit":"px","size":"5.9"},"_section_style":"","_section_background":"","_box_shadow_box_shadow":{"horizontal":"0","vertical":"0","blur":"10","spread":"0","inset":"","color":"rgba(0,0,0,0.5)"},"_section_responsive":"","responsive_description":"","typography_font_size_tablet":{"unit":"px","size":""},"typography_font_size_mobile":{"unit":"px","size":""},"typography_line_height_tablet":{"unit":"em","size":""},"typography_line_height_mobile":{"unit":"em","size":""},"typography_letter_spacing_tablet":{"unit":"px","size":""},"typography_letter_spacing_mobile":{"unit":"px","size":""}},"elements":[],"isInner":false,"widgetType":"heading","elType":"widget"},{"id":"2ee70355","settings":{"section_divider":"","weight":{"unit":"px","size":"3"},"color":"#ffffff","width":{"unit":"%","size":"20"},"align":"center","gap":{"unit":"px","size":"25"},"_section_style":"","_section_background":"","_box_shadow_box_shadow":{"horizontal":"0","vertical":"0","blur":"10","spread":"0","inset":"","color":"rgba(0,0,0,0.5)"},"_section_responsive":"","responsive_description":"","text":"Divider"},"elements":[],"isInner":false,"widgetType":"divider","elType":"widget"},{"id":"1daa7c10","settings":{"section_icon":"","icon_list":[{"text":"10GB Storage","icon":"fa fa-check","_id":"bb1c248"},{"text":"Unlimited Users","icon":"fa fa-check","_id":"01fdcb9"},{"text":"20 Domains","icon":"fa fa-check","_id":"3140931"},{"text":"Lifetime Support","icon":"fa fa-check","_id":"7eeade9"}],"section_icon_style":"","icon_color":"#ffffff","icon_size":{"unit":"px","size":"16"},"icon_align":"left","section_text_style":"","text_indent":{"unit":"px","size":"15"},"text_color":"#ffffff","icon_typography_typography":"custom","icon_typography_font_size":{"unit":"px","size":"15"},"icon_typography_font_weight":"300","icon_typography_line_height":{"unit":"em","size":"2.4"},"icon_typography_letter_spacing":{"unit":"px","size":""},"_section_style":"","_padding":{"unit":"%","top":"0","right":"0","bottom":"0","left":"17","isLinked":""},"_section_background":"","_box_shadow_box_shadow":{"horizontal":"0","vertical":"0","blur":"10","spread":"0","inset":"","color":"rgba(0,0,0,0.5)"},"_section_responsive":"","responsive_description":"","icon_typography_font_size_tablet":{"unit":"px","size":""},"icon_typography_font_size_mobile":{"unit":"px","size":""},"icon_typography_line_height_tablet":{"unit":"em","size":""},"icon_typography_line_height_mobile":{"unit":"em","size":""},"icon_typography_letter_spacing_tablet":{"unit":"px","size":""},"icon_typography_letter_spacing_mobile":{"unit":"px","size":""},"_padding_tablet":{"unit":"px","top":"0","right":"0","bottom":"0","left":"0","isLinked":"1"}},"elements":[],"isInner":false,"widgetType":"icon-list","elType":"widget"},{"id":"46f9be16","settings":{"section_button":"","text":"Get Started","link":{"is_external":"","url":"#"},"size":"lg","icon":"","icon_indent":{"unit":"px","size":""},"section_style":"","button_text_color":"#4054b2","typography_font_size":{"unit":"px","size":"15"},"typography_line_height":{"unit":"em","size":""},"typography_letter_spacing":{"unit":"px","size":""},"background_color":"#ffffff","border_border":"solid","border_color":"#ffffff","border_radius":{"unit":"px","top":"50","right":"50","bottom":"50","left":"50","isLinked":"1"},"text_padding":{"unit":"px","top":"17","right":"50","bottom":"17","left":"50","isLinked":""},"section_hover":"","hover_color":"#ffffff","button_background_hover_color":"rgba(255,255,255,0)","button_hover_border_color":"#ffffff","_section_style":"","_padding":{"unit":"px","top":"15","right":"0","bottom":"0","left":"0","isLinked":""},"_section_background":"","_box_shadow_box_shadow":{"horizontal":"0","vertical":"0","blur":"10","spread":"0","inset":"","color":"rgba(0,0,0,0.5)"},"_section_responsive":"","responsive_description":"","typography_font_size_tablet":{"unit":"px","size":""},"typography_font_size_mobile":{"unit":"px","size":""},"typography_line_height_tablet":{"unit":"em","size":""},"typography_line_height_mobile":{"unit":"em","size":""},"typography_letter_spacing_tablet":{"unit":"px","size":""},"typography_letter_spacing_mobile":{"unit":"px","size":""}},"elements":[],"isInner":false,"widgetType":"button","elType":"widget"}],"isInner":"1","elType":"column"},{"id":"63301fe6","settings":{"_column_size":"33","section_style":"","background_background":"classic","background_color":"#ffffff","border_width":{"unit":"px","top":"2","right":"2","bottom":"2","left":"2","isLinked":"1"},"border_color":"#d8d8d8","border_radius":{"unit":"px","top":"10","right":"10","bottom":"10","left":"10","isLinked":"1"},"box_shadow_box_shadow_type":"outset","box_shadow_box_shadow":{"horizontal":"0","vertical":"0","blur":"20","spread":"0","inset":"","color":"rgba(221,221,221,0.5)"},"section_typo":"","text_align":"center","section_advanced":"","margin":{"unit":"px","top":"20","right":"20","bottom":"20","left":"20","isLinked":"1"},"padding":{"unit":"px","top":"70","right":"50","bottom":"70","left":"50","isLinked":""},"section_responsive":"","screen_sm":"default","screen_sm_width":"100","screen_xs":"default","screen_xs_width":"100","margin_tablet":{"unit":"px","top":"0","right":"0","bottom":"0","left":"0","isLinked":"1"}},"elements":[{"id":"5e865c59","settings":{"section_title":"","title":"$99","link":{"is_external":"","url":""},"size":"large","section_title_style":"","title_color":"#4c4c4c","typography_typography":"custom","typography_font_size":{"unit":"px","size":"65"},"typography_line_height":{"unit":"em","size":""},"typography_letter_spacing":{"unit":"px","size":""},"_section_style":"","_section_background":"","_box_shadow_box_shadow":{"horizontal":"0","vertical":"0","blur":"10","spread":"0","inset":"","color":"rgba(0,0,0,0.5)"},"_section_responsive":"","responsive_description":"","typography_font_size_tablet":{"unit":"px","size":""},"typography_font_size_mobile":{"unit":"px","size":""},"typography_line_height_tablet":{"unit":"em","size":""},"typography_line_height_mobile":{"unit":"em","size":""},"typography_letter_spacing_tablet":{"unit":"px","size":""},"typography_letter_spacing_mobile":{"unit":"px","size":""}},"elements":[],"isInner":false,"widgetType":"heading","elType":"widget"},{"id":"213c843a","settings":{"section_title":"","title":"Per month","link":{"is_external":"","url":""},"size":"large","section_title_style":"","title_color":"#4c4c4c","typography_typography":"custom","typography_font_size":{"unit":"px","size":"17"},"typography_font_family":"Roboto","typography_font_weight":"300","typography_text_transform":"uppercase","typography_line_height":{"unit":"em","size":""},"typography_letter_spacing":{"unit":"px","size":"5.9"},"_section_style":"","_section_background":"","_box_shadow_box_shadow":{"horizontal":"0","vertical":"0","blur":"10","spread":"0","inset":"","color":"rgba(0,0,0,0.5)"},"_section_responsive":"","responsive_description":"","typography_font_size_tablet":{"unit":"px","size":""},"typography_font_size_mobile":{"unit":"px","size":""},"typography_line_height_tablet":{"unit":"em","size":""},"typography_line_height_mobile":{"unit":"em","size":""},"typography_letter_spacing_tablet":{"unit":"px","size":""},"typography_letter_spacing_mobile":{"unit":"px","size":""}},"elements":[],"isInner":false,"widgetType":"heading","elType":"widget"},{"id":"b734f9b","settings":{"section_divider":"","weight":{"unit":"px","size":"3"},"color":"#4c4c4c","width":{"unit":"%","size":"20"},"align":"center","gap":{"unit":"px","size":"25"},"_section_style":"","_section_background":"","_box_shadow_box_shadow":{"horizontal":"0","vertical":"0","blur":"10","spread":"0","inset":"","color":"rgba(0,0,0,0.5)"},"_section_responsive":"","responsive_description":"","text":"Divider"},"elements":[],"isInner":false,"widgetType":"divider","elType":"widget"},{"id":"67976c96","settings":{"section_icon":"","icon_list":[{"text":"100GB Storage","icon":"fa fa-check","_id":"30c75ef"},{"text":"Unlimited Users","icon":"fa fa-check","_id":"7342387"},{"text":"50 Domains","icon":"fa fa-check","_id":"f9257d7"},{"text":"Lifetime Support","icon":"fa fa-check","_id":"80658a1"}],"section_icon_style":"","icon_color":"#4c4c4c","icon_size":{"unit":"px","size":"16"},"icon_align":"left","section_text_style":"","text_indent":{"unit":"px","size":"15"},"text_color":"#666666","icon_typography_typography":"custom","icon_typography_font_size":{"unit":"px","size":"15"},"icon_typography_font_weight":"300","icon_typography_line_height":{"unit":"em","size":"2.4"},"icon_typography_letter_spacing":{"unit":"px","size":""},"_section_style":"","_padding":{"unit":"%","top":"0","right":"0","bottom":"0","left":"17","isLinked":""},"_section_background":"","_box_shadow_box_shadow":{"horizontal":"0","vertical":"0","blur":"10","spread":"0","inset":"","color":"rgba(0,0,0,0.5)"},"_section_responsive":"","responsive_description":"","icon_typography_font_size_tablet":{"unit":"px","size":""},"icon_typography_font_size_mobile":{"unit":"px","size":""},"icon_typography_line_height_tablet":{"unit":"em","size":""},"icon_typography_line_height_mobile":{"unit":"em","size":""},"icon_typography_letter_spacing_tablet":{"unit":"px","size":""},"icon_typography_letter_spacing_mobile":{"unit":"px","size":""},"_padding_tablet":{"unit":"px","top":"0","right":"0","bottom":"0","left":"0","isLinked":"1"}},"elements":[],"isInner":false,"widgetType":"icon-list","elType":"widget"},{"id":"5aa0e515","settings":{"section_button":"","text":"Get Started","link":{"is_external":"","url":"#"},"size":"lg","icon":"","icon_indent":{"unit":"px","size":""},"section_style":"","button_text_color":"#4054b2","typography_font_size":{"unit":"px","size":"15"},"typography_line_height":{"unit":"em","size":""},"typography_letter_spacing":{"unit":"px","size":""},"background_color":"#ffffff","border_border":"solid","border_radius":{"unit":"px","top":"50","right":"50","bottom":"50","left":"50","isLinked":"1"},"text_padding":{"unit":"px","top":"17","right":"50","bottom":"17","left":"50","isLinked":""},"section_hover":"","hover_color":"#ffffff","button_background_hover_color":"#4054b2","button_hover_border_color":"#4054b2","_section_style":"","_padding":{"unit":"px","top":"15","right":"0","bottom":"0","left":"0","isLinked":""},"_section_background":"","_box_shadow_box_shadow":{"horizontal":"0","vertical":"0","blur":"10","spread":"0","inset":"","color":"rgba(0,0,0,0.5)"},"_section_responsive":"","responsive_description":"","typography_font_size_tablet":{"unit":"px","size":""},"typography_font_size_mobile":{"unit":"px","size":""},"typography_line_height_tablet":{"unit":"em","size":""},"typography_line_height_mobile":{"unit":"em","size":""},"typography_letter_spacing_tablet":{"unit":"px","size":""},"typography_letter_spacing_mobile":{"unit":"px","size":""}},"elements":[],"isInner":false,"widgetType":"button","elType":"widget"}],"isInner":"1","elType":"column"}],"isInner":"1","elType":"section"}],"isInner":"","elType":"column"}],"isInner":"","elType":"section"},{"id":"1f1733f3","settings":{"section_layout":"","content_width":{"unit":"px","size":"811"},"gap":"wide","custom_height":{"unit":"px","size":"400"},"section_background":"","background_overlay_title":"","background_overlay_opacity":{"unit":"px","size":"0.5"},"section_border":"","box_shadow_box_shadow":{"horizontal":"0","vertical":"0","blur":"10","spread":"0","inset":"","color":"rgba(0,0,0,0.5)"},"section_typo":"","section_advanced":"","padding":{"unit":"px","top":"70","right":"0","bottom":"50","left":"0","isLinked":""},"_section_responsive":"","responsive_description":"","padding_mobile":{"unit":"px","top":"20","right":"20","bottom":"20","left":"20","isLinked":"1"},"heading_visibility":"","background_overlay_section":"","_title":"f.a.q"},"elements":[{"id":"22c773b1","settings":{"_column_size":"100","section_style":"","box_shadow_box_shadow":{"horizontal":"0","vertical":"0","blur":"10","spread":"0","inset":"","color":"rgba(0,0,0,0.5)"},"section_typo":"","section_advanced":"","section_responsive":"","screen_sm":"default","screen_sm_width":"100","screen_xs":"default","screen_xs_width":"100"},"elements":[{"id":"112518e3","settings":{"section_title":"","title":"Frequently asked questions","link":{"is_external":"","url":""},"size":"large","header_size":"h3","align":"center","section_title_style":"","title_color":"#4054b2","typography_typography":"custom","typography_font_size":{"unit":"px","size":"39"},"typography_font_weight":"400","typography_text_transform":"uppercase","typography_line_height":{"unit":"em","size":""},"typography_letter_spacing":{"unit":"px","size":""},"_section_style":"","_section_background":"","_box_shadow_box_shadow":{"horizontal":"0","vertical":"0","blur":"10","spread":"0","inset":"","color":"rgba(0,0,0,0.5)"},"_section_responsive":"","responsive_description":"","typography_font_size_tablet":{"unit":"px","size":""},"typography_font_size_mobile":{"unit":"px","size":"27"},"typography_line_height_tablet":{"unit":"em","size":""},"typography_line_height_mobile":{"unit":"em","size":""},"typography_letter_spacing_tablet":{"unit":"px","size":""},"typography_letter_spacing_mobile":{"unit":"px","size":""}},"elements":[],"isInner":false,"widgetType":"heading","elType":"widget"},{"id":"25755f8f","settings":{"section_spacer":"","space":{"unit":"px","size":"20"},"_section_style":"","_section_background":"","_box_shadow_box_shadow":{"horizontal":"0","vertical":"0","blur":"10","spread":"0","inset":"","color":"rgba(0,0,0,0.5)"},"_section_responsive":"","responsive_description":"","space_tablet":{"unit":"px","size":"50"},"space_mobile":{"unit":"px","size":"50"}},"elements":[],"isInner":false,"widgetType":"spacer","elType":"widget"},{"id":"2985bf9a","settings":{"section_title":"","tabs":[{"tab_title":"What is Workflow Optimization?","tab_content":"Lorem ipsum dolor sit amet, adhuc labores honestatis pro ne. Pri tantas epicuri inciderint te, nibh efficiendi disputationi ex pri. At facer theophrastus eum, has nulla bonorum vituperata at. Eos utroque consequuntur an, case solum his ei.","_id":"1310b2d"},{"tab_title":"How much is your app?","tab_content":"Lorem ipsum dolor sit amet, adhuc labores honestatis pro ne. Pri tantas epicuri inciderint te, nibh efficiendi disputationi ex pri. At facer theophrastus eum, has nulla bonorum vituperata at. Eos utroque consequuntur an, case solum his ei.","_id":"4b984bb"},{"tab_title":"Can anyone use the app?","tab_content":"Lorem ipsum dolor sit amet, adhuc labores honestatis pro ne. Pri tantas epicuri inciderint te, nibh efficiendi disputationi ex pri. At facer theophrastus eum, has nulla bonorum vituperata at. Eos utroque consequuntur an, case solum his ei.","_id":"f9e2d34"},{"tab_title":"How did the idea come about?","tab_content":"Lorem ipsum dolor sit amet, adhuc labores honestatis pro ne. Pri tantas epicuri inciderint te, nibh efficiendi disputationi ex pri. At facer theophrastus eum, has nulla bonorum vituperata at. Eos utroque consequuntur an, case solum his ei.","_id":"238a9b2"},{"tab_title":"Are you hiring?","tab_content":"Lorem ipsum dolor sit amet, adhuc labores honestatis pro ne. Pri tantas epicuri inciderint te, nibh efficiendi disputationi ex pri. At facer theophrastus eum, has nulla bonorum vituperata at. Eos utroque consequuntur an, case solum his ei.","_id":"2f483de"}],"section_title_style":"","border_width":{"unit":"px","size":"2"},"border_color":"#eeeeee","title_color":"#4c4c4c","tab_active_color":"#4054b2","title_typography_typography":"custom","title_typography_font_size":{"unit":"px","size":"21"},"title_typography_font_weight":"300","title_typography_line_height":{"unit":"em","size":"1.8"},"title_typography_letter_spacing":{"unit":"px","size":""},"content_typography_font_size":{"unit":"px","size":"15"},"content_typography_line_height":{"unit":"em","size":""},"content_typography_letter_spacing":{"unit":"px","size":""},"_section_style":"","_padding":{"unit":"px","top":"0","right":"0","bottom":"0","left":"0","isLinked":""},"_section_background":"","_box_shadow_box_shadow":{"horizontal":"0","vertical":"0","blur":"10","spread":"0","inset":"","color":"rgba(0,0,0,0.5)"},"_section_responsive":"","responsive_description":"","title_typography_font_size_tablet":{"unit":"px","size":""},"title_typography_font_size_mobile":{"unit":"px","size":""},"title_typography_line_height_tablet":{"unit":"em","size":""},"title_typography_line_height_mobile":{"unit":"em","size":""},"title_typography_letter_spacing_tablet":{"unit":"px","size":""},"title_typography_letter_spacing_mobile":{"unit":"px","size":""},"content_typography_font_size_tablet":{"unit":"px","size":""},"content_typography_font_size_mobile":{"unit":"px","size":""},"content_typography_line_height_tablet":{"unit":"em","size":""},"content_typography_line_height_mobile":{"unit":"em","size":""},"content_typography_letter_spacing_tablet":{"unit":"px","size":""},"content_typography_letter_spacing_mobile":{"unit":"px","size":""},"section_toggle":"","section_toggle_style":""},"elements":[],"isInner":false,"widgetType":"toggle","elType":"widget"},{"id":"69dda0a3","settings":{"section_editor":"","editor":"<p>Workflow Optimization is a cross platform message optimization app for all devices. <a href=\"#\">Contact Us<\/a><\/p>","section_style":"","align":"center","typography_typography":"custom","typography_font_size":{"unit":"px","size":"13"},"typography_font_style":"italic","typography_line_height":{"unit":"em","size":""},"typography_letter_spacing":{"unit":"px","size":""},"_section_style":"","_padding":{"unit":"px","top":"40","right":"0","bottom":"0","left":"0","isLinked":""},"_section_background":"","_box_shadow_box_shadow":{"horizontal":"0","vertical":"0","blur":"10","spread":"0","inset":"","color":"rgba(0,0,0,0.5)"},"_section_responsive":"","responsive_description":"","typography_font_size_tablet":{"unit":"px","size":""},"typography_font_size_mobile":{"unit":"px","size":""},"typography_line_height_tablet":{"unit":"em","size":""},"typography_line_height_mobile":{"unit":"em","size":""},"typography_letter_spacing_tablet":{"unit":"px","size":""},"typography_letter_spacing_mobile":{"unit":"px","size":""}},"elements":[],"isInner":false,"widgetType":"text-editor","elType":"widget"}],"isInner":"","elType":"column"}],"isInner":"","elType":"section"},{"id":"67818b6d","settings":{"section_layout":"","content_width":{"unit":"px","size":"1140"},"gap":"wider","custom_height":{"unit":"px","size":"400"},"section_background":"","background_background":"classic","background_color":"#eeeeee","background_overlay_title":"","background_overlay_opacity":{"unit":"px","size":"0.5"},"section_border":"","box_shadow_box_shadow":{"horizontal":"0","vertical":"0","blur":"10","spread":"0","inset":"","color":"rgba(0,0,0,0.5)"},"section_typo":"","section_advanced":"","padding":{"unit":"px","top":"60","right":"0","bottom":"60","left":"0","isLinked":""},"_section_responsive":"","responsive_description":"","padding_mobile":{"unit":"px","top":"30","right":"30","bottom":"30","left":"30","isLinked":"1"},"heading_visibility":"","background_overlay_section":"","_title":"our clients say"},"elements":[{"id":"5ce26f52","settings":{"_column_size":"100","section_style":"","box_shadow_box_shadow":{"horizontal":"0","vertical":"0","blur":"10","spread":"0","inset":"","color":"rgba(0,0,0,0.5)"},"section_typo":"","section_advanced":"","section_responsive":"","screen_sm":"default","screen_sm_width":"100","screen_xs":"default","screen_xs_width":"100","padding_mobile":{"unit":"px","top":"40","right":"0","bottom":"0","left":"0","isLinked":""}},"elements":[{"id":"5e6e5f13","settings":{"section_title":"","title":"Our clients say","link":{"is_external":"","url":""},"size":"large","header_size":"h3","align":"center","section_title_style":"","title_color":"#4054b2","typography_typography":"custom","typography_font_size":{"unit":"px","size":"39"},"typography_font_weight":"400","typography_text_transform":"uppercase","typography_line_height":{"unit":"em","size":""},"typography_letter_spacing":{"unit":"px","size":""},"_section_style":"","_section_background":"","_box_shadow_box_shadow":{"horizontal":"0","vertical":"0","blur":"10","spread":"0","inset":"","color":"rgba(0,0,0,0.5)"},"_section_responsive":"","responsive_description":"","typography_font_size_tablet":{"unit":"px","size":""},"typography_font_size_mobile":{"unit":"px","size":"27"},"typography_line_height_tablet":{"unit":"em","size":""},"typography_line_height_mobile":{"unit":"em","size":""},"typography_letter_spacing_tablet":{"unit":"px","size":""},"typography_letter_spacing_mobile":{"unit":"px","size":""}},"elements":[],"isInner":false,"widgetType":"heading","elType":"widget"},{"id":"740c04f0","settings":{"section_spacer":"","space":{"unit":"px","size":"20"},"_section_style":"","_section_background":"","_box_shadow_box_shadow":{"horizontal":"0","vertical":"0","blur":"10","spread":"0","inset":"","color":"rgba(0,0,0,0.5)"},"_section_responsive":"","responsive_description":"","space_tablet":{"unit":"px","size":"50"},"space_mobile":{"unit":"px","size":"20"}},"elements":[],"isInner":false,"widgetType":"spacer","elType":"widget"},{"id":"2318bca9","settings":{"section_layout":"","content_width":{"unit":"px","size":"1140"},"gap":"wide","custom_height_inner":{"unit":"px","size":"400"},"structure":"20","section_background":"","background_overlay_title":"","background_overlay_opacity":{"unit":"px","size":"0.5"},"section_border":"","box_shadow_box_shadow":{"horizontal":"0","vertical":"0","blur":"10","spread":"0","inset":"","color":"rgba(0,0,0,0.5)"},"section_typo":"","section_advanced":"","_section_responsive":"","responsive_description":"","heading_visibility":"","background_overlay_section":""},"elements":[{"id":"37597c88","settings":{"_column_size":"50","section_style":"","box_shadow_box_shadow":{"horizontal":"0","vertical":"0","blur":"10","spread":"0","inset":"","color":"rgba(0,0,0,0.5)"},"section_typo":"","section_advanced":"","section_responsive":"","screen_sm":"default","screen_sm_width":"100","screen_xs":"default","screen_xs_width":"100"},"elements":[{"id":"2b92f2dd","settings":{"section_testimonial":"","testimonial_content":"\"Click edit button to change this text. Lorem ipsum dolor sit amet, consectetur adipiscing elit. Ut elit tellus, luctus nec ullamcorper mattis, pulvinar dapibus leo\"","testimonial_image":{"id":9,"url":"http:\/\/localhost\/dieuhau\/wp-content\/uploads\/2020\/10\/team_3.jpg"},"testimonial_name":"Hilary Leigh","testimonial_job":"Developer","testimonial_alignment":"left","section_style_testimonial_content":"","content_content_color":"#4c4c4c","content_typography_typography":"custom","content_typography_font_size":{"unit":"px","size":"17"},"content_typography_font_weight":"300","content_typography_font_style":"italic","content_typography_line_height":{"unit":"em","size":"1.9"},"content_typography_letter_spacing":{"unit":"px","size":""},"section_style_testimonial_image":"","image_size":{"unit":"px","size":"50"},"section_style_testimonial_name":"","name_text_color":"#4054b2","name_typography_typography":"custom","name_typography_font_size":{"unit":"px","size":"14"},"name_typography_font_weight":"600","name_typography_text_transform":"uppercase","name_typography_line_height":{"unit":"em","size":""},"name_typography_letter_spacing":{"unit":"px","size":""},"section_style_testimonial_job":"","job_text_color":"#afafaf","job_typography_typography":"custom","job_typography_font_size":{"unit":"px","size":"13"},"job_typography_font_family":"Roboto","job_typography_line_height":{"unit":"em","size":"1.3"},"job_typography_letter_spacing":{"unit":"px","size":""},"_section_style":"","_section_background":"","_background_background":"none","_box_shadow_box_shadow":{"horizontal":"0","vertical":"0","blur":"10","spread":"0","inset":"","color":"rgba(61,61,61,0.69)"},"_section_responsive":"","responsive_description":"","content_typography_font_size_tablet":{"unit":"px","size":""},"content_typography_font_size_mobile":{"unit":"px","size":""},"content_typography_line_height_tablet":{"unit":"em","size":""},"content_typography_line_height_mobile":{"unit":"em","size":""},"content_typography_letter_spacing_tablet":{"unit":"px","size":""},"content_typography_letter_spacing_mobile":{"unit":"px","size":""},"name_typography_font_size_tablet":{"unit":"px","size":""},"name_typography_font_size_mobile":{"unit":"px","size":""},"name_typography_line_height_tablet":{"unit":"em","size":""},"name_typography_line_height_mobile":{"unit":"em","size":""},"name_typography_letter_spacing_tablet":{"unit":"px","size":""},"name_typography_letter_spacing_mobile":{"unit":"px","size":""},"job_typography_font_size_tablet":{"unit":"px","size":""},"job_typography_font_size_mobile":{"unit":"px","size":""},"job_typography_line_height_tablet":{"unit":"em","size":""},"job_typography_line_height_mobile":{"unit":"em","size":""},"job_typography_letter_spacing_tablet":{"unit":"px","size":""},"job_typography_letter_spacing_mobile":{"unit":"px","size":""}},"elements":[],"isInner":false,"widgetType":"testimonial","elType":"widget"},{"id":"77a82e8","settings":{"section_spacer":"","space":{"unit":"px","size":"30"},"_section_style":"","_section_background":"","_box_shadow_box_shadow":{"horizontal":"0","vertical":"0","blur":"10","spread":"0","inset":"","color":"rgba(0,0,0,0.5)"},"_section_responsive":"","responsive_description":"","space_tablet":{"unit":"px","size":"50"},"space_mobile":{"unit":"px","size":"50"}},"elements":[],"isInner":false,"widgetType":"spacer","elType":"widget"},{"id":"3170b25c","settings":{"section_testimonial":"","testimonial_content":"\"Click edit button to change this text. Lorem ipsum dolor sit amet, consectetur adipiscing elit. Ut elit tellus, luctus nec ullamcorper mattis, pulvinar dapibus leo\"","testimonial_image":{"id":10,"url":"http:\/\/localhost\/dieuhau\/wp-content\/uploads\/2020\/10\/25388788904_72d2f5ec6f_z.jpg"},"testimonial_name":"Hall Read","testimonial_job":"Designer","testimonial_alignment":"left","section_style_testimonial_content":"","content_content_color":"#4c4c4c","content_typography_typography":"custom","content_typography_font_size":{"unit":"px","size":"17"},"content_typography_font_weight":"300","content_typography_font_style":"italic","content_typography_line_height":{"unit":"em","size":"1.9"},"content_typography_letter_spacing":{"unit":"px","size":""},"section_style_testimonial_image":"","image_size":{"unit":"px","size":"50"},"section_style_testimonial_name":"","name_text_color":"#4054b2","name_typography_typography":"custom","name_typography_font_size":{"unit":"px","size":"14"},"name_typography_font_weight":"600","name_typography_text_transform":"uppercase","name_typography_line_height":{"unit":"em","size":""},"name_typography_letter_spacing":{"unit":"px","size":""},"section_style_testimonial_job":"","job_text_color":"#afafaf","job_typography_typography":"custom","job_typography_font_size":{"unit":"px","size":"13"},"job_typography_font_family":"Roboto","job_typography_line_height":{"unit":"em","size":"1.3"},"job_typography_letter_spacing":{"unit":"px","size":""},"_section_style":"","_section_background":"","_background_background":"none","_box_shadow_box_shadow":{"horizontal":"0","vertical":"0","blur":"10","spread":"0","inset":"","color":"rgba(61,61,61,0.69)"},"_section_responsive":"","responsive_description":"","content_typography_font_size_tablet":{"unit":"px","size":""},"content_typography_font_size_mobile":{"unit":"px","size":""},"content_typography_line_height_tablet":{"unit":"em","size":""},"content_typography_line_height_mobile":{"unit":"em","size":""},"content_typography_letter_spacing_tablet":{"unit":"px","size":""},"content_typography_letter_spacing_mobile":{"unit":"px","size":""},"name_typography_font_size_tablet":{"unit":"px","size":""},"name_typography_font_size_mobile":{"unit":"px","size":""},"name_typography_line_height_tablet":{"unit":"em","size":""},"name_typography_line_height_mobile":{"unit":"em","size":""},"name_typography_letter_spacing_tablet":{"unit":"px","size":""},"name_typography_letter_spacing_mobile":{"unit":"px","size":""},"job_typography_font_size_tablet":{"unit":"px","size":""},"job_typography_font_size_mobile":{"unit":"px","size":""},"job_typography_line_height_tablet":{"unit":"em","size":""},"job_typography_line_height_mobile":{"unit":"em","size":""},"job_typography_letter_spacing_tablet":{"unit":"px","size":""},"job_typography_letter_spacing_mobile":{"unit":"px","size":""},"_padding_mobile":{"unit":"px","top":"0","right":"0","bottom":"30","left":"0","isLinked":""}},"elements":[],"isInner":false,"widgetType":"testimonial","elType":"widget"}],"isInner":"1","elType":"column"},{"id":"4f83e0d6","settings":{"_column_size":"50","section_style":"","box_shadow_box_shadow":{"horizontal":"0","vertical":"0","blur":"10","spread":"0","inset":"","color":"rgba(0,0,0,0.5)"},"section_typo":"","section_advanced":"","section_responsive":"","screen_sm":"default","screen_sm_width":"100","screen_xs":"default","screen_xs_width":"100"},"elements":[{"id":"6fc64d03","settings":{"section_testimonial":"","testimonial_content":"\"Click edit button to change this text. Lorem ipsum dolor sit amet, consectetur adipiscing elit. Ut elit tellus, luctus nec ullamcorper mattis, pulvinar dapibus leo\"","testimonial_image":{"id":11,"url":"http:\/\/localhost\/dieuhau\/wp-content\/uploads\/2020\/10\/team_4.jpg"},"testimonial_name":"Quintin Angus","testimonial_job":"Designer","testimonial_alignment":"left","section_style_testimonial_content":"","content_content_color":"#4c4c4c","content_typography_typography":"custom","content_typography_font_size":{"unit":"px","size":"17"},"content_typography_font_weight":"300","content_typography_font_style":"italic","content_typography_line_height":{"unit":"em","size":"1.9"},"content_typography_letter_spacing":{"unit":"px","size":""},"section_style_testimonial_image":"","image_size":{"unit":"px","size":"50"},"section_style_testimonial_name":"","name_text_color":"#4054b2","name_typography_typography":"custom","name_typography_font_size":{"unit":"px","size":"14"},"name_typography_font_weight":"600","name_typography_text_transform":"uppercase","name_typography_line_height":{"unit":"em","size":""},"name_typography_letter_spacing":{"unit":"px","size":""},"section_style_testimonial_job":"","job_text_color":"#afafaf","job_typography_typography":"custom","job_typography_font_size":{"unit":"px","size":"13"},"job_typography_font_family":"Roboto","job_typography_line_height":{"unit":"em","size":"1.3"},"job_typography_letter_spacing":{"unit":"px","size":""},"_section_style":"","_section_background":"","_background_background":"none","_box_shadow_box_shadow":{"horizontal":"0","vertical":"0","blur":"10","spread":"0","inset":"","color":"rgba(61,61,61,0.69)"},"_section_responsive":"","responsive_description":"","content_typography_font_size_tablet":{"unit":"px","size":""},"content_typography_font_size_mobile":{"unit":"px","size":""},"content_typography_line_height_tablet":{"unit":"em","size":""},"content_typography_line_height_mobile":{"unit":"em","size":""},"content_typography_letter_spacing_tablet":{"unit":"px","size":""},"content_typography_letter_spacing_mobile":{"unit":"px","size":""},"name_typography_font_size_tablet":{"unit":"px","size":""},"name_typography_font_size_mobile":{"unit":"px","size":""},"name_typography_line_height_tablet":{"unit":"em","size":""},"name_typography_line_height_mobile":{"unit":"em","size":""},"name_typography_letter_spacing_tablet":{"unit":"px","size":""},"name_typography_letter_spacing_mobile":{"unit":"px","size":""},"job_typography_font_size_tablet":{"unit":"px","size":""},"job_typography_font_size_mobile":{"unit":"px","size":""},"job_typography_line_height_tablet":{"unit":"em","size":""},"job_typography_line_height_mobile":{"unit":"em","size":""},"job_typography_letter_spacing_tablet":{"unit":"px","size":""},"job_typography_letter_spacing_mobile":{"unit":"px","size":""}},"elements":[],"isInner":false,"widgetType":"testimonial","elType":"widget"},{"id":"2a07bfa1","settings":{"section_spacer":"","space":{"unit":"px","size":"30"},"_section_style":"","_section_background":"","_box_shadow_box_shadow":{"horizontal":"0","vertical":"0","blur":"10","spread":"0","inset":"","color":"rgba(0,0,0,0.5)"},"_section_responsive":"","responsive_description":"","space_tablet":{"unit":"px","size":"50"},"space_mobile":{"unit":"px","size":"50"}},"elements":[],"isInner":false,"widgetType":"spacer","elType":"widget"},{"id":"5c92a855","settings":{"section_testimonial":"","testimonial_content":"\"Click edit button to change this text. Lorem ipsum dolor sit amet, consectetur adipiscing elit. Ut elit tellus, luctus nec ullamcorper mattis, pulvinar dapibus leo\"","testimonial_image":{"id":12,"url":"http:\/\/localhost\/dieuhau\/wp-content\/uploads\/2020\/10\/team_2.jpg"},"testimonial_name":"Jillie Tempest","testimonial_job":"Developer","testimonial_alignment":"left","section_style_testimonial_content":"","content_content_color":"#4c4c4c","content_typography_typography":"custom","content_typography_font_size":{"unit":"px","size":"17"},"content_typography_font_weight":"300","content_typography_font_style":"italic","content_typography_line_height":{"unit":"em","size":"1.9"},"content_typography_letter_spacing":{"unit":"px","size":""},"section_style_testimonial_image":"","image_size":{"unit":"px","size":"50"},"section_style_testimonial_name":"","name_text_color":"#4054b2","name_typography_typography":"custom","name_typography_font_size":{"unit":"px","size":"14"},"name_typography_font_weight":"600","name_typography_text_transform":"uppercase","name_typography_line_height":{"unit":"em","size":""},"name_typography_letter_spacing":{"unit":"px","size":""},"section_style_testimonial_job":"","job_text_color":"#afafaf","job_typography_typography":"custom","job_typography_font_size":{"unit":"px","size":"13"},"job_typography_font_family":"Roboto","job_typography_line_height":{"unit":"em","size":"1.3"},"job_typography_letter_spacing":{"unit":"px","size":""},"_section_style":"","_section_background":"","_background_background":"none","_box_shadow_box_shadow":{"horizontal":"0","vertical":"0","blur":"10","spread":"0","inset":"","color":"rgba(61,61,61,0.69)"},"_section_responsive":"","responsive_description":"","content_typography_font_size_tablet":{"unit":"px","size":""},"content_typography_font_size_mobile":{"unit":"px","size":""},"content_typography_line_height_tablet":{"unit":"em","size":""},"content_typography_line_height_mobile":{"unit":"em","size":""},"content_typography_letter_spacing_tablet":{"unit":"px","size":""},"content_typography_letter_spacing_mobile":{"unit":"px","size":""},"name_typography_font_size_tablet":{"unit":"px","size":""},"name_typography_font_size_mobile":{"unit":"px","size":""},"name_typography_line_height_tablet":{"unit":"em","size":""},"name_typography_line_height_mobile":{"unit":"em","size":""},"name_typography_letter_spacing_tablet":{"unit":"px","size":""},"name_typography_letter_spacing_mobile":{"unit":"px","size":""},"job_typography_font_size_tablet":{"unit":"px","size":""},"job_typography_font_size_mobile":{"unit":"px","size":""},"job_typography_line_height_tablet":{"unit":"em","size":""},"job_typography_line_height_mobile":{"unit":"em","size":""},"job_typography_letter_spacing_tablet":{"unit":"px","size":""},"job_typography_letter_spacing_mobile":{"unit":"px","size":""},"_padding_mobile":{"unit":"px","top":"0","right":"0","bottom":"30","left":"0","isLinked":""}},"elements":[],"isInner":false,"widgetType":"testimonial","elType":"widget"}],"isInner":"1","elType":"column"}],"isInner":"1","elType":"section"}],"isInner":"","elType":"column"}],"isInner":"","elType":"section"}]}