{"content":[{"id":"4ec39a1b","settings":{"layout":"full_width","height":"min-height","custom_height":{"unit":"px","size":"650","sizes":[]},"column_position":"stretch","structure":"20","margin":{"unit":"%","top":"","right":"0","bottom":"","left":"0","isLinked":"1"},"padding":{"unit":"%","top":"0","right":"0","bottom":"0","left":"5","isLinked":""},"_title":"Hero","custom_height_tablet":{"unit":"vh","size":"90","sizes":[]},"custom_height_mobile":{"unit":"vh","size":"90","sizes":[]},"padding_tablet":{"unit":"px","top":"0","right":"0","bottom":"0","left":"0","isLinked":"1"},"_timestamp_":"v1Smpyb2xHWDFzTnAyd291dVQ4THc0UT09"},"elements":[{"id":"24a1a25","settings":{"_column_size":"50","_inline_size":"45","content_position":"center","padding":{"unit":"%","top":"0","right":"30","bottom":"0","left":"0","isLinked":""},"_inline_size_tablet":"100","padding_tablet":{"unit":"%","top":"0","right":"15","bottom":"0","left":"15","isLinked":""},"padding_mobile":{"unit":"%","top":"0","right":"5","bottom":"0","left":"5","isLinked":""}},"elements":[{"id":"2367eb37","settings":{"title":"Our\nClasses","title_color":"#000000","typography_typography":"custom","typography_font_family":"Fahkwang","typography_font_size":{"unit":"vw","size":"6.7","sizes":[]},"typography_font_weight":"600","typography_text_transform":"capitalize","typography_font_style":"normal","typography_text_decoration":"none","typography_line_height":{"unit":"em","size":"1","sizes":[]},"typography_letter_spacing":{"unit":"px","size":"0","sizes":[]},"header_size":"h1","align_tablet":"center","typography_font_size_tablet":{"unit":"vw","size":"9","sizes":[]},"typography_font_size_mobile":{"unit":"vw","size":"12","sizes":[]}},"elements":[],"isInner":false,"widgetType":"heading","elType":"widget"},{"id":"5cd16896","settings":{"editor":"Lorem ipsum dolor sit amet, consectetur adipisicing elit, sed do eiusmod tempor incididunt ut labore et dolore magna aliqua. ","align_tablet":"center","text_color":"#000000","typography_typography":"custom","typography_font_family":"Roboto","typography_font_size":{"unit":"px","size":"16","sizes":[]},"typography_font_weight":"400","typography_line_height":{"unit":"em","size":"1.4","sizes":[]}},"elements":[],"isInner":false,"widgetType":"text-editor","elType":"widget"}],"isInner":"","elType":"column"},{"id":"6dd178ad","settings":{"_column_size":"50","_inline_size":"54.997","background_background":"classic","background_image":{"id":33,"url":"http:\/\/localhost\/dieuhau\/wp-content\/uploads\/2021\/06\/About-Hero-Pic.png"},"background_position":"center center","background_repeat":"no-repeat","background_size":"cover","_inline_size_tablet":"100"},"elements":[{"id":"4951df71","settings":{"space_tablet":{"unit":"px","size":"300","sizes":[]},"space_mobile":{"unit":"px","size":"100","sizes":[]}},"elements":[],"isInner":false,"widgetType":"spacer","elType":"widget"}],"isInner":"","elType":"column"}],"isInner":"","elType":"section"},{"id":"50de33a7","settings":{"height":"min-height","custom_height":{"unit":"px","size":"700","sizes":[]},"column_position":"stretch","structure":"20","border_border":"solid","border_width":{"unit":"px","top":"1","right":"0","bottom":"1","left":"0","isLinked":""},"border_color":"#000000","margin":{"unit":"%","top":"","right":"0","bottom":"","left":"0","isLinked":"1"},"padding":{"unit":"%","top":"0","right":"0","bottom":"0","left":"5","isLinked":""},"padding_tablet":{"unit":"%","top":"0","right":"5","bottom":"0","left":"5","isLinked":""},"border_width_mobile":{"unit":"px","top":"1","right":"0","bottom":"0","left":"0","isLinked":""},"margin_tablet":{"unit":"%","top":"0","right":"0","bottom":"0","left":"0","isLinked":""},"margin_mobile":{"unit":"%","top":"0","right":"0","bottom":"0","left":"0","isLinked":""},"reverse_order_tablet":"reverse-tablet","reverse_order_mobile":"reverse-mobile","content_width":{"unit":"px","size":"1180","sizes":[]},"_timestamp_":"v1Smpyb2xHWDFzTnAyd291dVQ4THc0UT09"},"elements":[{"id":"76b3b74d","settings":{"_column_size":"50","_inline_size":"55","content_position":"center","border_width":{"unit":"px","top":"0","right":"1","bottom":"0","left":"0","isLinked":""},"border_color":"#000000","padding":{"unit":"%","top":"10","right":"0","bottom":"10","left":"0","isLinked":""},"_inline_size_tablet":"100","background_background":"classic","background_position":"center center","background_repeat":"no-repeat","background_size":"cover","border_width_tablet":{"unit":"px","top":"0","right":"0","bottom":"0","left":"0","isLinked":"1"},"margin":{"unit":"%","top":"","right":"","bottom":"","left":"","isLinked":"1"},"padding_tablet":{"unit":"%","top":"5","right":"0","bottom":"10","left":"0","isLinked":""},"margin_mobile":{"unit":"%","top":"","right":"","bottom":"","left":"","isLinked":"1"},"padding_mobile":{"unit":"px","top":"0","right":"0","bottom":"0","left":"0","isLinked":"1"}},"elements":[{"id":"49449192","settings":{"video_type":"hosted","youtube_url":"https:\/\/www.youtube.com\/watch?v=XHOmBV4js_E","vimeo_url":"https:\/\/vimeo.com\/235215203","dailymotion_url":"https:\/\/www.dailymotion.com\/video\/x6tqhqb","hosted_url":{"id":34,"url":"http:\/\/localhost\/dieuhau\/wp-content\/uploads\/2021\/06\/hiphop.mp4"},"autoplay":"yes","play_on_mobile":"yes","mute":"yes","loop":"yes","controls":"","aspect_ratio":"43","_border_width_tablet":{"unit":"px","top":"0","right":"0","bottom":"1","left":"0","isLinked":""},"image_overlay":{"id":"12","url":"http:\/\/localhost\/dieuhau\/wp-content\/uploads\/2021\/06\/placeholder.png"},"poster":{"id":35,"url":"http:\/\/localhost\/dieuhau\/wp-content\/uploads\/2021\/06\/class1.jpg"}},"elements":[],"isInner":false,"widgetType":"video","elType":"widget"}],"isInner":"","elType":"column"},{"id":"757bfdaa","settings":{"_column_size":"50","_inline_size":"45.008","content_position":"center","space_between_widgets":"40","padding":{"unit":"%","top":"0","right":"15","bottom":"0","left":"15","isLinked":""},"_inline_size_tablet":"100","border_width_tablet":{"unit":"px","top":"0","right":"0","bottom":"0","left":"0","isLinked":"1"},"border_color":"#000000","margin_tablet":{"unit":"%","top":"","right":"","bottom":"","left":"","isLinked":"1"},"padding_tablet":{"unit":"%","top":"25","right":"5","bottom":"5","left":"5","isLinked":""},"padding_mobile":{"unit":"%","top":"20","right":"0","bottom":"20","left":"0","isLinked":""},"margin_mobile":{"unit":"%","top":"","right":"","bottom":"","left":"","isLinked":"1"}},"elements":[{"id":"6e54b34b","settings":{"title":"Hip Hop","title_color":"#000000","typography_typography":"custom","typography_font_family":"Fahkwang","typography_font_size":{"unit":"px","size":"30","sizes":[]},"typography_font_weight":"600","typography_text_transform":"capitalize","typography_line_height":{"unit":"em","size":"1","sizes":[]},"align_tablet":"center","typography_font_size_tablet":{"unit":"px","size":"45","sizes":[]},"typography_font_size_mobile":{"unit":"px","size":"30","sizes":[]},"header_size":"h3"},"elements":[],"isInner":false,"widgetType":"heading","elType":"widget"},{"id":"6db1c67e","settings":{"editor":"Lorem ipsum dolor sit amet, consectetur adipisicing elit, sed do eiusmod tempor incididunt ut labore et dolore magna aliqua. Ut enim ad minim veniam, quis nostrud exercitation ullamco laboris nisi ut aliquip ex ea commodo consequat.","text_color":"#000000","typography_typography":"custom","typography_font_family":"Roboto","typography_font_size":{"unit":"px","size":"16","sizes":[]},"typography_font_weight":"400","typography_line_height":{"unit":"em","size":"1.4","sizes":[]},"align_tablet":"center"},"elements":[],"isInner":false,"widgetType":"text-editor","elType":"widget"},{"id":"11aba3d7","settings":{"editor":"Instructors: Peter Price, Amber Willis, Samuel White","text_color":"#000000","typography_typography":"custom","typography_font_family":"Roboto","typography_font_size":{"unit":"px","size":"16","sizes":[]},"typography_font_weight":"400","typography_line_height":{"unit":"em","size":"1.4","sizes":[]},"align_tablet":"center"},"elements":[],"isInner":false,"widgetType":"text-editor","elType":"widget"}],"isInner":"","elType":"column"}],"isInner":"","elType":"section"},{"id":"4ae46485","settings":{"height":"min-height","custom_height":{"unit":"px","size":"700","sizes":[]},"column_position":"stretch","structure":"20","border_border":"solid","border_width":{"unit":"px","top":"0","right":"0","bottom":"1","left":"0","isLinked":""},"border_color":"#000000","margin":{"unit":"%","top":"","right":"0","bottom":"","left":"0","isLinked":"1"},"padding":{"unit":"%","top":"0","right":"0","bottom":"0","left":"5","isLinked":""},"padding_tablet":{"unit":"%","top":"0","right":"5","bottom":"0","left":"5","isLinked":""},"border_width_mobile":{"unit":"px","top":"1","right":"0","bottom":"0","left":"0","isLinked":""},"margin_tablet":{"unit":"%","top":"5","right":"0","bottom":"0","left":"0","isLinked":""},"margin_mobile":{"unit":"%","top":"20","right":"0","bottom":"0","left":"0","isLinked":""},"content_width":{"unit":"px","size":"1180","sizes":[]},"_timestamp_":"v1Smpyb2xHWDFzTnAyd291dVQ4THc0UT09"},"elements":[{"id":"32f18024","settings":{"_column_size":"50","_inline_size":"45.008","content_position":"center","space_between_widgets":"40","padding":{"unit":"%","top":"0","right":"30","bottom":"0","left":"0","isLinked":""},"_inline_size_tablet":"100","border_width_tablet":{"unit":"px","top":"0","right":"0","bottom":"0","left":"0","isLinked":"1"},"border_color":"#000000","margin_tablet":{"unit":"%","top":"","right":"","bottom":"","left":"","isLinked":"1"},"padding_tablet":{"unit":"%","top":"5","right":"5","bottom":"5","left":"5","isLinked":""},"padding_mobile":{"unit":"%","top":"20","right":"0","bottom":"20","left":"0","isLinked":""},"margin_mobile":{"unit":"%","top":"","right":"","bottom":"","left":"","isLinked":"1"}},"elements":[{"id":"d592991","settings":{"title":"Lyrical Dance","title_color":"#000000","typography_typography":"custom","typography_font_family":"Fahkwang","typography_font_size":{"unit":"px","size":"30","sizes":[]},"typography_font_weight":"600","typography_text_transform":"capitalize","typography_line_height":{"unit":"em","size":"1","sizes":[]},"align_tablet":"center","typography_font_size_tablet":{"unit":"px","size":"45","sizes":[]},"typography_font_size_mobile":{"unit":"px","size":"30","sizes":[]},"header_size":"h3"},"elements":[],"isInner":false,"widgetType":"heading","elType":"widget"},{"id":"1749442f","settings":{"editor":"Lorem ipsum dolor sit amet, consectetur adipisicing elit, sed do eiusmod tempor incididunt ut labore et dolore magna aliqua. Ut enim ad minim veniam, quis nostrud exercitation ullamco laboris nisi ut aliquip ex ea commodo consequat.","text_color":"#000000","typography_typography":"custom","typography_font_family":"Roboto","typography_font_size":{"unit":"px","size":"16","sizes":[]},"typography_font_weight":"400","typography_line_height":{"unit":"em","size":"1.4","sizes":[]},"align_tablet":"center"},"elements":[],"isInner":false,"widgetType":"text-editor","elType":"widget"},{"id":"4ba4279","settings":{"editor":"Instructors: Peter Price, Amber Willis, Samuel White","text_color":"#000000","typography_typography":"custom","typography_font_family":"Roboto","typography_font_size":{"unit":"px","size":"16","sizes":[]},"typography_font_weight":"400","typography_line_height":{"unit":"em","size":"1.4","sizes":[]},"align_tablet":"center"},"elements":[],"isInner":false,"widgetType":"text-editor","elType":"widget"}],"isInner":"","elType":"column"},{"id":"1124dfa8","settings":{"_column_size":"50","_inline_size":"55","content_position":"center","border_width":{"unit":"px","top":"0","right":"1","bottom":"0","left":"0","isLinked":""},"border_color":"#000000","padding":{"unit":"%","top":"10","right":"0","bottom":"10","left":"0","isLinked":""},"_inline_size_tablet":"100","background_background":"classic","background_position":"center center","background_repeat":"no-repeat","background_size":"cover","border_width_tablet":{"unit":"px","top":"0","right":"0","bottom":"0","left":"0","isLinked":"1"},"margin":{"unit":"%","top":"","right":"","bottom":"","left":"","isLinked":"1"},"padding_tablet":{"unit":"%","top":"5","right":"0","bottom":"10","left":"0","isLinked":""},"margin_mobile":{"unit":"%","top":"","right":"","bottom":"","left":"","isLinked":"1"},"padding_mobile":{"unit":"px","top":"0","right":"0","bottom":"0","left":"0","isLinked":"1"}},"elements":[{"id":"3553e07","settings":{"image":{"id":36,"url":"http:\/\/localhost\/dieuhau\/wp-content\/uploads\/2021\/06\/Class-2.png"},"image_size":"full","align":"center","align_tablet":"center","_border_width_tablet":{"unit":"px","top":"0","right":"0","bottom":"1","left":"0","isLinked":""}},"elements":[],"isInner":false,"widgetType":"image","elType":"widget"}],"isInner":"","elType":"column"}],"isInner":"","elType":"section"},{"id":"7d453121","settings":{"height":"min-height","custom_height":{"unit":"px","size":"700","sizes":[]},"column_position":"stretch","structure":"20","border_border":"solid","border_width":{"unit":"px","top":"0","right":"0","bottom":"1","left":"0","isLinked":""},"border_color":"#000000","margin":{"unit":"%","top":"","right":"0","bottom":"","left":"0","isLinked":"1"},"padding":{"unit":"%","top":"0","right":"0","bottom":"0","left":"5","isLinked":""},"padding_tablet":{"unit":"%","top":"0","right":"5","bottom":"0","left":"5","isLinked":""},"border_width_mobile":{"unit":"px","top":"1","right":"0","bottom":"0","left":"0","isLinked":""},"margin_tablet":{"unit":"%","top":"0","right":"0","bottom":"0","left":"0","isLinked":""},"margin_mobile":{"unit":"%","top":"20","right":"0","bottom":"0","left":"0","isLinked":""},"reverse_order_tablet":"reverse-tablet","reverse_order_mobile":"reverse-mobile","content_width":{"unit":"px","size":"1180","sizes":[]},"_timestamp_":"v1Smpyb2xHWDFzTnAyd291dVQ4THc0UT09"},"elements":[{"id":"3b65fa73","settings":{"_column_size":"50","_inline_size":"55","content_position":"center","border_width":{"unit":"px","top":"0","right":"1","bottom":"0","left":"0","isLinked":""},"border_color":"#000000","padding":{"unit":"%","top":"10","right":"0","bottom":"10","left":"0","isLinked":""},"_inline_size_tablet":"100","background_background":"classic","background_position":"center center","background_repeat":"no-repeat","background_size":"cover","border_width_tablet":{"unit":"px","top":"0","right":"0","bottom":"0","left":"0","isLinked":"1"},"margin":{"unit":"%","top":"","right":"","bottom":"","left":"","isLinked":"1"},"padding_tablet":{"unit":"%","top":"5","right":"0","bottom":"10","left":"0","isLinked":""},"margin_mobile":{"unit":"%","top":"","right":"","bottom":"","left":"","isLinked":"1"},"padding_mobile":{"unit":"px","top":"0","right":"0","bottom":"0","left":"0","isLinked":"1"}},"elements":[{"id":"43a0f5e0","settings":{"video_type":"hosted","youtube_url":"https:\/\/www.youtube.com\/watch?v=XHOmBV4js_E","vimeo_url":"https:\/\/vimeo.com\/235215203","dailymotion_url":"https:\/\/www.dailymotion.com\/video\/x6tqhqb","hosted_url":{"id":37,"url":"http:\/\/localhost\/dieuhau\/wp-content\/uploads\/2021\/06\/Modern_Ballet.mp4"},"autoplay":"yes","play_on_mobile":"yes","mute":"yes","loop":"yes","controls":"","aspect_ratio":"43","_border_width_tablet":{"unit":"px","top":"0","right":"0","bottom":"1","left":"0","isLinked":""},"image_overlay":{"id":"12","url":"http:\/\/localhost\/dieuhau\/wp-content\/uploads\/2021\/06\/placeholder.png"},"poster":{"id":38,"url":"http:\/\/localhost\/dieuhau\/wp-content\/uploads\/2021\/06\/class2.jpg"}},"elements":[],"isInner":false,"widgetType":"video","elType":"widget"}],"isInner":"","elType":"column"},{"id":"5da297f6","settings":{"_column_size":"50","_inline_size":"45.008","content_position":"center","space_between_widgets":"40","padding":{"unit":"%","top":"0","right":"15","bottom":"0","left":"15","isLinked":""},"_inline_size_tablet":"100","border_width_tablet":{"unit":"px","top":"0","right":"0","bottom":"0","left":"0","isLinked":"1"},"border_color":"#000000","margin_tablet":{"unit":"%","top":"","right":"","bottom":"","left":"","isLinked":"1"},"padding_tablet":{"unit":"%","top":"10","right":"5","bottom":"5","left":"5","isLinked":""},"padding_mobile":{"unit":"%","top":"20","right":"0","bottom":"20","left":"0","isLinked":""},"margin_mobile":{"unit":"%","top":"","right":"","bottom":"","left":"","isLinked":"1"}},"elements":[{"id":"4b540db5","settings":{"title":"Modern Ballet","title_color":"#000000","typography_typography":"custom","typography_font_family":"Fahkwang","typography_font_size":{"unit":"px","size":"30","sizes":[]},"typography_font_weight":"600","typography_text_transform":"capitalize","typography_line_height":{"unit":"em","size":"1","sizes":[]},"align_tablet":"center","typography_font_size_tablet":{"unit":"px","size":"45","sizes":[]},"typography_font_size_mobile":{"unit":"px","size":"30","sizes":[]},"header_size":"h3"},"elements":[],"isInner":false,"widgetType":"heading","elType":"widget"},{"id":"60e23bf2","settings":{"editor":"Lorem ipsum dolor sit amet, consectetur adipisicing elit, sed do eiusmod tempor incididunt ut labore et dolore magna aliqua. Ut enim ad minim veniam, quis nostrud exercitation ullamco laboris nisi ut aliquip ex ea commodo consequat.","text_color":"#000000","typography_typography":"custom","typography_font_family":"Roboto","typography_font_size":{"unit":"px","size":"16","sizes":[]},"typography_font_weight":"400","typography_line_height":{"unit":"em","size":"1.4","sizes":[]},"align_tablet":"center"},"elements":[],"isInner":false,"widgetType":"text-editor","elType":"widget"},{"id":"77386439","settings":{"editor":"Instructors: Peter Price, Amber Willis, Samuel White","text_color":"#000000","typography_typography":"custom","typography_font_family":"Roboto","typography_font_size":{"unit":"px","size":"16","sizes":[]},"typography_font_weight":"400","typography_line_height":{"unit":"em","size":"1.4","sizes":[]},"align_tablet":"center"},"elements":[],"isInner":false,"widgetType":"text-editor","elType":"widget"}],"isInner":"","elType":"column"}],"isInner":"","elType":"section"},{"id":"38b0f3ec","settings":{"height":"min-height","custom_height":{"unit":"px","size":"700","sizes":[]},"column_position":"stretch","structure":"20","border_border":"solid","border_width":{"unit":"px","top":"0","right":"0","bottom":"1","left":"0","isLinked":""},"border_color":"#000000","margin":{"unit":"%","top":"","right":"0","bottom":"","left":"0","isLinked":"1"},"padding":{"unit":"%","top":"0","right":"0","bottom":"0","left":"5","isLinked":""},"padding_tablet":{"unit":"%","top":"0","right":"5","bottom":"0","left":"5","isLinked":""},"border_width_mobile":{"unit":"px","top":"1","right":"0","bottom":"0","left":"0","isLinked":""},"margin_tablet":{"unit":"%","top":"0","right":"0","bottom":"0","left":"0","isLinked":""},"margin_mobile":{"unit":"%","top":"20","right":"0","bottom":"0","left":"0","isLinked":""},"content_width":{"unit":"px","size":"1180","sizes":[]},"_timestamp_":"v1Smpyb2xHWDFzTnAyd291dVQ4THc0UT09"},"elements":[{"id":"1f3911fd","settings":{"_column_size":"50","_inline_size":"45.008","content_position":"center","space_between_widgets":"40","padding":{"unit":"%","top":"0","right":"30","bottom":"0","left":"0","isLinked":""},"_inline_size_tablet":"100","border_width_tablet":{"unit":"px","top":"0","right":"0","bottom":"0","left":"0","isLinked":"1"},"border_color":"#000000","margin_tablet":{"unit":"%","top":"","right":"","bottom":"","left":"","isLinked":"1"},"padding_tablet":{"unit":"%","top":"10","right":"5","bottom":"5","left":"5","isLinked":""},"padding_mobile":{"unit":"%","top":"20","right":"0","bottom":"20","left":"0","isLinked":""},"margin_mobile":{"unit":"%","top":"","right":"","bottom":"","left":"","isLinked":"1"}},"elements":[{"id":"34bd5fd4","settings":{"title":"Acrobatic Dance ","title_color":"#000000","typography_typography":"custom","typography_font_family":"Fahkwang","typography_font_size":{"unit":"px","size":"30","sizes":[]},"typography_font_weight":"600","typography_text_transform":"capitalize","typography_line_height":{"unit":"em","size":"1","sizes":[]},"align_tablet":"center","typography_font_size_tablet":{"unit":"px","size":"45","sizes":[]},"typography_font_size_mobile":{"unit":"px","size":"30","sizes":[]},"header_size":"h3"},"elements":[],"isInner":false,"widgetType":"heading","elType":"widget"},{"id":"4812ec23","settings":{"editor":"Lorem ipsum dolor sit amet, consectetur adipisicing elit, sed do eiusmod tempor incididunt ut labore et dolore magna aliqua. Ut enim ad minim veniam, quis nostrud exercitation ullamco laboris nisi ut aliquip ex ea commodo consequat.","text_color":"#000000","typography_typography":"custom","typography_font_family":"Roboto","typography_font_size":{"unit":"px","size":"16","sizes":[]},"typography_font_weight":"400","typography_line_height":{"unit":"em","size":"1.4","sizes":[]},"align_tablet":"center"},"elements":[],"isInner":false,"widgetType":"text-editor","elType":"widget"},{"id":"6c1bf4ba","settings":{"editor":"Instructors: Peter Price, Amber Willis, Samuel White","text_color":"#000000","typography_typography":"custom","typography_font_family":"Roboto","typography_font_size":{"unit":"px","size":"16","sizes":[]},"typography_font_weight":"400","typography_line_height":{"unit":"em","size":"1.4","sizes":[]},"align_tablet":"center"},"elements":[],"isInner":false,"widgetType":"text-editor","elType":"widget"}],"isInner":"","elType":"column"},{"id":"6144a617","settings":{"_column_size":"50","_inline_size":"55","content_position":"center","border_width":{"unit":"px","top":"0","right":"1","bottom":"0","left":"0","isLinked":""},"border_color":"#000000","padding":{"unit":"%","top":"10","right":"0","bottom":"10","left":"0","isLinked":""},"_inline_size_tablet":"100","background_background":"classic","background_position":"center center","background_repeat":"no-repeat","background_size":"cover","border_width_tablet":{"unit":"px","top":"0","right":"0","bottom":"0","left":"0","isLinked":"1"},"margin":{"unit":"%","top":"","right":"","bottom":"","left":"","isLinked":"1"},"padding_tablet":{"unit":"%","top":"5","right":"0","bottom":"10","left":"0","isLinked":""},"margin_mobile":{"unit":"%","top":"","right":"","bottom":"","left":"","isLinked":"1"},"padding_mobile":{"unit":"px","top":"0","right":"0","bottom":"0","left":"0","isLinked":"1"}},"elements":[{"id":"6af7af59","settings":{"image":{"id":39,"url":"http:\/\/localhost\/dieuhau\/wp-content\/uploads\/2021\/06\/Class-4.png"},"image_size":"full","align":"center","align_tablet":"center","_border_width_tablet":{"unit":"px","top":"0","right":"0","bottom":"1","left":"0","isLinked":""}},"elements":[],"isInner":false,"widgetType":"image","elType":"widget"}],"isInner":"","elType":"column"}],"isInner":"","elType":"section"},{"id":"121da2fa","settings":{"height":"min-height","custom_height":{"unit":"px","size":"700","sizes":[]},"column_position":"stretch","structure":"20","border_border":"solid","border_width":{"unit":"px","top":"0","right":"0","bottom":"1","left":"0","isLinked":""},"border_color":"#000000","margin":{"unit":"%","top":"","right":"0","bottom":"","left":"0","isLinked":"1"},"padding":{"unit":"%","top":"0","right":"0","bottom":"0","left":"5","isLinked":""},"padding_tablet":{"unit":"%","top":"0","right":"5","bottom":"0","left":"5","isLinked":""},"border_width_mobile":{"unit":"px","top":"1","right":"0","bottom":"0","left":"0","isLinked":""},"margin_tablet":{"unit":"%","top":"0","right":"0","bottom":"0","left":"0","isLinked":""},"margin_mobile":{"unit":"%","top":"20","right":"0","bottom":"0","left":"0","isLinked":""},"content_width":{"unit":"px","size":"1180","sizes":[]},"reverse_order_tablet":"reverse-tablet","reverse_order_mobile":"reverse-mobile","_timestamp_":"v1Smpyb2xHWDFzTnAyd291dVQ4THc0UT09"},"elements":[{"id":"360853c7","settings":{"_column_size":"50","_inline_size":"55","content_position":"center","border_width":{"unit":"px","top":"0","right":"1","bottom":"0","left":"0","isLinked":""},"border_color":"#000000","padding":{"unit":"%","top":"10","right":"0","bottom":"10","left":"0","isLinked":""},"_inline_size_tablet":"100","background_background":"classic","background_position":"center center","background_repeat":"no-repeat","background_size":"cover","border_width_tablet":{"unit":"px","top":"0","right":"0","bottom":"0","left":"0","isLinked":"1"},"margin":{"unit":"%","top":"","right":"","bottom":"","left":"","isLinked":"1"},"padding_tablet":{"unit":"%","top":"5","right":"0","bottom":"10","left":"0","isLinked":""},"margin_mobile":{"unit":"%","top":"","right":"","bottom":"","left":"","isLinked":"1"},"padding_mobile":{"unit":"px","top":"0","right":"0","bottom":"0","left":"0","isLinked":"1"}},"elements":[{"id":"6ffc3d51","settings":{"video_type":"hosted","youtube_url":"https:\/\/www.youtube.com\/watch?v=XHOmBV4js_E","vimeo_url":"https:\/\/vimeo.com\/235215203","dailymotion_url":"https:\/\/www.dailymotion.com\/video\/x6tqhqb","hosted_url":{"id":40,"url":"http:\/\/localhost\/dieuhau\/wp-content\/uploads\/2021\/06\/Contemporary.mp4"},"autoplay":"yes","play_on_mobile":"yes","mute":"yes","loop":"yes","controls":"","aspect_ratio":"43","_border_width_tablet":{"unit":"px","top":"0","right":"0","bottom":"1","left":"0","isLinked":""},"image_overlay":{"id":"12","url":"http:\/\/localhost\/dieuhau\/wp-content\/uploads\/2021\/06\/placeholder.png"},"poster":{"id":41,"url":"http:\/\/localhost\/dieuhau\/wp-content\/uploads\/2021\/06\/class3.jpg"}},"elements":[],"isInner":false,"widgetType":"video","elType":"widget"}],"isInner":"","elType":"column"},{"id":"1673ddee","settings":{"_column_size":"50","_inline_size":"45.008","content_position":"center","space_between_widgets":"40","padding":{"unit":"%","top":"0","right":"15","bottom":"0","left":"15","isLinked":""},"_inline_size_tablet":"100","border_width_tablet":{"unit":"px","top":"0","right":"0","bottom":"0","left":"0","isLinked":"1"},"border_color":"#000000","margin_tablet":{"unit":"%","top":"","right":"","bottom":"","left":"","isLinked":"1"},"padding_tablet":{"unit":"%","top":"10","right":"5","bottom":"5","left":"5","isLinked":""},"padding_mobile":{"unit":"%","top":"20","right":"0","bottom":"20","left":"0","isLinked":""},"margin_mobile":{"unit":"%","top":"","right":"","bottom":"","left":"","isLinked":"1"}},"elements":[{"id":"2c0af0cb","settings":{"title":"Contemporary","title_color":"#000000","typography_typography":"custom","typography_font_family":"Fahkwang","typography_font_size":{"unit":"px","size":"30","sizes":[]},"typography_font_weight":"600","typography_text_transform":"capitalize","typography_line_height":{"unit":"em","size":"1","sizes":[]},"align_tablet":"center","typography_font_size_tablet":{"unit":"px","size":"45","sizes":[]},"typography_font_size_mobile":{"unit":"px","size":"30","sizes":[]},"header_size":"h3"},"elements":[],"isInner":false,"widgetType":"heading","elType":"widget"},{"id":"a1738c","settings":{"editor":"Lorem ipsum dolor sit amet, consectetur adipisicing elit, sed do eiusmod tempor incididunt ut labore et dolore magna aliqua. Ut enim ad minim veniam, quis nostrud exercitation ullamco laboris nisi ut aliquip ex ea commodo consequat.","text_color":"#000000","typography_typography":"custom","typography_font_family":"Roboto","typography_font_size":{"unit":"px","size":"16","sizes":[]},"typography_font_weight":"400","typography_line_height":{"unit":"em","size":"1.4","sizes":[]},"align_tablet":"center"},"elements":[],"isInner":false,"widgetType":"text-editor","elType":"widget"},{"id":"21e9e3f6","settings":{"editor":"Instructors: Peter Price, Amber Willis, Samuel White","text_color":"#000000","typography_typography":"custom","typography_font_family":"Roboto","typography_font_size":{"unit":"px","size":"16","sizes":[]},"typography_font_weight":"400","typography_line_height":{"unit":"em","size":"1.4","sizes":[]},"align_tablet":"center"},"elements":[],"isInner":false,"widgetType":"text-editor","elType":"widget"}],"isInner":"","elType":"column"}],"isInner":"","elType":"section"},{"id":"4b797438","settings":{"height":"min-height","custom_height":{"unit":"px","size":"700","sizes":[]},"column_position":"stretch","structure":"20","border_border":"solid","border_width":{"unit":"px","top":"0","right":"0","bottom":"1","left":"0","isLinked":""},"border_color":"#000000","margin":{"unit":"%","top":"","right":"0","bottom":"","left":"0","isLinked":"1"},"padding":{"unit":"%","top":"0","right":"0","bottom":"0","left":"5","isLinked":""},"padding_tablet":{"unit":"%","top":"0","right":"5","bottom":"0","left":"5","isLinked":""},"border_width_mobile":{"unit":"px","top":"1","right":"0","bottom":"0","left":"0","isLinked":""},"margin_tablet":{"unit":"%","top":"0","right":"0","bottom":"0","left":"0","isLinked":""},"margin_mobile":{"unit":"%","top":"20","right":"0","bottom":"0","left":"0","isLinked":""},"content_width":{"unit":"px","size":"1180","sizes":[]},"_timestamp_":"v1Smpyb2xHWDFzTnAyd291dVQ4THc0UT09"},"elements":[{"id":"1dea7858","settings":{"_column_size":"50","_inline_size":"45.008","content_position":"center","space_between_widgets":"40","padding":{"unit":"%","top":"0","right":"30","bottom":"0","left":"0","isLinked":""},"_inline_size_tablet":"100","border_width_tablet":{"unit":"px","top":"0","right":"0","bottom":"0","left":"0","isLinked":"1"},"border_color":"#000000","margin_tablet":{"unit":"%","top":"","right":"","bottom":"","left":"","isLinked":"1"},"padding_tablet":{"unit":"%","top":"10","right":"5","bottom":"5","left":"5","isLinked":""},"padding_mobile":{"unit":"%","top":"20","right":"0","bottom":"20","left":"0","isLinked":""},"margin_mobile":{"unit":"%","top":"","right":"","bottom":"","left":"","isLinked":"1"}},"elements":[{"id":"3b7b4ff4","settings":{"title":"Breakdance","title_color":"#000000","typography_typography":"custom","typography_font_family":"Fahkwang","typography_font_size":{"unit":"px","size":"30","sizes":[]},"typography_font_weight":"600","typography_text_transform":"capitalize","typography_line_height":{"unit":"em","size":"1","sizes":[]},"align_tablet":"center","typography_font_size_tablet":{"unit":"px","size":"45","sizes":[]},"typography_font_size_mobile":{"unit":"px","size":"30","sizes":[]},"header_size":"h3"},"elements":[],"isInner":false,"widgetType":"heading","elType":"widget"},{"id":"3e74259","settings":{"editor":"Lorem ipsum dolor sit amet, consectetur adipisicing elit, sed do eiusmod tempor incididunt ut labore et dolore magna aliqua. Ut enim ad minim veniam, quis nostrud exercitation ullamco laboris nisi ut aliquip ex ea commodo consequat.","text_color":"#000000","typography_typography":"custom","typography_font_family":"Roboto","typography_font_size":{"unit":"px","size":"16","sizes":[]},"typography_font_weight":"400","typography_line_height":{"unit":"em","size":"1.4","sizes":[]},"align_tablet":"center"},"elements":[],"isInner":false,"widgetType":"text-editor","elType":"widget"},{"id":"2e491efc","settings":{"editor":"Instructors: Peter Price, Amber Willis, Samuel White","text_color":"#000000","typography_typography":"custom","typography_font_family":"Roboto","typography_font_size":{"unit":"px","size":"16","sizes":[]},"typography_font_weight":"400","typography_line_height":{"unit":"em","size":"1.4","sizes":[]},"align_tablet":"center"},"elements":[],"isInner":false,"widgetType":"text-editor","elType":"widget"}],"isInner":"","elType":"column"},{"id":"86eee71","settings":{"_column_size":"50","_inline_size":"55","content_position":"center","border_width":{"unit":"px","top":"0","right":"1","bottom":"0","left":"0","isLinked":""},"border_color":"#000000","padding":{"unit":"%","top":"10","right":"0","bottom":"10","left":"0","isLinked":""},"_inline_size_tablet":"100","background_background":"classic","background_position":"center center","background_repeat":"no-repeat","background_size":"cover","border_width_tablet":{"unit":"px","top":"0","right":"0","bottom":"0","left":"0","isLinked":"1"},"margin":{"unit":"%","top":"","right":"","bottom":"","left":"","isLinked":"1"},"padding_tablet":{"unit":"%","top":"5","right":"0","bottom":"10","left":"0","isLinked":""},"margin_mobile":{"unit":"%","top":"","right":"","bottom":"","left":"","isLinked":"1"},"padding_mobile":{"unit":"px","top":"0","right":"0","bottom":"0","left":"0","isLinked":"1"}},"elements":[{"id":"ac2dbd7","settings":{"image":{"id":42,"url":"http:\/\/localhost\/dieuhau\/wp-content\/uploads\/2021\/06\/Class-3.png"},"image_size":"full","align":"center","align_tablet":"center","_border_width_tablet":{"unit":"px","top":"0","right":"0","bottom":"1","left":"0","isLinked":""}},"elements":[],"isInner":false,"widgetType":"image","elType":"widget"}],"isInner":"","elType":"column"}],"isInner":"","elType":"section"},{"id":"4781c664","settings":{"layout":"full_width","height":"min-height","custom_height":{"unit":"px","size":"300","sizes":[]},"column_position":"stretch","structure":"21","padding":{"unit":"%","top":"0","right":"5","bottom":"0","left":"5","isLinked":""},"border_border":"solid","border_width":{"unit":"px","top":"0","right":"0","bottom":"1","left":"0","isLinked":""},"border_color":"#000000","border_width_tablet":{"unit":"px","top":"0","right":"0","bottom":"1","left":"0","isLinked":""},"_title":"Masterclass","custom_height_mobile":{"unit":"px","size":"400","sizes":[]},"border_width_mobile":{"unit":"px","top":"1","right":"0","bottom":"1","left":"0","isLinked":""},"margin_mobile":{"unit":"%","top":"20","right":"0","bottom":"0","left":"0","isLinked":""},"_timestamp_":"v1Smpyb2xHWDFzTnAyd291dVQ4THc0UT09"},"elements":[{"id":"f5e4cbf","settings":{"_column_size":"33","content_position":"center","padding":{"unit":"px","top":"0","right":"0","bottom":"0","left":"0","isLinked":"1"},"_inline_size_tablet":"100","content_position_tablet":"bottom"},"elements":[{"id":"47826da7","settings":{"title":"Masterclass","align":"left","title_color":"#000000","typography_typography":"custom","typography_font_family":"Fahkwang","typography_font_size":{"unit":"px","size":"60","sizes":[]},"typography_font_weight":"600","typography_text_transform":"capitalize","typography_line_height":{"unit":"em","size":"1","sizes":[]},"align_tablet":"center","typography_font_size_tablet":{"unit":"px","size":"45","sizes":[]},"typography_font_size_mobile":{"unit":"px","size":"35","sizes":[]}},"elements":[],"isInner":false,"widgetType":"heading","elType":"widget"}],"isInner":"","elType":"column"},{"id":"1db84fba","settings":{"_column_size":"66","content_position":"center","padding":{"unit":"%","top":"0","right":"20","bottom":"0","left":"20","isLinked":""},"border_border":"solid","border_width":{"unit":"px","top":"0","right":"0","bottom":"0","left":"1","isLinked":""},"border_color":"#000000","_inline_size_tablet":"100","content_position_tablet":"top","border_width_tablet":{"unit":"px","top":"0","right":"0","bottom":"0","left":"0","isLinked":"1"},"padding_tablet":{"unit":"%","top":"5","right":"5","bottom":"0","left":"5","isLinked":""}},"elements":[{"id":"f408113","settings":{"editor":"Lorem ipsum dolor sit amet, consectetur adipisicing elit, sed do eiusmod tempor incididunt ut labore et dolore magna aliqua. Ut enim ad minim veniam, quis nostrud exercitation ullamco laboris nisi ut aliquip ex ea commodo consequat. Lorem ipsum dolor sit amet, consectet adipiscing\u00a0elit,sed do eiusm por incididunt ut labore et dolore magna aliqua.","align":"left","text_color":"#000000","typography_typography":"custom","typography_font_family":"Roboto","typography_font_size":{"unit":"px","size":"16","sizes":[]},"typography_font_weight":"400","typography_line_height":{"unit":"em","size":"1.4","sizes":[]},"align_tablet":"center"},"elements":[],"isInner":false,"widgetType":"text-editor","elType":"widget"}],"isInner":"","elType":"column"}],"isInner":"","elType":"section"},{"id":"24ac76f0","settings":{"layout":"full_width","height":"min-height","custom_height":{"unit":"px","size":"300","sizes":[]},"column_position":"stretch","structure":"21","padding":{"unit":"%","top":"0","right":"5","bottom":"0","left":"5","isLinked":""},"border_border":"solid","border_width":{"unit":"px","top":"0","right":"0","bottom":"1","left":"0","isLinked":""},"border_color":"#000000","border_width_tablet":{"unit":"px","top":"0","right":"0","bottom":"0","left":"0","isLinked":"1"},"_title":"Livestream\nLessons","custom_height_mobile":{"unit":"px","size":"450","sizes":[]},"_timestamp_":"v1Smpyb2xHWDFzTnAyd291dVQ4THc0UT09"},"elements":[{"id":"13e6c810","settings":{"_column_size":"33","content_position":"center","padding":{"unit":"px","top":"0","right":"0","bottom":"0","left":"0","isLinked":"1"},"_inline_size_tablet":"100","content_position_tablet":"bottom"},"elements":[{"id":"10976276","settings":{"title":"Livestream\nLessons","align":"left","title_color":"#000000","typography_typography":"custom","typography_font_family":"Fahkwang","typography_font_size":{"unit":"px","size":"60","sizes":[]},"typography_font_weight":"600","typography_text_transform":"capitalize","typography_line_height":{"unit":"em","size":"1","sizes":[]},"align_tablet":"center","typography_font_size_tablet":{"unit":"px","size":"45","sizes":[]},"typography_font_size_mobile":{"unit":"px","size":"35","sizes":[]}},"elements":[],"isInner":false,"widgetType":"heading","elType":"widget"}],"isInner":"","elType":"column"},{"id":"347ec0c2","settings":{"_column_size":"66","content_position":"center","padding":{"unit":"%","top":"0","right":"20","bottom":"0","left":"20","isLinked":""},"border_border":"solid","border_width":{"unit":"px","top":"0","right":"0","bottom":"0","left":"1","isLinked":""},"border_color":"#000000","_inline_size_tablet":"100","content_position_tablet":"top","border_width_tablet":{"unit":"px","top":"0","right":"0","bottom":"0","left":"0","isLinked":"1"},"padding_tablet":{"unit":"%","top":"5","right":"5","bottom":"0","left":"5","isLinked":""}},"elements":[{"id":"52f2b297","settings":{"editor":"Lorem ipsum dolor sit amet, consectetur adipisicing elit, sed do eiusmod tempor incididunt ut labore et dolore magna aliqua. Ut enim ad minim veniam, quis nostrud exercitation ullamco laboris nisi ut aliquip ex ea commodo consequat. Lorem ipsum dolor sit amet, consectet adipiscing\u00a0elit,sed do eiusm por incididunt ut labore et dolore magna aliqua.","align":"left","text_color":"#000000","typography_typography":"custom","typography_font_family":"Roboto","typography_font_size":{"unit":"px","size":"16","sizes":[]},"typography_font_weight":"400","typography_line_height":{"unit":"em","size":"1.4","sizes":[]},"align_tablet":"center"},"elements":[],"isInner":false,"widgetType":"text-editor","elType":"widget"}],"isInner":"","elType":"column"}],"isInner":"","elType":"section"},{"id":"41915aa6","settings":{"layout":"full_width","height":"min-height","custom_height":{"unit":"px","size":"650","sizes":[]},"column_position":"stretch","background_background":"classic","background_color":"#FFFFFF","border_width":{"unit":"px","top":"0","right":"0","bottom":"0","left":"0","isLinked":""},"border_color":"#000000","custom_height_tablet":{"unit":"px","size":"500","sizes":[]},"margin_mobile":{"unit":"%","top":"","right":"0","bottom":"","left":"0","isLinked":"1"},"_title":"Dancing Levels Guide","custom_height_mobile":{"unit":"vh","size":"","sizes":[]},"border_border":"solid","border_width_tablet":{"unit":"px","top":"1","right":"0","bottom":"0","left":"0","isLinked":""},"padding_mobile":{"unit":"%","top":"0","right":"5","bottom":"0","left":"5","isLinked":""},"_timestamp_":"v1Smpyb2xHWDFzTnAyd291dVQ4THc0UT09"},"elements":[{"id":"1697e897","settings":{"_column_size":"100","content_position":"center","margin_mobile":{"unit":"%","top":"","right":"","bottom":"","left":"","isLinked":"1"},"padding_mobile":{"unit":"%","top":"20","right":"0","bottom":"20","left":"0","isLinked":""}},"elements":[{"id":"6747f64b","settings":{"title":"Dancing Levels Guide","align":"center","title_color":"#000000","typography_typography":"custom","typography_font_family":"Fahkwang","typography_font_size":{"unit":"px","size":"60","sizes":[]},"typography_font_weight":"600","typography_text_transform":"capitalize","typography_line_height":{"unit":"em","size":"1","sizes":[]},"typography_font_size_tablet":{"unit":"px","size":"45","sizes":[]},"typography_font_size_mobile":{"unit":"px","size":"35","sizes":[]}},"elements":[],"isInner":false,"widgetType":"heading","elType":"widget"},{"id":"5434eb99","settings":{"content_width":{"unit":"px","size":"1315","sizes":[]},"margin_tablet":{"unit":"%","top":"5","right":"0","bottom":"0","left":"0","isLinked":""},"structure":"30","margin":{"unit":"%","top":"5","right":"0","bottom":"0","left":"0","isLinked":""}},"elements":[{"id":"7d6efeb5","settings":{"_column_size":"33","space_between_widgets":"0","padding":{"unit":"%","top":"0","right":"10","bottom":"0","left":"0","isLinked":""},"content_position_tablet":"center","padding_tablet":{"unit":"%","top":"0","right":"5","bottom":"0","left":"5","isLinked":""}},"elements":[{"id":"58ac217","settings":{"selected_icon":{"value":{"id":43,"url":"http:\/\/localhost\/dieuhau\/wp-content\/uploads\/2021\/06\/Beginners.svg"},"library":"svg"},"title_text":"Beginners","description_text":"Lorem ipsum dolor sit amet, consectetur adipisicing elit, sed do eiusmod tempor incididunt ut labore et dolore magna aliqua. Ut enim ad minim veniam","primary_color":"#000000","text_align":"center","title_color":"#000000","title_typography_typography":"custom","title_typography_font_family":"Fahkwang","title_typography_font_size":{"unit":"px","size":"30","sizes":[]},"title_typography_font_weight":"600","title_typography_text_transform":"capitalize","title_typography_font_style":"normal","title_typography_text_decoration":"none","title_typography_line_height":{"unit":"em","size":"1","sizes":[]},"title_typography_letter_spacing":{"unit":"px","size":"0","sizes":[]},"description_color":"#000000","description_typography_typography":"custom","description_typography_font_family":"Roboto","description_typography_font_size":{"unit":"px","size":"16","sizes":[]},"description_typography_font_weight":"400","description_typography_line_height":{"unit":"em","size":"1.5","sizes":[]},"icon_size_mobile":{"unit":"px","size":"45","sizes":[]},"title_typography_font_size_tablet":{"unit":"px","size":"25","sizes":[]}},"elements":[],"isInner":false,"widgetType":"icon-box","elType":"widget"}],"isInner":"1","elType":"column"},{"id":"422d7412","settings":{"_column_size":"33","space_between_widgets":"0","padding":{"unit":"%","top":"0","right":"5","bottom":"0","left":"5","isLinked":""},"content_position_tablet":"center","padding_tablet":{"unit":"%","top":"0","right":"5","bottom":"0","left":"5","isLinked":""},"padding_mobile":{"unit":"%","top":"10","right":"0","bottom":"10","left":"0","isLinked":""}},"elements":[{"id":"7c271cbb","settings":{"selected_icon":{"value":{"id":44,"url":"http:\/\/localhost\/dieuhau\/wp-content\/uploads\/2021\/06\/Intermediate-1.svg"},"library":"svg"},"title_text":"Intermediate","description_text":"Lorem ipsum dolor sit amet, consectetur adipisicing elit, sed do eiusmod tempor incididunt ut labore et dolore magna aliqua. Ut enim ad minim veniam","primary_color":"#000000","text_align":"center","title_color":"#000000","title_typography_typography":"custom","title_typography_font_family":"Fahkwang","title_typography_font_size":{"unit":"px","size":"30","sizes":[]},"title_typography_font_weight":"600","title_typography_text_transform":"capitalize","title_typography_font_style":"normal","title_typography_text_decoration":"none","title_typography_line_height":{"unit":"em","size":"1","sizes":[]},"title_typography_letter_spacing":{"unit":"px","size":"0","sizes":[]},"description_color":"#000000","description_typography_typography":"custom","description_typography_font_family":"Roboto","description_typography_font_size":{"unit":"px","size":"16","sizes":[]},"description_typography_font_weight":"400","description_typography_line_height":{"unit":"em","size":"1.5","sizes":[]},"icon_size_mobile":{"unit":"px","size":"45","sizes":[]},"title_typography_font_size_tablet":{"unit":"px","size":"25","sizes":[]}},"elements":[],"isInner":false,"widgetType":"icon-box","elType":"widget"}],"isInner":"1","elType":"column"},{"id":"1dfef594","settings":{"_column_size":"33","space_between_widgets":"0","padding":{"unit":"%","top":"0","right":"0","bottom":"0","left":"10","isLinked":""},"content_position_tablet":"center","padding_tablet":{"unit":"%","top":"0","right":"5","bottom":"0","left":"5","isLinked":""}},"elements":[{"id":"70a4229d","settings":{"selected_icon":{"value":{"id":45,"url":"http:\/\/localhost\/dieuhau\/wp-content\/uploads\/2021\/06\/Advanced.svg"},"library":"svg"},"title_text":"Advanced","description_text":"Lorem ipsum dolor sit amet, consectetur adipisicing elit, sed do eiusmod tempor incididunt ut labore et dolore magna aliqua. Ut enim ad minim veniam","primary_color":"#000000","text_align":"center","title_color":"#000000","title_typography_typography":"custom","title_typography_font_family":"Fahkwang","title_typography_font_size":{"unit":"px","size":"30","sizes":[]},"title_typography_font_weight":"600","title_typography_text_transform":"capitalize","title_typography_font_style":"normal","title_typography_text_decoration":"none","title_typography_line_height":{"unit":"em","size":"1","sizes":[]},"title_typography_letter_spacing":{"unit":"px","size":"0","sizes":[]},"description_color":"#000000","description_typography_typography":"custom","description_typography_font_family":"Roboto","description_typography_font_size":{"unit":"px","size":"16","sizes":[]},"description_typography_font_weight":"400","description_typography_line_height":{"unit":"em","size":"1.5","sizes":[]},"icon_size_mobile":{"unit":"px","size":"45","sizes":[]},"title_typography_font_size_tablet":{"unit":"px","size":"25","sizes":[]}},"elements":[],"isInner":false,"widgetType":"icon-box","elType":"widget"}],"isInner":"1","elType":"column"}],"isInner":"1","elType":"section"}],"isInner":"","elType":"column"}],"isInner":"","elType":"section"}],"page_settings":{"background_background":"classic","background_color":"#F2EFEC"},"version":"0.4","title":"DanceStudio-classes-page","type":"page"}