{"content":[{"id":"580cd43d","settings":{"layout":"full_width","height":"min-height","custom_height":{"unit":"vh","size":"7","sizes":[]},"column_position":"stretch","margin":{"unit":"px","top":"","right":"0","bottom":"","left":"0","isLinked":"1"},"padding":{"unit":"%","top":"0","right":"5","bottom":"0","left":"5","isLinked":""},"border_color":"#000000","custom_height_tablet":{"unit":"vh","size":"5","sizes":[]},"_title":"Welcome","_timestamp_":"v1Smpyb2xHWDFzTnAyd291dVQ4THc0UT09"},"elements":[{"id":"4b1bbd22","settings":{"_column_size":"100","space_between_widgets":"0","padding":{"unit":"px","top":"0","right":"0","bottom":"0","left":"0","isLinked":"1"},"content_position":"center"},"elements":[{"id":"2aab0f6b","settings":{"title":"Welcome To ","title_color":"#000000","typography_typography":"custom","typography_font_family":"Roboto","typography_font_size":{"unit":"px","size":"25","sizes":[]},"typography_font_weight":"400","typography_text_transform":"capitalize","typography_font_size_tablet":{"unit":"px","size":"20","sizes":[]},"typography_font_size_mobile":{"unit":"px","size":"18","sizes":[]},"header_size":"h4"},"elements":[],"isInner":false,"widgetType":"heading","elType":"widget"}],"isInner":"","elType":"column"}],"isInner":"","elType":"section"},{"id":"1a743781","settings":{"layout":"full_width","height":"min-height","custom_height":{"unit":"vh","size":"20","sizes":[]},"column_position":"stretch","border_border":"solid","border_width":{"unit":"px","top":"1","right":"0","bottom":"1","left":"0","isLinked":""},"border_color":"#000000","margin":{"unit":"px","top":"","right":"0","bottom":"","left":"0","isLinked":"1"},"padding":{"unit":"%","top":"0","right":"5","bottom":"0","left":"5","isLinked":""},"custom_height_tablet":{"unit":"vh","size":"12","sizes":[]},"custom_height_mobile":{"unit":"vh","size":"20","sizes":[]},"gap":"no","_title":"The Name Of The Studio","_timestamp_":"v1Smpyb2xHWDFzTnAyd291dVQ4THc0UT09"},"elements":[{"id":"602e7e87","settings":{"_column_size":"100","content_position":"center","padding":{"unit":"px","top":"0","right":"0","bottom":"0","left":"0","isLinked":"1"}},"elements":[{"id":"5893a29f","settings":{"title":"810 Dance Floor Studio","align":"left","title_color":"#000000","typography_typography":"custom","typography_font_family":"Fahkwang","typography_font_size":{"unit":"vw","size":"6.7","sizes":[]},"typography_font_weight":"600","typography_text_transform":"capitalize","typography_font_size_tablet":{"unit":"vw","size":"6.3","sizes":[]},"typography_font_size_mobile":{"unit":"vw","size":"12","sizes":[]},"typography_letter_spacing":{"unit":"px","size":"3","sizes":[]},"_padding":{"unit":"px","top":"0","right":"0","bottom":"0","left":"0","isLinked":""},"typography_letter_spacing_mobile":{"unit":"px","size":"3.2","sizes":[]},"header_size":"h1","align_mobile":"center","animation_duration":"slow"},"elements":[],"isInner":false,"widgetType":"heading","elType":"widget"}],"isInner":"","elType":"column"}],"isInner":"","elType":"section"},{"id":"41216952","settings":{"layout":"full_width","height":"min-height","custom_height":{"unit":"vh","size":"7","sizes":[]},"column_position":"stretch","margin":{"unit":"px","top":"","right":"0","bottom":"","left":"0","isLinked":"1"},"padding":{"unit":"%","top":"0","right":"5","bottom":"0","left":"60","isLinked":""},"border_color":"#000000","custom_height_tablet":{"unit":"vh","size":"5","sizes":[]},"padding_tablet":{"unit":"%","top":"0","right":"5","bottom":"0","left":"30","isLinked":""},"custom_height_mobile":{"unit":"vh","size":"15","sizes":[]},"padding_mobile":{"unit":"%","top":"0","right":"5","bottom":"0","left":"20","isLinked":""},"_title":"Location","_timestamp_":"v1Smpyb2xHWDFzTnAyd291dVQ4THc0UT09"},"elements":[{"id":"9a0122f","settings":{"_column_size":"100","space_between_widgets":"0","padding":{"unit":"px","top":"0","right":"0","bottom":"0","left":"0","isLinked":"1"},"content_position":"center","border_border":"solid","border_width":{"unit":"px","top":"0","right":"0","bottom":"0","left":"1","isLinked":""},"border_color":"#000000"},"elements":[{"id":"45d273e6","settings":{"title":"810 Horizon Circle, Tacoma, Washington D.C. 98491","title_color":"#000000","typography_typography":"custom","typography_font_family":"Roboto","typography_font_size":{"unit":"vw","size":"1.4","sizes":[]},"typography_font_weight":"400","typography_text_transform":"capitalize","align":"right","typography_font_size_tablet":{"unit":"vw","size":"2.5","sizes":[]},"typography_font_size_mobile":{"unit":"px","size":"18","sizes":[]},"header_size":"h4"},"elements":[],"isInner":false,"widgetType":"heading","elType":"widget"}],"isInner":"","elType":"column"}],"isInner":"","elType":"section"},{"id":"68d30d90","settings":{"layout":"full_width","height":"min-height","custom_height":{"unit":"vh","size":"56","sizes":[]},"column_position":"stretch","border_border":"solid","border_width":{"unit":"px","top":"1","right":"0","bottom":"1","left":"0","isLinked":""},"border_color":"#000000","custom_height_tablet":{"unit":"vh","size":"40","sizes":[]},"custom_height_mobile":{"unit":"vh","size":"50","sizes":[]},"_title":"Main Hero Picture","background_background":"classic","background_image":{"id":8,"url":"http:\/\/localhost\/dieuhau\/wp-content\/uploads\/2021\/06\/Home-page-hero.png"},"background_position":"center center","background_repeat":"no-repeat","background_size":"cover","margin_mobile":{"unit":"px","top":"","right":"0","bottom":"","left":"0","isLinked":"1"},"background_motion_fx_scale_effect":"yes","background_motion_fx_scale_speed":{"unit":"px","size":"2","sizes":[]},"background_motion_fx_scale_range":{"unit":"%","size":"","sizes":{"start":"0","end":"80"}},"_timestamp_":"v1Smpyb2xHWDFzTnAyd291dVQ4THc0UT09"},"elements":[{"id":"1fee1acd","settings":{"_column_size":"100","padding":{"unit":"px","top":"0","right":"0","bottom":"0","left":"0","isLinked":"1"},"background_position":"center center","background_repeat":"no-repeat","background_size":"cover","background_background":"classic"},"elements":[],"isInner":"","elType":"column"}],"isInner":"","elType":"section"},{"id":"658699dc","settings":{"layout":"full_width","height":"min-height","custom_height":{"unit":"px","size":"700","sizes":[]},"column_position":"stretch","structure":"20","border_border":"solid","border_width":{"unit":"px","top":"0","right":"0","bottom":"1","left":"0","isLinked":""},"border_color":"#000000","margin":{"unit":"%","top":"","right":"0","bottom":"","left":"0","isLinked":"1"},"padding":{"unit":"%","top":"0","right":"0","bottom":"0","left":"5","isLinked":""},"padding_tablet":{"unit":"%","top":"0","right":"5","bottom":"0","left":"5","isLinked":""},"border_width_mobile":{"unit":"px","top":"0","right":"0","bottom":"0","left":"0","isLinked":"1"},"margin_tablet":{"unit":"%","top":"10","right":"0","bottom":"0","left":"0","isLinked":""},"margin_mobile":{"unit":"%","top":"0","right":"0","bottom":"0","left":"0","isLinked":"1"},"reverse_order_tablet":"reverse-tablet","reverse_order_mobile":"reverse-mobile","_title":"The Studio","_timestamp_":"v1Smpyb2xHWDFzTnAyd291dVQ4THc0UT09"},"elements":[{"id":"594165a9","settings":{"_column_size":"50","_inline_size":"40.008","content_position":"center","border_border":"solid","border_width":{"unit":"px","top":"0","right":"1","bottom":"0","left":"0","isLinked":""},"border_color":"#000000","padding":{"unit":"%","top":"10","right":"15","bottom":"10","left":"0","isLinked":""},"_inline_size_tablet":"100","background_background":"classic","background_position":"center center","background_repeat":"no-repeat","background_size":"cover","border_width_tablet":{"unit":"px","top":"0","right":"0","bottom":"0","left":"0","isLinked":"1"},"margin":{"unit":"%","top":"","right":"","bottom":"","left":"","isLinked":"1"},"padding_tablet":{"unit":"%","top":"5","right":"0","bottom":"5","left":"0","isLinked":""},"margin_mobile":{"unit":"%","top":"","right":"","bottom":"","left":"","isLinked":"1"},"padding_mobile":{"unit":"px","top":"0","right":"0","bottom":"0","left":"0","isLinked":"1"}},"elements":[{"id":"25850ab5","settings":{"image":{"id":9,"url":"http:\/\/localhost\/dieuhau\/wp-content\/uploads\/2021\/06\/The-Studio-home-page.png"},"image_size":"full","align":"center","align_tablet":"center","_border_width_tablet":{"unit":"px","top":"0","right":"0","bottom":"1","left":"0","isLinked":""},"motion_fx_translateX_effect":"yes","motion_fx_translateX_speed":{"unit":"px","size":"1","sizes":[]},"motion_fx_translateX_affectedRange":{"unit":"%","size":"","sizes":{"start":"0","end":"50"}},"motion_fx_blur_direction":"out-in-out","motion_fx_blur_range":{"unit":"%","size":"","sizes":{"start":"40","end":"62"}},"motion_fx_rotateZ_speed":{"unit":"px","size":"0.05","sizes":[]},"motion_fx_rotateZ_affectedRange":{"unit":"%","size":"","sizes":{"start":"0","end":"50"}},"motion_fx_devices":["desktop"]},"elements":[],"isInner":false,"widgetType":"image","elType":"widget"}],"isInner":"","elType":"column"},{"id":"d8e0472","settings":{"_column_size":"50","_inline_size":"60","content_position":"center","space_between_widgets":"40","padding":{"unit":"%","top":"0","right":"30","bottom":"0","left":"20","isLinked":""},"_inline_size_tablet":"100","border_width_tablet":{"unit":"px","top":"0","right":"0","bottom":"0","left":"0","isLinked":"1"},"border_color":"#000000","margin_tablet":{"unit":"%","top":"","right":"","bottom":"","left":"","isLinked":"1"},"padding_tablet":{"unit":"%","top":"10","right":"5","bottom":"5","left":"5","isLinked":""},"padding_mobile":{"unit":"%","top":"5","right":"0","bottom":"20","left":"0","isLinked":""},"margin_mobile":{"unit":"%","top":"10","right":"0","bottom":"0","left":"0","isLinked":""}},"elements":[{"id":"4eba8015","settings":{"title":"The Studio","title_color":"#000000","typography_typography":"custom","typography_font_family":"Fahkwang","typography_font_size":{"unit":"px","size":"60","sizes":[]},"typography_font_weight":"600","typography_text_transform":"capitalize","typography_line_height":{"unit":"em","size":"1","sizes":[]},"align_tablet":"center","typography_font_size_tablet":{"unit":"px","size":"45","sizes":[]},"typography_font_size_mobile":{"unit":"px","size":"35","sizes":[]}},"elements":[],"isInner":false,"widgetType":"heading","elType":"widget"},{"id":"74c589aa","settings":{"editor":"<p>Lorem ipsum dolor sit amet, consectet adipiscing elit,sed do eiusm por inciunt ut labore et dolore magna aliqua. Ut enim ad minim veniam, quis nostrud exercitation ullamco laboris nisi ut aliquip ex ea sint occaecat cupidatat non proident, sunt in culpa qui officia mollit natoque consequat massa quis enim.<br \/><br \/><br \/>Nam quam nunc, blandit vel, ridiculus mus. Donec quam Lorem ipsum dolor sit amet, consectet adipiscing\u00a0elit,sed do eiusm por incididunt ut labore et dolore magna aliqua.<\/p>","text_color":"#000000","typography_typography":"custom","typography_font_family":"Roboto","typography_font_size":{"unit":"px","size":"16","sizes":[]},"typography_font_weight":"400","typography_line_height":{"unit":"em","size":"1.4","sizes":[]},"align_tablet":"center"},"elements":[],"isInner":false,"widgetType":"text-editor","elType":"widget"},{"id":"59e8d236","settings":{"text":"Learn More","typography_typography":"custom","typography_font_family":"Roboto","typography_font_size":{"unit":"px","size":"16","sizes":[]},"typography_font_weight":"400","typography_text_transform":"capitalize","typography_line_height":{"unit":"em","size":"1","sizes":[]},"button_text_color":"#FFFFFF","background_color":"#000000","hover_color":"#000000","button_background_hover_color":"#FFFFFF00","border_border":"solid","border_width":{"unit":"px","top":"1","right":"1","bottom":"1","left":"1","isLinked":"1"},"border_color":"#000000","border_radius":{"unit":"px","top":"0","right":"0","bottom":"0","left":"0","isLinked":"1"},"text_padding":{"unit":"px","top":"20","right":"65","bottom":"20","left":"65","isLinked":""},"align_tablet":"center","text_padding_mobile":{"unit":"px","top":"15","right":"50","bottom":"15","left":"50","isLinked":""}},"elements":[],"isInner":false,"widgetType":"button","elType":"widget"}],"isInner":"","elType":"column"}],"isInner":"","elType":"section"},{"id":"4d42506","settings":{"layout":"full_width","height":"min-height","custom_height":{"unit":"px","size":"700","sizes":[]},"column_position":"stretch","structure":"20","border_border":"solid","border_width":{"unit":"px","top":"0","right":"0","bottom":"1","left":"0","isLinked":""},"border_color":"#000000","margin":{"unit":"%","top":"","right":"0","bottom":"","left":"0","isLinked":"1"},"padding":{"unit":"%","top":"0","right":"0","bottom":"0","left":"5","isLinked":""},"padding_tablet":{"unit":"%","top":"0","right":"5","bottom":"0","left":"5","isLinked":""},"margin_mobile":{"unit":"%","top":"15","right":"0","bottom":"0","left":"0","isLinked":""},"border_width_mobile":{"unit":"px","top":"1","right":"0","bottom":"1","left":"0","isLinked":""},"margin_tablet":{"unit":"%","top":"","right":"0","bottom":"","left":"0","isLinked":"1"},"padding_mobile":{"unit":"%","top":"0","right":"5","bottom":"15","left":"5","isLinked":""},"reverse_order_tablet":"reverse-tablet","reverse_order_mobile":"reverse-mobile","_title":"Our Classes","_timestamp_":"v1Smpyb2xHWDFzTnAyd291dVQ4THc0UT09"},"elements":[{"id":"130764fb","settings":{"_column_size":"50","_inline_size":"40.008","content_position":"center","border_border":"solid","border_width":{"unit":"px","top":"0","right":"1","bottom":"0","left":"0","isLinked":""},"border_color":"#000000","padding":{"unit":"%","top":"10","right":"15","bottom":"10","left":"0","isLinked":""},"_inline_size_tablet":"100","background_background":"classic","background_position":"center center","background_repeat":"no-repeat","background_size":"cover","border_width_tablet":{"unit":"px","top":"0","right":"0","bottom":"0","left":"0","isLinked":"1"},"margin":{"unit":"%","top":"","right":"","bottom":"","left":"","isLinked":"1"},"padding_tablet":{"unit":"%","top":"5","right":"0","bottom":"5","left":"0","isLinked":""},"margin_mobile":{"unit":"%","top":"","right":"","bottom":"","left":"","isLinked":"1"},"padding_mobile":{"unit":"%","top":"0","right":"0","bottom":"0","left":"0","isLinked":""}},"elements":[{"id":"45ba417d","settings":{"video_type":"hosted","youtube_url":"https:\/\/www.youtube.com\/watch?v=XHOmBV4js_E","vimeo_url":"https:\/\/vimeo.com\/235215203","dailymotion_url":"https:\/\/www.dailymotion.com\/video\/x6tqhqb","hosted_url":{"id":10,"url":"http:\/\/localhost\/dieuhau\/wp-content\/uploads\/2021\/06\/classes.mp4"},"autoplay":"yes","play_on_mobile":"yes","mute":"yes","loop":"yes","controls":"","aspect_ratio":"11","_border_width_tablet":{"unit":"px","top":"0","right":"0","bottom":"1","left":"0","isLinked":""},"_margin":{"unit":"px","top":"0","right":"0","bottom":"-80","left":"0","isLinked":""},"_margin_tablet":{"unit":"px","top":"0","right":"0","bottom":"-106","left":"0","isLinked":""},"_margin_mobile":{"unit":"px","top":"0","right":"0","bottom":"-50","left":"0","isLinked":""},"image_overlay":{"id":12,"url":"http:\/\/localhost\/dieuhau\/wp-content\/uploads\/2021\/06\/placeholder.png"},"poster":{"id":11,"url":"http:\/\/localhost\/dieuhau\/wp-content\/uploads\/2021\/06\/classes_cta.jpg"}},"elements":[],"isInner":false,"widgetType":"video","elType":"widget"}],"isInner":"","elType":"column"},{"id":"4c7ad598","settings":{"_column_size":"50","_inline_size":"60","content_position":"center","space_between_widgets":"40","padding":{"unit":"%","top":"0","right":"30","bottom":"0","left":"20","isLinked":""},"_inline_size_tablet":"100","padding_tablet":{"unit":"%","top":"10","right":"5","bottom":"5","left":"5","isLinked":""},"padding_mobile":{"unit":"%","top":"15","right":"0","bottom":"20","left":"0","isLinked":""}},"elements":[{"id":"1ceb0ec","settings":{"title":"Our Classes","title_color":"#000000","typography_typography":"custom","typography_font_family":"Fahkwang","typography_font_size":{"unit":"px","size":"60","sizes":[]},"typography_font_weight":"600","typography_text_transform":"capitalize","typography_line_height":{"unit":"em","size":"1","sizes":[]},"align_tablet":"center","typography_font_size_tablet":{"unit":"px","size":"45","sizes":[]},"typography_font_size_mobile":{"unit":"px","size":"35","sizes":[]}},"elements":[],"isInner":false,"widgetType":"heading","elType":"widget"},{"id":"3a1c817d","settings":{"editor":"<p>Lorem ipsum dolor sit amet, consectet adipiscing elit,sed do eiusm por inciunt ut labore et dolore magna aliqua. Ut enim ad minim veniam, quis nostrud exercitation ullamco laboris nisi ut aliquip ex ea sint occaecat cupidatat non proident, sunt in culpa qui officia mollit natoque consequat massa quis enim.<br \/><br \/><br \/>Nam quam nunc, blandit vel, ridiculus mus. Donec quam Lorem ipsum dolor sit amet, consectet adipiscing\u00a0elit,sed do eiusm por incididunt ut labore et dolore magna aliqua.<\/p>","text_color":"#000000","typography_typography":"custom","typography_font_family":"Roboto","typography_font_size":{"unit":"px","size":"16","sizes":[]},"typography_font_weight":"400","typography_line_height":{"unit":"em","size":"1.4","sizes":[]},"align_tablet":"center"},"elements":[],"isInner":false,"widgetType":"text-editor","elType":"widget"},{"id":"3ec1e461","settings":{"text":"Learn More","typography_typography":"custom","typography_font_family":"Roboto","typography_font_size":{"unit":"px","size":"16","sizes":[]},"typography_font_weight":"400","typography_text_transform":"capitalize","typography_line_height":{"unit":"em","size":"1","sizes":[]},"button_text_color":"#FFFFFF","background_color":"#000000","hover_color":"#000000","button_background_hover_color":"#FFFFFF00","border_border":"solid","border_width":{"unit":"px","top":"1","right":"1","bottom":"1","left":"1","isLinked":"1"},"border_color":"#000000","border_radius":{"unit":"px","top":"0","right":"0","bottom":"0","left":"0","isLinked":"1"},"text_padding":{"unit":"px","top":"20","right":"65","bottom":"20","left":"65","isLinked":""},"align_tablet":"center","text_padding_mobile":{"unit":"px","top":"15","right":"50","bottom":"15","left":"50","isLinked":""}},"elements":[],"isInner":false,"widgetType":"button","elType":"widget"}],"isInner":"","elType":"column"}],"isInner":"","elType":"section"},{"id":"3b26aafb","settings":{"layout":"full_width","height":"min-height","custom_height":{"unit":"px","size":"500","sizes":[]},"column_position":"stretch","background_background":"classic","background_color":"#FFFFFF","border_border":"solid","border_width":{"unit":"px","top":"0","right":"0","bottom":"1","left":"0","isLinked":""},"border_color":"#000000","custom_height_tablet":{"unit":"px","size":"400","sizes":[]},"margin_mobile":{"unit":"%","top":"","right":"0","bottom":"","left":"0","isLinked":"1"},"_title":"Private Lessons","_timestamp_":"v1Smpyb2xHWDFzTnAyd291dVQ4THc0UT09"},"elements":[{"id":"56a5532","settings":{"_column_size":"100","content_position":"center"},"elements":[{"id":"698c8c07","settings":{"content_width":{"unit":"px","size":"650","sizes":[]},"margin_tablet":{"unit":"px","top":"0","right":"0","bottom":"0","left":"0","isLinked":"1"}},"elements":[{"id":"769c4dc0","settings":{"_column_size":"100","space_between_widgets":"0","padding":{"unit":"px","top":"0","right":"0","bottom":"0","left":"0","isLinked":"1"},"content_position_tablet":"center","padding_tablet":{"unit":"%","top":"0","right":"5","bottom":"0","left":"5","isLinked":""}},"elements":[{"id":"53e190c","settings":{"title":"Private Lessons","align":"center","title_color":"#000000","typography_typography":"custom","typography_font_family":"Fahkwang","typography_font_size":{"unit":"px","size":"60","sizes":[]},"typography_font_weight":"600","typography_text_transform":"capitalize","typography_line_height":{"unit":"em","size":"1","sizes":[]},"typography_font_size_tablet":{"unit":"px","size":"45","sizes":[]},"typography_font_size_mobile":{"unit":"px","size":"35","sizes":[]}},"elements":[],"isInner":false,"widgetType":"heading","elType":"widget"},{"id":"6ebe822","settings":{"editor":"<p>In-Studio and Virtual Private Lessons are the best way to improve your dancing skills in the shortest period of time. Work at your own pace and receive personalized attention from our dedicated instructors.<\/p>","align":"center","text_color":"#000000","typography_typography":"custom","typography_font_family":"Roboto","typography_font_size":{"unit":"px","size":"16","sizes":[]},"typography_font_weight":"400","typography_line_height":{"unit":"em","size":"1.4","sizes":[]},"_margin":{"unit":"px","top":"30","right":"0","bottom":"60","left":"0","isLinked":""}},"elements":[],"isInner":false,"widgetType":"text-editor","elType":"widget"},{"id":"6a7c2f5d","settings":{"text":"View Our Rates","align":"center","typography_typography":"custom","typography_font_family":"Roboto","typography_font_size":{"unit":"px","size":"16","sizes":[]},"typography_font_weight":"400","typography_text_transform":"capitalize","typography_line_height":{"unit":"em","size":"1","sizes":[]},"button_text_color":"#FFFFFF","background_color":"#000000","hover_color":"#000000","button_background_hover_color":"#FFFFFF00","border_border":"solid","border_width":{"unit":"px","top":"1","right":"1","bottom":"1","left":"1","isLinked":"1"},"border_color":"#000000","border_radius":{"unit":"px","top":"0","right":"0","bottom":"0","left":"0","isLinked":"1"},"text_padding":{"unit":"px","top":"20","right":"65","bottom":"20","left":"65","isLinked":""},"text_padding_mobile":{"unit":"px","top":"15","right":"50","bottom":"15","left":"50","isLinked":""}},"elements":[],"isInner":false,"widgetType":"button","elType":"widget"}],"isInner":"1","elType":"column"}],"isInner":"1","elType":"section"}],"isInner":"","elType":"column"}],"isInner":"","elType":"section"},{"id":"b2d9d1d","settings":{"layout":"full_width","height":"min-height","custom_height":{"unit":"px","size":"300","sizes":[]},"column_position":"stretch","structure":"21","padding":{"unit":"%","top":"0","right":"5","bottom":"0","left":"5","isLinked":""},"border_border":"solid","border_width":{"unit":"px","top":"0","right":"0","bottom":"1","left":"0","isLinked":""},"border_color":"#000000","border_width_tablet":{"unit":"px","top":"0","right":"0","bottom":"0","left":"0","isLinked":"1"},"_title":"Instructors Headline","_timestamp_":"v1Smpyb2xHWDFzTnAyd291dVQ4THc0UT09"},"elements":[{"id":"29edc10c","settings":{"_column_size":"33","content_position":"center","padding":{"unit":"px","top":"0","right":"0","bottom":"0","left":"0","isLinked":"1"},"_inline_size_tablet":"100","content_position_tablet":"bottom"},"elements":[{"id":"54dba22d","settings":{"title":"Instructors","align":"left","title_color":"#000000","typography_typography":"custom","typography_font_family":"Fahkwang","typography_font_size":{"unit":"px","size":"60","sizes":[]},"typography_font_weight":"600","typography_text_transform":"capitalize","typography_line_height":{"unit":"em","size":"1","sizes":[]},"align_tablet":"center","typography_font_size_tablet":{"unit":"px","size":"45","sizes":[]},"typography_font_size_mobile":{"unit":"px","size":"35","sizes":[]}},"elements":[],"isInner":false,"widgetType":"heading","elType":"widget"}],"isInner":"","elType":"column"},{"id":"5d692cb6","settings":{"_column_size":"66","content_position":"center","padding":{"unit":"%","top":"0","right":"20","bottom":"0","left":"20","isLinked":""},"border_border":"solid","border_width":{"unit":"px","top":"0","right":"0","bottom":"0","left":"1","isLinked":""},"border_color":"#000000","_inline_size_tablet":"100","content_position_tablet":"top","border_width_tablet":{"unit":"px","top":"0","right":"0","bottom":"0","left":"0","isLinked":"1"},"padding_tablet":{"unit":"%","top":"5","right":"5","bottom":"0","left":"5","isLinked":""}},"elements":[{"id":"1c034337","settings":{"editor":"Every year, 810 Dance Floor Studio brings the world's most relevant talents and choreographers to mentor our students.","align":"left","text_color":"#000000","typography_typography":"custom","typography_font_family":"Roboto","typography_font_size":{"unit":"px","size":"16","sizes":[]},"typography_font_weight":"400","typography_line_height":{"unit":"em","size":"1.4","sizes":[]},"align_tablet":"center"},"elements":[],"isInner":false,"widgetType":"text-editor","elType":"widget"}],"isInner":"","elType":"column"}],"isInner":"","elType":"section"},{"id":"4170fba","settings":{"layout":"full_width","height":"min-height","custom_height":{"unit":"px","size":"780","sizes":[]},"padding":{"unit":"%","top":"0","right":"5","bottom":"0","left":"5","isLinked":""},"_title":"Instructors","_timestamp_":"v1Smpyb2xHWDFzTnAyd291dVQ4THc0UT09"},"elements":[{"id":"4592cc49","settings":{"_column_size":"100","space_between_widgets":"0","padding":{"unit":"px","top":"0","right":"0","bottom":"0","left":"0","isLinked":"1"},"space_between_widgets_tablet":"0"},"elements":[{"id":"372b090d","settings":{"layout":"full_width","structure":"40","margin":{"unit":"%","top":"0","right":"0","bottom":"5","left":"0","isLinked":""},"margin_tablet":{"unit":"%","top":"0","right":"0","bottom":"10","left":"0","isLinked":""},"margin_mobile":{"unit":"%","top":"0","right":"0","bottom":"15","left":"0","isLinked":""}},"elements":[{"id":"7065ba2f","settings":{"_column_size":"25","space_between_widgets":"0","padding":{"unit":"px","top":"0","right":"20","bottom":"0","left":"0","isLinked":""},"_inline_size_tablet":"50","padding_mobile":{"unit":"px","top":"0","right":"0","bottom":"0","left":"0","isLinked":"1"}},"elements":[{"id":"126d5786","settings":{"graphic_element":"image","image":{"url":"","id":""},"image_size":"full","selected_icon":{"value":"","library":""},"title_text_a":"","description_text_a":"","background_a_background":"classic","background_a_color":"rgba(255, 255, 255, 0)","background_a_image":{"id":13,"url":"http:\/\/localhost\/dieuhau\/wp-content\/uploads\/2021\/06\/Bruce-Collins.png"},"background_a_position":"center center","background_a_repeat":"no-repeat","background_a_size":"cover","title_text_b":"","description_text_b":"Lorem ipsum dolor sit amet, consectet adipiscing\u00a0elit,sed do eiusm por incididunt ut labore et dolore magna aliqua. \nLorem ipsum dolor sit amet, consectet adipiscing\u00a0elit,sed do eiusm por incididunt ut labore et dolore magna aliqua. ","button_text":"","background_b_background":"classic","background_b_color":"rgba(242, 239, 236, 0.8)","height":{"unit":"px","size":"350","sizes":[]},"flip_effect":"fade","vertical_position_a":"middle","description_color_b":"#000000","description_typography_b_typography":"custom","description_typography_b_font_family":"Roboto","description_typography_b_font_size":{"unit":"px","size":"16","sizes":[]},"description_typography_b_font_weight":"400","description_typography_b_text_transform":"none","description_typography_b_line_height":{"unit":"em","size":"1.5","sizes":[]}},"elements":[],"isInner":false,"widgetType":"flip-box","elType":"widget"},{"id":"6f53add9","settings":{"title":"Hannah Collins","header_size":"h4","align":"center","title_color":"#000000","typography_typography":"custom","typography_font_family":"Roboto","typography_font_size":{"unit":"px","size":"25","sizes":[]},"typography_font_weight":"400","_margin":{"unit":"px","top":"35","right":"0","bottom":"10","left":"0","isLinked":""},"typography_font_size_tablet":{"unit":"px","size":"22","sizes":[]}},"elements":[],"isInner":false,"widgetType":"heading","elType":"widget"},{"id":"6fb4a9fa","settings":{"editor":"Acrobatic Dance","align":"center","text_color":"#000000","typography_typography":"custom","typography_font_family":"Roboto","typography_font_size":{"unit":"px","size":"16","sizes":[]},"typography_font_weight":"400","typography_line_height":{"unit":"em","size":"1.4","sizes":[]},"_padding":{"unit":"%","top":"","right":"","bottom":"","left":"","isLinked":"1"}},"elements":[],"isInner":false,"widgetType":"text-editor","elType":"widget"}],"isInner":"1","elType":"column"},{"id":"f9b05ae","settings":{"_column_size":"25","space_between_widgets":"0","padding":{"unit":"px","top":"0","right":"20","bottom":"0","left":"020","isLinked":""},"_inline_size_tablet":"50","padding_tablet":{"unit":"px","top":"0","right":"0","bottom":"0","left":"20","isLinked":""},"margin_mobile":{"unit":"%","top":"15","right":"0","bottom":"15","left":"0","isLinked":""},"padding_mobile":{"unit":"px","top":"0","right":"0","bottom":"0","left":"0","isLinked":"1"}},"elements":[{"id":"17f7ccc3","settings":{"graphic_element":"image","image":{"url":"","id":""},"image_size":"full","selected_icon":{"value":"","library":""},"title_text_a":"","description_text_a":"","background_a_background":"classic","background_a_color":"rgba(255, 255, 255, 0)","background_a_image":{"id":14,"url":"http:\/\/localhost\/dieuhau\/wp-content\/uploads\/2021\/06\/Paul-Ward-2.png"},"background_a_position":"center center","background_a_repeat":"no-repeat","background_a_size":"cover","title_text_b":"","description_text_b":"Lorem ipsum dolor sit amet, consectet adipiscing\u00a0elit,sed do eiusm por incididunt ut labore et dolore magna aliqua. \nLorem ipsum dolor sit amet, consectet adipiscing\u00a0elit,sed do eiusm por incididunt ut labore et dolore magna aliqua. ","button_text":"","background_b_background":"classic","background_b_color":"rgba(242, 239, 236, 0.8)","height":{"unit":"px","size":"350","sizes":[]},"flip_effect":"fade","vertical_position_a":"middle","description_color_b":"#000000","description_typography_b_typography":"custom","description_typography_b_font_family":"Roboto","description_typography_b_font_size":{"unit":"px","size":"16","sizes":[]},"description_typography_b_font_weight":"400","description_typography_b_text_transform":"none","description_typography_b_line_height":{"unit":"em","size":"1.5","sizes":[]}},"elements":[],"isInner":false,"widgetType":"flip-box","elType":"widget"},{"id":"77c1a7bd","settings":{"title":"Paul Ward","header_size":"h4","align":"center","title_color":"#000000","typography_typography":"custom","typography_font_family":"Roboto","typography_font_size":{"unit":"px","size":"25","sizes":[]},"typography_font_weight":"400","_margin":{"unit":"px","top":"35","right":"0","bottom":"10","left":"0","isLinked":""},"typography_font_size_tablet":{"unit":"px","size":"22","sizes":[]}},"elements":[],"isInner":false,"widgetType":"heading","elType":"widget"},{"id":"6bfdf457","settings":{"editor":"Hip Hop","align":"center","text_color":"#000000","typography_typography":"custom","typography_font_family":"Roboto","typography_font_size":{"unit":"px","size":"16","sizes":[]},"typography_font_weight":"400","typography_line_height":{"unit":"em","size":"1.4","sizes":[]},"_padding":{"unit":"%","top":"","right":"","bottom":"","left":"","isLinked":"1"}},"elements":[],"isInner":false,"widgetType":"text-editor","elType":"widget"}],"isInner":"1","elType":"column"},{"id":"3d8ea470","settings":{"_column_size":"25","space_between_widgets":"0","padding":{"unit":"px","top":"0","right":"20","bottom":"0","left":"20","isLinked":""},"_inline_size_tablet":"50","margin_tablet":{"unit":"%","top":"15","right":"0","bottom":"0","left":"0","isLinked":""},"padding_tablet":{"unit":"px","top":"0","right":"020","bottom":"0","left":"0","isLinked":""},"margin_mobile":{"unit":"%","top":"0","right":"0","bottom":"0","left":"0","isLinked":"1"},"padding_mobile":{"unit":"px","top":"0","right":"0","bottom":"0","left":"0","isLinked":"1"}},"elements":[{"id":"68317eed","settings":{"graphic_element":"image","image":{"url":"","id":""},"image_size":"full","selected_icon":{"value":"","library":""},"title_text_a":"","description_text_a":"","background_a_background":"classic","background_a_color":"rgba(255, 255, 255, 0)","background_a_image":{"id":15,"url":"http:\/\/localhost\/dieuhau\/wp-content\/uploads\/2021\/06\/Peter-Price.png"},"background_a_position":"center center","background_a_repeat":"no-repeat","background_a_size":"cover","title_text_b":"","description_text_b":"Lorem ipsum dolor sit amet, consectet adipiscing\u00a0elit,sed do eiusm por incididunt ut labore et dolore magna aliqua. \nLorem ipsum dolor sit amet, consectet adipiscing\u00a0elit,sed do eiusm por incididunt ut labore et dolore magna aliqua. ","button_text":"","background_b_background":"classic","background_b_color":"rgba(242, 239, 236, 0.8)","height":{"unit":"px","size":"350","sizes":[]},"flip_effect":"fade","vertical_position_a":"middle","description_color_b":"#000000","description_typography_b_typography":"custom","description_typography_b_font_family":"Roboto","description_typography_b_font_size":{"unit":"px","size":"16","sizes":[]},"description_typography_b_font_weight":"400","description_typography_b_text_transform":"none","description_typography_b_line_height":{"unit":"em","size":"1.5","sizes":[]}},"elements":[],"isInner":false,"widgetType":"flip-box","elType":"widget"},{"id":"7c7d9779","settings":{"title":"Kate Price","header_size":"h4","align":"center","title_color":"#000000","typography_typography":"custom","typography_font_family":"Roboto","typography_font_size":{"unit":"px","size":"25","sizes":[]},"typography_font_weight":"400","_margin":{"unit":"px","top":"35","right":"0","bottom":"10","left":"0","isLinked":""},"typography_font_size_tablet":{"unit":"px","size":"22","sizes":[]}},"elements":[],"isInner":false,"widgetType":"heading","elType":"widget"},{"id":"2b4bc07f","settings":{"editor":"Contemporary","align":"center","text_color":"#000000","typography_typography":"custom","typography_font_family":"Roboto","typography_font_size":{"unit":"px","size":"16","sizes":[]},"typography_font_weight":"400","typography_line_height":{"unit":"em","size":"1.4","sizes":[]},"_padding":{"unit":"%","top":"","right":"","bottom":"","left":"","isLinked":"1"}},"elements":[],"isInner":false,"widgetType":"text-editor","elType":"widget"}],"isInner":"1","elType":"column"},{"id":"769f6f1d","settings":{"_column_size":"25","space_between_widgets":"0","padding":{"unit":"px","top":"0","right":"0","bottom":"0","left":"20","isLinked":""},"_inline_size_tablet":"50","margin_tablet":{"unit":"%","top":"15","right":"0","bottom":"0","left":"0","isLinked":""},"padding_tablet":{"unit":"px","top":"0","right":"0","bottom":"0","left":"20","isLinked":""},"margin_mobile":{"unit":"%","top":"15","right":"0","bottom":"0","left":"0","isLinked":""},"padding_mobile":{"unit":"px","top":"0","right":"0","bottom":"0","left":"0","isLinked":"1"}},"elements":[{"id":"29fbf63e","settings":{"graphic_element":"image","image":{"url":"","id":""},"image_size":"full","selected_icon":{"value":"","library":""},"title_text_a":"","description_text_a":"","background_a_background":"classic","background_a_color":"rgba(255, 255, 255, 0)","background_a_image":{"id":16,"url":"http:\/\/localhost\/dieuhau\/wp-content\/uploads\/2021\/06\/Nancy-Brown.png"},"background_a_position":"center center","background_a_repeat":"no-repeat","background_a_size":"cover","title_text_b":"","description_text_b":"Lorem ipsum dolor sit amet, consectet adipiscing\u00a0elit,sed do eiusm por incididunt ut labore et dolore magna aliqua. \nLorem ipsum dolor sit amet, consectet adipiscing\u00a0elit,sed do eiusm por incididunt ut labore et dolore magna aliqua. ","button_text":"","background_b_background":"classic","background_b_color":"rgba(242, 239, 236, 0.8)","height":{"unit":"px","size":"350","sizes":[]},"flip_effect":"fade","vertical_position_a":"middle","description_color_b":"#000000","description_typography_b_typography":"custom","description_typography_b_font_family":"Roboto","description_typography_b_font_size":{"unit":"px","size":"16","sizes":[]},"description_typography_b_font_weight":"400","description_typography_b_text_transform":"none","description_typography_b_line_height":{"unit":"em","size":"1.5","sizes":[]}},"elements":[],"isInner":false,"widgetType":"flip-box","elType":"widget"},{"id":"16d58e0a","settings":{"title":"Nancy Brown","header_size":"h4","align":"center","title_color":"#000000","typography_typography":"custom","typography_font_family":"Roboto","typography_font_size":{"unit":"px","size":"25","sizes":[]},"typography_font_weight":"400","_margin":{"unit":"px","top":"35","right":"0","bottom":"10","left":"0","isLinked":""},"typography_font_size_tablet":{"unit":"px","size":"22","sizes":[]}},"elements":[],"isInner":false,"widgetType":"heading","elType":"widget"},{"id":"676a26ee","settings":{"editor":"Lyrical Dance","align":"center","text_color":"#000000","typography_typography":"custom","typography_font_family":"Roboto","typography_font_size":{"unit":"px","size":"16","sizes":[]},"typography_font_weight":"400","typography_line_height":{"unit":"em","size":"1.4","sizes":[]},"_padding":{"unit":"%","top":"","right":"","bottom":"","left":"","isLinked":"1"}},"elements":[],"isInner":false,"widgetType":"text-editor","elType":"widget"}],"isInner":"1","elType":"column"}],"isInner":"1","elType":"section"},{"id":"ae05583","settings":{"text":"Meet Our Instructors","align":"center","typography_typography":"custom","typography_font_family":"Roboto","typography_font_size":{"unit":"px","size":"16","sizes":[]},"typography_font_weight":"400","typography_text_transform":"capitalize","typography_line_height":{"unit":"em","size":"1","sizes":[]},"button_text_color":"#FFFFFF","background_color":"#000000","hover_color":"#000000","button_background_hover_color":"#FFFFFF00","border_border":"solid","border_width":{"unit":"px","top":"1","right":"1","bottom":"1","left":"1","isLinked":"1"},"border_color":"#000000","border_radius":{"unit":"px","top":"0","right":"0","bottom":"0","left":"0","isLinked":"1"},"text_padding":{"unit":"px","top":"20","right":"65","bottom":"20","left":"65","isLinked":""},"text_padding_mobile":{"unit":"px","top":"15","right":"50","bottom":"15","left":"50","isLinked":""}},"elements":[],"isInner":false,"widgetType":"button","elType":"widget"}],"isInner":"","elType":"column"}],"isInner":"","elType":"section"},{"id":"6cadfdf0","settings":{"layout":"full_width","height":"min-height","custom_height":{"unit":"px","size":"300","sizes":[]},"column_position":"stretch","structure":"21","padding":{"unit":"%","top":"0","right":"5","bottom":"0","left":"5","isLinked":""},"border_border":"solid","border_width":{"unit":"px","top":"1","right":"0","bottom":"1","left":"0","isLinked":""},"border_color":"#000000","custom_height_tablet":{"unit":"px","size":"400","sizes":[]},"margin_tablet":{"unit":"%","top":"15","right":"0","bottom":"0","left":"0","isLinked":""},"padding_mobile":{"unit":"%","top":"5","right":"0","bottom":"10","left":"0","isLinked":""},"_title":"Students\nShout Out","_timestamp_":"v1Smpyb2xHWDFzTnAyd291dVQ4THc0UT09"},"elements":[{"id":"11e0696f","settings":{"_column_size":"33","content_position":"center","padding":{"unit":"%","top":"0","right":"15","bottom":"0","left":"0","isLinked":""},"_inline_size_tablet":"100","content_position_tablet":"bottom","padding_tablet":{"unit":"px","top":"0","right":"0","bottom":"0","left":"0","isLinked":"1"}},"elements":[{"id":"67d2ee8d","settings":{"title":"Students\nShout Out","align":"left","title_color":"#000000","typography_typography":"custom","typography_font_family":"Fahkwang","typography_font_size":{"unit":"px","size":"60","sizes":[]},"typography_font_weight":"600","typography_text_transform":"capitalize","typography_line_height":{"unit":"em","size":"1","sizes":[]},"align_tablet":"center","align_mobile":"center","typography_font_size_tablet":{"unit":"px","size":"45","sizes":[]},"typography_font_size_mobile":{"unit":"px","size":"35","sizes":[]}},"elements":[],"isInner":false,"widgetType":"heading","elType":"widget"}],"isInner":"","elType":"column"},{"id":"2f3cccf8","settings":{"_column_size":"66","content_position":"center","padding":{"unit":"%","top":"0","right":"25","bottom":"0","left":"25","isLinked":""},"border_border":"solid","border_width":{"unit":"px","top":"0","right":"0","bottom":"0","left":"1","isLinked":""},"border_color":"#000000","_inline_size_tablet":"100","border_width_tablet":{"unit":"px","top":"0","right":"0","bottom":"0","left":"0","isLinked":"1"},"padding_tablet":{"unit":"px","top":"0","right":"0","bottom":"0","left":"0","isLinked":"1"},"margin_mobile":{"unit":"%","top":"","right":"","bottom":"","left":"","isLinked":"1"},"padding_mobile":{"unit":"%","top":"0","right":"5","bottom":"0","left":"5","isLinked":""}},"elements":[{"id":"8532da0","settings":{"slides":[{"content":"\u201c I\u2019m a total beginner dancer and I felt immediately like part of the dance family.\u201d","name":"Nicole Anderson","title":"","image":{"id":17,"url":"http:\/\/localhost\/dieuhau\/wp-content\/uploads\/2021\/06\/Nicole-Anderson-Testimonial.png"},"_id":"20fd89b"}],"alignment":"left","slides_per_view":"1","slides_to_scroll":"1","width":{"unit":"%","size":"85","sizes":[]},"pagination":"","space_between":{"unit":"px","size":"0","sizes":[]},"content_color":"#000000","content_typography_typography":"custom","content_typography_font_family":"Roboto","content_typography_font_size":{"unit":"px","size":"16","sizes":[]},"content_typography_font_weight":"400","content_typography_font_style":"normal","content_typography_line_height":{"unit":"em","size":"1.5","sizes":[]},"name_color":"#000000","name_typography_typography":"custom","name_typography_font_family":"Roboto","name_typography_font_size":{"unit":"px","size":"16","sizes":[]},"name_typography_font_weight":"400","name_typography_text_transform":"capitalize","name_typography_font_style":"normal","name_typography_line_height":{"unit":"em","size":"1","sizes":[]},"image_size":{"unit":"px","size":"50","sizes":[]},"image_gap":{"unit":"px","size":"20","sizes":[]},"image_border_color":"#D2CCC5","image_border_width":{"unit":"px","size":"2","sizes":[]},"image_border_radius":{"unit":"px","size":"0","sizes":[]},"arrows_color":"#000000","width_tablet":{"unit":"%","size":"85","sizes":[]},"width_mobile":{"unit":"%","size":"100","sizes":[]},"loop":"","pause_on_hover":"","pause_on_interaction":"","show_arrows":""},"elements":[],"isInner":false,"widgetType":"testimonial-carousel","elType":"widget"}],"isInner":"","elType":"column"}],"isInner":"","elType":"section"},{"id":"2be57f4a","settings":{"layout":"full_width","height":"min-height","custom_height":{"unit":"px","size":"445","sizes":[]},"column_position":"stretch","background_color":"#FFFFFF","border_border":"solid","border_width":{"unit":"px","top":"0","right":"0","bottom":"1","left":"0","isLinked":""},"border_color":"#000000","custom_height_tablet":{"unit":"px","size":"400","sizes":[]},"_title":"Studio Rental","_timestamp_":"v1Smpyb2xHWDFzTnAyd291dVQ4THc0UT09"},"elements":[{"id":"1f6e03c9","settings":{"_column_size":"100","content_position":"center"},"elements":[{"id":"6ac7740b","settings":{"content_width":{"unit":"px","size":"650","sizes":[]}},"elements":[{"id":"5c4bde3e","settings":{"_column_size":"100","space_between_widgets":"0","padding":{"unit":"px","top":"0","right":"0","bottom":"0","left":"0","isLinked":"1"},"padding_tablet":{"unit":"%","top":"0","right":"5","bottom":"0","left":"5","isLinked":""}},"elements":[{"id":"404d65e4","settings":{"title":"Studio Rental","align":"center","title_color":"#000000","typography_typography":"custom","typography_font_family":"Fahkwang","typography_font_size":{"unit":"px","size":"60","sizes":[]},"typography_font_weight":"600","typography_text_transform":"capitalize","typography_line_height":{"unit":"em","size":"1","sizes":[]},"typography_font_size_tablet":{"unit":"px","size":"45","sizes":[]},"typography_font_size_mobile":{"unit":"px","size":"35","sizes":[]}},"elements":[],"isInner":false,"widgetType":"heading","elType":"widget"},{"id":"5f7eeb22","settings":{"editor":"Lorem ipsum dolor sit amet, consectetur adipisicing elit, sed do eiusmod tempor incididunt ut labore et dolore magna aliqua ut enim ad minim veniam.","align":"center","text_color":"#000000","typography_typography":"custom","typography_font_family":"Roboto","typography_font_size":{"unit":"px","size":"16","sizes":[]},"typography_font_weight":"400","typography_line_height":{"unit":"em","size":"1.4","sizes":[]},"_margin":{"unit":"px","top":"30","right":"0","bottom":"60","left":"0","isLinked":""}},"elements":[],"isInner":false,"widgetType":"text-editor","elType":"widget"},{"id":"547a2d24","settings":{"text":"Book Now","align":"center","typography_typography":"custom","typography_font_family":"Roboto","typography_font_size":{"unit":"px","size":"16","sizes":[]},"typography_font_weight":"400","typography_text_transform":"capitalize","typography_line_height":{"unit":"em","size":"1","sizes":[]},"button_text_color":"#FFFFFF","background_color":"#000000","hover_color":"#000000","button_background_hover_color":"#FFFFFF00","border_border":"solid","border_width":{"unit":"px","top":"1","right":"1","bottom":"1","left":"1","isLinked":"1"},"border_color":"#000000","border_radius":{"unit":"px","top":"0","right":"0","bottom":"0","left":"0","isLinked":"1"},"text_padding":{"unit":"px","top":"20","right":"65","bottom":"20","left":"65","isLinked":""},"text_padding_mobile":{"unit":"px","top":"15","right":"50","bottom":"15","left":"50","isLinked":""}},"elements":[],"isInner":false,"widgetType":"button","elType":"widget"}],"isInner":"1","elType":"column"}],"isInner":"1","elType":"section"}],"isInner":"","elType":"column"}],"isInner":"","elType":"section"},{"id":"605b0a2d","settings":{"layout":"full_width","height":"min-height","custom_height":{"unit":"px","size":"700","sizes":[]},"column_position":"stretch","structure":"20","border_border":"solid","border_width":{"unit":"px","top":"0","right":"0","bottom":"1","left":"0","isLinked":""},"border_color":"#000000","margin":{"unit":"%","top":"","right":"0","bottom":"","left":"0","isLinked":"1"},"padding":{"unit":"%","top":"0","right":"0","bottom":"0","left":"5","isLinked":""},"padding_tablet":{"unit":"%","top":"0","right":"0","bottom":"0","left":"0","isLinked":"1"},"reverse_order_tablet":"reverse-tablet","reverse_order_mobile":"reverse-mobile","_title":"Studio A","_timestamp_":"v1Smpyb2xHWDFzTnAyd291dVQ4THc0UT09"},"elements":[{"id":"49cc204b","settings":{"_column_size":"50","_inline_size":"40.008","content_position":"center","border_border":"solid","border_width":{"unit":"px","top":"0","right":"1","bottom":"0","left":"0","isLinked":""},"border_color":"#000000","padding":{"unit":"%","top":"10","right":"15","bottom":"10","left":"0","isLinked":""},"_inline_size_tablet":"100","padding_tablet":{"unit":"%","top":"10","right":"0","bottom":"10","left":"0","isLinked":""},"padding_mobile":{"unit":"%","top":"0","right":"5","bottom":"0","left":"5","isLinked":""}},"elements":[{"id":"431aa209","settings":{"image":{"id":18,"url":"http:\/\/localhost\/dieuhau\/wp-content\/uploads\/2021\/06\/STUDIO-A.png"},"image_size":"full","align":"center","align_tablet":"center","motion_fx_translateX_effect":"yes","motion_fx_translateX_speed":{"unit":"px","size":"1","sizes":[]},"motion_fx_translateX_affectedRange":{"unit":"%","size":"","sizes":{"start":"0","end":"50"}},"motion_fx_devices":["desktop"]},"elements":[],"isInner":false,"widgetType":"image","elType":"widget"}],"isInner":"","elType":"column"},{"id":"4c4d9f44","settings":{"_column_size":"50","_inline_size":"60","content_position":"center","space_between_widgets":"0","padding":{"unit":"%","top":"0","right":"30","bottom":"0","left":"30","isLinked":""},"background_background":"classic","background_color":"#FFFFFF","_inline_size_tablet":"100","border_border":"solid","border_width_tablet":{"unit":"px","top":"1","right":"0","bottom":"0","left":"0","isLinked":""},"border_color":"#000000","padding_tablet":{"unit":"%","top":"10","right":"15","bottom":"10","left":"15","isLinked":""},"border_width":{"unit":"px","top":"0","right":"0","bottom":"0","left":"0","isLinked":"1"},"padding_mobile":{"unit":"px","top":"0","right":"0","bottom":"0","left":"0","isLinked":"1"}},"elements":[{"id":"1f017c77","settings":{"title":"Studio A","title_color":"#000000","typography_typography":"custom","typography_font_family":"Fahkwang","typography_font_size":{"unit":"vw","size":"4","sizes":[]},"typography_font_weight":"600","typography_text_transform":"capitalize","typography_line_height":{"unit":"em","size":"1","sizes":[]},"align":"center","typography_font_size_tablet":{"unit":"px","size":"45","sizes":[]},"typography_font_size_mobile":{"unit":"px","size":"35","sizes":[]}},"elements":[],"isInner":false,"widgetType":"heading","elType":"widget"},{"id":"2c743f93","settings":{"editor":"Studio Size: 42ft x 21ft\n","text_color":"#000000","typography_typography":"custom","typography_font_family":"Roboto","typography_font_size":{"unit":"px","size":"16","sizes":[]},"typography_font_weight":"400","typography_line_height":{"unit":"em","size":"1.4","sizes":[]},"align":"center","_margin":{"unit":"px","top":"15","right":"0","bottom":"50","left":"0","isLinked":""},"__dynamic__":[],"_margin_tablet":{"unit":"px","top":"15","right":"0","bottom":"30","left":"0","isLinked":""}},"elements":[],"isInner":false,"widgetType":"text-editor","elType":"widget"},{"id":"553a217","settings":{"editor":"Amenities: Air Conditioning, Wi-Fi, Sound System, Dressing Room, Kitchen,  Toilets","text_color":"#000000","typography_typography":"custom","typography_font_family":"Roboto","typography_font_size":{"unit":"px","size":"16","sizes":[]},"typography_font_weight":"400","typography_line_height":{"unit":"em","size":"1.4","sizes":[]},"align":"center","_margin":{"unit":"%","top":"0","right":"12","bottom":"0","left":"12","isLinked":""},"__dynamic__":[]},"elements":[],"isInner":false,"widgetType":"text-editor","elType":"widget"}],"isInner":"","elType":"column"}],"isInner":"","elType":"section"},{"id":"33421362","settings":{"layout":"full_width","height":"min-height","custom_height":{"unit":"px","size":"700","sizes":[]},"column_position":"stretch","structure":"20","border_border":"solid","border_width":{"unit":"px","top":"0","right":"0","bottom":"1","left":"0","isLinked":""},"border_color":"#000000","margin":{"unit":"%","top":"","right":"0","bottom":"","left":"0","isLinked":"1"},"padding":{"unit":"%","top":"0","right":"0","bottom":"0","left":"5","isLinked":""},"padding_tablet":{"unit":"px","top":"0","right":"0","bottom":"0","left":"0","isLinked":"1"},"reverse_order_tablet":"reverse-tablet","reverse_order_mobile":"reverse-mobile","_title":"Studio B","_timestamp_":"v1Smpyb2xHWDFzTnAyd291dVQ4THc0UT09"},"elements":[{"id":"63c9bde0","settings":{"_column_size":"50","_inline_size":"40.008","content_position":"center","border_border":"solid","border_width":{"unit":"px","top":"0","right":"1","bottom":"0","left":"0","isLinked":""},"border_color":"#000000","padding":{"unit":"%","top":"10","right":"15","bottom":"10","left":"0","isLinked":""},"_inline_size_tablet":"100","padding_tablet":{"unit":"%","top":"10","right":"0","bottom":"10","left":"0","isLinked":""},"padding_mobile":{"unit":"%","top":"0","right":"5","bottom":"0","left":"5","isLinked":""}},"elements":[{"id":"18d255bf","settings":{"image":{"id":19,"url":"http:\/\/localhost\/dieuhau\/wp-content\/uploads\/2021\/06\/STUDIO-B.png"},"image_size":"full","align":"center","motion_fx_translateX_effect":"yes","motion_fx_translateX_direction":"negative","motion_fx_translateX_speed":{"unit":"px","size":"1","sizes":[]},"motion_fx_translateX_affectedRange":{"unit":"%","size":"","sizes":{"start":"0","end":"50"}},"motion_fx_devices":["desktop"]},"elements":[],"isInner":false,"widgetType":"image","elType":"widget"}],"isInner":"","elType":"column"},{"id":"1de7edc1","settings":{"_column_size":"50","_inline_size":"60","content_position":"center","space_between_widgets":"0","padding":{"unit":"%","top":"0","right":"30","bottom":"0","left":"30","isLinked":""},"background_background":"classic","background_color":"#FFFFFF","_inline_size_tablet":"100","border_border":"solid","border_width_tablet":{"unit":"px","top":"1","right":"0","bottom":"0","left":"0","isLinked":""},"padding_tablet":{"unit":"%","top":"10","right":"15","bottom":"10","left":"15","isLinked":""},"border_width":{"unit":"px","top":"0","right":"0","bottom":"0","left":"0","isLinked":"1"},"padding_mobile":{"unit":"%","top":"0","right":"0","bottom":"0","left":"0","isLinked":"1"}},"elements":[{"id":"639245aa","settings":{"title":"Studio B","title_color":"#000000","typography_typography":"custom","typography_font_family":"Fahkwang","typography_font_size":{"unit":"vw","size":"4","sizes":[]},"typography_font_weight":"600","typography_text_transform":"capitalize","typography_line_height":{"unit":"em","size":"1","sizes":[]},"align":"center","typography_font_size_tablet":{"unit":"px","size":"45","sizes":[]},"typography_font_size_mobile":{"unit":"px","size":"35","sizes":[]}},"elements":[],"isInner":false,"widgetType":"heading","elType":"widget"},{"id":"ec24121","settings":{"editor":"Studio Size: 68ft x 37ft\n","text_color":"#000000","typography_typography":"custom","typography_font_family":"Roboto","typography_font_size":{"unit":"px","size":"16","sizes":[]},"typography_font_weight":"400","typography_line_height":{"unit":"em","size":"1.4","sizes":[]},"align":"center","_margin":{"unit":"px","top":"15","right":"0","bottom":"50","left":"0","isLinked":""},"__dynamic__":[],"_margin_tablet":{"unit":"px","top":"15","right":"0","bottom":"30","left":"0","isLinked":""}},"elements":[],"isInner":false,"widgetType":"text-editor","elType":"widget"},{"id":"922d6c2","settings":{"editor":"Amenities: Air Conditioning, Wi-Fi, Sound System, Dressing Room, Kitchen,  Toilets","text_color":"#000000","typography_typography":"custom","typography_font_family":"Roboto","typography_font_size":{"unit":"px","size":"16","sizes":[]},"typography_font_weight":"400","typography_line_height":{"unit":"em","size":"1.4","sizes":[]},"align":"center","_margin":{"unit":"%","top":"0","right":"12","bottom":"0","left":"12","isLinked":""},"__dynamic__":[]},"elements":[],"isInner":false,"widgetType":"text-editor","elType":"widget"}],"isInner":"","elType":"column"}],"isInner":"","elType":"section"},{"id":"1ebb3855","settings":{"layout":"full_width","height":"min-height","custom_height":{"unit":"px","size":"415","sizes":[]},"column_position":"stretch","background_color":"#FFFFFF","border_color":"#000000","custom_height_tablet":{"unit":"px","size":"350","sizes":[]},"custom_height_mobile":{"unit":"px","size":"400","sizes":[]},"_title":"CTA","_timestamp_":"v1Smpyb2xHWDFzTnAyd291dVQ4THc0UT09"},"elements":[{"id":"419690b5","settings":{"_column_size":"100","content_position":"center"},"elements":[{"id":"3f2699c1","settings":{"content_width":{"unit":"px","size":"650","sizes":[]}},"elements":[{"id":"424436ad","settings":{"_column_size":"100","space_between_widgets":"0","padding":{"unit":"px","top":"0","right":"0","bottom":"0","left":"0","isLinked":"1"},"padding_mobile":{"unit":"%","top":"0","right":"5","bottom":"0","left":"5","isLinked":""}},"elements":[{"id":"13baf428","settings":{"title":"Free Trial Classes","align":"center","title_color":"#000000","typography_typography":"custom","typography_font_family":"Fahkwang","typography_font_size":{"unit":"px","size":"60","sizes":[]},"typography_font_weight":"600","typography_text_transform":"capitalize","typography_line_height":{"unit":"em","size":"1","sizes":[]},"typography_font_size_tablet":{"unit":"px","size":"45","sizes":[]},"typography_font_size_mobile":{"unit":"px","size":"35","sizes":[]}},"elements":[],"isInner":false,"widgetType":"heading","elType":"widget"},{"id":"3a3a2ea6","settings":{"editor":"Not sure if we are a good match for you or which style you want to learn? Free trial classes are available, one free class for each style. For more information, get in touch.","align":"center","text_color":"#000000","typography_typography":"custom","typography_font_family":"Roboto","typography_font_size":{"unit":"px","size":"16","sizes":[]},"typography_font_weight":"400","typography_line_height":{"unit":"em","size":"1.4","sizes":[]},"_margin":{"unit":"px","top":"30","right":"0","bottom":"60","left":"0","isLinked":""},"_margin_mobile":{"unit":"px","top":"20","right":"0","bottom":"35","left":"0","isLinked":""}},"elements":[],"isInner":false,"widgetType":"text-editor","elType":"widget"},{"id":"691f06e7","settings":{"text":"Contact Us","align":"center","typography_typography":"custom","typography_font_family":"Roboto","typography_font_size":{"unit":"px","size":"16","sizes":[]},"typography_font_weight":"400","typography_text_transform":"capitalize","typography_line_height":{"unit":"em","size":"1","sizes":[]},"button_text_color":"#FFFFFF","background_color":"#000000","hover_color":"#000000","button_background_hover_color":"#FFFFFF00","border_border":"solid","border_width":{"unit":"px","top":"1","right":"1","bottom":"1","left":"1","isLinked":"1"},"border_color":"#000000","border_radius":{"unit":"px","top":"0","right":"0","bottom":"0","left":"0","isLinked":"1"},"text_padding":{"unit":"px","top":"20","right":"65","bottom":"20","left":"65","isLinked":""},"text_padding_mobile":{"unit":"px","top":"15","right":"50","bottom":"15","left":"50","isLinked":""}},"elements":[],"isInner":false,"widgetType":"button","elType":"widget"}],"isInner":"1","elType":"column"}],"isInner":"1","elType":"section"}],"isInner":"","elType":"column"}],"isInner":"","elType":"section"}],"page_settings":{"background_background":"classic","background_color":"#F2EFEC"},"version":"0.4","title":"DanceStudio-home-page","type":"page"}