{"content":[{"id":"4f1bf72c","settings":{"layout":"full_width","height":"min-height","custom_height":{"unit":"px","size":"650","sizes":[]},"column_position":"stretch","structure":"20","margin":{"unit":"%","top":"","right":"0","bottom":"","left":"0","isLinked":"1"},"padding":{"unit":"%","top":"0","right":"0","bottom":"0","left":"5","isLinked":""},"_title":"Hero","custom_height_tablet":{"unit":"vh","size":"90","sizes":[]},"custom_height_mobile":{"unit":"vh","size":"90","sizes":[]},"padding_tablet":{"unit":"px","top":"0","right":"0","bottom":"0","left":"0","isLinked":"1"},"border_border":"solid","border_width":{"unit":"px","top":"0","right":"0","bottom":"1","left":"0","isLinked":""},"border_color":"#000000","_timestamp_":"v1Smpyb2xHWDFzTnAyd291dVQ4THc0UT09"},"elements":[{"id":"5251b1bc","settings":{"_column_size":"50","_inline_size":"45","content_position":"center","padding":{"unit":"%","top":"0","right":"30","bottom":"0","left":"0","isLinked":""},"_inline_size_tablet":"100","padding_tablet":{"unit":"%","top":"0","right":"15","bottom":"0","left":"15","isLinked":""},"padding_mobile":{"unit":"%","top":"0","right":"5","bottom":"0","left":"5","isLinked":""}},"elements":[{"id":"46d83ac8","settings":{"title":"Studio \nRates","title_color":"#000000","typography_typography":"custom","typography_font_family":"Fahkwang","typography_font_size":{"unit":"vw","size":"6.7","sizes":[]},"typography_font_weight":"600","typography_text_transform":"capitalize","typography_font_style":"normal","typography_text_decoration":"none","typography_line_height":{"unit":"em","size":"1","sizes":[]},"typography_letter_spacing":{"unit":"px","size":"0","sizes":[]},"header_size":"h1","align_tablet":"center","typography_font_size_tablet":{"unit":"vw","size":"9","sizes":[]},"typography_font_size_mobile":{"unit":"vw","size":"12","sizes":[]}},"elements":[],"isInner":false,"widgetType":"heading","elType":"widget"},{"id":"1cbe98a","settings":{"editor":"Lorem ipsum dolor sit amet, consectetur adipisicing elit, sed do eiusmod tempor incididunt ut labore et dolore magna aliqua. ","align_tablet":"center","text_color":"#000000","typography_typography":"custom","typography_font_family":"Roboto","typography_font_size":{"unit":"px","size":"16","sizes":[]},"typography_font_weight":"400","typography_line_height":{"unit":"em","size":"1.4","sizes":[]}},"elements":[],"isInner":false,"widgetType":"text-editor","elType":"widget"}],"isInner":"","elType":"column"},{"id":"17ea148c","settings":{"_column_size":"50","_inline_size":"54.997","background_background":"classic","background_image":{"id":53,"url":"http:\/\/localhost\/dieuhau\/wp-content\/uploads\/2021\/06\/Studio-Rates-Pic-1.png"},"background_position":"center center","background_repeat":"no-repeat","background_size":"cover","_inline_size_tablet":"100"},"elements":[{"id":"375f9d06","settings":{"space_tablet":{"unit":"px","size":"300","sizes":[]},"space_mobile":{"unit":"px","size":"50","sizes":[]}},"elements":[],"isInner":false,"widgetType":"spacer","elType":"widget"}],"isInner":"","elType":"column"}],"isInner":"","elType":"section"},{"id":"22083a21","settings":{"content_width":{"unit":"px","size":"880","sizes":[]},"margin":{"unit":"%","top":"10","right":"0","bottom":"10","left":"0","isLinked":"1"},"_title":"Classes Rates","margin_mobile":{"unit":"%","top":"20","right":"0","bottom":"0","left":"0","isLinked":""},"padding_tablet":{"unit":"%","top":"0","right":"5","bottom":"0","left":"5","isLinked":""},"_timestamp_":"v1Smpyb2xHWDFzTnAyd291dVQ4THc0UT09"},"elements":[{"id":"362c9efa","settings":{"_column_size":"100","padding":{"unit":"px","top":"0","right":"0","bottom":"0","left":"0","isLinked":"1"}},"elements":[{"id":"498f2665","settings":{"title":"Classes Rates","title_color":"#000000","typography_typography":"custom","typography_font_family":"Fahkwang","typography_font_size":{"unit":"px","size":"60","sizes":[]},"typography_font_weight":"600","typography_text_transform":"capitalize","typography_line_height":{"unit":"em","size":"1","sizes":[]},"align_tablet":"center","typography_font_size_tablet":{"unit":"px","size":"45","sizes":[]},"typography_font_size_mobile":{"unit":"px","size":"35","sizes":[]},"align":"center"},"elements":[],"isInner":false,"widgetType":"heading","elType":"widget"},{"id":"4b85494a","settings":{"structure":"20","margin":{"unit":"%","top":"10","right":"0","bottom":"0","left":"0","isLinked":""},"margin_mobile":{"unit":"%","top":"10","right":"0","bottom":"0","left":"0","isLinked":""}},"elements":[{"id":"541b5b43","settings":{"_column_size":"50","padding":{"unit":"px","top":"0","right":"10","bottom":"0","left":"0","isLinked":""},"margin_mobile":{"unit":"%","top":"0","right":"0","bottom":"10","left":"0","isLinked":""},"padding_mobile":{"unit":"px","top":"0","right":"0","bottom":"0","left":"0","isLinked":"1"}},"elements":[{"id":"1b1727f0","settings":{"heading":"1 Single Class","sub_heading":"","price":"17","period":"per class","features_list":[{"item_text":"*Lorem ipsum dolor sit amet","selected_item_icon":{"value":"","library":""},"_id":"c58b7a4"},{"item_text":"*Quis nostrud exercitation","selected_item_icon":{"value":"","library":""},"_id":"4856206"},{"item_text":"*Ut enim ad minim veniam","selected_item_icon":{"value":"","library":""},"_id":"bec54dc"}],"button_text":"","link":{"url":"","is_external":"","nofollow":"","custom_attributes":""},"footer_additional_info":"","show_ribbon":"","ribbon_title":"Popular","header_bg_color":"#000000","header_padding":{"unit":"px","top":"15","right":"0","bottom":"15","left":"0","isLinked":""},"heading_color":"#FFFFFF","heading_typography_typography":"custom","heading_typography_font_family":"Roboto","heading_typography_font_size":{"unit":"px","size":"16","sizes":[]},"heading_typography_font_weight":"300","heading_typography_text_transform":"none","heading_typography_line_height":{"unit":"em","size":"1","sizes":[]},"pricing_element_bg_color":"#FFFFFF","pricing_element_padding":{"unit":"px","top":"40","right":"0","bottom":"50","left":"0","isLinked":""},"price_color":"#000000","price_typography_typography":"custom","price_typography_font_family":"Fahkwang","price_typography_font_size":{"unit":"px","size":"60","sizes":[]},"price_typography_font_weight":"600","price_typography_text_transform":"capitalize","price_typography_line_height":{"unit":"em","size":"1","sizes":[]},"currency_size":{"unit":"px","size":"100","sizes":[]},"currency_vertical_position":"middle","period_color":"#ACA298","period_typography_typography":"custom","period_typography_font_family":"Roboto","period_typography_font_size":{"unit":"px","size":"16","sizes":[]},"period_typography_font_weight":"300","period_typography_font_style":"italic","features_list_bg_color":"#FFFFFF","features_list_padding":{"unit":"px","top":"0","right":"0","bottom":"55","left":"0","isLinked":""},"features_list_color":"#000000","features_list_typography_typography":"custom","features_list_typography_font_family":"Roboto","features_list_typography_font_size":{"unit":"px","size":"16","sizes":[]},"features_list_typography_font_weight":"400","features_list_typography_line_height":{"unit":"em","size":"1","sizes":[]},"list_divider":"","_border_border":"solid","_border_width":{"unit":"px","top":"1","right":"1","bottom":"1","left":"1","isLinked":"1"},"_border_color":"#000000","heading_tag":"h6","price_typography_font_size_tablet":{"unit":"px","size":"45","sizes":[]}},"elements":[],"isInner":false,"widgetType":"price-table","elType":"widget"}],"isInner":"1","elType":"column"},{"id":"3b10a998","settings":{"_column_size":"50","padding":{"unit":"px","top":"0","right":"0","bottom":"0","left":"10","isLinked":""},"padding_mobile":{"unit":"px","top":"0","right":"0","bottom":"0","left":"0","isLinked":"1"}},"elements":[{"id":"511c1b7","settings":{"heading":"5 Classes Pass","sub_heading":"","price":"16","period":"per class \/ $80 Total","features_list":[{"item_text":"*Lorem ipsum dolor sit amet","selected_item_icon":{"value":"","library":""},"_id":"c58b7a4"},{"item_text":"*Quis nostrud exercitation","selected_item_icon":{"value":"","library":""},"_id":"4856206"},{"item_text":"*Ut enim ad minim veniam","selected_item_icon":{"value":"","library":""},"_id":"bec54dc"}],"button_text":"","link":{"url":"","is_external":"","nofollow":"","custom_attributes":""},"footer_additional_info":"","show_ribbon":"","ribbon_title":"Popular","header_bg_color":"#000000","header_padding":{"unit":"px","top":"15","right":"0","bottom":"15","left":"0","isLinked":""},"heading_color":"#FFFFFF","heading_typography_typography":"custom","heading_typography_font_family":"Roboto","heading_typography_font_size":{"unit":"px","size":"16","sizes":[]},"heading_typography_font_weight":"300","heading_typography_text_transform":"none","heading_typography_line_height":{"unit":"em","size":"1","sizes":[]},"pricing_element_bg_color":"#FFFFFF","pricing_element_padding":{"unit":"px","top":"40","right":"0","bottom":"50","left":"0","isLinked":""},"price_color":"#000000","price_typography_typography":"custom","price_typography_font_family":"Fahkwang","price_typography_font_size":{"unit":"px","size":"60","sizes":[]},"price_typography_font_weight":"600","price_typography_text_transform":"capitalize","price_typography_line_height":{"unit":"em","size":"1","sizes":[]},"currency_size":{"unit":"px","size":"100","sizes":[]},"currency_vertical_position":"middle","period_color":"#ACA298","period_typography_typography":"custom","period_typography_font_family":"Roboto","period_typography_font_size":{"unit":"px","size":"16","sizes":[]},"period_typography_font_weight":"300","period_typography_font_style":"italic","features_list_bg_color":"#FFFFFF","features_list_padding":{"unit":"px","top":"0","right":"0","bottom":"55","left":"0","isLinked":""},"features_list_color":"#000000","features_list_typography_typography":"custom","features_list_typography_font_family":"Roboto","features_list_typography_font_size":{"unit":"px","size":"16","sizes":[]},"features_list_typography_font_weight":"400","features_list_typography_line_height":{"unit":"em","size":"1","sizes":[]},"list_divider":"","_border_border":"solid","_border_width":{"unit":"px","top":"1","right":"1","bottom":"1","left":"1","isLinked":"1"},"_border_color":"#000000","heading_tag":"h6","price_typography_font_size_tablet":{"unit":"px","size":"45","sizes":[]}},"elements":[],"isInner":false,"widgetType":"price-table","elType":"widget"}],"isInner":"1","elType":"column"}],"isInner":"1","elType":"section"},{"id":"2a7b201f","settings":{"structure":"20","margin":{"unit":"%","top":"10","right":"0","bottom":"0","left":"0","isLinked":""},"margin_mobile":{"unit":"%","top":"10","right":"0","bottom":"0","left":"0","isLinked":""}},"elements":[{"id":"13dc0eb6","settings":{"_column_size":"50","padding":{"unit":"px","top":"0","right":"10","bottom":"0","left":"0","isLinked":""},"padding_mobile":{"unit":"px","top":"0","right":"0","bottom":"0","left":"0","isLinked":"1"}},"elements":[{"id":"72ff7b1a","settings":{"heading":"10 Classes Pass","sub_heading":"","price":"15","period":"per class \/ $150 Total","features_list":[{"item_text":"*Lorem ipsum dolor sit amet","selected_item_icon":{"value":"","library":""},"_id":"c58b7a4"},{"item_text":"*Quis nostrud exercitation","selected_item_icon":{"value":"","library":""},"_id":"4856206"},{"item_text":"*Ut enim ad minim veniam","selected_item_icon":{"value":"","library":""},"_id":"bec54dc"}],"button_text":"","link":{"url":"","is_external":"","nofollow":"","custom_attributes":""},"footer_additional_info":"","show_ribbon":"","ribbon_title":"Popular","header_bg_color":"#000000","header_padding":{"unit":"px","top":"15","right":"0","bottom":"15","left":"0","isLinked":""},"heading_color":"#FFFFFF","heading_typography_typography":"custom","heading_typography_font_family":"Roboto","heading_typography_font_size":{"unit":"px","size":"16","sizes":[]},"heading_typography_font_weight":"300","heading_typography_text_transform":"none","heading_typography_line_height":{"unit":"em","size":"1","sizes":[]},"pricing_element_bg_color":"#FFFFFF","pricing_element_padding":{"unit":"px","top":"40","right":"0","bottom":"50","left":"0","isLinked":""},"price_color":"#000000","price_typography_typography":"custom","price_typography_font_family":"Fahkwang","price_typography_font_size":{"unit":"px","size":"60","sizes":[]},"price_typography_font_weight":"600","price_typography_text_transform":"capitalize","price_typography_line_height":{"unit":"em","size":"1","sizes":[]},"currency_size":{"unit":"px","size":"100","sizes":[]},"currency_vertical_position":"middle","period_color":"#ACA298","period_typography_typography":"custom","period_typography_font_family":"Roboto","period_typography_font_size":{"unit":"px","size":"16","sizes":[]},"period_typography_font_weight":"300","period_typography_font_style":"italic","features_list_bg_color":"#FFFFFF","features_list_padding":{"unit":"px","top":"0","right":"0","bottom":"55","left":"0","isLinked":""},"features_list_color":"#000000","features_list_typography_typography":"custom","features_list_typography_font_family":"Roboto","features_list_typography_font_size":{"unit":"px","size":"16","sizes":[]},"features_list_typography_font_weight":"400","features_list_typography_line_height":{"unit":"em","size":"1","sizes":[]},"list_divider":"","_border_border":"solid","_border_width":{"unit":"px","top":"1","right":"1","bottom":"1","left":"1","isLinked":"1"},"_border_color":"#000000","heading_tag":"h6","price_typography_font_size_tablet":{"unit":"px","size":"45","sizes":[]}},"elements":[],"isInner":false,"widgetType":"price-table","elType":"widget"}],"isInner":"1","elType":"column"},{"id":"7edb472a","settings":{"_column_size":"50","padding":{"unit":"px","top":"0","right":"0","bottom":"0","left":"10","isLinked":""},"margin_mobile":{"unit":"%","top":"10","right":"0","bottom":"0","left":"0","isLinked":""},"padding_mobile":{"unit":"px","top":"0","right":"0","bottom":"0","left":"0","isLinked":"1"}},"elements":[{"id":"5fc4c2fe","settings":{"heading":"Monthly Pass","sub_heading":"","price":"7","period":"per class \/ $280 Total","features_list":[{"item_text":"*Lorem ipsum dolor sit amet","selected_item_icon":{"value":"","library":""},"_id":"c58b7a4"},{"item_text":"*Quis nostrud exercitation","selected_item_icon":{"value":"","library":""},"_id":"4856206"},{"item_text":"*Ut enim ad minim veniam","selected_item_icon":{"value":"","library":""},"_id":"bec54dc"}],"button_text":"","link":{"url":"","is_external":"","nofollow":"","custom_attributes":""},"footer_additional_info":"","show_ribbon":"","ribbon_title":"Popular","header_bg_color":"#000000","header_padding":{"unit":"px","top":"15","right":"0","bottom":"15","left":"0","isLinked":""},"heading_color":"#FFFFFF","heading_typography_typography":"custom","heading_typography_font_family":"Roboto","heading_typography_font_size":{"unit":"px","size":"16","sizes":[]},"heading_typography_font_weight":"300","heading_typography_text_transform":"none","heading_typography_line_height":{"unit":"em","size":"1","sizes":[]},"pricing_element_bg_color":"#FFFFFF","pricing_element_padding":{"unit":"px","top":"40","right":"0","bottom":"50","left":"0","isLinked":""},"price_color":"#000000","price_typography_typography":"custom","price_typography_font_family":"Fahkwang","price_typography_font_size":{"unit":"px","size":"60","sizes":[]},"price_typography_font_weight":"600","price_typography_text_transform":"capitalize","price_typography_line_height":{"unit":"em","size":"1","sizes":[]},"currency_size":{"unit":"px","size":"100","sizes":[]},"currency_vertical_position":"middle","period_color":"#ACA298","period_typography_typography":"custom","period_typography_font_family":"Roboto","period_typography_font_size":{"unit":"px","size":"16","sizes":[]},"period_typography_font_weight":"300","period_typography_font_style":"italic","features_list_bg_color":"#FFFFFF","features_list_padding":{"unit":"px","top":"0","right":"0","bottom":"55","left":"0","isLinked":""},"features_list_color":"#000000","features_list_typography_typography":"custom","features_list_typography_font_family":"Roboto","features_list_typography_font_size":{"unit":"px","size":"16","sizes":[]},"features_list_typography_font_weight":"400","features_list_typography_line_height":{"unit":"em","size":"1","sizes":[]},"list_divider":"","_border_border":"solid","_border_width":{"unit":"px","top":"1","right":"1","bottom":"1","left":"1","isLinked":"1"},"_border_color":"#000000","heading_tag":"h6","price_typography_font_size_tablet":{"unit":"px","size":"45","sizes":[]}},"elements":[],"isInner":false,"widgetType":"price-table","elType":"widget"}],"isInner":"1","elType":"column"}],"isInner":"1","elType":"section"}],"isInner":"","elType":"column"}],"isInner":"","elType":"section"},{"id":"569de4c1","settings":{"content_width":{"unit":"px","size":"880","sizes":[]},"margin":{"unit":"%","top":"10","right":"0","bottom":"10","left":"0","isLinked":"1"},"_title":"Private Lessons","margin_mobile":{"unit":"%","top":"20","right":"0","bottom":"0","left":"0","isLinked":""},"padding_tablet":{"unit":"%","top":"0","right":"5","bottom":"0","left":"5","isLinked":""},"_timestamp_":"v1Smpyb2xHWDFzTnAyd291dVQ4THc0UT09"},"elements":[{"id":"6672b3f7","settings":{"_column_size":"100","padding":{"unit":"px","top":"0","right":"0","bottom":"0","left":"0","isLinked":"1"}},"elements":[{"id":"4f734623","settings":{"title":"Private Lessons","title_color":"#000000","typography_typography":"custom","typography_font_family":"Fahkwang","typography_font_size":{"unit":"px","size":"60","sizes":[]},"typography_font_weight":"600","typography_text_transform":"capitalize","typography_line_height":{"unit":"em","size":"1","sizes":[]},"align_tablet":"center","typography_font_size_tablet":{"unit":"px","size":"45","sizes":[]},"typography_font_size_mobile":{"unit":"px","size":"35","sizes":[]},"align":"center"},"elements":[],"isInner":false,"widgetType":"heading","elType":"widget"},{"id":"189d98fb","settings":{"structure":"20","margin":{"unit":"%","top":"10","right":"0","bottom":"0","left":"0","isLinked":""},"margin_mobile":{"unit":"%","top":"10","right":"0","bottom":"0","left":"0","isLinked":""}},"elements":[{"id":"6dae3e88","settings":{"_column_size":"50","padding":{"unit":"px","top":"0","right":"10","bottom":"0","left":"0","isLinked":""},"padding_mobile":{"unit":"px","top":"0","right":"0","bottom":"0","left":"0","isLinked":"1"}},"elements":[{"id":"176b6ee4","settings":{"heading":"1 Single Private","sub_heading":"","price":"119","period":"per class","features_list":[{"item_text":"*Lorem ipsum dolor sit amet","selected_item_icon":{"value":"","library":""},"_id":"c58b7a4"},{"item_text":"*Quis nostrud exercitation","selected_item_icon":{"value":"","library":""},"_id":"4856206"},{"item_text":"*Ut enim ad minim veniam","selected_item_icon":{"value":"","library":""},"_id":"bec54dc"}],"button_text":"","link":{"url":"","is_external":"","nofollow":"","custom_attributes":""},"footer_additional_info":"","show_ribbon":"","ribbon_title":"Popular","header_bg_color":"#000000","header_padding":{"unit":"px","top":"15","right":"0","bottom":"15","left":"0","isLinked":""},"heading_color":"#FFFFFF","heading_typography_typography":"custom","heading_typography_font_family":"Roboto","heading_typography_font_size":{"unit":"px","size":"16","sizes":[]},"heading_typography_font_weight":"300","heading_typography_text_transform":"none","heading_typography_line_height":{"unit":"em","size":"1","sizes":[]},"pricing_element_bg_color":"#FFFFFF","pricing_element_padding":{"unit":"px","top":"40","right":"0","bottom":"50","left":"0","isLinked":""},"price_color":"#000000","price_typography_typography":"custom","price_typography_font_family":"Fahkwang","price_typography_font_size":{"unit":"px","size":"60","sizes":[]},"price_typography_font_weight":"600","price_typography_text_transform":"capitalize","price_typography_line_height":{"unit":"em","size":"1","sizes":[]},"currency_size":{"unit":"px","size":"100","sizes":[]},"currency_vertical_position":"middle","period_color":"#ACA298","period_typography_typography":"custom","period_typography_font_family":"Roboto","period_typography_font_size":{"unit":"px","size":"16","sizes":[]},"period_typography_font_weight":"300","period_typography_font_style":"italic","features_list_bg_color":"#FFFFFF","features_list_padding":{"unit":"px","top":"0","right":"0","bottom":"55","left":"0","isLinked":""},"features_list_color":"#000000","features_list_typography_typography":"custom","features_list_typography_font_family":"Roboto","features_list_typography_font_size":{"unit":"px","size":"16","sizes":[]},"features_list_typography_font_weight":"400","features_list_typography_line_height":{"unit":"em","size":"1","sizes":[]},"list_divider":"","_border_border":"solid","_border_width":{"unit":"px","top":"1","right":"1","bottom":"1","left":"1","isLinked":"1"},"_border_color":"#000000","heading_tag":"h6","price_typography_font_size_tablet":{"unit":"px","size":"45","sizes":[]}},"elements":[],"isInner":false,"widgetType":"price-table","elType":"widget"}],"isInner":"1","elType":"column"},{"id":"436ebb00","settings":{"_column_size":"50","padding":{"unit":"px","top":"0","right":"0","bottom":"0","left":"10","isLinked":""},"margin_mobile":{"unit":"%","top":"10","right":"0","bottom":"0","left":"0","isLinked":""},"padding_mobile":{"unit":"px","top":"0","right":"0","bottom":"0","left":"0","isLinked":"1"}},"elements":[{"id":"2c874e20","settings":{"heading":"4 Private Lessons","sub_heading":"","price":"115","period":"per class \/ $460 Total","features_list":[{"item_text":"*Lorem ipsum dolor sit amet","selected_item_icon":{"value":"","library":""},"_id":"c58b7a4"},{"item_text":"*Quis nostrud exercitation","selected_item_icon":{"value":"","library":""},"_id":"4856206"},{"item_text":"*Ut enim ad minim veniam","selected_item_icon":{"value":"","library":""},"_id":"bec54dc"}],"button_text":"","link":{"url":"","is_external":"","nofollow":"","custom_attributes":""},"footer_additional_info":"","show_ribbon":"","ribbon_title":"Popular","header_bg_color":"#000000","header_padding":{"unit":"px","top":"15","right":"0","bottom":"15","left":"0","isLinked":""},"heading_color":"#FFFFFF","heading_typography_typography":"custom","heading_typography_font_family":"Roboto","heading_typography_font_size":{"unit":"px","size":"16","sizes":[]},"heading_typography_font_weight":"300","heading_typography_text_transform":"none","heading_typography_line_height":{"unit":"em","size":"1","sizes":[]},"pricing_element_bg_color":"#FFFFFF","pricing_element_padding":{"unit":"px","top":"40","right":"0","bottom":"50","left":"0","isLinked":""},"price_color":"#000000","price_typography_typography":"custom","price_typography_font_family":"Fahkwang","price_typography_font_size":{"unit":"px","size":"60","sizes":[]},"price_typography_font_weight":"600","price_typography_text_transform":"capitalize","price_typography_line_height":{"unit":"em","size":"1","sizes":[]},"currency_size":{"unit":"px","size":"100","sizes":[]},"currency_vertical_position":"middle","period_color":"#ACA298","period_typography_typography":"custom","period_typography_font_family":"Roboto","period_typography_font_size":{"unit":"px","size":"16","sizes":[]},"period_typography_font_weight":"300","period_typography_font_style":"italic","features_list_bg_color":"#FFFFFF","features_list_padding":{"unit":"px","top":"0","right":"0","bottom":"55","left":"0","isLinked":""},"features_list_color":"#000000","features_list_typography_typography":"custom","features_list_typography_font_family":"Roboto","features_list_typography_font_size":{"unit":"px","size":"16","sizes":[]},"features_list_typography_font_weight":"400","features_list_typography_line_height":{"unit":"em","size":"1","sizes":[]},"list_divider":"","_border_border":"solid","_border_width":{"unit":"px","top":"1","right":"1","bottom":"1","left":"1","isLinked":"1"},"_border_color":"#000000","heading_tag":"h6","price_typography_font_size_tablet":{"unit":"px","size":"45","sizes":[]}},"elements":[],"isInner":false,"widgetType":"price-table","elType":"widget"}],"isInner":"1","elType":"column"}],"isInner":"1","elType":"section"},{"id":"2f8115ca","settings":{"structure":"20","margin":{"unit":"%","top":"10","right":"0","bottom":"0","left":"0","isLinked":""},"margin_mobile":{"unit":"%","top":"10","right":"0","bottom":"0","left":"0","isLinked":""}},"elements":[{"id":"773061b9","settings":{"_column_size":"50","padding":{"unit":"px","top":"0","right":"10","bottom":"0","left":"0","isLinked":""},"padding_mobile":{"unit":"px","top":"0","right":"0","bottom":"0","left":"0","isLinked":"1"}},"elements":[{"id":"ec3e09c","settings":{"heading":"10 Private Lessons","sub_heading":"","price":"110","period":"per class \/ $280 Total","features_list":[{"item_text":"*Lorem ipsum dolor sit amet","selected_item_icon":{"value":"","library":""},"_id":"c58b7a4"},{"item_text":"*Quis nostrud exercitation","selected_item_icon":{"value":"","library":""},"_id":"4856206"},{"item_text":"*Ut enim ad minim veniam","selected_item_icon":{"value":"","library":""},"_id":"bec54dc"}],"button_text":"","link":{"url":"","is_external":"","nofollow":"","custom_attributes":""},"footer_additional_info":"","show_ribbon":"","ribbon_title":"Popular","header_bg_color":"#000000","header_padding":{"unit":"px","top":"15","right":"0","bottom":"15","left":"0","isLinked":""},"heading_color":"#FFFFFF","heading_typography_typography":"custom","heading_typography_font_family":"Roboto","heading_typography_font_size":{"unit":"px","size":"16","sizes":[]},"heading_typography_font_weight":"300","heading_typography_text_transform":"none","heading_typography_line_height":{"unit":"em","size":"1","sizes":[]},"pricing_element_bg_color":"#FFFFFF","pricing_element_padding":{"unit":"px","top":"40","right":"0","bottom":"50","left":"0","isLinked":""},"price_color":"#000000","price_typography_typography":"custom","price_typography_font_family":"Fahkwang","price_typography_font_size":{"unit":"px","size":"60","sizes":[]},"price_typography_font_weight":"600","price_typography_text_transform":"capitalize","price_typography_line_height":{"unit":"em","size":"1","sizes":[]},"currency_size":{"unit":"px","size":"100","sizes":[]},"currency_vertical_position":"middle","period_color":"#ACA298","period_typography_typography":"custom","period_typography_font_family":"Roboto","period_typography_font_size":{"unit":"px","size":"16","sizes":[]},"period_typography_font_weight":"300","period_typography_font_style":"italic","features_list_bg_color":"#FFFFFF","features_list_padding":{"unit":"px","top":"0","right":"0","bottom":"55","left":"0","isLinked":""},"features_list_color":"#000000","features_list_typography_typography":"custom","features_list_typography_font_family":"Roboto","features_list_typography_font_size":{"unit":"px","size":"16","sizes":[]},"features_list_typography_font_weight":"400","features_list_typography_line_height":{"unit":"em","size":"1","sizes":[]},"list_divider":"","_border_border":"solid","_border_width":{"unit":"px","top":"1","right":"1","bottom":"1","left":"1","isLinked":"1"},"_border_color":"#000000","heading_tag":"h6","price_typography_font_size_tablet":{"unit":"px","size":"45","sizes":[]}},"elements":[],"isInner":false,"widgetType":"price-table","elType":"widget"}],"isInner":"1","elType":"column"},{"id":"43212ab9","settings":{"_column_size":"50","padding":{"unit":"px","top":"0","right":"0","bottom":"0","left":"10","isLinked":""},"margin_mobile":{"unit":"%","top":"010","right":"0","bottom":"0","left":"0","isLinked":""},"padding_mobile":{"unit":"px","top":"0","right":"0","bottom":"0","left":"0","isLinked":"1"}},"elements":[{"id":"2d539d6d","settings":{"heading":"6 Private Lessons","sub_heading":"","price":"105","period":"per class \/ $1055 Total","features_list":[{"item_text":"*Lorem ipsum dolor sit amet","selected_item_icon":{"value":"","library":""},"_id":"c58b7a4"},{"item_text":"*Quis nostrud exercitation","selected_item_icon":{"value":"","library":""},"_id":"4856206"},{"item_text":"*Ut enim ad minim veniam","selected_item_icon":{"value":"","library":""},"_id":"bec54dc"}],"button_text":"","link":{"url":"","is_external":"","nofollow":"","custom_attributes":""},"footer_additional_info":"","show_ribbon":"","ribbon_title":"Popular","header_bg_color":"#000000","header_padding":{"unit":"px","top":"15","right":"0","bottom":"15","left":"0","isLinked":""},"heading_color":"#FFFFFF","heading_typography_typography":"custom","heading_typography_font_family":"Roboto","heading_typography_font_size":{"unit":"px","size":"16","sizes":[]},"heading_typography_font_weight":"300","heading_typography_text_transform":"none","heading_typography_line_height":{"unit":"em","size":"1","sizes":[]},"pricing_element_bg_color":"#FFFFFF","pricing_element_padding":{"unit":"px","top":"40","right":"0","bottom":"50","left":"0","isLinked":""},"price_color":"#000000","price_typography_typography":"custom","price_typography_font_family":"Fahkwang","price_typography_font_size":{"unit":"px","size":"60","sizes":[]},"price_typography_font_weight":"600","price_typography_text_transform":"capitalize","price_typography_line_height":{"unit":"em","size":"1","sizes":[]},"currency_size":{"unit":"px","size":"100","sizes":[]},"currency_vertical_position":"middle","period_color":"#ACA298","period_typography_typography":"custom","period_typography_font_family":"Roboto","period_typography_font_size":{"unit":"px","size":"16","sizes":[]},"period_typography_font_weight":"300","period_typography_font_style":"italic","features_list_bg_color":"#FFFFFF","features_list_padding":{"unit":"px","top":"0","right":"0","bottom":"55","left":"0","isLinked":""},"features_list_color":"#000000","features_list_typography_typography":"custom","features_list_typography_font_family":"Roboto","features_list_typography_font_size":{"unit":"px","size":"16","sizes":[]},"features_list_typography_font_weight":"400","features_list_typography_line_height":{"unit":"em","size":"1","sizes":[]},"list_divider":"","_border_border":"solid","_border_width":{"unit":"px","top":"1","right":"1","bottom":"1","left":"1","isLinked":"1"},"_border_color":"#000000","heading_tag":"h6","price_typography_font_size_tablet":{"unit":"px","size":"45","sizes":[]}},"elements":[],"isInner":false,"widgetType":"price-table","elType":"widget"}],"isInner":"1","elType":"column"}],"isInner":"1","elType":"section"}],"isInner":"","elType":"column"}],"isInner":"","elType":"section"},{"id":"4aa176","settings":{"content_width":{"unit":"px","size":"880","sizes":[]},"margin":{"unit":"%","top":"10","right":"0","bottom":"10","left":"0","isLinked":"1"},"_title":"Livestream Class Rates","margin_mobile":{"unit":"%","top":"20","right":"0","bottom":"0","left":"0","isLinked":""},"padding_tablet":{"unit":"%","top":"0","right":"5","bottom":"0","left":"5","isLinked":""},"_timestamp_":"v1Smpyb2xHWDFzTnAyd291dVQ4THc0UT09"},"elements":[{"id":"6611b3c8","settings":{"_column_size":"100","padding":{"unit":"px","top":"0","right":"0","bottom":"0","left":"0","isLinked":"1"}},"elements":[{"id":"61264d72","settings":{"title":"Livestream Class Rates","title_color":"#000000","typography_typography":"custom","typography_font_family":"Fahkwang","typography_font_size":{"unit":"px","size":"60","sizes":[]},"typography_font_weight":"600","typography_text_transform":"capitalize","typography_line_height":{"unit":"em","size":"1","sizes":[]},"align_tablet":"center","typography_font_size_tablet":{"unit":"px","size":"45","sizes":[]},"typography_font_size_mobile":{"unit":"px","size":"35","sizes":[]},"align":"center"},"elements":[],"isInner":false,"widgetType":"heading","elType":"widget"},{"id":"7a277d64","settings":{"structure":"20","margin":{"unit":"%","top":"10","right":"0","bottom":"10","left":"0","isLinked":""},"margin_mobile":{"unit":"%","top":"10","right":"0","bottom":"0","left":"0","isLinked":""}},"elements":[{"id":"4045dec8","settings":{"_column_size":"50","padding":{"unit":"px","top":"0","right":"10","bottom":"0","left":"0","isLinked":""},"padding_mobile":{"unit":"px","top":"0","right":"0","bottom":"0","left":"0","isLinked":"1"}},"elements":[{"id":"1cd24317","settings":{"heading":"1 Single Online Class","sub_heading":"","price":"10","period":"per class","features_list":[{"item_text":"*Lorem ipsum dolor sit amet","selected_item_icon":{"value":"","library":""},"_id":"c58b7a4"},{"item_text":"*Quis nostrud exercitation","selected_item_icon":{"value":"","library":""},"_id":"4856206"},{"item_text":"*Ut enim ad minim veniam","selected_item_icon":{"value":"","library":""},"_id":"bec54dc"}],"button_text":"","link":{"url":"","is_external":"","nofollow":"","custom_attributes":""},"footer_additional_info":"","show_ribbon":"","ribbon_title":"Popular","header_bg_color":"#000000","header_padding":{"unit":"px","top":"15","right":"0","bottom":"15","left":"0","isLinked":""},"heading_color":"#FFFFFF","heading_typography_typography":"custom","heading_typography_font_family":"Roboto","heading_typography_font_size":{"unit":"px","size":"16","sizes":[]},"heading_typography_font_weight":"300","heading_typography_text_transform":"none","heading_typography_line_height":{"unit":"em","size":"1","sizes":[]},"pricing_element_bg_color":"#FFFFFF","pricing_element_padding":{"unit":"px","top":"40","right":"0","bottom":"50","left":"0","isLinked":""},"price_color":"#000000","price_typography_typography":"custom","price_typography_font_family":"Fahkwang","price_typography_font_size":{"unit":"px","size":"60","sizes":[]},"price_typography_font_weight":"600","price_typography_text_transform":"capitalize","price_typography_line_height":{"unit":"em","size":"1","sizes":[]},"currency_size":{"unit":"px","size":"100","sizes":[]},"currency_vertical_position":"middle","period_color":"#ACA298","period_typography_typography":"custom","period_typography_font_family":"Roboto","period_typography_font_size":{"unit":"px","size":"16","sizes":[]},"period_typography_font_weight":"300","period_typography_font_style":"italic","features_list_bg_color":"#FFFFFF","features_list_padding":{"unit":"px","top":"0","right":"0","bottom":"55","left":"0","isLinked":""},"features_list_color":"#000000","features_list_typography_typography":"custom","features_list_typography_font_family":"Roboto","features_list_typography_font_size":{"unit":"px","size":"16","sizes":[]},"features_list_typography_font_weight":"400","features_list_typography_line_height":{"unit":"em","size":"1","sizes":[]},"list_divider":"","_border_border":"solid","_border_width":{"unit":"px","top":"1","right":"1","bottom":"1","left":"1","isLinked":"1"},"_border_color":"#000000","heading_tag":"h6","price_typography_font_size_tablet":{"unit":"px","size":"45","sizes":[]}},"elements":[],"isInner":false,"widgetType":"price-table","elType":"widget"}],"isInner":"1","elType":"column"},{"id":"7cef0cd7","settings":{"_column_size":"50","padding":{"unit":"px","top":"0","right":"0","bottom":"0","left":"10","isLinked":""},"margin_mobile":{"unit":"%","top":"10","right":"0","bottom":"20","left":"0","isLinked":""},"padding_mobile":{"unit":"px","top":"0","right":"0","bottom":"0","left":"0","isLinked":"1"}},"elements":[{"id":"f2b8e14","settings":{"heading":"1 Month Online Classes","sub_heading":"","price":"40","period":"per class \/ $150 Total","features_list":[{"item_text":"*Lorem ipsum dolor sit amet","selected_item_icon":{"value":"","library":""},"_id":"c58b7a4"},{"item_text":"*Quis nostrud exercitation","selected_item_icon":{"value":"","library":""},"_id":"4856206"},{"item_text":"*Ut enim ad minim veniam","selected_item_icon":{"value":"","library":""},"_id":"bec54dc"}],"button_text":"","link":{"url":"","is_external":"","nofollow":"","custom_attributes":""},"footer_additional_info":"","show_ribbon":"","ribbon_title":"Popular","header_bg_color":"#000000","header_padding":{"unit":"px","top":"15","right":"0","bottom":"15","left":"0","isLinked":""},"heading_color":"#FFFFFF","heading_typography_typography":"custom","heading_typography_font_family":"Roboto","heading_typography_font_size":{"unit":"px","size":"16","sizes":[]},"heading_typography_font_weight":"300","heading_typography_text_transform":"none","heading_typography_line_height":{"unit":"em","size":"1","sizes":[]},"pricing_element_bg_color":"#FFFFFF","pricing_element_padding":{"unit":"px","top":"40","right":"0","bottom":"50","left":"0","isLinked":""},"price_color":"#000000","price_typography_typography":"custom","price_typography_font_family":"Fahkwang","price_typography_font_size":{"unit":"px","size":"60","sizes":[]},"price_typography_font_weight":"600","price_typography_text_transform":"capitalize","price_typography_line_height":{"unit":"em","size":"1","sizes":[]},"currency_size":{"unit":"px","size":"100","sizes":[]},"currency_vertical_position":"middle","period_color":"#ACA298","period_typography_typography":"custom","period_typography_font_family":"Roboto","period_typography_font_size":{"unit":"px","size":"16","sizes":[]},"period_typography_font_weight":"300","period_typography_font_style":"italic","features_list_bg_color":"#FFFFFF","features_list_padding":{"unit":"px","top":"0","right":"0","bottom":"55","left":"0","isLinked":""},"features_list_color":"#000000","features_list_typography_typography":"custom","features_list_typography_font_family":"Roboto","features_list_typography_font_size":{"unit":"px","size":"16","sizes":[]},"features_list_typography_font_weight":"400","features_list_typography_line_height":{"unit":"em","size":"1","sizes":[]},"list_divider":"","_border_border":"solid","_border_width":{"unit":"px","top":"1","right":"1","bottom":"1","left":"1","isLinked":"1"},"_border_color":"#000000","heading_tag":"h6","price_typography_font_size_tablet":{"unit":"px","size":"45","sizes":[]}},"elements":[],"isInner":false,"widgetType":"price-table","elType":"widget"}],"isInner":"1","elType":"column"}],"isInner":"1","elType":"section"},{"id":"4d58a5d9","settings":{"text":"Book Now","align":"center","typography_typography":"custom","typography_font_family":"Roboto","typography_font_size":{"unit":"px","size":"16","sizes":[]},"typography_font_weight":"400","typography_text_transform":"capitalize","typography_line_height":{"unit":"em","size":"1","sizes":[]},"button_text_color":"#FFFFFF","background_color":"#000000","hover_color":"#000000","button_background_hover_color":"#FFFFFF00","border_border":"solid","border_width":{"unit":"px","top":"1","right":"1","bottom":"1","left":"1","isLinked":"1"},"border_color":"#000000","border_radius":{"unit":"px","top":"0","right":"0","bottom":"0","left":"0","isLinked":"1"},"text_padding":{"unit":"px","top":"20","right":"65","bottom":"20","left":"65","isLinked":""},"text_padding_mobile":{"unit":"px","top":"15","right":"50","bottom":"15","left":"50","isLinked":""}},"elements":[],"isInner":false,"widgetType":"button","elType":"widget"}],"isInner":"","elType":"column"}],"isInner":"","elType":"section"},{"id":"641d8b78","settings":{"layout":"full_width","height":"min-height","custom_height":{"unit":"px","size":"950","sizes":[]},"column_position":"stretch","background_background":"classic","background_color":"#FFFFFF","border_border":"solid","border_width":{"unit":"px","top":"1","right":"0","bottom":"1","left":"0","isLinked":""},"border_color":"#000000","padding":{"unit":"%","top":"0","right":"5","bottom":"0","left":"5","isLinked":""},"_title":"Studio Rental Rates","custom_height_tablet":{"unit":"px","size":"1200","sizes":[]},"custom_height_mobile":{"unit":"px","size":"0","sizes":[]},"margin_mobile":{"unit":"%","top":"20","right":"0","bottom":"0","left":"0","isLinked":""},"_timestamp_":"v1Smpyb2xHWDFzTnAyd291dVQ4THc0UT09"},"elements":[{"id":"48537520","settings":{"_column_size":"100","content_position":"center","padding":{"unit":"px","top":"0","right":"0","bottom":"0","left":"0","isLinked":"1"},"content_position_mobile":"center","padding_mobile":{"unit":"%","top":"20","right":"0","bottom":"20","left":"0","isLinked":""}},"elements":[{"id":"1af3a25b","settings":{"content_width":{"unit":"px","size":"850","sizes":[]},"margin":{"unit":"%","top":"","right":"0","bottom":"","left":"0","isLinked":"1"},"margin_mobile":{"unit":"px","top":"0","right":"0","bottom":"0","left":"0","isLinked":"1"}},"elements":[{"id":"439054be","settings":{"_column_size":"100"},"elements":[{"id":"7c0721d6","settings":{"title":"Studio Rental Rates","align":"center","align_tablet":"center","title_color":"#000000","typography_typography":"custom","typography_font_family":"Fahkwang","typography_font_size":{"unit":"px","size":"60","sizes":[]},"typography_font_size_tablet":{"unit":"px","size":"45","sizes":[]},"typography_font_size_mobile":{"unit":"px","size":"35","sizes":[]},"typography_font_weight":"600","typography_text_transform":"capitalize","typography_line_height":{"unit":"em","size":"1","sizes":[]}},"elements":[],"isInner":false,"widgetType":"heading","elType":"widget"},{"id":"5607c4dc","settings":{"editor":"Lorem ipsum dolor sit amet, consectetur adipisicing elit, sed do eiusmod tempor incididunt ut labore et dolore magna aliqua. Ut enim ad minim veniam, quis nostrud exercitation ullamco laboris nisi ut aliquip ex ea commodo consequat. ","align_tablet":"center","text_color":"#000000","typography_typography":"custom","typography_font_family":"Roboto","typography_font_size":{"unit":"px","size":"16","sizes":[]},"typography_font_weight":"400","typography_line_height":{"unit":"em","size":"1.4","sizes":[]},"align":"center"},"elements":[],"isInner":false,"widgetType":"text-editor","elType":"widget"}],"isInner":"1","elType":"column"}],"isInner":"1","elType":"section"},{"id":"796a95fe","settings":{"layout":"full_width","structure":"20","margin":{"unit":"%","top":"5","right":"0","bottom":"5","left":"0","isLinked":""},"margin_tablet":{"unit":"%","top":"10","right":"0","bottom":"0","left":"0","isLinked":""}},"elements":[{"id":"5505f3ab","settings":{"_column_size":"50","content_position":"center","space_between_widgets":"10","background_background":"classic","background_color":"#F2EFEC","border_border":"solid","border_width":{"unit":"px","top":"1","right":"1","bottom":"1","left":"1","isLinked":"1"},"border_color":"#000000","margin":{"unit":"%","top":"0","right":"5","bottom":"0","left":"0","isLinked":""},"padding":{"unit":"%","top":"5","right":"0","bottom":"0","left":"0","isLinked":""},"_inline_size_tablet":"100","margin_tablet":{"unit":"px","top":"0","right":"0","bottom":"0","left":"0","isLinked":"1"}},"elements":[{"id":"4ae3c941","settings":{"title":"Studio A","align":"center","align_tablet":"center","title_color":"#000000","typography_typography":"custom","typography_font_family":"Fahkwang","typography_font_size":{"unit":"px","size":"30","sizes":[]},"typography_font_size_tablet":{"unit":"px","size":"30","sizes":[]},"typography_font_size_mobile":{"unit":"px","size":"30","sizes":[]},"typography_font_weight":"600","typography_text_transform":"capitalize","typography_line_height":{"unit":"em","size":"1","sizes":[]},"_margin":{"unit":"%","top":"","right":"","bottom":"","left":"","isLinked":"1"},"header_size":"h3"},"elements":[],"isInner":false,"widgetType":"heading","elType":"widget"},{"id":"4096776d","settings":{"editor":"Studio Size: 42ft x 21ft","align_tablet":"center","text_color":"#000000","typography_typography":"custom","typography_font_family":"Roboto","typography_font_size":{"unit":"px","size":"16","sizes":[]},"typography_font_weight":"400","typography_line_height":{"unit":"em","size":"1.4","sizes":[]},"align":"center"},"elements":[],"isInner":false,"widgetType":"text-editor","elType":"widget"},{"id":"4cd45bbb","settings":{"price_list":[{"title":"Hourly","price":"$44","link":{"url":"","is_external":"","nofollow":"","custom_attributes":""},"_id":"82b9096"},{"title":"Half Day (4 hours)","price":"$150","link":{"url":"","is_external":"","nofollow":"","custom_attributes":""},"_id":"4b6800b"},{"title":"Full Day (8 hours)","price":"$270","link":{"url":"","is_external":"","nofollow":"","custom_attributes":""},"_id":"e422bb7"}],"heading_color":"#000000","heading_typography_typography":"custom","heading_typography_font_family":"Roboto","heading_typography_font_size":{"unit":"px","size":"25","sizes":[]},"heading_typography_font_weight":"400","heading_typography_text_transform":"capitalize","heading_typography_line_height":{"unit":"em","size":"1","sizes":[]},"separator_style":"none","separator_weight":{"unit":"px","size":"0","sizes":[]},"image_spacing":{"unit":"px","size":"0","sizes":[]},"row_gap":{"unit":"em","size":"1.2","sizes":[]},"_margin":{"unit":"px","top":"20","right":"0","bottom":"0","left":"0","isLinked":""},"_padding":{"unit":"%","top":"5","right":"10","bottom":"5","left":"10","isLinked":""},"_border_border":"solid","_border_width":{"unit":"px","top":"1","right":"0","bottom":"0","left":"0","isLinked":""},"_border_color":"#000000","heading_typography_font_size_tablet":{"unit":"px","size":"18","sizes":[]}},"elements":[],"isInner":false,"widgetType":"price-list","elType":"widget"}],"isInner":"1","elType":"column"},{"id":"434da9b5","settings":{"_column_size":"50","content_position":"center","space_between_widgets":"10","background_background":"classic","background_color":"#F2EFEC","border_border":"solid","border_width":{"unit":"px","top":"1","right":"1","bottom":"1","left":"1","isLinked":"1"},"border_color":"#000000","margin":{"unit":"%","top":"0","right":"0","bottom":"0","left":"5","isLinked":""},"padding":{"unit":"%","top":"5","right":"0","bottom":"0","left":"0","isLinked":""},"_inline_size_tablet":"100","margin_tablet":{"unit":"%","top":"10","right":"0","bottom":"0","left":"0","isLinked":""}},"elements":[{"id":"560575e5","settings":{"title":"Studio B","align":"center","align_tablet":"center","title_color":"#000000","typography_typography":"custom","typography_font_family":"Fahkwang","typography_font_size":{"unit":"px","size":"30","sizes":[]},"typography_font_size_tablet":{"unit":"px","size":"30","sizes":[]},"typography_font_size_mobile":{"unit":"px","size":"30","sizes":[]},"typography_font_weight":"600","typography_text_transform":"capitalize","typography_line_height":{"unit":"em","size":"1","sizes":[]},"_margin":{"unit":"%","top":"","right":"","bottom":"","left":"","isLinked":"1"},"header_size":"h3"},"elements":[],"isInner":false,"widgetType":"heading","elType":"widget"},{"id":"4ec21951","settings":{"editor":"Studio Size: 68ft x 37ft","align_tablet":"center","text_color":"#000000","typography_typography":"custom","typography_font_family":"Roboto","typography_font_size":{"unit":"px","size":"16","sizes":[]},"typography_font_weight":"400","typography_line_height":{"unit":"em","size":"1.4","sizes":[]},"align":"center"},"elements":[],"isInner":false,"widgetType":"text-editor","elType":"widget"},{"id":"22ab2d83","settings":{"price_list":[{"title":"Hourly","price":"$64","link":{"url":"","is_external":"","nofollow":"","custom_attributes":""},"_id":"82b9096"},{"title":"Half Day (4 hours)","price":"$200","link":{"url":"","is_external":"","nofollow":"","custom_attributes":""},"_id":"4b6800b"},{"title":"Full Day (8 hours)","price":"$340","link":{"url":"","is_external":"","nofollow":"","custom_attributes":""},"_id":"e422bb7"}],"heading_color":"#000000","heading_typography_typography":"custom","heading_typography_font_family":"Roboto","heading_typography_font_size":{"unit":"px","size":"25","sizes":[]},"heading_typography_font_weight":"400","heading_typography_text_transform":"capitalize","heading_typography_line_height":{"unit":"em","size":"1","sizes":[]},"separator_style":"none","separator_weight":{"unit":"px","size":"0","sizes":[]},"image_spacing":{"unit":"px","size":"0","sizes":[]},"row_gap":{"unit":"em","size":"1.2","sizes":[]},"_margin":{"unit":"px","top":"20","right":"0","bottom":"0","left":"0","isLinked":""},"_padding":{"unit":"%","top":"5","right":"10","bottom":"5","left":"10","isLinked":""},"_border_border":"solid","_border_width":{"unit":"px","top":"1","right":"0","bottom":"0","left":"0","isLinked":""},"_border_color":"#000000","heading_typography_font_size_tablet":{"unit":"px","size":"18","sizes":[]}},"elements":[],"isInner":false,"widgetType":"price-list","elType":"widget"}],"isInner":"1","elType":"column"}],"isInner":"1","elType":"section"},{"id":"3350b7ec","settings":{"text":"Book Now","align":"center","typography_typography":"custom","typography_font_family":"Roboto","typography_font_size":{"unit":"px","size":"16","sizes":[]},"typography_font_weight":"400","typography_text_transform":"capitalize","typography_line_height":{"unit":"em","size":"1","sizes":[]},"button_text_color":"#FFFFFF","background_color":"#000000","hover_color":"#000000","button_background_hover_color":"#FFFFFF00","border_border":"solid","border_width":{"unit":"px","top":"1","right":"1","bottom":"1","left":"1","isLinked":"1"},"border_color":"#000000","border_radius":{"unit":"px","top":"0","right":"0","bottom":"0","left":"0","isLinked":"1"},"text_padding":{"unit":"px","top":"20","right":"65","bottom":"20","left":"65","isLinked":""},"text_padding_mobile":{"unit":"px","top":"15","right":"50","bottom":"15","left":"50","isLinked":""},"_margin_tablet":{"unit":"%","top":"10","right":"0","bottom":"0","left":"0","isLinked":""},"_margin_mobile":{"unit":"%","top":"15","right":"0","bottom":"0","left":"0","isLinked":""}},"elements":[],"isInner":false,"widgetType":"button","elType":"widget"}],"isInner":"","elType":"column"}],"isInner":"","elType":"section"},{"id":"3fecebd7","settings":{"content_width":{"unit":"px","size":"1180","sizes":[]},"margin":{"unit":"%","top":"10","right":"0","bottom":"10","left":"0","isLinked":""},"_title":"Studio Rules &amp; Polices","margin_mobile":{"unit":"%","top":"20","right":"0","bottom":"20","left":"0","isLinked":"1"},"padding_tablet":{"unit":"%","top":"0","right":"5","bottom":"0","left":"5","isLinked":""},"_timestamp_":"v1Smpyb2xHWDFzTnAyd291dVQ4THc0UT09"},"elements":[{"id":"2d2a47fb","settings":{"_column_size":"100","padding":{"unit":"px","top":"0","right":"0","bottom":"0","left":"0","isLinked":"1"},"padding_tablet":{"unit":"%","top":"0","right":"20","bottom":"0","left":"0","isLinked":""},"padding_mobile":{"unit":"px","top":"0","right":"0","bottom":"0","left":"0","isLinked":"1"}},"elements":[{"id":"22d31384","settings":{"title":"Studio Rules &amp; Polices","align":"center","align_tablet":"left","title_color":"#000000","typography_typography":"custom","typography_font_family":"Fahkwang","typography_font_size":{"unit":"px","size":"60","sizes":[]},"typography_font_size_tablet":{"unit":"px","size":"45","sizes":[]},"typography_font_size_mobile":{"unit":"px","size":"35","sizes":[]},"typography_font_weight":"600","typography_text_transform":"capitalize","typography_line_height":{"unit":"em","size":"1","sizes":[]},"align_mobile":"center"},"elements":[],"isInner":false,"widgetType":"heading","elType":"widget"},{"id":"2c40f1a1","settings":{"layout":"full_width","structure":"20","margin":{"unit":"%","top":"5","right":"0","bottom":"0","left":"0","isLinked":""}},"elements":[{"id":"485589cb","settings":{"_column_size":"50","content_position":"top","space_between_widgets":"0","padding":{"unit":"%","top":"0","right":"5","bottom":"0","left":"0","isLinked":""},"_inline_size_tablet":"100","padding_tablet":{"unit":"px","top":"0","right":"0","bottom":"0","left":"0","isLinked":"1"}},"elements":[{"id":"184f16b8","settings":{"title":"Studio Etiquette","align":"left","align_tablet":"left","title_color":"#000000","typography_typography":"custom","typography_font_family":"Fahkwang","typography_font_size":{"unit":"px","size":"30","sizes":[]},"typography_font_size_tablet":{"unit":"px","size":"30","sizes":[]},"typography_font_size_mobile":{"unit":"px","size":"30","sizes":[]},"typography_font_weight":"600","typography_text_transform":"capitalize","typography_line_height":{"unit":"em","size":"1","sizes":[]},"_margin":{"unit":"%","top":"","right":"","bottom":"","left":"","isLinked":"1"},"header_size":"h3","align_mobile":"center"},"elements":[],"isInner":false,"widgetType":"heading","elType":"widget"},{"id":"48f039c5","settings":{"editor":"Lorem Lorem ipsum dolor sit amet, consectet adipiscing\u00a0elit,sed do eiusm por incididunt ut labore et dolore magna aliqua. Ut enim ad minim veniam, quis nostrud exercitation ullamco laboris nisi  ipsum.","align_tablet":"left","text_color":"#000000","typography_typography":"custom","typography_font_family":"Roboto","typography_font_size":{"unit":"px","size":"16","sizes":[]},"typography_font_weight":"400","typography_line_height":{"unit":"em","size":"1.4","sizes":[]},"_margin":{"unit":"px","top":"10","right":"0","bottom":"30","left":"0","isLinked":""},"align_mobile":"center"},"elements":[],"isInner":false,"widgetType":"text-editor","elType":"widget"},{"id":"65daf2f","settings":{"icon_list":[{"text":"Ut enim ad minim veniam, quis nostrud exercitation sit amet, consectet ","selected_icon":{"value":"fas fa-circle","library":"fa-solid"},"_id":"9100948"},{"text":"Adipiscing\u00a0elit,sed do eiusm por incididunt ut  enim ad Minim veniam","selected_icon":{"value":"fas fa-circle","library":"fa-solid"},"_id":"fe66045"},{"text":"Exercitation ullamco laboris, quis nostrud ","selected_icon":{"value":"fas fa-circle","library":"fa-solid"},"_id":"c38e194"},{"text":"Nam quam nunc, blandit vel ridiculus mus","selected_icon":{"value":"fas fa-circle","library":"fa-solid"},"_id":"b454472"},{"text":"Lorem ipsum dolor sit amet consectet adipiscing\u00a0elit ","selected_icon":{"value":"fas fa-circle","library":"fa-solid"},"_id":"411b68b"},{"text":"Adipiscing\u00a0elit,sed do eiusm por incididunt ut  enim ad","selected_icon":{"value":"fas fa-circle","library":"fa-solid"},"_id":"1934736"},{"text":"Nam quam nunc, blandit vel ridiculus mus","selected_icon":{"value":"fas fa-circle","library":"fa-solid"},"_id":"3aff0dc"},{"text":"Ut enim ad minim veniam, quis nostrud exercitation","selected_icon":{"value":"fas fa-circle","library":"fa-solid"},"_id":"0d7274c"},{"text":"Adipiscing\u00a0elit,sed do eiusm por incididunt ut  enim ad","selected_icon":{"value":"fas fa-circle","library":"fa-solid"},"_id":"d5b4f0f"},{"text":"Nam quam nunc, blandit vel ridiculus mus","selected_icon":{"value":"fas fa-circle","library":"fa-solid"},"_id":"3cc6742"}],"space_between":{"unit":"px","size":"5","sizes":[]},"icon_color":"#000000","icon_size":{"unit":"px","size":"6","sizes":[]},"text_color":"#000000","icon_typography_typography":"custom","icon_typography_font_family":"Roboto","icon_typography_font_size":{"unit":"px","size":"16","sizes":[]},"icon_typography_font_weight":"400","icon_typography_line_height":{"unit":"em","size":"1","sizes":[]},"icon_align_tablet":"left","space_between_mobile":{"unit":"px","size":"15","sizes":[]},"icon_typography_line_height_mobile":{"unit":"em","size":"1.3","sizes":[]}},"elements":[],"isInner":false,"widgetType":"icon-list","elType":"widget"}],"isInner":"1","elType":"column"},{"id":"2ab8d496","settings":{"_column_size":"50","content_position":"top","space_between_widgets":"5","padding":{"unit":"%","top":"0","right":"0","bottom":"0","left":"5","isLinked":""},"_inline_size_tablet":"100","margin_tablet":{"unit":"%","top":"10","right":"0","bottom":"0","left":"0","isLinked":""},"margin_mobile":{"unit":"%","top":"20","right":"0","bottom":"0","left":"0","isLinked":""},"padding_tablet":{"unit":"px","top":"0","right":"0","bottom":"0","left":"0","isLinked":"1"},"padding_mobile":{"unit":"%","top":"","right":"","bottom":"","left":"","isLinked":"1"}},"elements":[{"id":"5f5cd9ae","settings":{"title":"Reservations Policy","align":"left","align_tablet":"left","title_color":"#000000","typography_typography":"custom","typography_font_family":"Fahkwang","typography_font_size":{"unit":"px","size":"30","sizes":[]},"typography_font_size_tablet":{"unit":"px","size":"30","sizes":[]},"typography_font_size_mobile":{"unit":"px","size":"30","sizes":[]},"typography_font_weight":"600","typography_text_transform":"capitalize","typography_line_height":{"unit":"em","size":"1","sizes":[]},"_margin":{"unit":"%","top":"","right":"","bottom":"","left":"","isLinked":"1"},"header_size":"h3","align_mobile":"center"},"elements":[],"isInner":false,"widgetType":"heading","elType":"widget"},{"id":"dac16bf","settings":{"editor":"Lorem Lorem ipsum dolor sit amet, consectet adipiscing\u00a0elit,sed do eiusm por incididunt ut labore et dolore magna aliqua. Ut enim ad minim veniam, quis nostrud exercitation ullamco laboris nisi  ipsum.","align_tablet":"left","text_color":"#000000","typography_typography":"custom","typography_font_family":"Roboto","typography_font_size":{"unit":"px","size":"16","sizes":[]},"typography_font_weight":"400","typography_line_height":{"unit":"em","size":"1.4","sizes":[]},"align_mobile":"center"},"elements":[],"isInner":false,"widgetType":"text-editor","elType":"widget"},{"id":"3d6df00f","settings":{"space":{"unit":"px","size":"20","sizes":[]},"space_mobile":{"unit":"px","size":"50","sizes":[]}},"elements":[],"isInner":false,"widgetType":"spacer","elType":"widget"},{"id":"644e6abe","settings":{"title":"Cancellation Policy","align":"left","align_tablet":"left","title_color":"#000000","typography_typography":"custom","typography_font_family":"Fahkwang","typography_font_size":{"unit":"px","size":"30","sizes":[]},"typography_font_size_tablet":{"unit":"px","size":"30","sizes":[]},"typography_font_size_mobile":{"unit":"px","size":"30","sizes":[]},"typography_font_weight":"600","typography_text_transform":"capitalize","typography_line_height":{"unit":"em","size":"1","sizes":[]},"_margin":{"unit":"%","top":"","right":"","bottom":"","left":"","isLinked":"1"},"header_size":"h3","align_mobile":"center"},"elements":[],"isInner":false,"widgetType":"heading","elType":"widget"},{"id":"6ddd328c","settings":{"editor":"Lorem Lorem ipsum dolor sit amet, consectet adipiscing\u00a0elit,sed do eiusm por incididunt ut labore et dolore magna aliqua. Ut enim ad minim veniam, quis nostrud exercitation ullamco laboris nisi  ipsum.","align_tablet":"left","text_color":"#000000","typography_typography":"custom","typography_font_family":"Roboto","typography_font_size":{"unit":"px","size":"16","sizes":[]},"typography_font_weight":"400","typography_line_height":{"unit":"em","size":"1.4","sizes":[]},"align_mobile":"center"},"elements":[],"isInner":false,"widgetType":"text-editor","elType":"widget"},{"id":"37af74f3","settings":{"space":{"unit":"px","size":"20","sizes":[]},"space_mobile":{"unit":"px","size":"50","sizes":[]}},"elements":[],"isInner":false,"widgetType":"spacer","elType":"widget"},{"id":"7a81357f","settings":{"title":"Refund Policy\n","align":"left","align_tablet":"left","title_color":"#000000","typography_typography":"custom","typography_font_family":"Fahkwang","typography_font_size":{"unit":"px","size":"30","sizes":[]},"typography_font_size_tablet":{"unit":"px","size":"30","sizes":[]},"typography_font_size_mobile":{"unit":"px","size":"30","sizes":[]},"typography_font_weight":"600","typography_text_transform":"capitalize","typography_line_height":{"unit":"em","size":"1","sizes":[]},"_margin":{"unit":"%","top":"","right":"","bottom":"","left":"","isLinked":"1"},"header_size":"h3","align_mobile":"center"},"elements":[],"isInner":false,"widgetType":"heading","elType":"widget"},{"id":"53cd792a","settings":{"editor":"<p>Lorem Lorem ipsum dolor sit amet, consectet adipiscing\u00a0elit,sed do eiusm por incididunt ut labore et dolore magna aliqua. Ut enim ad minim veniam<\/p>","align_tablet":"left","text_color":"#000000","typography_typography":"custom","typography_font_family":"Roboto","typography_font_size":{"unit":"px","size":"16","sizes":[]},"typography_font_weight":"400","typography_line_height":{"unit":"em","size":"1.4","sizes":[]},"align_mobile":"center"},"elements":[],"isInner":false,"widgetType":"text-editor","elType":"widget"}],"isInner":"1","elType":"column"}],"isInner":"1","elType":"section"}],"isInner":"","elType":"column"}],"isInner":"","elType":"section"},{"id":"52cacbbf","settings":{"content_width":{"unit":"px","size":"1180","sizes":[]},"border_border":"solid","border_width":{"unit":"px","top":"1","right":"0","bottom":"0","left":"0","isLinked":""},"border_color":"#000000","margin":{"unit":"%","top":"","right":"0","bottom":"","left":"0","isLinked":"1"},"padding":{"unit":"%","top":"10","right":"0","bottom":"0","left":"0","isLinked":""},"_title":"FAQ\u2019s","margin_mobile":{"unit":"%","top":"20","right":"0","bottom":"20","left":"0","isLinked":"1"},"padding_tablet":{"unit":"%","top":"10","right":"5","bottom":"0","left":"5","isLinked":""},"padding_mobile":{"unit":"%","top":"20","right":"5","bottom":"0","left":"5","isLinked":""},"_timestamp_":"v1Smpyb2xHWDFzTnAyd291dVQ4THc0UT09"},"elements":[{"id":"2768dd17","settings":{"_column_size":"100","space_between_widgets":"0","padding":{"unit":"px","top":"0","right":"0","bottom":"0","left":"0","isLinked":"1"}},"elements":[{"id":"4c29f86a","settings":{"title":"FAQ","align":"center","align_tablet":"center","title_color":"#000000","typography_typography":"custom","typography_font_family":"Fahkwang","typography_font_size":{"unit":"px","size":"60","sizes":[]},"typography_font_size_tablet":{"unit":"px","size":"45","sizes":[]},"typography_font_size_mobile":{"unit":"px","size":"35","sizes":[]},"typography_font_weight":"600","typography_text_transform":"capitalize","typography_line_height":{"unit":"em","size":"1","sizes":[]}},"elements":[],"isInner":false,"widgetType":"heading","elType":"widget"},{"id":"10e03832","settings":{"title":"General","align":"center","align_tablet":"left","title_color":"#000000","typography_typography":"custom","typography_font_family":"Fahkwang","typography_font_size":{"unit":"px","size":"30","sizes":[]},"typography_font_size_tablet":{"unit":"px","size":"30","sizes":[]},"typography_font_size_mobile":{"unit":"px","size":"30","sizes":[]},"typography_font_weight":"600","typography_text_transform":"capitalize","typography_line_height":{"unit":"em","size":"1","sizes":[]},"_margin":{"unit":"px","top":"80","right":"0","bottom":"20","left":"0","isLinked":""},"header_size":"h3","align_mobile":"center","_margin_mobile":{"unit":"%","top":"15","right":"0","bottom":"5","left":"0","isLinked":""}},"elements":[],"isInner":false,"widgetType":"heading","elType":"widget"},{"id":"16ea1939","settings":{"tabs":[{"tab_title":"Lorem Lorem ipsum dolor sit amet consectet?","tab_content":"Lorem ipsum dolor sit amet, consectetur adipiscing elit. Ut elit tellus, luctus nec ullamcorper mattis, pulvinar dapibus leo.","_id":"ec2cf05"},{"tab_title":"Lorem Lorem ipsum dolor sit amet consectet?","tab_content":"Lorem ipsum dolor sit amet, consectetur adipiscing elit. Ut elit tellus, luctus nec ullamcorper mattis, pulvinar dapibus leo.","_id":"5978076"},{"tab_title":"Lorem Lorem ipsum dolor sit amet consectet?","tab_content":"Lorem ipsum dolor sit amet, consectetur adipiscing elit. Ut elit tellus, luctus nec ullamcorper mattis, pulvinar dapibus leo.","_id":"48c1ded"},{"tab_title":"Lorem Lorem ipsum dolor sit amet consectet?","tab_content":"Lorem ipsum dolor sit amet, consectetur adipiscing elit. Ut elit tellus, luctus nec ullamcorper mattis, pulvinar dapibus leo.","_id":"a291e81"}],"selected_icon":{"value":{"id":54,"url":"http:\/\/localhost\/dieuhau\/wp-content\/uploads\/2021\/06\/Plus-icon.svg"},"library":"svg"},"selected_active_icon":{"value":{"id":55,"url":"http:\/\/localhost\/dieuhau\/wp-content\/uploads\/2021\/06\/Minus.svg"},"library":"svg"},"border_width":{"unit":"px","size":"1","sizes":[]},"border_color":"#000000","space_between":{"unit":"px","size":"0","sizes":[]},"title_color":"#000000","tab_active_color":"#000000","title_typography_typography":"custom","title_typography_font_family":"Roboto","title_typography_font_size":{"unit":"px","size":"16","sizes":[]},"title_typography_font_weight":"400","title_typography_text_transform":"capitalize","title_typography_font_style":"normal","title_typography_line_height":{"unit":"em","size":"1","sizes":[]},"title_padding":{"unit":"px","top":"20","right":"0","bottom":"20","left":"0","isLinked":""},"icon_align":"right","icon_color":"#000000","icon_active_color":"#000000","content_color":"rgba(0, 0, 0, 0.56)","content_typography_typography":"custom","content_typography_font_family":"Roboto","content_typography_font_size":{"unit":"px","size":"16","sizes":[]},"content_typography_font_weight":"300","content_typography_line_height":{"unit":"em","size":"1.5","sizes":[]},"content_padding":{"unit":"%","top":"0","right":"62","bottom":"2","left":"0","isLinked":""},"content_typography_font_style":"italic","content_padding_tablet":{"unit":"px","top":"0","right":"0","bottom":"20","left":"0","isLinked":""}},"elements":[],"isInner":false,"widgetType":"toggle","elType":"widget"},{"id":"3dfb2e5f","settings":{"title":"Registration\n","align":"center","align_tablet":"left","title_color":"#000000","typography_typography":"custom","typography_font_family":"Fahkwang","typography_font_size":{"unit":"px","size":"30","sizes":[]},"typography_font_size_tablet":{"unit":"px","size":"30","sizes":[]},"typography_font_size_mobile":{"unit":"px","size":"30","sizes":[]},"typography_font_weight":"600","typography_text_transform":"capitalize","typography_line_height":{"unit":"em","size":"1","sizes":[]},"_margin":{"unit":"px","top":"80","right":"0","bottom":"20","left":"0","isLinked":""},"header_size":"h3","align_mobile":"center","_margin_mobile":{"unit":"%","top":"30","right":"0","bottom":"5","left":"0","isLinked":""}},"elements":[],"isInner":false,"widgetType":"heading","elType":"widget"},{"id":"60f8a919","settings":{"tabs":[{"tab_title":"Lorem Lorem ipsum dolor sit amet consectet?","tab_content":"Lorem ipsum dolor sit amet, consectetur adipiscing elit. Ut elit tellus, luctus nec ullamcorper mattis, pulvinar dapibus leo.","_id":"ec2cf05"},{"tab_title":"Lorem Lorem ipsum dolor sit amet consectet?","tab_content":"Lorem ipsum dolor sit amet, consectetur adipiscing elit. Ut elit tellus, luctus nec ullamcorper mattis, pulvinar dapibus leo.","_id":"5978076"},{"tab_title":"Lorem Lorem ipsum dolor sit amet consectet?","tab_content":"Lorem ipsum dolor sit amet, consectetur adipiscing elit. Ut elit tellus, luctus nec ullamcorper mattis, pulvinar dapibus leo.","_id":"48c1ded"},{"tab_title":"Lorem Lorem ipsum dolor sit amet consectet?","tab_content":"Lorem ipsum dolor sit amet, consectetur adipiscing elit. Ut elit tellus, luctus nec ullamcorper mattis, pulvinar dapibus leo.","_id":"a291e81"}],"selected_icon":{"value":{"id":54,"url":"http:\/\/localhost\/dieuhau\/wp-content\/uploads\/2021\/06\/Plus-icon.svg"},"library":"svg"},"selected_active_icon":{"value":{"id":55,"url":"http:\/\/localhost\/dieuhau\/wp-content\/uploads\/2021\/06\/Minus.svg"},"library":"svg"},"border_width":{"unit":"px","size":"1","sizes":[]},"border_color":"#000000","space_between":{"unit":"px","size":"0","sizes":[]},"title_color":"#000000","tab_active_color":"#000000","title_typography_typography":"custom","title_typography_font_family":"Roboto","title_typography_font_size":{"unit":"px","size":"16","sizes":[]},"title_typography_font_weight":"400","title_typography_text_transform":"capitalize","title_typography_font_style":"normal","title_typography_line_height":{"unit":"em","size":"1","sizes":[]},"title_padding":{"unit":"px","top":"20","right":"0","bottom":"20","left":"0","isLinked":""},"icon_align":"right","icon_color":"#000000","icon_active_color":"#000000","content_color":"rgba(0, 0, 0, 0.56)","content_typography_typography":"custom","content_typography_font_family":"Roboto","content_typography_font_size":{"unit":"px","size":"16","sizes":[]},"content_typography_font_weight":"300","content_typography_line_height":{"unit":"em","size":"1.5","sizes":[]},"content_padding":{"unit":"%","top":"0","right":"62","bottom":"2","left":"0","isLinked":""},"content_typography_font_style":"italic","content_padding_tablet":{"unit":"px","top":"0","right":"0","bottom":"20","left":"0","isLinked":""}},"elements":[],"isInner":false,"widgetType":"toggle","elType":"widget"},{"id":"f1c0010","settings":{"title":"Before &amp; After Class","align":"center","align_tablet":"left","title_color":"#000000","typography_typography":"custom","typography_font_family":"Fahkwang","typography_font_size":{"unit":"px","size":"30","sizes":[]},"typography_font_size_tablet":{"unit":"px","size":"30","sizes":[]},"typography_font_size_mobile":{"unit":"px","size":"30","sizes":[]},"typography_font_weight":"600","typography_text_transform":"capitalize","typography_line_height":{"unit":"em","size":"1","sizes":[]},"_margin":{"unit":"px","top":"80","right":"0","bottom":"20","left":"0","isLinked":""},"header_size":"h3","align_mobile":"center","_margin_mobile":{"unit":"%","top":"30","right":"0","bottom":"5","left":"0","isLinked":""}},"elements":[],"isInner":false,"widgetType":"heading","elType":"widget"},{"id":"54e83980","settings":{"tabs":[{"tab_title":"Lorem Lorem ipsum dolor sit amet consectet?","tab_content":"Lorem ipsum dolor sit amet, consectetur adipiscing elit. Ut elit tellus, luctus nec ullamcorper mattis, pulvinar dapibus leo.","_id":"ec2cf05"},{"tab_title":"Lorem Lorem ipsum dolor sit amet consectet?","tab_content":"Lorem ipsum dolor sit amet, consectetur adipiscing elit. Ut elit tellus, luctus nec ullamcorper mattis, pulvinar dapibus leo.","_id":"5978076"},{"tab_title":"Lorem Lorem ipsum dolor sit amet consectet?","tab_content":"Lorem ipsum dolor sit amet, consectetur adipiscing elit. Ut elit tellus, luctus nec ullamcorper mattis, pulvinar dapibus leo.","_id":"48c1ded"},{"tab_title":"Lorem Lorem ipsum dolor sit amet consectet?","tab_content":"Lorem ipsum dolor sit amet, consectetur adipiscing elit. Ut elit tellus, luctus nec ullamcorper mattis, pulvinar dapibus leo.","_id":"a291e81"}],"selected_icon":{"value":{"id":54,"url":"http:\/\/localhost\/dieuhau\/wp-content\/uploads\/2021\/06\/Plus-icon.svg"},"library":"svg"},"selected_active_icon":{"value":{"id":55,"url":"http:\/\/localhost\/dieuhau\/wp-content\/uploads\/2021\/06\/Minus.svg"},"library":"svg"},"border_width":{"unit":"px","size":"1","sizes":[]},"border_color":"#000000","space_between":{"unit":"px","size":"0","sizes":[]},"title_color":"#000000","tab_active_color":"#000000","title_typography_typography":"custom","title_typography_font_family":"Roboto","title_typography_font_size":{"unit":"px","size":"16","sizes":[]},"title_typography_font_weight":"400","title_typography_text_transform":"capitalize","title_typography_font_style":"normal","title_typography_line_height":{"unit":"em","size":"1","sizes":[]},"title_padding":{"unit":"px","top":"20","right":"0","bottom":"20","left":"0","isLinked":""},"icon_align":"right","icon_color":"#000000","icon_active_color":"#000000","content_color":"rgba(0, 0, 0, 0.56)","content_typography_typography":"custom","content_typography_font_family":"Roboto","content_typography_font_size":{"unit":"px","size":"16","sizes":[]},"content_typography_font_weight":"300","content_typography_line_height":{"unit":"em","size":"1.5","sizes":[]},"content_padding":{"unit":"%","top":"0","right":"62","bottom":"2","left":"0","isLinked":""},"content_typography_font_style":"italic","content_padding_tablet":{"unit":"px","top":"0","right":"0","bottom":"20","left":"0","isLinked":""}},"elements":[],"isInner":false,"widgetType":"toggle","elType":"widget"},{"id":"1951156e","settings":{"title":"Refund &amp; Cancellations","align":"center","align_tablet":"left","title_color":"#000000","typography_typography":"custom","typography_font_family":"Fahkwang","typography_font_size":{"unit":"px","size":"30","sizes":[]},"typography_font_size_tablet":{"unit":"px","size":"30","sizes":[]},"typography_font_size_mobile":{"unit":"px","size":"30","sizes":[]},"typography_font_weight":"600","typography_text_transform":"capitalize","typography_line_height":{"unit":"em","size":"1","sizes":[]},"_margin":{"unit":"px","top":"80","right":"0","bottom":"20","left":"0","isLinked":""},"header_size":"h3","align_mobile":"center","_margin_mobile":{"unit":"%","top":"30","right":"0","bottom":"5","left":"0","isLinked":""}},"elements":[],"isInner":false,"widgetType":"heading","elType":"widget"},{"id":"7ae1c2fe","settings":{"tabs":[{"tab_title":"Lorem Lorem ipsum dolor sit amet consectet?","tab_content":"Lorem ipsum dolor sit amet, consectetur adipiscing elit. Ut elit tellus, luctus nec ullamcorper mattis, pulvinar dapibus leo.","_id":"ec2cf05"},{"tab_title":"Lorem Lorem ipsum dolor sit amet consectet?","tab_content":"Lorem ipsum dolor sit amet, consectetur adipiscing elit. Ut elit tellus, luctus nec ullamcorper mattis, pulvinar dapibus leo.","_id":"5978076"},{"tab_title":"Lorem Lorem ipsum dolor sit amet consectet?","tab_content":"Lorem ipsum dolor sit amet, consectetur adipiscing elit. Ut elit tellus, luctus nec ullamcorper mattis, pulvinar dapibus leo.","_id":"48c1ded"},{"tab_title":"Lorem Lorem ipsum dolor sit amet consectet?","tab_content":"Lorem ipsum dolor sit amet, consectetur adipiscing elit. Ut elit tellus, luctus nec ullamcorper mattis, pulvinar dapibus leo.","_id":"a291e81"}],"selected_icon":{"value":{"id":54,"url":"http:\/\/localhost\/dieuhau\/wp-content\/uploads\/2021\/06\/Plus-icon.svg"},"library":"svg"},"selected_active_icon":{"value":{"id":55,"url":"http:\/\/localhost\/dieuhau\/wp-content\/uploads\/2021\/06\/Minus.svg"},"library":"svg"},"border_width":{"unit":"px","size":"1","sizes":[]},"border_color":"#000000","space_between":{"unit":"px","size":"0","sizes":[]},"title_color":"#000000","tab_active_color":"#000000","title_typography_typography":"custom","title_typography_font_family":"Roboto","title_typography_font_size":{"unit":"px","size":"16","sizes":[]},"title_typography_font_weight":"400","title_typography_text_transform":"capitalize","title_typography_font_style":"normal","title_typography_line_height":{"unit":"em","size":"1","sizes":[]},"title_padding":{"unit":"px","top":"20","right":"0","bottom":"20","left":"0","isLinked":""},"icon_align":"right","icon_color":"#000000","icon_active_color":"#000000","content_color":"rgba(0, 0, 0, 0.56)","content_typography_typography":"custom","content_typography_font_family":"Roboto","content_typography_font_size":{"unit":"px","size":"16","sizes":[]},"content_typography_font_weight":"300","content_typography_line_height":{"unit":"em","size":"1.5","sizes":[]},"content_padding":{"unit":"%","top":"0","right":"62","bottom":"2","left":"0","isLinked":""},"content_typography_font_style":"italic","content_padding_tablet":{"unit":"px","top":"0","right":"0","bottom":"20","left":"0","isLinked":""}},"elements":[],"isInner":false,"widgetType":"toggle","elType":"widget"}],"isInner":"","elType":"column"}],"isInner":"","elType":"section"},{"id":"654f8950","settings":{"layout":"full_width","height":"min-height","custom_height":{"unit":"px","size":"415","sizes":[]},"column_position":"stretch","background_color":"#FFFFFF","border_color":"#000000","custom_height_tablet":{"unit":"px","size":"350","sizes":[]},"custom_height_mobile":{"unit":"px","size":"400","sizes":[]},"border_border":"solid","border_width":{"unit":"px","top":"1","right":"0","bottom":"0","left":"0","isLinked":""},"margin":{"unit":"%","top":"10","right":"0","bottom":"0","left":"0","isLinked":""},"_title":"CTA","_timestamp_":"v1Smpyb2xHWDFzTnAyd291dVQ4THc0UT09"},"elements":[{"id":"38055512","settings":{"_column_size":"100","content_position":"center"},"elements":[{"id":"4e16b4e3","settings":{"content_width":{"unit":"px","size":"650","sizes":[]}},"elements":[{"id":"39a2f1fd","settings":{"_column_size":"100","space_between_widgets":"0","padding":{"unit":"px","top":"0","right":"0","bottom":"0","left":"0","isLinked":"1"},"padding_mobile":{"unit":"%","top":"0","right":"5","bottom":"0","left":"5","isLinked":""}},"elements":[{"id":"7058feb9","settings":{"title":"Free Trial Classes","align":"center","title_color":"#000000","typography_typography":"custom","typography_font_family":"Fahkwang","typography_font_size":{"unit":"px","size":"60","sizes":[]},"typography_font_weight":"600","typography_text_transform":"capitalize","typography_line_height":{"unit":"em","size":"1","sizes":[]},"typography_font_size_tablet":{"unit":"px","size":"45","sizes":[]},"typography_font_size_mobile":{"unit":"px","size":"35","sizes":[]}},"elements":[],"isInner":false,"widgetType":"heading","elType":"widget"},{"id":"5f8e1e50","settings":{"editor":"Not sure if we are a good match for you or which style you want to learn? Free trial classes are available and may be taken once per style. For more information get in touch","align":"center","text_color":"#000000","typography_typography":"custom","typography_font_family":"Roboto","typography_font_size":{"unit":"px","size":"16","sizes":[]},"typography_font_weight":"400","typography_line_height":{"unit":"em","size":"1.4","sizes":[]},"_margin":{"unit":"px","top":"30","right":"0","bottom":"60","left":"0","isLinked":""},"_margin_mobile":{"unit":"px","top":"20","right":"0","bottom":"35","left":"0","isLinked":""}},"elements":[],"isInner":false,"widgetType":"text-editor","elType":"widget"},{"id":"505d87b9","settings":{"text":"Contact Us","align":"center","typography_typography":"custom","typography_font_family":"Roboto","typography_font_size":{"unit":"px","size":"16","sizes":[]},"typography_font_weight":"400","typography_text_transform":"capitalize","typography_line_height":{"unit":"em","size":"1","sizes":[]},"button_text_color":"#FFFFFF","background_color":"#000000","hover_color":"#000000","button_background_hover_color":"#FFFFFF00","border_border":"solid","border_width":{"unit":"px","top":"1","right":"1","bottom":"1","left":"1","isLinked":"1"},"border_color":"#000000","border_radius":{"unit":"px","top":"0","right":"0","bottom":"0","left":"0","isLinked":"1"},"text_padding":{"unit":"px","top":"20","right":"65","bottom":"20","left":"65","isLinked":""},"text_padding_mobile":{"unit":"px","top":"15","right":"50","bottom":"15","left":"50","isLinked":""}},"elements":[],"isInner":false,"widgetType":"button","elType":"widget"}],"isInner":"1","elType":"column"}],"isInner":"1","elType":"section"}],"isInner":"","elType":"column"}],"isInner":"","elType":"section"}],"page_settings":{"background_background":"classic","background_color":"#F2EFEC"},"version":"0.4","title":"DanceStudio-pricing-page","type":"page"}