{"content":[{"id":"715540a2","settings":{"layout":"full_width","height":"min-height","custom_height":{"unit":"vh","size":"7","sizes":[]},"column_position":"stretch","margin":{"unit":"px","top":"","right":"0","bottom":"","left":"0","isLinked":"1"},"padding":{"unit":"%","top":"0","right":"5","bottom":"0","left":"5","isLinked":""},"border_color":"#000000","custom_height_tablet":{"unit":"vh","size":"5","sizes":[]},"_title":"Contact Us","_timestamp_":"v1Smpyb2xHWDFzTnAyd291dVQ4THc0UT09"},"elements":[{"id":"6b2f9dc6","settings":{"_column_size":"100","space_between_widgets":"0","padding":{"unit":"px","top":"0","right":"0","bottom":"0","left":"0","isLinked":"1"},"content_position":"center"},"elements":[{"id":"2bfb0eb0","settings":{"title":"Contact Us","title_color":"#000000","typography_typography":"custom","typography_font_family":"Roboto","typography_font_size":{"unit":"px","size":"25","sizes":[]},"typography_font_weight":"400","typography_text_transform":"capitalize","typography_font_size_tablet":{"unit":"px","size":"20","sizes":[]},"typography_font_size_mobile":{"unit":"px","size":"18","sizes":[]},"header_size":"h4"},"elements":[],"isInner":false,"widgetType":"heading","elType":"widget"}],"isInner":"","elType":"column"}],"isInner":"","elType":"section"},{"id":"137200e","settings":{"layout":"full_width","height":"min-height","custom_height":{"unit":"vh","size":"30","sizes":[]},"column_position":"stretch","border_border":"solid","border_width":{"unit":"px","top":"1","right":"0","bottom":"1","left":"0","isLinked":""},"border_color":"#000000","margin":{"unit":"px","top":"","right":"0","bottom":"","left":"0","isLinked":"1"},"padding":{"unit":"%","top":"0","right":"5","bottom":"0","left":"5","isLinked":""},"custom_height_tablet":{"unit":"vh","size":"20","sizes":[]},"custom_height_mobile":{"unit":"vh","size":"15","sizes":[]},"gap":"no","_title":"MAin Headline","_timestamp_":"v1Smpyb2xHWDFzTnAyd291dVQ4THc0UT09"},"elements":[{"id":"293bfa5d","settings":{"_column_size":"100","content_position":"center","padding":{"unit":"px","top":"0","right":"0","bottom":"0","left":"0","isLinked":"1"}},"elements":[{"id":"3b1b2f28","settings":{"title":"We'd Love To Dance With You","title_color":"#000000","typography_typography":"custom","typography_font_family":"Fahkwang","typography_font_size":{"unit":"vw","size":"6.7","sizes":[]},"typography_font_weight":"600","typography_text_transform":"capitalize","typography_font_size_tablet":{"unit":"vw","size":"9","sizes":[]},"typography_font_size_mobile":{"unit":"vw","size":"10","sizes":[]},"typography_letter_spacing":{"unit":"px","size":"0","sizes":[]},"header_size":"h1","align_tablet":"left","align_mobile":"left","typography_font_style":"normal","typography_text_decoration":"none","typography_line_height":{"unit":"em","size":"1","sizes":[]}},"elements":[],"isInner":false,"widgetType":"heading","elType":"widget"}],"isInner":"","elType":"column"}],"isInner":"","elType":"section"},{"id":"11ae5ac9","settings":{"layout":"full_width","height":"min-height","custom_height":{"unit":"px","size":"210","sizes":[]},"column_position":"stretch","structure":"20","padding":{"unit":"%","top":"0","right":"5","bottom":"0","left":"5","isLinked":""},"border_border":"solid","border_width":{"unit":"px","top":"0","right":"0","bottom":"1","left":"0","isLinked":""},"border_color":"#000000","border_width_tablet":{"unit":"px","top":"0","right":"0","bottom":"0","left":"0","isLinked":"1"},"_title":"Contact Info","margin_mobile":{"unit":"px","top":"","right":"0","bottom":"","left":"0","isLinked":"1"},"padding_tablet":{"unit":"%","top":"0","right":"5","bottom":"0","left":"5","isLinked":""},"_timestamp_":"v1Smpyb2xHWDFzTnAyd291dVQ4THc0UT09"},"elements":[{"id":"13a48f86","settings":{"_column_size":"50","content_position":"center","padding":{"unit":"px","top":"0","right":"0","bottom":"0","left":"0","isLinked":"1"},"_inline_size_tablet":"100","content_position_tablet":"bottom","_inline_size":"59.96"},"elements":[{"id":"7abec789","settings":{"structure":"30","margin_tablet":{"unit":"%","top":"5","right":"0","bottom":"5","left":"0","isLinked":"1"},"margin_mobile":{"unit":"%","top":"20","right":"0","bottom":"20","left":"0","isLinked":"1"}},"elements":[{"id":"168254a5","settings":{"_column_size":"33","padding":{"unit":"px","top":"0","right":"0","bottom":"0","left":"0","isLinked":"1"},"content_position":"top","_inline_size_tablet":"100"},"elements":[{"id":"7e7c33ec","settings":{"title":"Contact info","title_color":"#000000","typography_typography":"custom","typography_font_family":"Fahkwang","typography_font_size":{"unit":"px","size":"30","sizes":[]},"typography_font_weight":"600","typography_text_transform":"capitalize","typography_line_height":{"unit":"em","size":"1","sizes":[]},"align_tablet":"center","typography_font_size_tablet":{"unit":"px","size":"30","sizes":[]},"typography_font_size_mobile":{"unit":"px","size":"30","sizes":[]},"header_size":"h3"},"elements":[],"isInner":false,"widgetType":"heading","elType":"widget"},{"id":"6488b9f8","settings":{"icon_list":[{"text":"Phone: (253) 948-4951","selected_icon":{"value":"","library":""},"_id":"bdc64c1"},{"text":"Email: info@810dancefloor.net","selected_icon":{"value":"","library":""},"_id":"736a4a1"}],"space_between":{"unit":"px","size":"10","sizes":[]},"icon_align":"left","icon_size":{"unit":"px","size":"0","sizes":[]},"text_color":"#000000","icon_typography_typography":"custom","icon_typography_font_family":"Roboto","icon_typography_font_size":{"unit":"px","size":"16","sizes":[]},"icon_typography_font_weight":"400","icon_typography_text_transform":"none","icon_typography_line_height":{"unit":"em","size":"1","sizes":[]},"icon_align_tablet":"center"},"elements":[],"isInner":false,"widgetType":"icon-list","elType":"widget"}],"isInner":"1","elType":"column"},{"id":"1e74ec90","settings":{"_column_size":"33","padding":{"unit":"px","top":"0","right":"0","bottom":"0","left":"0","isLinked":"1"},"content_position":"top","_inline_size_tablet":"100","margin_tablet":{"unit":"%","top":"5","right":"0","bottom":"5","left":"0","isLinked":""},"margin_mobile":{"unit":"%","top":"15","right":"0","bottom":"15","left":"0","isLinked":""}},"elements":[{"id":"3b45722d","settings":{"title":"Studio Address","title_color":"#000000","typography_typography":"custom","typography_font_family":"Fahkwang","typography_font_size":{"unit":"px","size":"30","sizes":[]},"typography_font_weight":"600","typography_text_transform":"capitalize","typography_line_height":{"unit":"em","size":"1","sizes":[]},"align_tablet":"center","typography_font_size_tablet":{"unit":"px","size":"30","sizes":[]},"typography_font_size_mobile":{"unit":"px","size":"30","sizes":[]},"header_size":"h3"},"elements":[],"isInner":false,"widgetType":"heading","elType":"widget"},{"id":"6f19fbcd","settings":{"icon_list":[{"text":"810  Horizon Circle, Tacoma","selected_icon":{"value":"","library":""},"_id":"bdc64c1"},{"text":"Washington D.C. 98491","selected_icon":{"value":"","library":""},"_id":"736a4a1"}],"space_between":{"unit":"px","size":"10","sizes":[]},"icon_align":"left","icon_size":{"unit":"px","size":"0","sizes":[]},"text_color":"#000000","icon_typography_typography":"custom","icon_typography_font_family":"Roboto","icon_typography_font_size":{"unit":"px","size":"16","sizes":[]},"icon_typography_font_weight":"400","icon_typography_text_transform":"none","icon_typography_line_height":{"unit":"em","size":"1","sizes":[]},"icon_align_tablet":"center"},"elements":[],"isInner":false,"widgetType":"icon-list","elType":"widget"}],"isInner":"1","elType":"column"},{"id":"53e1c2c5","settings":{"_column_size":"33","padding":{"unit":"px","top":"0","right":"0","bottom":"0","left":"0","isLinked":"1"},"content_position":"top","_inline_size_tablet":"100"},"elements":[{"id":"6b153eec","settings":{"title":"Opening Hours","title_color":"#000000","typography_typography":"custom","typography_font_family":"Fahkwang","typography_font_size":{"unit":"px","size":"30","sizes":[]},"typography_font_weight":"600","typography_text_transform":"capitalize","typography_line_height":{"unit":"em","size":"1","sizes":[]},"align_tablet":"center","typography_font_size_tablet":{"unit":"px","size":"30","sizes":[]},"typography_font_size_mobile":{"unit":"px","size":"30","sizes":[]},"header_size":"h3"},"elements":[],"isInner":false,"widgetType":"heading","elType":"widget"},{"id":"2aa08df8","settings":{"icon_list":[{"text":"Monday - Friday 9am - 10pm","selected_icon":{"value":"","library":""},"_id":"bdc64c1"},{"text":"Saturday 10am - 8pm","selected_icon":{"value":"","library":""},"_id":"736a4a1"}],"space_between":{"unit":"px","size":"10","sizes":[]},"icon_align":"left","icon_size":{"unit":"px","size":"0","sizes":[]},"text_color":"#000000","icon_typography_typography":"custom","icon_typography_font_family":"Roboto","icon_typography_font_size":{"unit":"px","size":"16","sizes":[]},"icon_typography_font_weight":"400","icon_typography_text_transform":"none","icon_typography_line_height":{"unit":"em","size":"1","sizes":[]},"icon_align_tablet":"center"},"elements":[],"isInner":false,"widgetType":"icon-list","elType":"widget"}],"isInner":"1","elType":"column"}],"isInner":"1","elType":"section"}],"isInner":"","elType":"column"},{"id":"29b891cc","settings":{"_column_size":"50","content_position":"top","padding":{"unit":"%","top":"","right":"","bottom":"","left":"","isLinked":"1"},"border_border":"solid","border_width":{"unit":"px","top":"0","right":"0","bottom":"0","left":"1","isLinked":""},"border_color":"#000000","_inline_size_tablet":"100","content_position_tablet":"top","border_width_tablet":{"unit":"px","top":"0","right":"0","bottom":"0","left":"0","isLinked":"1"},"padding_tablet":{"unit":"%","top":"5","right":"5","bottom":"0","left":"5","isLinked":""},"_inline_size":"40"},"elements":[{"id":"3353b2ce","settings":{"space_tablet":{"unit":"px","size":"0","sizes":[]}},"elements":[],"isInner":false,"widgetType":"spacer","elType":"widget"}],"isInner":"","elType":"column"}],"isInner":"","elType":"section"},{"id":"3170a4e2","settings":{"layout":"full_width","height":"min-height","custom_height":{"unit":"px","size":"650","sizes":[]},"column_position":"stretch","structure":"20","padding":{"unit":"%","top":"0","right":"0","bottom":"0","left":"5","isLinked":""},"border_width":{"unit":"px","top":"0","right":"0","bottom":"0","left":"0","isLinked":""},"border_color":"#000000","border_width_tablet":{"unit":"px","top":"1","right":"0","bottom":"0","left":"0","isLinked":""},"_title":"Form + Map","margin_mobile":{"unit":"%","top":"0","right":"0","bottom":"0","left":"0","isLinked":"1"},"padding_tablet":{"unit":"%","top":"10","right":"5","bottom":"0","left":"5","isLinked":""},"border_border":"solid","_timestamp_":"v1Smpyb2xHWDFzTnAyd291dVQ4THc0UT09"},"elements":[{"id":"42290c3","settings":{"_column_size":"50","content_position":"center","padding":{"unit":"%","top":"0","right":"25","bottom":"0","left":"0","isLinked":""},"_inline_size_tablet":"100","content_position_tablet":"bottom","_inline_size":"56.78","space_between_widgets":"65","padding_tablet":{"unit":"px","top":"0","right":"0","bottom":"0","left":"0","isLinked":"1"}},"elements":[{"id":"43124e1d","settings":{"title":"For all inquiries and booking please\n<br>call or fill out the form below","title_color":"#000000","typography_typography":"custom","typography_font_family":"Fahkwang","typography_font_size":{"unit":"px","size":"30","sizes":[]},"typography_font_weight":"600","typography_text_transform":"capitalize","typography_line_height":{"unit":"em","size":"1","sizes":[]},"align_tablet":"center","typography_font_size_tablet":{"unit":"px","size":"30","sizes":[]},"typography_font_size_mobile":{"unit":"px","size":"30","sizes":[]},"header_size":"h3"},"elements":[],"isInner":false,"widgetType":"heading","elType":"widget"},{"id":"16ccdc83","settings":{"form_name":"New Form","form_fields":[{"custom_id":"name","field_label":"First Name","width":"50","_id":"70dbdd2","rows":"4","file_sizes":"","file_types":"","allow_multiple_upload":"","max_files":"","acceptance_text":"","checked_by_default":"","field_min":"","field_max":"","min_date":"","max_date":"","use_native_date":"","use_native_time":"","previous_button":"","next_button":""},{"custom_id":"field_f2064fc","field_label":"Last Name","width":"50","rows":"4","_id":"f2064fc","file_sizes":"","file_types":"","allow_multiple_upload":"","max_files":"","acceptance_text":"","checked_by_default":"","field_min":"","field_max":"","min_date":"","max_date":"","use_native_date":"","use_native_time":"","previous_button":"","next_button":""},{"custom_id":"email","field_type":"email","field_label":"Email","width":"50","_id":"1c1aeb6","rows":"4","file_sizes":"","file_types":"","allow_multiple_upload":"","max_files":"","acceptance_text":"","checked_by_default":"","field_min":"","field_max":"","min_date":"","max_date":"","use_native_date":"","use_native_time":"","previous_button":"","next_button":""},{"custom_id":"field_61d2de4","field_type":"tel","field_label":"Phone Number","width":"50","rows":"4","_id":"61d2de4","file_sizes":"","file_types":"","allow_multiple_upload":"","max_files":"","acceptance_text":"","checked_by_default":"","field_min":"","field_max":"","min_date":"","max_date":"","use_native_date":"","use_native_time":"","previous_button":"","next_button":""},{"custom_id":"message","field_type":"textarea","field_label":"Message","_id":"ac42c58","rows":"4","file_sizes":"","file_types":"","allow_multiple_upload":"","max_files":"","acceptance_text":"","checked_by_default":"","field_min":"","field_max":"","min_date":"","max_date":"","use_native_date":"","use_native_time":"","previous_button":"","next_button":""}],"button_align":"center","step_next_label":"Next","step_previous_label":"Previous","button_text":"Submit","email_content":"[all-fields]","email_content_2":"[all-fields]","success_message":"The form was sent successfully.","error_message":"An error occured.","required_field_message":"This field is required.","invalid_message":"There's something wrong. The form is invalid.","column_gap":{"unit":"px","size":"80","sizes":[]},"row_gap":{"unit":"px","size":"30","sizes":[]},"label_color":"#000000","label_typography_typography":"custom","label_typography_font_family":"Roboto","label_typography_font_size":{"unit":"px","size":"16","sizes":[]},"label_typography_font_weight":"400","label_typography_text_transform":"capitalize","label_typography_line_height":{"unit":"em","size":"1","sizes":[]},"field_text_color":"#000000","field_typography_font_family":"Roboto","field_typography_font_size":{"unit":"px","size":"16","sizes":[]},"field_typography_font_weight":"400","field_typography_text_transform":"capitalize","field_typography_line_height":{"unit":"em","size":"1","sizes":[]},"field_background_color":"rgba(255, 255, 255, 0)","field_border_color":"#000000","field_border_width":{"unit":"px","top":"0","right":"0","bottom":"1","left":"0","isLinked":""},"field_border_radius":{"unit":"px","top":"0","right":"0","bottom":"0","left":"0","isLinked":"1"},"button_typography_typography":"custom","button_typography_font_family":"Roboto","button_typography_font_size":{"unit":"px","size":"16","sizes":[]},"button_typography_font_weight":"400","button_typography_text_transform":"capitalize","button_typography_line_height":{"unit":"em","size":"1","sizes":[]},"button_background_color":"#000000","button_text_color":"#FFFFFF","previous_button_text_color":"#FFFFFF","button_border_radius":{"unit":"px","top":"0","right":"0","bottom":"0","left":"0","isLinked":"1"},"button_text_padding":{"unit":"px","top":"20","right":"65","bottom":"20","left":"65","isLinked":""},"message_typography_typography":"custom","message_typography_font_family":"Roboto","message_typography_font_size":{"unit":"px","size":"16","sizes":[]},"message_typography_font_weight":"400","message_typography_line_height":{"unit":"em","size":"1.5","sizes":[]},"success_message_color":"#000000","error_message_color":"#000000","inline_message_color":"#000000","button_border_border":"solid","button_border_width":{"unit":"px","top":"1","right":"1","bottom":"1","left":"1","isLinked":"1"},"button_border_color":"#000000","button_background_hover_color":"#F2EFEC","button_hover_color":"#000000","button_hover_border_color":"#000000"},"elements":[],"isInner":false,"widgetType":"form","elType":"widget"}],"isInner":"","elType":"column"},{"id":"68e31748","settings":{"_column_size":"50","content_position":"top","padding":{"unit":"%","top":"0","right":"0","bottom":"0","left":"0","isLinked":"1"},"border_border":"solid","border_width":{"unit":"px","top":"0","right":"0","bottom":"0","left":"1","isLinked":""},"border_color":"#000000","_inline_size_tablet":"100","content_position_tablet":"top","border_width_tablet":{"unit":"px","top":"0","right":"0","bottom":"0","left":"0","isLinked":"1"},"padding_tablet":{"unit":"%","top":"","right":"","bottom":"","left":"","isLinked":"1"},"_inline_size":"43.18","margin_tablet":{"unit":"%","top":"15","right":"0","bottom":"15","left":"0","isLinked":""}},"elements":[{"id":"1451b533","settings":{"address":"Washington DC","height":{"unit":"px","size":"650","sizes":[]},"css_filters_css_filter":"custom","css_filters_saturate":{"unit":"px","size":"0","sizes":[]},"height_mobile":{"unit":"px","size":"450","sizes":[]}},"elements":[],"isInner":false,"widgetType":"google_maps","elType":"widget"}],"isInner":"","elType":"column"}],"isInner":"","elType":"section"}],"page_settings":{"background_background":"classic","background_color":"#F2EFEC"},"version":"0.4","title":"DanceStudio-contact-page","type":"page"}