{"content":[{"id":"28db4bb","settings":{"layout":"full_width","height":"min-height","custom_height":{"unit":"vh","size":"7","sizes":[]},"column_position":"stretch","margin":{"unit":"px","top":"","right":"0","bottom":"","left":"0","isLinked":"1"},"padding":{"unit":"%","top":"0","right":"5","bottom":"0","left":"5","isLinked":""},"border_color":"#000000","custom_height_tablet":{"unit":"vh","size":"5","sizes":[]},"_title":"About","_timestamp_":"v1Smpyb2xHWDFzTnAyd291dVQ4THc0UT09"},"elements":[{"id":"686d7a9c","settings":{"_column_size":"100","space_between_widgets":"0","padding":{"unit":"px","top":"0","right":"0","bottom":"0","left":"0","isLinked":"1"},"content_position":"center"},"elements":[{"id":"a153328","settings":{"title":"About","title_color":"#000000","typography_typography":"custom","typography_font_family":"Roboto","typography_font_size":{"unit":"px","size":"25","sizes":[]},"typography_font_weight":"400","typography_text_transform":"capitalize","typography_font_size_tablet":{"unit":"px","size":"20","sizes":[]},"typography_font_size_mobile":{"unit":"px","size":"18","sizes":[]},"header_size":"h4","align_mobile":"left"},"elements":[],"isInner":false,"widgetType":"heading","elType":"widget"}],"isInner":"","elType":"column"}],"isInner":"","elType":"section"},{"id":"47ef8f3c","settings":{"layout":"full_width","height":"min-height","custom_height":{"unit":"vh","size":"20","sizes":[]},"column_position":"stretch","border_border":"solid","border_width":{"unit":"px","top":"1","right":"0","bottom":"1","left":"0","isLinked":""},"border_color":"#000000","margin":{"unit":"px","top":"","right":"0","bottom":"","left":"0","isLinked":"1"},"padding":{"unit":"%","top":"0","right":"5","bottom":"0","left":"5","isLinked":""},"custom_height_tablet":{"unit":"vh","size":"12","sizes":[]},"custom_height_mobile":{"unit":"vh","size":"15","sizes":[]},"gap":"no","_title":"The Studio Headline","_timestamp_":"v1Smpyb2xHWDFzTnAyd291dVQ4THc0UT09"},"elements":[{"id":"1a35046e","settings":{"_column_size":"100","content_position":"center","padding":{"unit":"px","top":"0","right":"0","bottom":"0","left":"0","isLinked":"1"}},"elements":[{"id":"2c44192c","settings":{"title":"The Studio","align":"left","title_color":"#000000","typography_typography":"custom","typography_font_family":"Fahkwang","typography_font_size":{"unit":"vw","size":"6.7","sizes":[]},"typography_font_weight":"600","typography_text_transform":"capitalize","typography_font_size_tablet":{"unit":"vw","size":"9","sizes":[]},"typography_font_size_mobile":{"unit":"vw","size":"12","sizes":[]},"typography_letter_spacing":{"unit":"px","size":"3","sizes":[]},"_padding":{"unit":"px","top":"0","right":"0","bottom":"0","left":"0","isLinked":""},"typography_letter_spacing_mobile":{"unit":"px","size":"1","sizes":[]},"header_size":"h1","align_mobile":"left","typography_letter_spacing_tablet":{"unit":"px","size":"2","sizes":[]}},"elements":[],"isInner":false,"widgetType":"heading","elType":"widget"}],"isInner":"","elType":"column"}],"isInner":"","elType":"section"},{"id":"9e32463","settings":{"layout":"full_width","height":"min-height","custom_height":{"unit":"vh","size":"63","sizes":[]},"column_position":"stretch","border_border":"solid","border_width":{"unit":"px","top":"0","right":"0","bottom":"1","left":"0","isLinked":""},"border_color":"#000000","custom_height_tablet":{"unit":"vh","size":"40","sizes":[]},"custom_height_mobile":{"unit":"vh","size":"70","sizes":[]},"_title":"Main Hero Picture","background_background":"classic","background_image":{"id":23,"url":"http:\/\/localhost\/dieuhau\/wp-content\/uploads\/2021\/06\/About-Main-Pic.png"},"background_position":"center center","background_repeat":"no-repeat","background_size":"cover","_timestamp_":"v1Smpyb2xHWDFzTnAyd291dVQ4THc0UT09"},"elements":[{"id":"2be912f8","settings":{"_column_size":"100","padding":{"unit":"px","top":"0","right":"0","bottom":"0","left":"0","isLinked":"1"},"background_position":"center center","background_repeat":"no-repeat","background_size":"cover"},"elements":[],"isInner":"","elType":"column"}],"isInner":"","elType":"section"},{"id":"8c7103d","settings":{"layout":"full_width","height":"min-height","custom_height":{"unit":"px","size":"700","sizes":[]},"column_position":"stretch","structure":"20","border_border":"solid","border_width":{"unit":"px","top":"0","right":"0","bottom":"1","left":"0","isLinked":""},"border_color":"#000000","margin":{"unit":"%","top":"","right":"0","bottom":"","left":"0","isLinked":"1"},"padding":{"unit":"%","top":"0","right":"0","bottom":"0","left":"5","isLinked":""},"padding_tablet":{"unit":"%","top":"0","right":"5","bottom":"0","left":"5","isLinked":""},"border_width_mobile":{"unit":"px","top":"0","right":"0","bottom":"0","left":"0","isLinked":"1"},"margin_tablet":{"unit":"%","top":"0","right":"0","bottom":"0","left":"0","isLinked":"1"},"margin_mobile":{"unit":"%","top":"","right":"0","bottom":"","left":"0","isLinked":"1"},"reverse_order_tablet":"reverse-tablet","reverse_order_mobile":"reverse-mobile","_title":"Our Story","_timestamp_":"v1Smpyb2xHWDFzTnAyd291dVQ4THc0UT09"},"elements":[{"id":"13a179c2","settings":{"_column_size":"50","_inline_size":"40.008","content_position":"center","border_border":"solid","border_width":{"unit":"px","top":"0","right":"1","bottom":"0","left":"0","isLinked":""},"border_color":"#000000","padding":{"unit":"%","top":"10","right":"15","bottom":"10","left":"0","isLinked":""},"_inline_size_tablet":"100","background_background":"classic","background_position":"center center","background_repeat":"no-repeat","background_size":"cover","border_width_tablet":{"unit":"px","top":"0","right":"0","bottom":"0","left":"0","isLinked":"1"},"margin":{"unit":"%","top":"","right":"","bottom":"","left":"","isLinked":"1"},"padding_tablet":{"unit":"%","top":"5","right":"0","bottom":"5","left":"0","isLinked":""},"margin_mobile":{"unit":"%","top":"","right":"","bottom":"","left":"","isLinked":"1"},"padding_mobile":{"unit":"px","top":"0","right":"0","bottom":"0","left":"0","isLinked":"1"}},"elements":[{"id":"78d2e5e4","settings":{"image":{"id":24,"url":"http:\/\/localhost\/dieuhau\/wp-content\/uploads\/2021\/06\/Our-Story.png"},"image_size":"full","align":"center","align_tablet":"center","_border_width_tablet":{"unit":"px","top":"0","right":"0","bottom":"1","left":"0","isLinked":""}},"elements":[],"isInner":false,"widgetType":"image","elType":"widget"}],"isInner":"","elType":"column"},{"id":"83d7ded","settings":{"_column_size":"50","_inline_size":"60","content_position":"center","space_between_widgets":"40","padding":{"unit":"%","top":"0","right":"30","bottom":"0","left":"20","isLinked":""},"_inline_size_tablet":"100","border_width_tablet":{"unit":"px","top":"0","right":"0","bottom":"0","left":"0","isLinked":"1"},"border_color":"#000000","margin_tablet":{"unit":"%","top":"","right":"","bottom":"","left":"","isLinked":"1"},"padding_tablet":{"unit":"%","top":"10","right":"5","bottom":"5","left":"5","isLinked":""},"padding_mobile":{"unit":"%","top":"5","right":"0","bottom":"20","left":"0","isLinked":""},"margin_mobile":{"unit":"%","top":"10","right":"0","bottom":"0","left":"0","isLinked":""}},"elements":[{"id":"40eb099b","settings":{"title":"Our Story","title_color":"#000000","typography_typography":"custom","typography_font_family":"Fahkwang","typography_font_size":{"unit":"px","size":"60","sizes":[]},"typography_font_weight":"600","typography_text_transform":"capitalize","typography_line_height":{"unit":"em","size":"1","sizes":[]},"align_tablet":"center","typography_font_size_tablet":{"unit":"px","size":"45","sizes":[]},"typography_font_size_mobile":{"unit":"px","size":"35","sizes":[]},"align_mobile":"center"},"elements":[],"isInner":false,"widgetType":"heading","elType":"widget"},{"id":"6d9082f1","settings":{"editor":"Lorem ipsum dolor sit amet, consectet adipiscing\u00a0elit,sed do eiusm por incididunt ut labore et dolore magna aliqua. Ut enim ad minim veniam, quis nostrud exercitation ullamco laboris nisi ut aliquip ex ea sint occaecat cupidatat non proident, sunt in culpa qui officia mollit natoque consequat massa quis enim. \n<br>\n<br>\nNam quam nunc, blandit vel, ridiculus mus. Donec quam Lorem ipsum dolor sit amet, consectet adipiscing\u00a0elit,sed do eiusm por incididunt ut labore et dolore magna aliqua. ","text_color":"#000000","typography_typography":"custom","typography_font_family":"Roboto","typography_font_size":{"unit":"px","size":"16","sizes":[]},"typography_font_weight":"400","typography_line_height":{"unit":"em","size":"1.4","sizes":[]},"align_tablet":"center","align_mobile":"center"},"elements":[],"isInner":false,"widgetType":"text-editor","elType":"widget"}],"isInner":"","elType":"column"}],"isInner":"","elType":"section"},{"id":"3fc5b00f","settings":{"layout":"full_width","height":"min-height","custom_height":{"unit":"px","size":"700","sizes":[]},"column_position":"stretch","structure":"20","border_border":"solid","border_width":{"unit":"px","top":"0","right":"0","bottom":"1","left":"0","isLinked":""},"border_color":"#000000","margin":{"unit":"%","top":"","right":"0","bottom":"","left":"0","isLinked":"1"},"padding":{"unit":"%","top":"0","right":"0","bottom":"0","left":"5","isLinked":""},"padding_tablet":{"unit":"%","top":"0","right":"5","bottom":"0","left":"5","isLinked":""},"margin_mobile":{"unit":"%","top":"15","right":"0","bottom":"0","left":"0","isLinked":""},"border_width_mobile":{"unit":"px","top":"1","right":"0","bottom":"1","left":"0","isLinked":""},"margin_tablet":{"unit":"%","top":"","right":"0","bottom":"","left":"0","isLinked":"1"},"padding_mobile":{"unit":"%","top":"0","right":"5","bottom":"15","left":"5","isLinked":""},"reverse_order_tablet":"reverse-tablet","reverse_order_mobile":"reverse-mobile","_title":"Mission Statement","_timestamp_":"v1Smpyb2xHWDFzTnAyd291dVQ4THc0UT09"},"elements":[{"id":"1c9ad81e","settings":{"_column_size":"50","_inline_size":"40.008","content_position":"center","border_border":"solid","border_width":{"unit":"px","top":"0","right":"1","bottom":"0","left":"0","isLinked":""},"border_color":"#000000","padding":{"unit":"%","top":"10","right":"15","bottom":"10","left":"0","isLinked":""},"_inline_size_tablet":"100","background_background":"classic","background_position":"center center","background_repeat":"no-repeat","background_size":"cover","border_width_tablet":{"unit":"px","top":"0","right":"0","bottom":"0","left":"0","isLinked":"1"},"margin":{"unit":"%","top":"","right":"","bottom":"","left":"","isLinked":"1"},"padding_tablet":{"unit":"%","top":"5","right":"0","bottom":"5","left":"0","isLinked":""},"margin_mobile":{"unit":"%","top":"","right":"","bottom":"","left":"","isLinked":"1"},"padding_mobile":{"unit":"%","top":"0","right":"0","bottom":"0","left":"0","isLinked":""}},"elements":[{"id":"3a33ae39","settings":{"image":{"id":25,"url":"http:\/\/localhost\/dieuhau\/wp-content\/uploads\/2021\/06\/Our-Classes-home-page.png"},"image_size":"full","align":"center"},"elements":[],"isInner":false,"widgetType":"image","elType":"widget"}],"isInner":"","elType":"column"},{"id":"52b5fbd9","settings":{"_column_size":"50","_inline_size":"60","content_position":"center","space_between_widgets":"40","padding":{"unit":"%","top":"0","right":"30","bottom":"0","left":"20","isLinked":""},"_inline_size_tablet":"100","padding_tablet":{"unit":"%","top":"10","right":"5","bottom":"5","left":"5","isLinked":""},"padding_mobile":{"unit":"%","top":"15","right":"0","bottom":"20","left":"0","isLinked":""}},"elements":[{"id":"9fea574","settings":{"title":"Mission Statement","title_color":"#000000","typography_typography":"custom","typography_font_family":"Fahkwang","typography_font_size":{"unit":"px","size":"60","sizes":[]},"typography_font_weight":"600","typography_text_transform":"capitalize","typography_line_height":{"unit":"em","size":"1","sizes":[]},"align_tablet":"center","typography_font_size_tablet":{"unit":"px","size":"45","sizes":[]},"typography_font_size_mobile":{"unit":"px","size":"35","sizes":[]},"align_mobile":"center"},"elements":[],"isInner":false,"widgetType":"heading","elType":"widget"},{"id":"5d615482","settings":{"editor":"Lorem ipsum dolor sit amet, consectet adipiscing\u00a0elit,sed do eiusm por incididunt ut labore et dolore magna aliqua. Ut enim ad minim veniam, quis nostrud exercitation ullamco laboris nisi ut aliquip ex ea sint occaecat cupidatat non proident, sunt in culpa qui officia mollit natoque consequat massa quis enim. \n<br>\n<br>\nNam quam nunc, blandit vel, ridiculus mus. Donec quam Lorem ipsum dolor sit amet, consectet adipiscing\u00a0elit,sed do eiusm por incididunt ut labore et dolore magna aliqua. ","text_color":"#000000","typography_typography":"custom","typography_font_family":"Roboto","typography_font_size":{"unit":"px","size":"16","sizes":[]},"typography_font_weight":"400","typography_line_height":{"unit":"em","size":"1.4","sizes":[]},"align_tablet":"center","align_mobile":"center"},"elements":[],"isInner":false,"widgetType":"text-editor","elType":"widget"}],"isInner":"","elType":"column"}],"isInner":"","elType":"section"},{"id":"199bd09f","settings":{"layout":"full_width","height":"min-height","custom_height":{"unit":"px","size":"300","sizes":[]},"column_position":"stretch","structure":"21","padding":{"unit":"%","top":"0","right":"5","bottom":"0","left":"5","isLinked":""},"border_border":"solid","border_width":{"unit":"px","top":"0","right":"0","bottom":"1","left":"0","isLinked":""},"border_color":"#000000","border_width_tablet":{"unit":"px","top":"0","right":"0","bottom":"0","left":"0","isLinked":"1"},"_title":"Instructors Headline","_timestamp_":"v1Smpyb2xHWDFzTnAyd291dVQ4THc0UT09"},"elements":[{"id":"1f765b49","settings":{"_column_size":"33","content_position":"center","padding":{"unit":"px","top":"0","right":"0","bottom":"0","left":"0","isLinked":"1"},"_inline_size_tablet":"100","content_position_tablet":"bottom","_inline_size":"42.207"},"elements":[{"id":"687b0ea7","settings":{"title":"Instructors","align":"left","title_color":"#000000","typography_typography":"custom","typography_font_family":"Fahkwang","typography_font_size":{"unit":"px","size":"60","sizes":[]},"typography_font_weight":"600","typography_text_transform":"capitalize","typography_line_height":{"unit":"em","size":"1","sizes":[]},"align_tablet":"center","typography_font_size_tablet":{"unit":"px","size":"45","sizes":[]},"typography_font_size_mobile":{"unit":"px","size":"35","sizes":[]},"align_mobile":"center"},"elements":[],"isInner":false,"widgetType":"heading","elType":"widget"}],"isInner":"","elType":"column"},{"id":"7614d523","settings":{"_column_size":"66","content_position":"center","padding":{"unit":"%","top":"0","right":"20","bottom":"0","left":"20","isLinked":""},"border_border":"solid","border_width":{"unit":"px","top":"0","right":"0","bottom":"0","left":"1","isLinked":""},"border_color":"#000000","_inline_size_tablet":"100","content_position_tablet":"top","border_width_tablet":{"unit":"px","top":"0","right":"0","bottom":"0","left":"0","isLinked":"1"},"padding_tablet":{"unit":"%","top":"5","right":"5","bottom":"0","left":"5","isLinked":""},"_inline_size":"57.45","padding_mobile":{"unit":"%","top":"","right":"","bottom":"","left":"","isLinked":"1"}},"elements":[{"id":"6b476b51","settings":{"editor":"In-Studio and Virtual Private Lessons are the best way to improve your dancing skills in the shortest period of time. work at your own pace and receive individual attention from our dedicated instructors.","align":"left","text_color":"#000000","typography_typography":"custom","typography_font_family":"Roboto","typography_font_size":{"unit":"px","size":"16","sizes":[]},"typography_font_weight":"400","typography_line_height":{"unit":"em","size":"1.4","sizes":[]},"align_tablet":"center","align_mobile":"left"},"elements":[],"isInner":false,"widgetType":"text-editor","elType":"widget"}],"isInner":"","elType":"column"}],"isInner":"","elType":"section"},{"id":"61c7d633","settings":{"layout":"full_width","height":"min-height","custom_height":{"unit":"px","size":"1130","sizes":[]},"padding":{"unit":"%","top":"0","right":"5","bottom":"0","left":"5","isLinked":""},"_title":"All\u00a0Instructors Headline","_timestamp_":"v1Smpyb2xHWDFzTnAyd291dVQ4THc0UT09"},"elements":[{"id":"3a7d3a6c","settings":{"_column_size":"100","space_between_widgets":"0","padding":{"unit":"px","top":"0","right":"0","bottom":"0","left":"0","isLinked":"1"},"space_between_widgets_tablet":"0"},"elements":[{"id":"493d7cde","settings":{"layout":"full_width","structure":"40","margin":{"unit":"%","top":"0","right":"0","bottom":"5","left":"0","isLinked":""},"margin_tablet":{"unit":"%","top":"0","right":"0","bottom":"10","left":"0","isLinked":""},"margin_mobile":{"unit":"%","top":"0","right":"0","bottom":"15","left":"0","isLinked":""}},"elements":[{"id":"5033d4bf","settings":{"_column_size":"25","space_between_widgets":"0","padding":{"unit":"px","top":"0","right":"20","bottom":"0","left":"0","isLinked":""},"_inline_size_tablet":"50","padding_mobile":{"unit":"px","top":"0","right":"0","bottom":"0","left":"0","isLinked":"1"}},"elements":[{"id":"a798d80","settings":{"graphic_element":"image","image":{"url":"","id":""},"image_size":"full","selected_icon":{"value":"","library":""},"title_text_a":"","description_text_a":"","background_a_background":"classic","background_a_color":"rgba(255, 255, 255, 0)","background_a_image":{"id":"13","url":"http:\/\/localhost\/dieuhau\/wp-content\/uploads\/2021\/06\/Bruce-Collins.png"},"background_a_position":"center center","background_a_repeat":"no-repeat","background_a_size":"cover","title_text_b":"","description_text_b":"Lorem ipsum dolor sit amet, consectet adipiscing\u00a0elit,sed do eiusm por incididunt ut labore et dolore magna aliqua. \nLorem ipsum dolor sit amet, consectet adipiscing\u00a0elit,sed do eiusm por incididunt ut labore et dolore magna aliqua. ","button_text":"","background_b_background":"classic","background_b_color":"rgba(242, 239, 236, 0.8)","height":{"unit":"px","size":"350","sizes":[]},"flip_effect":"fade","vertical_position_a":"middle","description_color_b":"#000000","description_typography_b_typography":"custom","description_typography_b_font_family":"Roboto","description_typography_b_font_size":{"unit":"px","size":"16","sizes":[]},"description_typography_b_font_weight":"400","description_typography_b_line_height":{"unit":"em","size":"1.5","sizes":[]},"description_typography_b_text_transform":"none"},"elements":[],"isInner":false,"widgetType":"flip-box","elType":"widget"},{"id":"19e24d74","settings":{"title":"Hannah Collins","header_size":"h4","align":"center","title_color":"#000000","typography_typography":"custom","typography_font_family":"Roboto","typography_font_size":{"unit":"px","size":"25","sizes":[]},"typography_font_weight":"400","_margin":{"unit":"px","top":"35","right":"0","bottom":"10","left":"0","isLinked":""},"typography_font_size_tablet":{"unit":"px","size":"22","sizes":[]}},"elements":[],"isInner":false,"widgetType":"heading","elType":"widget"},{"id":"4fd34b00","settings":{"editor":"Acrobatic Dance","align":"center","text_color":"#000000","typography_typography":"custom","typography_font_family":"Roboto","typography_font_size":{"unit":"px","size":"16","sizes":[]},"typography_font_weight":"400","typography_line_height":{"unit":"em","size":"1.4","sizes":[]},"_padding":{"unit":"%","top":"","right":"","bottom":"","left":"","isLinked":"1"}},"elements":[],"isInner":false,"widgetType":"text-editor","elType":"widget"}],"isInner":"1","elType":"column"},{"id":"6c576fe6","settings":{"_column_size":"25","space_between_widgets":"0","padding":{"unit":"px","top":"0","right":"20","bottom":"0","left":"020","isLinked":""},"_inline_size_tablet":"50","padding_tablet":{"unit":"px","top":"0","right":"0","bottom":"0","left":"20","isLinked":""},"margin_mobile":{"unit":"%","top":"15","right":"0","bottom":"15","left":"0","isLinked":""},"padding_mobile":{"unit":"px","top":"0","right":"0","bottom":"0","left":"0","isLinked":"1"}},"elements":[{"id":"355b117b","settings":{"graphic_element":"image","image":{"url":"","id":""},"image_size":"full","selected_icon":{"value":"","library":""},"title_text_a":"","description_text_a":"","background_a_background":"classic","background_a_color":"rgba(255, 255, 255, 0)","background_a_image":{"id":"14","url":"http:\/\/localhost\/dieuhau\/wp-content\/uploads\/2021\/06\/Paul-Ward-2.png"},"background_a_position":"center center","background_a_repeat":"no-repeat","background_a_size":"cover","title_text_b":"","description_text_b":"Lorem ipsum dolor sit amet, consectet adipiscing\u00a0elit,sed do eiusm por incididunt ut labore et dolore magna aliqua. \nLorem ipsum dolor sit amet, consectet adipiscing\u00a0elit,sed do eiusm por incididunt ut labore et dolore magna aliqua. ","button_text":"","background_b_background":"classic","background_b_color":"rgba(242, 239, 236, 0.8)","height":{"unit":"px","size":"350","sizes":[]},"flip_effect":"fade","vertical_position_a":"middle","description_color_b":"#000000","description_typography_b_typography":"custom","description_typography_b_font_family":"Roboto","description_typography_b_font_size":{"unit":"px","size":"16","sizes":[]},"description_typography_b_font_weight":"400","description_typography_b_text_transform":"none","description_typography_b_line_height":{"unit":"em","size":"1.5","sizes":[]}},"elements":[],"isInner":false,"widgetType":"flip-box","elType":"widget"},{"id":"1fee7ddd","settings":{"title":"Paul Ward","header_size":"h4","align":"center","title_color":"#000000","typography_typography":"custom","typography_font_family":"Roboto","typography_font_size":{"unit":"px","size":"25","sizes":[]},"typography_font_weight":"400","_margin":{"unit":"px","top":"35","right":"0","bottom":"10","left":"0","isLinked":""},"typography_font_size_tablet":{"unit":"px","size":"22","sizes":[]}},"elements":[],"isInner":false,"widgetType":"heading","elType":"widget"},{"id":"c88551b","settings":{"editor":"Hip Hop","align":"center","text_color":"#000000","typography_typography":"custom","typography_font_family":"Roboto","typography_font_size":{"unit":"px","size":"16","sizes":[]},"typography_font_weight":"400","typography_line_height":{"unit":"em","size":"1.4","sizes":[]},"_padding":{"unit":"%","top":"","right":"","bottom":"","left":"","isLinked":"1"}},"elements":[],"isInner":false,"widgetType":"text-editor","elType":"widget"}],"isInner":"1","elType":"column"},{"id":"6eea6ec8","settings":{"_column_size":"25","space_between_widgets":"0","padding":{"unit":"px","top":"0","right":"20","bottom":"0","left":"20","isLinked":""},"_inline_size_tablet":"50","margin_tablet":{"unit":"%","top":"15","right":"0","bottom":"0","left":"0","isLinked":""},"padding_tablet":{"unit":"px","top":"0","right":"020","bottom":"0","left":"0","isLinked":""},"margin_mobile":{"unit":"%","top":"0","right":"0","bottom":"0","left":"0","isLinked":"1"},"padding_mobile":{"unit":"px","top":"0","right":"0","bottom":"0","left":"0","isLinked":"1"}},"elements":[{"id":"21a44b67","settings":{"graphic_element":"image","image":{"url":"","id":""},"image_size":"full","selected_icon":{"value":"","library":""},"title_text_a":"","description_text_a":"","background_a_background":"classic","background_a_color":"rgba(255, 255, 255, 0)","background_a_image":{"id":"15","url":"http:\/\/localhost\/dieuhau\/wp-content\/uploads\/2021\/06\/Peter-Price.png"},"background_a_position":"center center","background_a_repeat":"no-repeat","background_a_size":"cover","title_text_b":"","description_text_b":"Lorem ipsum dolor sit amet, consectet adipiscing\u00a0elit,sed do eiusm por incididunt ut labore et dolore magna aliqua. \nLorem ipsum dolor sit amet, consectet adipiscing\u00a0elit,sed do eiusm por incididunt ut labore et dolore magna aliqua. ","button_text":"","background_b_background":"classic","background_b_color":"rgba(242, 239, 236, 0.8)","height":{"unit":"px","size":"350","sizes":[]},"flip_effect":"fade","vertical_position_a":"middle","description_color_b":"#000000","description_typography_b_typography":"custom","description_typography_b_font_family":"Roboto","description_typography_b_font_size":{"unit":"px","size":"16","sizes":[]},"description_typography_b_font_weight":"400","description_typography_b_text_transform":"none","description_typography_b_line_height":{"unit":"em","size":"1.5","sizes":[]}},"elements":[],"isInner":false,"widgetType":"flip-box","elType":"widget"},{"id":"6185a06b","settings":{"title":"Kate Price","header_size":"h4","align":"center","title_color":"#000000","typography_typography":"custom","typography_font_family":"Roboto","typography_font_size":{"unit":"px","size":"25","sizes":[]},"typography_font_weight":"400","_margin":{"unit":"px","top":"35","right":"0","bottom":"10","left":"0","isLinked":""},"typography_font_size_tablet":{"unit":"px","size":"22","sizes":[]}},"elements":[],"isInner":false,"widgetType":"heading","elType":"widget"},{"id":"2f511fb5","settings":{"editor":"Contemporary","align":"center","text_color":"#000000","typography_typography":"custom","typography_font_family":"Roboto","typography_font_size":{"unit":"px","size":"16","sizes":[]},"typography_font_weight":"400","typography_line_height":{"unit":"em","size":"1.4","sizes":[]},"_padding":{"unit":"%","top":"","right":"","bottom":"","left":"","isLinked":"1"}},"elements":[],"isInner":false,"widgetType":"text-editor","elType":"widget"}],"isInner":"1","elType":"column"},{"id":"2bd733c4","settings":{"_column_size":"25","space_between_widgets":"0","padding":{"unit":"px","top":"0","right":"0","bottom":"0","left":"20","isLinked":""},"_inline_size_tablet":"50","margin_tablet":{"unit":"%","top":"15","right":"0","bottom":"0","left":"0","isLinked":""},"padding_tablet":{"unit":"px","top":"0","right":"0","bottom":"0","left":"20","isLinked":""},"margin_mobile":{"unit":"%","top":"15","right":"0","bottom":"0","left":"0","isLinked":""},"padding_mobile":{"unit":"px","top":"0","right":"0","bottom":"0","left":"0","isLinked":"1"}},"elements":[{"id":"5024177c","settings":{"graphic_element":"image","image":{"url":"","id":""},"image_size":"full","selected_icon":{"value":"","library":""},"title_text_a":"","description_text_a":"","background_a_background":"classic","background_a_color":"rgba(255, 255, 255, 0)","background_a_image":{"id":26,"url":"http:\/\/localhost\/dieuhau\/wp-content\/uploads\/2021\/06\/Scarlet-Lon2.png"},"background_a_position":"center center","background_a_repeat":"no-repeat","background_a_size":"cover","title_text_b":"","description_text_b":"Lorem ipsum dolor sit amet, consectet adipiscing\u00a0elit,sed do eiusm por incididunt ut labore et dolore magna aliqua. \nLorem ipsum dolor sit amet, consectet adipiscing\u00a0elit,sed do eiusm por incididunt ut labore et dolore magna aliqua. ","button_text":"","background_b_background":"classic","background_b_color":"rgba(242, 239, 236, 0.8)","height":{"unit":"px","size":"350","sizes":[]},"flip_effect":"fade","vertical_position_a":"middle","description_color_b":"#000000","description_typography_b_typography":"custom","description_typography_b_font_family":"Roboto","description_typography_b_font_size":{"unit":"px","size":"16","sizes":[]},"description_typography_b_font_weight":"400","description_typography_b_text_transform":"none","description_typography_b_line_height":{"unit":"em","size":"1.5","sizes":[]}},"elements":[],"isInner":false,"widgetType":"flip-box","elType":"widget"},{"id":"706b19eb","settings":{"title":"Scarlet Long","header_size":"h4","align":"center","title_color":"#000000","typography_typography":"custom","typography_font_family":"Roboto","typography_font_size":{"unit":"px","size":"25","sizes":[]},"typography_font_weight":"400","_margin":{"unit":"px","top":"35","right":"0","bottom":"10","left":"0","isLinked":""},"typography_font_size_tablet":{"unit":"px","size":"22","sizes":[]}},"elements":[],"isInner":false,"widgetType":"heading","elType":"widget"},{"id":"1d9f2f3e","settings":{"editor":"Modern Ballet","align":"center","text_color":"#000000","typography_typography":"custom","typography_font_family":"Roboto","typography_font_size":{"unit":"px","size":"16","sizes":[]},"typography_font_weight":"400","typography_line_height":{"unit":"em","size":"1.4","sizes":[]},"_padding":{"unit":"%","top":"","right":"","bottom":"","left":"","isLinked":"1"}},"elements":[],"isInner":false,"widgetType":"text-editor","elType":"widget"}],"isInner":"1","elType":"column"}],"isInner":"1","elType":"section"},{"id":"409223c4","settings":{"layout":"full_width","structure":"40","margin":{"unit":"%","top":"","right":"0","bottom":"","left":"0","isLinked":"1"},"margin_tablet":{"unit":"%","top":"0","right":"0","bottom":"10","left":"0","isLinked":""},"margin_mobile":{"unit":"%","top":"0","right":"0","bottom":"15","left":"0","isLinked":""}},"elements":[{"id":"1dd8c9cd","settings":{"_column_size":"25","space_between_widgets":"0","padding":{"unit":"px","top":"0","right":"20","bottom":"0","left":"0","isLinked":""},"_inline_size_tablet":"50","padding_mobile":{"unit":"px","top":"0","right":"0","bottom":"0","left":"0","isLinked":"1"}},"elements":[{"id":"fac52c2","settings":{"graphic_element":"image","image":{"url":"","id":""},"image_size":"full","selected_icon":{"value":"","library":""},"title_text_a":"","description_text_a":"","background_a_background":"classic","background_a_color":"rgba(255, 255, 255, 0)","background_a_image":{"id":"16","url":"http:\/\/localhost\/dieuhau\/wp-content\/uploads\/2021\/06\/Nancy-Brown.png"},"background_a_position":"center center","background_a_repeat":"no-repeat","background_a_size":"cover","title_text_b":"","description_text_b":"Lorem ipsum dolor sit amet, consectet adipiscing\u00a0elit,sed do eiusm por incididunt ut labore et dolore magna aliqua. \nLorem ipsum dolor sit amet, consectet adipiscing\u00a0elit,sed do eiusm por incididunt ut labore et dolore magna aliqua. ","button_text":"","background_b_background":"classic","background_b_color":"rgba(242, 239, 236, 0.8)","height":{"unit":"px","size":"350","sizes":[]},"flip_effect":"fade","vertical_position_a":"middle","description_color_b":"#000000","description_typography_b_typography":"custom","description_typography_b_font_family":"Roboto","description_typography_b_font_size":{"unit":"px","size":"16","sizes":[]},"description_typography_b_font_weight":"400","description_typography_b_line_height":{"unit":"em","size":"1.5","sizes":[]},"description_typography_b_text_transform":"none"},"elements":[],"isInner":false,"widgetType":"flip-box","elType":"widget"},{"id":"4600d8f1","settings":{"title":"Nancy Brown","header_size":"h4","align":"center","title_color":"#000000","typography_typography":"custom","typography_font_family":"Roboto","typography_font_size":{"unit":"px","size":"25","sizes":[]},"typography_font_weight":"400","_margin":{"unit":"px","top":"35","right":"0","bottom":"10","left":"0","isLinked":""},"typography_font_size_tablet":{"unit":"px","size":"22","sizes":[]}},"elements":[],"isInner":false,"widgetType":"heading","elType":"widget"},{"id":"5734f505","settings":{"editor":"Lyrical Dance","align":"center","text_color":"#000000","typography_typography":"custom","typography_font_family":"Roboto","typography_font_size":{"unit":"px","size":"16","sizes":[]},"typography_font_weight":"400","typography_line_height":{"unit":"em","size":"1.4","sizes":[]},"_padding":{"unit":"%","top":"","right":"","bottom":"","left":"","isLinked":"1"}},"elements":[],"isInner":false,"widgetType":"text-editor","elType":"widget"}],"isInner":"1","elType":"column"},{"id":"62860617","settings":{"_column_size":"25","space_between_widgets":"0","padding":{"unit":"px","top":"0","right":"20","bottom":"0","left":"020","isLinked":""},"_inline_size_tablet":"50","padding_tablet":{"unit":"px","top":"0","right":"0","bottom":"0","left":"20","isLinked":""},"margin_mobile":{"unit":"%","top":"15","right":"0","bottom":"15","left":"0","isLinked":""},"padding_mobile":{"unit":"px","top":"0","right":"0","bottom":"0","left":"0","isLinked":"1"}},"elements":[{"id":"7d40aa55","settings":{"graphic_element":"image","image":{"url":"","id":""},"image_size":"full","selected_icon":{"value":"","library":""},"title_text_a":"","description_text_a":"","background_a_background":"classic","background_a_color":"rgba(255, 255, 255, 0)","background_a_image":{"id":27,"url":"http:\/\/localhost\/dieuhau\/wp-content\/uploads\/2021\/06\/Kattie-Bloomin.png"},"background_a_position":"center center","background_a_repeat":"no-repeat","background_a_size":"cover","title_text_b":"","description_text_b":"Lorem ipsum dolor sit amet, consectet adipiscing\u00a0elit,sed do eiusm por incididunt ut labore et dolore magna aliqua. \nLorem ipsum dolor sit amet, consectet adipiscing\u00a0elit,sed do eiusm por incididunt ut labore et dolore magna aliqua. ","button_text":"","background_b_background":"classic","background_b_color":"rgba(242, 239, 236, 0.8)","height":{"unit":"px","size":"350","sizes":[]},"flip_effect":"fade","vertical_position_a":"middle","description_color_b":"#000000","description_typography_b_typography":"custom","description_typography_b_font_family":"Roboto","description_typography_b_font_size":{"unit":"px","size":"16","sizes":[]},"description_typography_b_font_weight":"400","description_typography_b_text_transform":"none","description_typography_b_line_height":{"unit":"em","size":"1.5","sizes":[]}},"elements":[],"isInner":false,"widgetType":"flip-box","elType":"widget"},{"id":"edd891d","settings":{"title":"Kattie Bloomin","header_size":"h4","align":"center","title_color":"#000000","typography_typography":"custom","typography_font_family":"Roboto","typography_font_size":{"unit":"px","size":"25","sizes":[]},"typography_font_weight":"400","_margin":{"unit":"px","top":"35","right":"0","bottom":"10","left":"0","isLinked":""},"typography_font_size_tablet":{"unit":"px","size":"22","sizes":[]}},"elements":[],"isInner":false,"widgetType":"heading","elType":"widget"},{"id":"ef3251b","settings":{"editor":"Modern Ballet","align":"center","text_color":"#000000","typography_typography":"custom","typography_font_family":"Roboto","typography_font_size":{"unit":"px","size":"16","sizes":[]},"typography_font_weight":"400","typography_line_height":{"unit":"em","size":"1.4","sizes":[]},"_padding":{"unit":"%","top":"","right":"","bottom":"","left":"","isLinked":"1"}},"elements":[],"isInner":false,"widgetType":"text-editor","elType":"widget"}],"isInner":"1","elType":"column"},{"id":"6b231c08","settings":{"_column_size":"25","space_between_widgets":"0","padding":{"unit":"px","top":"0","right":"20","bottom":"0","left":"20","isLinked":""},"_inline_size_tablet":"50","margin_tablet":{"unit":"%","top":"15","right":"0","bottom":"0","left":"0","isLinked":""},"padding_tablet":{"unit":"px","top":"0","right":"020","bottom":"0","left":"0","isLinked":""},"margin_mobile":{"unit":"%","top":"0","right":"0","bottom":"0","left":"0","isLinked":"1"},"padding_mobile":{"unit":"px","top":"0","right":"0","bottom":"0","left":"0","isLinked":"1"}},"elements":[{"id":"40d6f472","settings":{"graphic_element":"image","image":{"url":"","id":""},"image_size":"full","selected_icon":{"value":"","library":""},"title_text_a":"","description_text_a":"","background_a_background":"classic","background_a_color":"rgba(255, 255, 255, 0)","background_a_image":{"id":28,"url":"http:\/\/localhost\/dieuhau\/wp-content\/uploads\/2021\/06\/Peter-Park.png"},"background_a_position":"center center","background_a_repeat":"no-repeat","background_a_size":"cover","title_text_b":"","description_text_b":"Lorem ipsum dolor sit amet, consectet adipiscing\u00a0elit,sed do eiusm por incididunt ut labore et dolore magna aliqua. \nLorem ipsum dolor sit amet, consectet adipiscing\u00a0elit,sed do eiusm por incididunt ut labore et dolore magna aliqua. ","button_text":"","background_b_background":"classic","background_b_color":"rgba(242, 239, 236, 0.8)","height":{"unit":"px","size":"350","sizes":[]},"flip_effect":"fade","vertical_position_a":"middle","description_color_b":"#000000","description_typography_b_typography":"custom","description_typography_b_font_family":"Roboto","description_typography_b_font_size":{"unit":"px","size":"16","sizes":[]},"description_typography_b_font_weight":"400","description_typography_b_text_transform":"none","description_typography_b_line_height":{"unit":"em","size":"1.5","sizes":[]}},"elements":[],"isInner":false,"widgetType":"flip-box","elType":"widget"},{"id":"bd3880","settings":{"title":"Peter Park","header_size":"h4","align":"center","title_color":"#000000","typography_typography":"custom","typography_font_family":"Roboto","typography_font_size":{"unit":"px","size":"25","sizes":[]},"typography_font_weight":"400","_margin":{"unit":"px","top":"35","right":"0","bottom":"10","left":"0","isLinked":""},"typography_font_size_tablet":{"unit":"px","size":"22","sizes":[]}},"elements":[],"isInner":false,"widgetType":"heading","elType":"widget"},{"id":"547124b8","settings":{"editor":"Contemporary","align":"center","text_color":"#000000","typography_typography":"custom","typography_font_family":"Roboto","typography_font_size":{"unit":"px","size":"16","sizes":[]},"typography_font_weight":"400","typography_line_height":{"unit":"em","size":"1.4","sizes":[]},"_padding":{"unit":"%","top":"","right":"","bottom":"","left":"","isLinked":"1"}},"elements":[],"isInner":false,"widgetType":"text-editor","elType":"widget"}],"isInner":"1","elType":"column"},{"id":"b3b6ac","settings":{"_column_size":"25","space_between_widgets":"0","padding":{"unit":"px","top":"0","right":"0","bottom":"0","left":"20","isLinked":""},"_inline_size_tablet":"50","margin_tablet":{"unit":"%","top":"15","right":"0","bottom":"0","left":"0","isLinked":""},"padding_tablet":{"unit":"px","top":"0","right":"0","bottom":"0","left":"20","isLinked":""},"margin_mobile":{"unit":"%","top":"15","right":"0","bottom":"0","left":"0","isLinked":""},"padding_mobile":{"unit":"px","top":"0","right":"0","bottom":"0","left":"0","isLinked":"1"}},"elements":[{"id":"6e61d86a","settings":{"graphic_element":"image","image":{"url":"","id":""},"image_size":"full","selected_icon":{"value":"","library":""},"title_text_a":"","description_text_a":"","background_a_background":"classic","background_a_color":"rgba(255, 255, 255, 0)","background_a_image":{"id":29,"url":"http:\/\/localhost\/dieuhau\/wp-content\/uploads\/2021\/06\/Scott-Morris.png"},"background_a_position":"center center","background_a_repeat":"no-repeat","background_a_size":"cover","title_text_b":"","description_text_b":"Lorem ipsum dolor sit amet, consectet adipiscing\u00a0elit,sed do eiusm por incididunt ut labore et dolore magna aliqua. \nLorem ipsum dolor sit amet, consectet adipiscing\u00a0elit,sed do eiusm por incididunt ut labore et dolore magna aliqua. ","button_text":"","background_b_background":"classic","background_b_color":"rgba(242, 239, 236, 0.8)","height":{"unit":"px","size":"350","sizes":[]},"flip_effect":"fade","vertical_position_a":"middle","description_color_b":"#000000","description_typography_b_typography":"custom","description_typography_b_font_family":"Roboto","description_typography_b_font_size":{"unit":"px","size":"16","sizes":[]},"description_typography_b_font_weight":"400","description_typography_b_text_transform":"none","description_typography_b_line_height":{"unit":"em","size":"1.5","sizes":[]}},"elements":[],"isInner":false,"widgetType":"flip-box","elType":"widget"},{"id":"43fcb99a","settings":{"title":"Scott Morris","header_size":"h4","align":"center","title_color":"#000000","typography_typography":"custom","typography_font_family":"Roboto","typography_font_size":{"unit":"px","size":"25","sizes":[]},"typography_font_weight":"400","_margin":{"unit":"px","top":"35","right":"0","bottom":"10","left":"0","isLinked":""},"typography_font_size_tablet":{"unit":"px","size":"22","sizes":[]}},"elements":[],"isInner":false,"widgetType":"heading","elType":"widget"},{"id":"21b4739","settings":{"editor":"Breakdance","align":"center","text_color":"#000000","typography_typography":"custom","typography_font_family":"Roboto","typography_font_size":{"unit":"px","size":"16","sizes":[]},"typography_font_weight":"400","typography_line_height":{"unit":"em","size":"1.4","sizes":[]},"_padding":{"unit":"%","top":"","right":"","bottom":"","left":"","isLinked":"1"}},"elements":[],"isInner":false,"widgetType":"text-editor","elType":"widget"}],"isInner":"1","elType":"column"}],"isInner":"1","elType":"section"}],"isInner":"","elType":"column"}],"isInner":"","elType":"section"},{"id":"462c878a","settings":{"layout":"full_width","height":"min-height","custom_height":{"unit":"px","size":"300","sizes":[]},"column_position":"stretch","structure":"21","padding":{"unit":"%","top":"0","right":"5","bottom":"0","left":"5","isLinked":""},"border_border":"solid","border_width":{"unit":"px","top":"1","right":"0","bottom":"0","left":"0","isLinked":""},"border_color":"#000000","custom_height_tablet":{"unit":"px","size":"400","sizes":[]},"margin_tablet":{"unit":"%","top":"15","right":"0","bottom":"0","left":"0","isLinked":""},"padding_mobile":{"unit":"%","top":"5","right":"0","bottom":"10","left":"0","isLinked":""},"_title":"Students Shout Out","_timestamp_":"v1Smpyb2xHWDFzTnAyd291dVQ4THc0UT09"},"elements":[{"id":"29d7ec2e","settings":{"_column_size":"33","content_position":"center","padding":{"unit":"%","top":"0","right":"15","bottom":"0","left":"0","isLinked":""},"_inline_size_tablet":"100","content_position_tablet":"bottom","padding_tablet":{"unit":"px","top":"0","right":"0","bottom":"0","left":"0","isLinked":"1"},"_inline_size":"31.507"},"elements":[{"id":"3e1415a3","settings":{"title":"Students Shout Out","align":"left","title_color":"#000000","typography_typography":"custom","typography_font_family":"Fahkwang","typography_font_size":{"unit":"px","size":"60","sizes":[]},"typography_font_weight":"600","typography_text_transform":"capitalize","typography_line_height":{"unit":"em","size":"1","sizes":[]},"align_tablet":"center","align_mobile":"center","typography_font_size_tablet":{"unit":"px","size":"45","sizes":[]},"typography_font_size_mobile":{"unit":"px","size":"35","sizes":[]}},"elements":[],"isInner":false,"widgetType":"heading","elType":"widget"}],"isInner":"","elType":"column"},{"id":"64dd8810","settings":{"_column_size":"66","content_position":"center","padding":{"unit":"%","top":"0","right":"25","bottom":"0","left":"25","isLinked":""},"border_border":"solid","border_width":{"unit":"px","top":"0","right":"0","bottom":"0","left":"1","isLinked":""},"border_color":"#000000","_inline_size_tablet":"100","border_width_tablet":{"unit":"px","top":"0","right":"0","bottom":"0","left":"0","isLinked":"1"},"padding_tablet":{"unit":"px","top":"0","right":"0","bottom":"0","left":"0","isLinked":"1"},"margin_mobile":{"unit":"%","top":"","right":"","bottom":"","left":"","isLinked":"1"},"padding_mobile":{"unit":"%","top":"0","right":"5","bottom":"0","left":"5","isLinked":""},"_inline_size":"68.438"},"elements":[{"id":"7fcd362b","settings":{"slides":[{"content":"\u201c I\u2019m a total beginner dancer and I felt immediately like part of the dance family.\u201d","name":"Nicole Anderson","title":"","image":{"id":"17","url":"http:\/\/localhost\/dieuhau\/wp-content\/uploads\/2021\/06\/Nicole-Anderson-Testimonial.png"},"_id":"20fd89b"}],"alignment":"left","slides_per_view":"1","slides_to_scroll":"1","width":{"unit":"%","size":"85","sizes":[]},"pagination":"","space_between":{"unit":"px","size":"0","sizes":[]},"content_color":"#000000","content_typography_typography":"custom","content_typography_font_family":"Roboto","content_typography_font_size":{"unit":"px","size":"16","sizes":[]},"content_typography_font_weight":"400","content_typography_font_style":"normal","content_typography_line_height":{"unit":"em","size":"1.5","sizes":[]},"name_color":"#000000","name_typography_typography":"custom","name_typography_font_family":"Roboto","name_typography_font_size":{"unit":"px","size":"16","sizes":[]},"name_typography_font_weight":"400","name_typography_text_transform":"capitalize","name_typography_font_style":"normal","name_typography_line_height":{"unit":"em","size":"1","sizes":[]},"image_size":{"unit":"px","size":"50","sizes":[]},"image_gap":{"unit":"px","size":"20","sizes":[]},"image_border_color":"#D2CCC5","image_border_width":{"unit":"px","size":"2","sizes":[]},"image_border_radius":{"unit":"px","size":"0","sizes":[]},"arrows_color":"#000000","width_tablet":{"unit":"%","size":"85","sizes":[]},"width_mobile":{"unit":"%","size":"100","sizes":[]},"show_arrows":""},"elements":[],"isInner":false,"widgetType":"testimonial-carousel","elType":"widget"}],"isInner":"","elType":"column"}],"isInner":"","elType":"section"}],"page_settings":{"background_background":"classic","background_color":"#F2EFEC"},"version":"0.4","title":"DanceStudio-about-page","type":"page"}