{"version":"0.4","title":"Services-Snowboard-Site-page","type":"page","content":[{"id":"307e4572","settings":{"height":"min-height","background_background":"classic","background_image":{"id":1077,"url":"http:\/\/localhost\/test\/wp-content\/uploads\/2018\/09\/Features-header2.png"},"background_position":"center center","background_size":"cover","background_overlay_color":"#151515","background_overlay_opacity":{"unit":"px","size":1},"custom_height_mobile":{"unit":"px","size":207},"custom_height":{"unit":"px","size":620},"background_overlay_background":"gradient","background_overlay_color_b":"rgba(255,255,255,0)","margin":{"unit":"px","top":"0","right":0,"bottom":"0","left":0,"isLinked":false},"background_overlay_image":{"id":"340","url":"http:\/\/localhost\/test\/wp-content\/uploads\/2018\/09\/Snow.png"},"background_overlay_position":"center center","background_overlay_repeat":"no-repeat","background_overlay_size":"cover","background_overlay_gradient_position":"top center","background_overlay_color_b_stop":{"unit":"%","size":70},"background_overlay_gradient_angle":{"unit":"deg","size":360},"shape_divider_bottom_width":{"unit":"%","size":100},"shape_divider_bottom_height":{"unit":"px","size":78},"margin_mobile":{"unit":"px","top":"0","right":0,"bottom":"0","left":0,"isLinked":true},"padding_mobile":{"unit":"px","top":"0","right":"0","bottom":"0","left":"0","isLinked":true}},"elements":[{"id":"4bb50c5","settings":{"_column_size":100,"padding_mobile":{"unit":"px","top":"40","right":"40","bottom":"40","left":"40","isLinked":true}},"elements":[{"id":"1ab0f9cd","settings":{"title":"upcoming <span1 style=color:#FFFF;>events<\/span1>","typography_typography":"custom","typography_font_size":{"unit":"px","size":57},"typography_font_family":"Catamaran","typography_font_weight":"900","typography_text_transform":"uppercase","typography_font_style":"italic","typography_letter_spacing":{"unit":"px","size":-2.5},"_margin":{"unit":"px","top":"0","right":"0","bottom":"0","left":"0","isLinked":false},"custom_css":"span1{\n    color:#4b6f93;\n}","align":"center","align_mobile":"center","typography_font_size_mobile":{"unit":"px","size":34},"_margin_mobile":{"unit":"px","top":"60","right":"0","bottom":"40","left":"0","isLinked":false},"_padding_mobile":{"unit":"px","top":"0","right":"0","bottom":"0","left":"0","isLinked":false},"title_color":"#151515","header_size":"h3"},"elements":[],"isInner":false,"widgetType":"heading","elType":"widget"},{"id":"7e152dd6","settings":{"title":"Find your Next Adventure","title_color":"#ffffff","typography_typography":"custom","typography_font_size":{"unit":"px","size":21},"typography_font_family":"Catamaran","typography_font_weight":"400","typography_text_transform":"capitalize","typography_letter_spacing":{"unit":"px","size":0.4},"_margin":{"unit":"px","top":"0","right":"0","bottom":"40","left":"0","isLinked":false},"align":"center","align_mobile":"center","typography_font_size_mobile":{"unit":"px","size":18},"_margin_mobile":{"unit":"px","top":"60","right":"0","bottom":"0","left":"0","isLinked":false},"_padding_mobile":{"unit":"px","top":"0","right":"0","bottom":"0","left":"0","isLinked":false},"header_size":"h4"},"elements":[],"isInner":false,"widgetType":"heading","elType":"widget"},{"id":"165dbe7c","settings":{"placeholder":"Search...","button_type":"text","button_text":"Go","border_radius":{"unit":"px","size":55},"button_typography_typography":"custom","button_typography_font_size":{"unit":"px","size":18},"button_typography_font_family":"Catamaran","button_typography_font_weight":"600","button_typography_font_style":"italic","button_background_color":"#db1529","button_width":{"unit":"px","size":2.7},"_padding":{"unit":"%","top":"0","right":"16","bottom":"0","left":"16","isLinked":false},"input_typography_typography":"custom","input_typography_font_family":"Catamaran","button_width_mobile":{"unit":"px","size":1.7},"_margin_mobile":{"unit":"px","top":"0","right":"0","bottom":"0","left":"0","isLinked":false},"_padding_mobile":{"unit":"px","top":"0","right":"0","bottom":"0","left":"0","isLinked":false}},"elements":[],"isInner":false,"widgetType":"search-form","elType":"widget"}],"isInner":false,"elType":"column"}],"isInner":false,"elType":"section"},{"id":"10fd9c27","settings":{"gap":"no","height":"min-height","custom_height":{"unit":"px","size":450},"structure":"30","margin":{"unit":"px","top":"0","right":0,"bottom":"0","left":0,"isLinked":false},"padding":{"unit":"px","top":"60","right":"0","bottom":"0","left":"0","isLinked":false},"background_background":"classic","background_color":"#151515","margin_mobile":{"unit":"px","top":"","right":0,"bottom":"","left":0,"isLinked":true},"padding_mobile":{"unit":"px","top":"30","right":"3","bottom":"0","left":"0","isLinked":false},"margin_tablet":{"unit":"px","top":"0","right":0,"bottom":"0","left":0,"isLinked":false},"padding_tablet":{"unit":"px","top":"4","right":"40","bottom":"0","left":"40","isLinked":false}},"elements":[{"id":"eb6be7d","settings":{"_column_size":33,"_inline_size":null,"background_background":"classic","background_image":{"id":"342","url":"http:\/\/localhost\/test\/wp-content\/uploads\/2018\/09\/johannes-waibel-4298.png"},"background_position":"bottom center","background_size":"cover","background_overlay_background":"classic","background_overlay_color":"#000000","background_overlay_color_b":"#151515","background_overlay_opacity":{"unit":"px","size":0.4},"border_border":"solid","border_width":{"unit":"px","top":"0","right":"0","bottom":"0","left":"0","isLinked":false},"border_radius":{"unit":"px","top":"4","right":"4","bottom":"4","left":"4","isLinked":true},"box_shadow_box_shadow":{"horizontal":0,"vertical":0,"blur":55,"spread":0,"color":"rgba(255,255,255,0.49)"},"box_shadow_hover_box_shadow":{"horizontal":0,"vertical":0,"blur":55,"spread":0,"color":"#4b6f93"},"margin":{"unit":"px","top":"0","right":"30","bottom":"0","left":"0","isLinked":false},"padding":{"unit":"px","top":"0","right":"0","bottom":"0","left":"0","isLinked":false},"background_overlay_hover_background":"classic","background_overlay_hover_color":"#000000","background_overlay_hover_opacity":{"unit":"px","size":0},"margin_mobile":{"unit":"px","top":"20","right":"20","bottom":"20","left":"20","isLinked":true},"margin_tablet":{"unit":"px","top":"0","right":"20","bottom":"0","left":"0","isLinked":false}},"elements":[{"id":"7bdd281f","settings":{"space":{"unit":"px","size":240},"_border_border":"solid","_border_width":{"unit":"px","top":"0","right":"0","bottom":"0","left":"0","isLinked":false},"_border_color":"#db1529","_border_radius":{"unit":"px","top":"0","right":"0","bottom":"0","left":"0","isLinked":false},"space_mobile":{"unit":"px","size":156}},"elements":[],"isInner":false,"widgetType":"spacer","elType":"widget"},{"id":"42cfe7ca","settings":{"structure":"20","margin":{"unit":"px","top":"0","right":0,"bottom":"0","left":0,"isLinked":true}},"elements":[{"id":"7bc16c8e","settings":{"_column_size":50,"_inline_size":74.5,"content_position":"center","border_border":"solid","border_width":{"unit":"px","top":"0","right":"0","bottom":"0","left":"5","isLinked":false},"border_color":"#db1529","border_radius":{"unit":"px","top":"0","right":"0","bottom":"0","left":"4","isLinked":false},"padding":{"unit":"px","top":"0","right":"0","bottom":"0","left":"0","isLinked":true},"_inline_size_mobile":70,"_inline_size_tablet":60},"elements":[{"id":"7bb6ee2e","settings":{"title":"street rail","typography_typography":"custom","typography_font_size":{"unit":"px","size":35},"typography_font_family":"Catamaran","typography_font_weight":"900","typography_text_transform":"uppercase","typography_font_style":"italic","typography_letter_spacing":{"unit":"px","size":-2.5},"title_color":"#ffffff","_margin":{"unit":"px","top":"0","right":"0","bottom":"0","left":"15","isLinked":false},"custom_css":"span1{\n    color:#4b6f93;\n}","align_mobile":"left","typography_font_size_mobile":{"unit":"px","size":34},"typography_font_size_tablet":{"unit":"px","size":24},"header_size":"h4"},"elements":[],"isInner":false,"widgetType":"heading","elType":"widget"}],"isInner":true,"elType":"column"},{"id":"42c730e8","settings":{"_column_size":50,"_inline_size":25.492,"background_background":"classic","background_color":"#db1529","border_radius":{"unit":"px","top":"0","right":"0","bottom":"0","left":"4","isLinked":false},"padding":{"unit":"px","top":"10","right":"5","bottom":"20","left":"5","isLinked":false},"margin_mobile":{"unit":"px","top":"0","right":"0","bottom":"0","left":"0","isLinked":true},"_inline_size_mobile":30,"padding_mobile":{"unit":"px","top":"10","right":"0","bottom":"15","left":"0","isLinked":false},"_inline_size_tablet":40},"elements":[{"id":"6f2f544d","settings":{"image":{"url":"","id":""},"title_text":"October","description_text":"12 - 13","image_space":{"unit":"px","size":0},"title_bottom_space":{"unit":"px","size":18},"text_align":"center","title_color":"#ffffff","title_typography_typography":"custom","title_typography_font_size":{"unit":"px","size":12},"title_typography_font_family":"Catamaran","title_typography_font_weight":"400","title_typography_text_transform":"uppercase","title_typography_letter_spacing":{"unit":"px","size":0.4},"description_color":"#ffffff","description_typography_typography":"custom","description_typography_font_size":{"unit":"px","size":25},"description_typography_font_family":"Catamaran","description_typography_font_weight":"200","description_typography_text_transform":"uppercase","description_typography_line_height":{"unit":"em","size":0.2},"description_typography_letter_spacing":{"unit":"px","size":0.4},"description_typography_font_size_tablet":{"unit":"px","size":18},"title_size":"h5"},"elements":[],"isInner":false,"widgetType":"image-box","elType":"widget"}],"isInner":true,"elType":"column"}],"isInner":true,"elType":"section"}],"isInner":false,"elType":"column"},{"id":"5d3455c4","settings":{"_column_size":33,"_inline_size":null,"background_background":"classic","background_image":{"id":"343","url":"http:\/\/localhost\/test\/wp-content\/uploads\/2018\/09\/lukas-neasi-65748.png"},"background_position":"top center","background_size":"cover","background_overlay_background":"classic","background_overlay_color":"#000000","background_overlay_color_b":"#151515","background_overlay_opacity":{"unit":"px","size":0.4},"border_radius":{"unit":"px","top":"4","right":"4","bottom":"4","left":"4","isLinked":true},"box_shadow_box_shadow":{"horizontal":0,"vertical":0,"blur":55,"spread":0,"color":"rgba(75,111,147,0.49)"},"margin":{"unit":"px","top":"0","right":"15","bottom":"0","left":"15","isLinked":false},"padding":{"unit":"px","top":"0","right":"0","bottom":"0","left":"0","isLinked":false},"background_overlay_hover_background":"classic","background_overlay_hover_color":"#000000","background_overlay_hover_opacity":{"unit":"px","size":0},"margin_mobile":{"unit":"px","top":"20","right":"20","bottom":"20","left":"20","isLinked":true},"padding_mobile":{"unit":"px","top":"0","right":"0","bottom":"0","left":"0","isLinked":false},"margin_tablet":{"unit":"px","top":"0","right":"10","bottom":"0","left":"10","isLinked":false}},"elements":[{"id":"34dd1c3c","settings":{"space":{"unit":"px","size":240},"space_mobile":{"unit":"px","size":156}},"elements":[],"isInner":false,"widgetType":"spacer","elType":"widget"},{"id":"1df3b701","settings":{"structure":"20","margin":{"unit":"px","top":"0","right":0,"bottom":"0","left":0,"isLinked":true}},"elements":[{"id":"122bdd9","settings":{"_column_size":50,"_inline_size":74.5,"content_position":"center","border_border":"solid","border_width":{"unit":"px","top":"0","right":"0","bottom":"0","left":"5","isLinked":false},"border_color":"#db1529","border_radius":{"unit":"px","top":"0","right":"0","bottom":"0","left":"4","isLinked":false},"padding":{"unit":"px","top":"0","right":"0","bottom":"0","left":"0","isLinked":true},"_inline_size_mobile":70,"_inline_size_tablet":60},"elements":[{"id":"70c3fdc9","settings":{"title":"Nordic ","typography_typography":"custom","typography_font_size":{"unit":"px","size":35},"typography_font_family":"Catamaran","typography_font_weight":"900","typography_text_transform":"uppercase","typography_font_style":"italic","typography_letter_spacing":{"unit":"px","size":-2.5},"title_color":"#ffffff","_margin":{"unit":"px","top":"0","right":"0","bottom":"0","left":"15","isLinked":false},"custom_css":"span1{\n    color:#4b6f93;\n}","typography_font_size_mobile":{"unit":"px","size":34},"typography_font_size_tablet":{"unit":"px","size":24},"header_size":"h4"},"elements":[],"isInner":false,"widgetType":"heading","elType":"widget"}],"isInner":true,"elType":"column"},{"id":"227d00a8","settings":{"_column_size":50,"_inline_size":25.492,"background_background":"classic","background_color":"#db1529","border_radius":{"unit":"px","top":"0","right":"0","bottom":"4","left":"0","isLinked":false},"padding":{"unit":"px","top":"10","right":"5","bottom":"20","left":"5","isLinked":false},"_inline_size_mobile":30,"padding_mobile":{"unit":"px","top":"10","right":"0","bottom":"15","left":"0","isLinked":false},"_inline_size_tablet":40},"elements":[{"id":"6ca23579","settings":{"image":{"url":"","id":""},"title_text":"October","description_text":"21 - 23","image_space":{"unit":"px","size":0},"title_bottom_space":{"unit":"px","size":18},"text_align":"center","title_color":"#ffffff","title_typography_typography":"custom","title_typography_font_size":{"unit":"px","size":12},"title_typography_font_family":"Catamaran","title_typography_font_weight":"400","title_typography_text_transform":"uppercase","title_typography_letter_spacing":{"unit":"px","size":0.4},"description_color":"#ffffff","description_typography_typography":"custom","description_typography_font_size":{"unit":"px","size":25},"description_typography_font_family":"Catamaran","description_typography_font_weight":"200","description_typography_text_transform":"uppercase","description_typography_line_height":{"unit":"em","size":0.2},"description_typography_letter_spacing":{"unit":"px","size":0.4},"description_typography_font_size_tablet":{"unit":"px","size":18},"title_size":"h5"},"elements":[],"isInner":false,"widgetType":"image-box","elType":"widget"}],"isInner":true,"elType":"column"}],"isInner":true,"elType":"section"}],"isInner":false,"elType":"column"},{"id":"27d61df3","settings":{"_column_size":33,"_inline_size":null,"background_background":"classic","background_image":{"id":"344","url":"http:\/\/localhost\/test\/wp-content\/uploads\/2018\/09\/markos-mant-228858.png"},"background_position":"top center","background_size":"cover","background_overlay_background":"classic","background_overlay_color":"#000000","background_overlay_color_b":"#151515","background_overlay_opacity":{"unit":"px","size":0.4},"border_radius":{"unit":"px","top":"4","right":"4","bottom":"4","left":"4","isLinked":true},"box_shadow_box_shadow":{"horizontal":0,"vertical":0,"blur":55,"spread":0,"color":"rgba(75,111,147,0.49)"},"margin":{"unit":"px","top":"0","right":"0","bottom":"0","left":"30","isLinked":false},"padding":{"unit":"px","top":"0","right":"0","bottom":"0","left":"0","isLinked":false},"background_overlay_hover_background":"classic","background_overlay_hover_color":"rgba(0,0,0,0)","background_overlay_hover_opacity":{"unit":"px","size":0},"margin_mobile":{"unit":"px","top":"20","right":"20","bottom":"20","left":"20","isLinked":true},"padding_mobile":{"unit":"px","top":"0","right":"0","bottom":"0","left":"0","isLinked":false},"margin_tablet":{"unit":"px","top":"0","right":"0","bottom":"0","left":"20","isLinked":false},"padding_tablet":{"unit":"px","top":"0","right":"0","bottom":"0","left":"0","isLinked":true}},"elements":[{"id":"670e3862","settings":{"space":{"unit":"px","size":240},"space_mobile":{"unit":"px","size":156}},"elements":[],"isInner":false,"widgetType":"spacer","elType":"widget"},{"id":"d143043","settings":{"structure":"20","margin":{"unit":"px","top":"0","right":0,"bottom":"0","left":0,"isLinked":true}},"elements":[{"id":"7f4aae95","settings":{"_column_size":50,"_inline_size":74.5,"content_position":"center","border_border":"solid","border_width":{"unit":"px","top":"0","right":"0","bottom":"0","left":"5","isLinked":false},"border_color":"#db1529","border_radius":{"unit":"px","top":"0","right":"0","bottom":"0","left":"4","isLinked":false},"padding":{"unit":"px","top":"0","right":"0","bottom":"0","left":"0","isLinked":true},"_inline_size_mobile":70,"_inline_size_tablet":60},"elements":[{"id":"785414fd","settings":{"title":"combined","typography_typography":"custom","typography_font_size":{"unit":"px","size":35},"typography_font_family":"Catamaran","typography_font_weight":"900","typography_text_transform":"uppercase","typography_font_style":"italic","typography_letter_spacing":{"unit":"px","size":-2.5},"title_color":"#ffffff","_margin":{"unit":"px","top":"0","right":"0","bottom":"0","left":"15","isLinked":false},"custom_css":"span1{\n    color:#4b6f93;\n}","typography_font_size_mobile":{"unit":"px","size":34},"typography_font_size_tablet":{"unit":"px","size":24},"header_size":"h4"},"elements":[],"isInner":false,"widgetType":"heading","elType":"widget"}],"isInner":true,"elType":"column"},{"id":"1a0b4a5a","settings":{"_column_size":50,"_inline_size":25.492,"background_background":"classic","background_color":"#db1529","border_radius":{"unit":"px","top":"0","right":"0","bottom":"4","left":"0","isLinked":false},"padding":{"unit":"px","top":"10","right":"5","bottom":"20","left":"5","isLinked":false},"_inline_size_mobile":30,"padding_mobile":{"unit":"px","top":"10","right":"0","bottom":"15","left":"0","isLinked":false},"_inline_size_tablet":40},"elements":[{"id":"563a3611","settings":{"image":{"url":"","id":""},"title_text":"October","description_text":"24 - 21","image_space":{"unit":"px","size":0},"title_bottom_space":{"unit":"px","size":18},"text_align":"center","title_color":"#ffffff","title_typography_typography":"custom","title_typography_font_size":{"unit":"px","size":12},"title_typography_font_family":"Catamaran","title_typography_font_weight":"400","title_typography_text_transform":"uppercase","title_typography_letter_spacing":{"unit":"px","size":0.4},"description_color":"#ffffff","description_typography_typography":"custom","description_typography_font_size":{"unit":"px","size":25},"description_typography_font_family":"Catamaran","description_typography_font_weight":"200","description_typography_text_transform":"uppercase","description_typography_line_height":{"unit":"em","size":0.2},"description_typography_letter_spacing":{"unit":"px","size":0.4},"description_typography_font_size_tablet":{"unit":"px","size":18},"title_size":"h4"},"elements":[],"isInner":false,"widgetType":"image-box","elType":"widget"}],"isInner":true,"elType":"column"}],"isInner":true,"elType":"section"}],"isInner":false,"elType":"column"}],"isInner":false,"elType":"section"},{"id":"d760e35","settings":{"gap":"no","height":"min-height","custom_height":{"unit":"px","size":335},"structure":"30","margin":{"unit":"px","top":"0","right":0,"bottom":"0","left":0,"isLinked":false},"padding":{"unit":"px","top":"0","right":"0","bottom":"100","left":"0","isLinked":false},"background_background":"classic","background_color":"#151515","margin_mobile":{"unit":"px","top":"0","right":0,"bottom":"0","left":0,"isLinked":false},"padding_mobile":{"unit":"px","top":"0","right":"0","bottom":"80","left":"0","isLinked":false},"padding_tablet":{"unit":"px","top":"0","right":"40","bottom":"50","left":"40","isLinked":false}},"elements":[{"id":"6bf1a30f","settings":{"_column_size":33,"_inline_size":null,"background_background":"classic","background_image":{"id":"345","url":"http:\/\/localhost\/test\/wp-content\/uploads\/2018\/09\/mattias-olsson-160612.png"},"background_position":"bottom center","background_size":"cover","background_overlay_background":"classic","background_overlay_color":"#000000","background_overlay_color_b":"#151515","background_overlay_opacity":{"unit":"px","size":0.4},"border_radius":{"unit":"px","top":"4","right":"4","bottom":"4","left":"4","isLinked":true},"box_shadow_box_shadow":{"horizontal":0,"vertical":0,"blur":55,"spread":0,"color":"rgba(75,111,147,0.49)"},"margin":{"unit":"px","top":"0","right":"30","bottom":"0","left":"0","isLinked":false},"padding":{"unit":"px","top":"0","right":"0","bottom":"0","left":"0","isLinked":false},"background_overlay_hover_background":"classic","background_overlay_hover_color":"#000000","background_overlay_hover_opacity":{"unit":"px","size":0},"margin_mobile":{"unit":"px","top":"20","right":"20","bottom":"20","left":"20","isLinked":true},"padding_mobile":{"unit":"px","top":"0","right":"0","bottom":"0","left":"0","isLinked":false},"margin_tablet":{"unit":"px","top":"0","right":"20","bottom":"0","left":"0","isLinked":false},"padding_tablet":{"unit":"px","top":"0","right":"0","bottom":"0","left":"0","isLinked":false}},"elements":[{"id":"4f62a19b","settings":{"space":{"unit":"px","size":240},"space_mobile":{"unit":"px","size":156}},"elements":[],"isInner":false,"widgetType":"spacer","elType":"widget"},{"id":"461fdb7c","settings":{"structure":"20","margin":{"unit":"px","top":"0","right":0,"bottom":"0","left":0,"isLinked":true}},"elements":[{"id":"2cee8c29","settings":{"_column_size":50,"_inline_size":74.5,"content_position":"center","border_border":"solid","border_width":{"unit":"px","top":"0","right":"0","bottom":"0","left":"5","isLinked":false},"border_color":"#db1529","border_radius":{"unit":"px","top":"0","right":"0","bottom":"0","left":"4","isLinked":false},"padding":{"unit":"px","top":"0","right":"0","bottom":"0","left":"0","isLinked":true},"_inline_size_mobile":70,"_inline_size_tablet":60},"elements":[{"id":"33b6503","settings":{"title":"board jump","typography_typography":"custom","typography_font_size":{"unit":"px","size":35},"typography_font_family":"Catamaran","typography_font_weight":"900","typography_text_transform":"uppercase","typography_font_style":"italic","typography_letter_spacing":{"unit":"px","size":-2.5},"title_color":"#ffffff","_margin":{"unit":"px","top":"0","right":"0","bottom":"0","left":"15","isLinked":false},"custom_css":"span1{\n    color:#4b6f93;\n}","typography_font_size_mobile":{"unit":"px","size":34},"typography_font_size_tablet":{"unit":"px","size":24},"header_size":"h4"},"elements":[],"isInner":false,"widgetType":"heading","elType":"widget"}],"isInner":true,"elType":"column"},{"id":"3ace8583","settings":{"_column_size":50,"_inline_size":25.492,"background_background":"classic","background_color":"#db1529","border_radius":{"unit":"px","top":"0","right":"0","bottom":"4","left":"0","isLinked":false},"padding":{"unit":"px","top":"10","right":"5","bottom":"20","left":"5","isLinked":false},"_inline_size_mobile":30,"padding_mobile":{"unit":"px","top":"10","right":"0","bottom":"15","left":"0","isLinked":false},"_inline_size_tablet":40},"elements":[{"id":"631e9e0e","settings":{"image":{"url":"","id":""},"title_text":"November","description_text":"12 - 13","image_space":{"unit":"px","size":0},"title_bottom_space":{"unit":"px","size":18},"text_align":"center","title_color":"#ffffff","title_typography_typography":"custom","title_typography_font_size":{"unit":"px","size":12},"title_typography_font_family":"Catamaran","title_typography_font_weight":"400","title_typography_text_transform":"uppercase","title_typography_letter_spacing":{"unit":"px","size":0.4},"description_color":"#ffffff","description_typography_typography":"custom","description_typography_font_size":{"unit":"px","size":25},"description_typography_font_family":"Catamaran","description_typography_font_weight":"200","description_typography_text_transform":"uppercase","description_typography_line_height":{"unit":"em","size":0.2},"description_typography_letter_spacing":{"unit":"px","size":0.4},"_margin_mobile":{"unit":"px","top":"0","right":"0","bottom":"0","left":"0","isLinked":true},"description_typography_font_size_tablet":{"unit":"px","size":18},"title_size":"h5"},"elements":[],"isInner":false,"widgetType":"image-box","elType":"widget"}],"isInner":true,"elType":"column"}],"isInner":true,"elType":"section"}],"isInner":false,"elType":"column"},{"id":"5f139d0b","settings":{"_column_size":33,"_inline_size":null,"background_background":"classic","background_image":{"id":"346","url":"http:\/\/localhost\/test\/wp-content\/uploads\/2018\/09\/tomas-kodydek-7492.png"},"background_position":"bottom center","background_size":"cover","background_overlay_background":"classic","background_overlay_color":"#000000","background_overlay_color_b":"#151515","background_overlay_opacity":{"unit":"px","size":0.4},"border_radius":{"unit":"px","top":"4","right":"4","bottom":"4","left":"4","isLinked":true},"box_shadow_box_shadow":{"horizontal":0,"vertical":0,"blur":55,"spread":0,"color":"rgba(75,111,147,0.49)"},"margin":{"unit":"px","top":"0","right":"15","bottom":"0","left":"15","isLinked":false},"padding":{"unit":"px","top":"0","right":"0","bottom":"0","left":"0","isLinked":false},"background_overlay_hover_background":"classic","background_overlay_hover_color":"#000000","background_overlay_hover_opacity":{"unit":"px","size":0},"margin_mobile":{"unit":"px","top":"20","right":"20","bottom":"20","left":"20","isLinked":true},"margin_tablet":{"unit":"px","top":"0","right":"10","bottom":"0","left":"10","isLinked":false}},"elements":[{"id":"45199fc4","settings":{"space":{"unit":"px","size":240},"space_mobile":{"unit":"px","size":156}},"elements":[],"isInner":false,"widgetType":"spacer","elType":"widget"},{"id":"2784dcad","settings":{"structure":"20","margin":{"unit":"px","top":"0","right":0,"bottom":"0","left":0,"isLinked":true}},"elements":[{"id":"5f161f50","settings":{"_column_size":50,"_inline_size":74.5,"content_position":"center","border_border":"solid","border_width":{"unit":"px","top":"0","right":"0","bottom":"0","left":"5","isLinked":false},"border_color":"#db1529","border_radius":{"unit":"px","top":"0","right":"0","bottom":"0","left":"4","isLinked":false},"padding":{"unit":"px","top":"0","right":"0","bottom":"0","left":"0","isLinked":true},"_inline_size_mobile":70,"_inline_size_tablet":60},"elements":[{"id":"5d56f4ce","settings":{"title":"Alpine race","typography_typography":"custom","typography_font_size":{"unit":"px","size":34},"typography_font_family":"Catamaran","typography_font_weight":"900","typography_text_transform":"uppercase","typography_font_style":"italic","typography_letter_spacing":{"unit":"px","size":-2.5},"title_color":"#ffffff","_margin":{"unit":"px","top":"0","right":"0","bottom":"0","left":"15","isLinked":false},"custom_css":"span1{\n    color:#4b6f93;\n}","typography_font_size_mobile":{"unit":"px","size":34},"typography_font_size_tablet":{"unit":"px","size":24},"header_size":"h4"},"elements":[],"isInner":false,"widgetType":"heading","elType":"widget"}],"isInner":true,"elType":"column"},{"id":"7e4c9961","settings":{"_column_size":50,"_inline_size":25.492,"background_background":"classic","background_color":"#db1529","border_radius":{"unit":"px","top":"0","right":"0","bottom":"4","left":"0","isLinked":false},"padding":{"unit":"px","top":"10","right":"5","bottom":"20","left":"5","isLinked":false},"_inline_size_mobile":30,"padding_mobile":{"unit":"px","top":"10","right":"0","bottom":"15","left":"0","isLinked":false},"_inline_size_tablet":40},"elements":[{"id":"21115055","settings":{"image":{"url":"","id":""},"title_text":"September","description_text":"28 - 30","image_space":{"unit":"px","size":0},"title_bottom_space":{"unit":"px","size":18},"text_align":"center","title_color":"#ffffff","title_typography_typography":"custom","title_typography_font_size":{"unit":"px","size":12},"title_typography_font_family":"Catamaran","title_typography_font_weight":"400","title_typography_text_transform":"uppercase","title_typography_letter_spacing":{"unit":"px","size":0.4},"description_color":"#ffffff","description_typography_typography":"custom","description_typography_font_size":{"unit":"px","size":25},"description_typography_font_family":"Catamaran","description_typography_font_weight":"200","description_typography_text_transform":"uppercase","description_typography_line_height":{"unit":"em","size":0.2},"description_typography_letter_spacing":{"unit":"px","size":0.4},"description_typography_font_size_tablet":{"unit":"px","size":18},"title_size":"h5"},"elements":[],"isInner":false,"widgetType":"image-box","elType":"widget"}],"isInner":true,"elType":"column"}],"isInner":true,"elType":"section"}],"isInner":false,"elType":"column"},{"id":"3eec9459","settings":{"_column_size":33,"_inline_size":null,"background_background":"classic","background_image":{"id":1078,"url":"http:\/\/localhost\/test\/wp-content\/uploads\/2018\/09\/jakob-owens-175494.png"},"background_position":"center center","background_size":"cover","background_overlay_background":"classic","background_overlay_color":"#000000","background_overlay_color_b":"#151515","background_overlay_opacity":{"unit":"px","size":0.4},"border_radius":{"unit":"px","top":"4","right":"4","bottom":"4","left":"4","isLinked":true},"box_shadow_box_shadow":{"horizontal":0,"vertical":0,"blur":55,"spread":0,"color":"rgba(75,111,147,0.49)"},"margin":{"unit":"px","top":"0","right":"0","bottom":"0","left":"30","isLinked":false},"padding":{"unit":"px","top":"0","right":"0","bottom":"0","left":"0","isLinked":false},"background_overlay_hover_background":"classic","background_overlay_hover_color":"#000000","background_overlay_hover_opacity":{"unit":"px","size":0},"margin_mobile":{"unit":"px","top":"20","right":"20","bottom":"20","left":"20","isLinked":true},"padding_mobile":{"unit":"px","top":"0","right":"0","bottom":"0","left":"0","isLinked":false},"margin_tablet":{"unit":"px","top":"0","right":"0","bottom":"0","left":"20","isLinked":false}},"elements":[{"id":"70f1ad6a","settings":{"space":{"unit":"px","size":240},"space_mobile":{"unit":"px","size":156}},"elements":[],"isInner":false,"widgetType":"spacer","elType":"widget"},{"id":"4bf794f7","settings":{"structure":"20","margin":{"unit":"px","top":"0","right":0,"bottom":"0","left":0,"isLinked":true}},"elements":[{"id":"5042d579","settings":{"_column_size":50,"_inline_size":74.5,"content_position":"center","border_border":"solid","border_width":{"unit":"px","top":"0","right":"0","bottom":"0","left":"5","isLinked":false},"border_color":"#db1529","border_radius":{"unit":"px","top":"0","right":"0","bottom":"0","left":"4","isLinked":false},"padding":{"unit":"px","top":"0","right":"0","bottom":"0","left":"0","isLinked":true},"_inline_size_mobile":70,"_inline_size_tablet":60},"elements":[{"id":"6670c742","settings":{"title":"Freestyle","typography_typography":"custom","typography_font_size":{"unit":"px","size":35},"typography_font_family":"Catamaran","typography_font_weight":"900","typography_text_transform":"uppercase","typography_font_style":"italic","typography_letter_spacing":{"unit":"px","size":-2.5},"title_color":"#ffffff","_margin":{"unit":"px","top":"0","right":"0","bottom":"0","left":"15","isLinked":false},"custom_css":"span1{\n    color:#4b6f93;\n}","typography_font_size_mobile":{"unit":"px","size":34},"typography_font_size_tablet":{"unit":"px","size":24},"header_size":"h4"},"elements":[],"isInner":false,"widgetType":"heading","elType":"widget"}],"isInner":true,"elType":"column"},{"id":"21b78711","settings":{"_column_size":50,"_inline_size":25.492,"background_background":"classic","background_color":"#db1529","border_radius":{"unit":"px","top":"0","right":"0","bottom":"4","left":"0","isLinked":false},"padding":{"unit":"px","top":"10","right":"5","bottom":"20","left":"5","isLinked":false},"_inline_size_mobile":30,"padding_mobile":{"unit":"px","top":"10","right":"0","bottom":"15","left":"0","isLinked":false},"_inline_size_tablet":40},"elements":[{"id":"2feb867b","settings":{"image":{"url":"","id":""},"title_text":"October","description_text":"14 - 16","image_space":{"unit":"px","size":0},"title_bottom_space":{"unit":"px","size":18},"text_align":"center","title_color":"#ffffff","title_typography_typography":"custom","title_typography_font_size":{"unit":"px","size":12},"title_typography_font_family":"Catamaran","title_typography_font_weight":"400","title_typography_text_transform":"uppercase","title_typography_letter_spacing":{"unit":"px","size":0.4},"description_color":"#ffffff","description_typography_typography":"custom","description_typography_font_size":{"unit":"px","size":25},"description_typography_font_family":"Catamaran","description_typography_font_weight":"200","description_typography_text_transform":"uppercase","description_typography_line_height":{"unit":"em","size":0.2},"description_typography_letter_spacing":{"unit":"px","size":0.4},"description_typography_font_size_tablet":{"unit":"px","size":18},"title_size":"h5"},"elements":[],"isInner":false,"widgetType":"image-box","elType":"widget"}],"isInner":true,"elType":"column"}],"isInner":true,"elType":"section"}],"isInner":false,"elType":"column"}],"isInner":false,"elType":"section"},{"id":"3206ac71","settings":{"height":"min-height","custom_height":{"unit":"px","size":650},"structure":"20","margin":{"unit":"px","top":"","right":0,"bottom":"","left":0,"isLinked":true},"padding":{"unit":"px","top":"130","right":"0","bottom":"130","left":"0","isLinked":false},"background_background":"classic","background_image":{"id":1079,"url":"http:\/\/localhost\/test\/wp-content\/uploads\/2018\/09\/6-7.png"},"background_position":"center left","background_size":"cover","background_overlay_background":"gradient","background_overlay_color":"rgba(255,255,255,0)","background_overlay_color_stop":{"unit":"%","size":43},"background_overlay_color_b":"#ffffff","background_overlay_opacity":{"unit":"px","size":1},"background_overlay_color_b_stop":{"unit":"%","size":60},"background_overlay_gradient_angle":{"unit":"deg","size":120},"margin_mobile":{"unit":"px","top":"0","right":0,"bottom":"0","left":0,"isLinked":true},"padding_mobile":{"unit":"px","top":"0","right":"0","bottom":"0","left":"0","isLinked":true},"margin_tablet":{"unit":"px","top":"0","right":0,"bottom":"0","left":0,"isLinked":false},"padding_tablet":{"unit":"px","top":"80","right":"0","bottom":"0","left":"0","isLinked":false},"custom_height_mobile":{"unit":"px","size":0}},"elements":[{"id":"382daf45","settings":{"_column_size":50,"_inline_size_tablet":20},"elements":[],"isInner":false,"elType":"column"},{"id":"2b10865c","settings":{"_column_size":50,"_inline_size":51.667,"margin_mobile":{"unit":"px","top":"-210","right":"20","bottom":"60","left":"20","isLinked":false},"padding_mobile":{"unit":"px","top":"0","right":"0","bottom":"0","left":"0","isLinked":false},"_inline_size_tablet":100,"margin_tablet":{"unit":"px","top":"215","right":"0","bottom":"0","left":"0","isLinked":false},"padding_tablet":{"unit":"px","top":"40","right":"40","bottom":"40","left":"150","isLinked":false}},"elements":[{"id":"33387cd5","settings":{"title":"Secret Season","title_color":"#db1529","typography_typography":"custom","typography_font_size":{"unit":"px","size":21},"typography_font_family":"Catamaran","typography_font_weight":"400","typography_text_transform":"capitalize","typography_letter_spacing":{"unit":"px","size":0.4},"_margin":{"unit":"px","top":"0","right":"0","bottom":"0","left":"0","isLinked":false},"align":"left","align_mobile":"center","typography_font_size_mobile":{"unit":"px","size":18},"_margin_mobile":{"unit":"px","top":"250","right":"0","bottom":"0","left":"0","isLinked":false},"_padding_mobile":{"unit":"px","top":"0","right":"0","bottom":"0","left":"0","isLinked":false},"align_tablet":"left","header_size":"h4"},"elements":[],"isInner":false,"widgetType":"heading","elType":"widget"},{"id":"34ef556e","settings":{"title":"SAVE <span1 style=color:#4b6f93;>UP TO 25%<\/span1>\nON SPRING LODGING !","typography_typography":"custom","typography_font_size":{"unit":"px","size":57},"typography_font_family":"Catamaran","typography_font_weight":"900","typography_text_transform":"uppercase","typography_font_style":"italic","typography_letter_spacing":{"unit":"px","size":-2.5},"title_color":"#151515","_margin":{"unit":"px","top":"-10","right":"0","bottom":"0","left":"0","isLinked":false},"custom_css":"span1{\n    color:#4b6f93;\n}","align":"left","align_mobile":"center","typography_font_size_mobile":{"unit":"px","size":34},"align_tablet":"left","typography_font_size_tablet":{"unit":"px","size":44},"header_size":"h4"},"elements":[],"isInner":false,"widgetType":"heading","elType":"widget"},{"id":"255e1db","settings":{"title":"Everybody know that Snow Mountain is more than mountains! Consectetur adipiscing elit. Curabitur quis pellentesque quam, quis convallis neque. Sed ullamcorper mauris justo, vitae tempus purus viverra ut. Nullam sit amet  nec quis elit. Nulla vitae tellus in diam ornare tincidunt ut sed dolor. Nullam non justo ac felis cursus imperdiet.","align":"left","title_color":"#000000","typography_typography":"custom","typography_font_size":{"unit":"px","size":17},"typography_font_family":"Catamaran","typography_font_weight":"300","typography_line_height":{"unit":"em","size":1.7},"typography_letter_spacing":{"unit":"px","size":0.6},"text_shadow_text_shadow":{"horizontal":1,"vertical":0,"blur":0,"color":"#ffffff"},"_margin":{"unit":"px","top":"40","right":"0","bottom":"0","left":"0","isLinked":false},"_padding":{"unit":"px","top":"0","right":"0","bottom":"0","left":"0","isLinked":false},"_background_color":"rgba(255,255,255,0.81)","_background_color_stop":{"unit":"%","size":37},"_background_color_b":"rgba(242,242,242,0)","_background_color_b_stop":{"unit":"%","size":67},"_background_gradient_type":"radial","align_mobile":"center","typography_font_size_mobile":{"unit":"px","size":16},"align_tablet":"left","header_size":"p"},"elements":[],"isInner":false,"widgetType":"heading","elType":"widget"},{"id":"7b90b859","settings":{"text":"read more","align":"left","typography_typography":"custom","typography_font_size":{"unit":"px","size":18},"typography_font_family":"Catamaran","typography_font_weight":"600","typography_text_transform":"uppercase","typography_font_style":"italic","typography_letter_spacing":{"unit":"px","size":0},"background_color":"#db1529","hover_animation":"grow","border_radius":{"unit":"px","top":"4","right":"4","bottom":"4","left":"4","isLinked":true},"text_padding":{"unit":"px","top":"18","right":"45","bottom":"18","left":"45","isLinked":false},"_margin":{"unit":"px","top":"40","right":"0","bottom":"0","left":"0","isLinked":false},"align_mobile":"center","align_tablet":"left"},"elements":[],"isInner":false,"widgetType":"button","elType":"widget"}],"isInner":false,"elType":"column"}],"isInner":false,"elType":"section"},{"id":"40161dd3","settings":{"background_background":"classic","background_color":"#ffffff","background_color_b":"#ffffff","background_gradient_angle":{"unit":"deg","size":160},"background_overlay_background":"gradient","background_overlay_color":"rgba(75,111,147,0.22)","background_overlay_color_b":"#ffffff","background_overlay_gradient_angle":{"unit":"deg","size":0},"background_overlay_opacity":{"unit":"px","size":1},"margin":{"unit":"px","top":"0","right":0,"bottom":"0","left":0,"isLinked":false},"padding":{"unit":"px","top":"0","right":"0","bottom":"100","left":"0","isLinked":false},"margin_mobile":{"unit":"px","top":"0","right":0,"bottom":"0","left":0,"isLinked":true},"padding_mobile":{"unit":"px","top":"0","right":"0","bottom":"40","left":"0","isLinked":false},"background_overlay_color_b_stop":{"unit":"%","size":81},"margin_tablet":{"unit":"px","top":"0","right":0,"bottom":"0","left":0,"isLinked":false},"padding_tablet":{"unit":"px","top":"0","right":"0","bottom":"50","left":"0","isLinked":false}},"elements":[{"id":"10abefd2","settings":{"_column_size":100,"padding_tablet":{"unit":"px","top":"0","right":"0","bottom":"0","left":"0","isLinked":false}},"elements":[{"id":"496dda7d","settings":{"title":"gallery","title_color":"#db1529","typography_typography":"custom","typography_font_size":{"unit":"px","size":21},"typography_font_family":"Catamaran","typography_font_weight":"500","typography_text_transform":"capitalize","typography_letter_spacing":{"unit":"px","size":0.4},"_margin":{"unit":"px","top":"130","right":"0","bottom":"0","left":"0","isLinked":false},"align":"center","typography_font_size_mobile":{"unit":"px","size":18},"_margin_mobile":{"unit":"px","top":"60","right":"0","bottom":"0","left":"0","isLinked":false},"_padding_mobile":{"unit":"px","top":"0","right":"0","bottom":"0","left":"0","isLinked":false},"header_size":"h4"},"elements":[],"isInner":false,"widgetType":"heading","elType":"widget"},{"id":"56460f98","settings":{"title":"PHOTO OF THE DAY","typography_typography":"custom","typography_font_size":{"unit":"px","size":57},"typography_font_family":"Catamaran","typography_font_weight":"900","typography_text_transform":"uppercase","typography_font_style":"italic","typography_letter_spacing":{"unit":"px","size":-2.5},"title_color":"#151515","_margin":{"unit":"px","top":"-12","right":"0","bottom":"0","left":"0","isLinked":false},"custom_css":"span1{\n    color:#4b6f93;\n}","align":"center","typography_font_size_mobile":{"unit":"px","size":34},"_margin_mobile":{"unit":"px","top":"0","right":"0","bottom":"0","left":"0","isLinked":false},"header_size":"h3","typography_font_size_tablet":{"unit":"px","size":44}},"elements":[],"isInner":false,"widgetType":"heading","elType":"widget"},{"id":"32604115","settings":{"slides":[{"image":{"id":"342","url":"http:\/\/localhost\/test\/wp-content\/uploads\/2018\/09\/johannes-waibel-4298.png"},"_id":"0h84y07","type":"image","image_link_to_type":"","image_link_to":{"url":"","is_external":"","nofollow":""},"video":{"url":"","is_external":"","nofollow":""}},{"image":{"id":"343","url":"http:\/\/localhost\/test\/wp-content\/uploads\/2018\/09\/lukas-neasi-65748.png"},"_id":"7et6fjl","type":"image","image_link_to_type":"","image_link_to":{"url":"","is_external":"","nofollow":""},"video":{"url":"","is_external":"","nofollow":""}},{"image":{"id":"344","url":"http:\/\/localhost\/test\/wp-content\/uploads\/2018\/09\/markos-mant-228858.png"},"_id":"wiglfsd","type":"image","image_link_to_type":"","image_link_to":{"url":"","is_external":"","nofollow":""},"video":{"url":"","is_external":"","nofollow":""}}],"slideshow_height":{"unit":"px","size":516},"slides_per_view":"3","height":{"unit":"px","size":474},"width":{"unit":"%","size":100},"show_arrows":"","pagination":"","overlay":"icon","icon":"link","space_between":{"unit":"px","size":20},"slide_background_color":"#c6c6c6","arrows_size":{"unit":"px","size":42},"arrows_color":"#db1529","pagination_size":{"unit":"px","size":7},"pagination_color":"#db1529","overlay_background_color":"rgba(21,21,21,0.95)","overlay_color":"#db1529","caption_typography_typography":"custom","caption_typography_font_size":{"unit":"px","size":24},"caption_typography_font_family":"Catamaran","caption_typography_font_weight":"500","caption_typography_letter_spacing":{"unit":"px","size":0.4},"icon_size":{"unit":"px","size":51},"_margin":{"unit":"px","top":"0","right":"0","bottom":"0","left":"0","isLinked":false},"_padding":{"unit":"px","top":"20","right":"0","bottom":"0","left":"0","isLinked":false},"_box_shadow_box_shadow":{"horizontal":0,"vertical":0,"blur":0,"spread":0,"color":"rgba(0,0,0,0.5)"},"slides_per_view_tablet":"3","_padding_tablet":{"unit":"px","top":"0","right":"40","bottom":"0","left":"40","isLinked":false},"height_tablet":{"unit":"px","size":288},"width_tablet":{"unit":"px","size":686},"space_between_tablet":{"unit":"px","size":18},"slides_per_view_mobile":"1","width_mobile":{"unit":"px","size":280},"_margin_mobile":{"unit":"px","top":"0","right":"0","bottom":"0","left":"0","isLinked":true},"_padding_mobile":{"unit":"px","top":"20","right":"40","bottom":"0","left":"40","isLinked":false}},"elements":[],"isInner":false,"widgetType":"media-carousel","elType":"widget"},{"id":"654f0fe7","settings":{"slides":[{"image":{"id":"345","url":"http:\/\/localhost\/test\/wp-content\/uploads\/2018\/09\/mattias-olsson-160612.png"},"_id":"so3n2jg","type":"image","image_link_to_type":"","image_link_to":{"url":"","is_external":"","nofollow":""},"video":{"url":"","is_external":"","nofollow":""}},{"image":{"id":"346","url":"http:\/\/localhost\/test\/wp-content\/uploads\/2018\/09\/tomas-kodydek-7492.png"},"_id":"a2t5cnv","type":"image","image_link_to_type":"","image_link_to":{"url":"","is_external":"","nofollow":""},"video":{"url":"","is_external":"","nofollow":""}}],"slideshow_height":{"unit":"px","size":516},"slides_per_view":"3","height":{"unit":"px","size":474},"width":{"unit":"%","size":100},"show_arrows":"","pagination":"","overlay":"icon","icon":"link","space_between":{"unit":"px","size":20},"slide_background_color":"#c6c6c6","arrows_size":{"unit":"px","size":42},"arrows_color":"#db1529","pagination_size":{"unit":"px","size":7},"pagination_color":"#db1529","overlay_background_color":"rgba(21,21,21,0.95)","overlay_color":"#db1529","caption_typography_typography":"custom","caption_typography_font_size":{"unit":"px","size":24},"caption_typography_font_family":"Catamaran","caption_typography_font_weight":"500","caption_typography_letter_spacing":{"unit":"px","size":0.4},"icon_size":{"unit":"px","size":50},"_margin":{"unit":"px","top":"0","right":"0","bottom":"0","left":"0","isLinked":false},"_padding":{"unit":"px","top":"0","right":"0","bottom":"0","left":"0","isLinked":false},"_box_shadow_box_shadow":{"horizontal":0,"vertical":0,"blur":0,"spread":0,"color":"rgba(0,0,0,0.5)"},"slides_per_view_tablet":"2","_padding_tablet":{"unit":"px","top":"0","right":"40","bottom":"0","left":"40","isLinked":false},"height_tablet":{"unit":"px","size":297},"space_between_tablet":{"unit":"px","size":18},"_margin_tablet":{"unit":"px","top":"0","right":"0","bottom":"0","left":"0","isLinked":false},"slides_per_view_mobile":"1","width_mobile":{"unit":"px","size":280}},"elements":[],"isInner":false,"widgetType":"media-carousel","elType":"widget"}],"isInner":false,"elType":"column"}],"isInner":false,"elType":"section"},{"id":"66b16e2c","settings":{"gap":"no","content_position":"middle","structure":"30","background_background":"classic","background_color":"#151515","margin":{"unit":"px","top":"","right":0,"bottom":"","left":0,"isLinked":true},"padding":{"unit":"px","top":"60","right":"40","bottom":"60","left":"40","isLinked":false},"margin_mobile":{"unit":"px","top":"0","right":0,"bottom":"0","left":0,"isLinked":false},"padding_mobile":{"unit":"px","top":"60","right":"20","bottom":"60","left":"20","isLinked":false},"height":"min-height","custom_height":{"unit":"px","size":200},"background_overlay_background":"classic","background_overlay_image":{"id":"354","url":"http:\/\/localhost\/test\/wp-content\/uploads\/2018\/09\/8522.png"},"background_overlay_position":"top right","background_overlay_repeat":"no-repeat","background_overlay_opacity":{"unit":"px","size":0.1},"padding_tablet":{"unit":"px","top":"40","right":"0","bottom":"40","left":"0","isLinked":false}},"elements":[{"id":"1c42e3ee","settings":{"_column_size":33,"_inline_size":19.167,"_inline_size_tablet":100,"padding_tablet":{"unit":"px","top":"0","right":"0","bottom":"40","left":"0","isLinked":false}},"elements":[{"id":"5234148a","settings":{"title":"<i class=\"fa fa-wrench\" aria-hidden=\"true\"><\/i> &nbsp X-PRESS SERVICE","title_color":"#5e5e5e","typography_typography":"custom","typography_font_size":{"unit":"px","size":20},"typography_font_family":"Catamaran","typography_font_weight":"600","typography_text_transform":"uppercase","typography_letter_spacing":{"unit":"px","size":0.4},"_margin":{"unit":"px","top":"0","right":"0","bottom":"0","left":"0","isLinked":false},"align":"left","align_mobile":"center","typography_font_size_mobile":{"unit":"px","size":18},"_margin_mobile":{"unit":"px","top":"0","right":"0","bottom":"0","left":"0","isLinked":true},"typography_font_size_tablet":{"unit":"px","size":23},"header_size":"h4","align_tablet":"center"},"elements":[],"isInner":false,"widgetType":"heading","elType":"widget"}],"isInner":false,"elType":"column"},{"id":"25c2084f","settings":{"_column_size":33,"_inline_size":59.417,"border_border":"solid","border_width":{"unit":"px","top":"0","right":"0","bottom":"0","left":"0","isLinked":false},"border_color":"#db1529","border_radius":{"unit":"px","top":"0","right":"0","bottom":"0","left":"0","isLinked":false},"padding":{"unit":"px","top":"0","right":"0","bottom":"0","left":"0","isLinked":false},"margin_mobile":{"unit":"px","top":"20","right":"0","bottom":"0","left":"0","isLinked":false},"padding_mobile":{"unit":"px","top":"0","right":"10","bottom":"0","left":"20","isLinked":false},"padding_tablet":{"unit":"px","top":"0","right":"30","bottom":"0","left":"0","isLinked":false},"_inline_size_tablet":60,"margin_tablet":{"unit":"px","top":"0","right":"0","bottom":"0","left":"60","isLinked":false}},"elements":[{"id":"2f3466b8","settings":{"title":"We offer several lodging options for your group or family ski trip on the mountain resort. Fine tune your ski capabilities in a matter of a few days by exploring all the slopes in the area and visiting the many restaurants and bars.","align":"left","title_color":"#ffffff","typography_typography":"custom","typography_font_size":{"unit":"px","size":17},"typography_font_family":"Catamaran","typography_font_weight":"300","typography_line_height":{"unit":"em","size":1.7},"typography_letter_spacing":{"unit":"px","size":0.6},"text_shadow_text_shadow":{"horizontal":1,"vertical":0,"blur":0,"color":"#ffffff"},"_margin":{"unit":"px","top":"0","right":"0","bottom":"0","left":"0","isLinked":false},"_padding":{"unit":"px","top":"0","right":"0","bottom":"0","left":"20","isLinked":false},"_background_color":"rgba(255,255,255,0.81)","_background_color_stop":{"unit":"%","size":37},"_background_color_b":"rgba(242,242,242,0)","_background_color_b_stop":{"unit":"%","size":67},"_background_gradient_type":"radial","align_mobile":"left","typography_font_size_mobile":{"unit":"px","size":16},"_border_border":"solid","_border_width":{"unit":"px","top":"0","right":"0","bottom":"0","left":"3","isLinked":false},"_border_color":"#db1529","_border_radius":{"unit":"px","top":"0","right":"0","bottom":"0","left":"0","isLinked":false},"_margin_mobile":{"unit":"px","top":"0","right":"0","bottom":"0","left":"0","isLinked":false},"typography_font_size_tablet":{"unit":"px","size":15},"header_size":"p"},"elements":[],"isInner":false,"widgetType":"heading","elType":"widget"}],"isInner":false,"elType":"column"},{"id":"5c0fa284","settings":{"_column_size":33,"_inline_size":21.412,"content_position":"center","_inline_size_tablet":40,"margin_tablet":{"unit":"px","top":"0","right":"60","bottom":"0","left":"0","isLinked":false},"margin_mobile":{"unit":"px","top":"0","right":"0","bottom":"0","left":"0","isLinked":true},"padding_mobile":{"unit":"px","top":"0","right":"0","bottom":"0","left":"0","isLinked":true}},"elements":[{"id":"162f28e5","settings":{"text":"book now","align":"right","typography_typography":"custom","typography_font_size":{"unit":"px","size":18},"typography_font_family":"Catamaran","typography_font_weight":"600","typography_text_transform":"uppercase","typography_font_style":"italic","typography_letter_spacing":{"unit":"px","size":0},"background_color":"#db1529","hover_animation":"grow","border_radius":{"unit":"px","top":"4","right":"4","bottom":"4","left":"4","isLinked":true},"text_padding":{"unit":"px","top":"18","right":"25","bottom":"18","left":"25","isLinked":false},"_margin":{"unit":"px","top":"0","right":"0","bottom":"0","left":"0","isLinked":false},"align_mobile":"center","_margin_mobile":{"unit":"px","top":"40","right":"0","bottom":"0","left":"0","isLinked":false},"typography_font_size_tablet":{"unit":"px","size":18},"align_tablet":"center","_padding_mobile":{"unit":"px","top":"0","right":"0","bottom":"0","left":"0","isLinked":true}},"elements":[],"isInner":false,"widgetType":"button","elType":"widget"}],"isInner":false,"elType":"column"}],"isInner":false,"elType":"section"}]}