{"version":"0.4","title":"Services-Coffee-Shop-Menu-page","type":"page","content":[{"id":"3be001de","settings":{"layout":"full_width","content_width":{"unit":"px","size":"1800"},"custom_height":{"unit":"px","size":"0"},"background_background":"classic","background_image":{"id":1042,"url":"http:\/\/localhost\/test\/wp-content\/uploads\/2018\/09\/20.jpg"},"background_position":"center center","background_size":"cover","padding":{"unit":"px","top":"200","right":"0","bottom":"200","left":"0","isLinked":false},"padding_tablet":{"unit":"px","top":"175","right":"0","bottom":"0","left":"0","isLinked":false},"padding_mobile":{"unit":"px","top":"50","right":"0","bottom":"50","left":"0","isLinked":false},"section_custom_css_pro":"","custom_css_pro":""},"elements":[{"id":"490ddbbc","settings":{"_column_size":100,"_inline_size":null,"background_background":"classic","margin":{"unit":"%","top":"","right":"","bottom":"","left":"","isLinked":true},"section_custom_css_pro":"","custom_css_pro":""},"elements":[],"isInner":false,"elType":"column"}],"isInner":false,"elType":"section"},{"id":"5b1b40c2","settings":{"layout":"full_width","margin":{"unit":"px","top":"-49","right":0,"bottom":"0","left":0,"isLinked":false},"margin_tablet":{"unit":"px","top":"-59","right":0,"bottom":"0","left":0,"isLinked":false},"margin_mobile":{"unit":"px","top":"-79","right":0,"bottom":"0","left":0,"isLinked":false},"padding":{"unit":"%","top":"0","right":"6","bottom":"0","left":"6","isLinked":false},"padding_tablet":{"unit":"px","top":"0","right":"0","bottom":"0","left":"30","isLinked":false},"section_custom_css_pro":"","custom_css_pro":""},"elements":[{"id":"c58447","settings":{"_column_size":100,"_inline_size":null,"background_background":"classic","background_color":"#000000","margin":{"unit":"%","top":"-1","right":"61","bottom":"0","left":"0","isLinked":false},"margin_tablet":{"unit":"%","top":"0","right":"58","bottom":"0","left":"0","isLinked":false},"margin_mobile":{"unit":"%","top":"0","right":"9","bottom":"0","left":"0","isLinked":false},"padding":{"unit":"px","top":"30","right":"30","bottom":"30","left":"30","isLinked":true},"section_custom_css_pro":"","custom_css_pro":""},"elements":[{"id":"23aad246","settings":{"title":"Salads & Soups","align":"center","title_color":"#ffffff","typography_typography":"custom","typography_font_size":{"unit":"px","size":"60"},"typography_font_size_tablet":{"unit":"px","size":"40"},"typography_font_size_mobile":{"unit":"px","size":"31"},"typography_font_family":"Vidaloka","typography_letter_spacing":{"unit":"px","size":-1.5},"_margin":{"unit":"%","top":"","right":"","bottom":"","left":"","isLinked":true},"_background_background":"classic","section_custom_css_pro":"","custom_css_pro":""},"elements":[],"isInner":false,"widgetType":"heading","elType":"widget"}],"isInner":false,"elType":"column"}],"isInner":false,"elType":"section"},{"id":"51837ba","settings":{"layout":"full_width","structure":"20","padding":{"unit":"%","top":"10","right":"6","bottom":"10","left":"6","isLinked":false},"padding_tablet":{"unit":"px","top":"100","right":"30","bottom":"100","left":"30","isLinked":false},"padding_mobile":{"unit":"px","top":"70","right":"30","bottom":"70","left":"30","isLinked":false},"section_custom_css_pro":"","custom_css_pro":""},"elements":[{"id":"33f38e5e","settings":{"_column_size":50,"_inline_size":null,"padding":{"unit":"px","top":"0","right":"85","bottom":"0","left":"0","isLinked":false},"padding_tablet":{"unit":"px","top":"0","right":"30","bottom":"0","left":"0","isLinked":false},"padding_mobile":{"unit":"px","top":"0","right":"0","bottom":"0","left":"0","isLinked":false},"section_custom_css_pro":"","custom_css_pro":""},"elements":[{"id":"43fa66a0","settings":{"title":"Salads","header_size":"h3","title_color":"#000000","typography_typography":"custom","typography_font_size":{"unit":"px","size":"40"},"typography_font_size_tablet":{"unit":"px","size":"30"},"typography_font_family":"Vidaloka","section_custom_css_pro":"","custom_css_pro":""},"elements":[],"isInner":false,"widgetType":"heading","elType":"widget"},{"id":"795deaa3","settings":{"weight":{"unit":"px","size":"2"},"color":"#000000","gap":{"unit":"px","size":"0"},"section_custom_css_pro":"","custom_css_pro":""},"elements":[],"isInner":false,"widgetType":"divider","elType":"widget"},{"id":"761a459","settings":{"price_list":[{"title":"Classic chicken caesar salad","item_description":"Homemade buttermilk biscuits, sweet potato biscuits and cornbread. Served with homemade peach-pepper jelly and apple butter","price":"$20","link":{"url":"#","is_external":"","nofollow":""},"_id":"gii7k3n","image":{"url":"","id":""}},{"title":"Chopped cobb & egg salad  ","item_description":"Homemade buttermilk biscuits, sweet potato biscuits and cornbread. Served with homemade peach-pepper jelly and apple butter","price":"$18","link":{"url":"#","is_external":"","nofollow":""},"_id":"6yhyebg","image":{"url":"","id":""}},{"title":"Roasted squash & couscous salad ","item_description":"Homemade buttermilk biscuits, sweet potato biscuits and cornbread. Served with homemade peach-pepper jelly and apple butter","price":"$19.5","link":{"url":"#","is_external":"","nofollow":""},"_id":"7clxs4i","image":{"url":"","id":""}},{"title":"Beetroot, carrot & orange salad","item_description":"Homemade buttermilk biscuits, sweet potato biscuits and cornbread. Served with homemade peach-pepper jelly and apple butter","price":"$21","link":{"url":"#","is_external":"","nofollow":""},"_id":"7ibscy5","image":{"url":"","id":""}},{"title":"Hearts of palm & chicken chopped salad","item_description":"Homemade buttermilk biscuits, sweet potato biscuits and cornbread. Served with homemade peach-pepper jelly and apple butter","price":"$17.5","link":{"url":"#","is_external":"","nofollow":""},"_id":"em3p7ok","image":{"url":"","id":""}}],"heading_color":"#000000","heading_typography_typography":"custom","heading_typography_font_size":{"unit":"px","size":"18"},"heading_typography_font_size_tablet":{"unit":"px","size":"15"},"heading_typography_font_family":"Roboto","heading_typography_text_transform":"uppercase","heading_typography_letter_spacing":{"unit":"px","size":"0.5"},"description_color":"#545454","description_typography_typography":"custom","description_typography_font_size":{"unit":"px","size":"16"},"separator_weight":{"unit":"px","size":"1.5"},"separator_spacing":{"unit":"px","size":20},"row_gap":{"unit":"px","size":50},"_padding":{"unit":"px","top":"30","right":"0","bottom":"0","left":"0","isLinked":false},"section_custom_css_pro":"","custom_css_pro":""},"elements":[],"isInner":false,"widgetType":"price-list","elType":"widget"}],"isInner":false,"elType":"column"},{"id":"c8e8bc4","settings":{"_column_size":50,"_inline_size":null,"margin_tablet":{"unit":"px","top":"0","right":"0","bottom":"0","left":"0","isLinked":true},"padding":{"unit":"px","top":"0","right":"0","bottom":"0","left":"85","isLinked":false},"padding_tablet":{"unit":"px","top":"0","right":"0","bottom":"0","left":"30","isLinked":false},"padding_mobile":{"unit":"px","top":"70","right":"0","bottom":"0","left":"0","isLinked":false},"section_custom_css_pro":"","custom_css_pro":""},"elements":[{"id":"49a0ddcb","settings":{"title":"Soups","header_size":"h3","title_color":"#000000","typography_typography":"custom","typography_font_size":{"unit":"px","size":"40"},"typography_font_size_tablet":{"unit":"px","size":"30"},"typography_font_family":"Vidaloka","section_custom_css_pro":"","custom_css_pro":""},"elements":[],"isInner":false,"widgetType":"heading","elType":"widget"},{"id":"43936250","settings":{"weight":{"unit":"px","size":"2"},"color":"#000000","gap":{"unit":"px","size":"0"},"section_custom_css_pro":"","custom_css_pro":""},"elements":[],"isInner":false,"widgetType":"divider","elType":"widget"},{"id":"562cfc02","settings":{"price_list":[{"title":"Store cupboard lentil soup","item_description":"Homemade buttermilk biscuits, sweet potato biscuits and cornbread. Served with homemade peach-pepper jelly and apple butter","price":"$15","link":{"url":"#","is_external":"","nofollow":""},"_id":"gii7k3n","image":{"url":"","id":""}},{"title":"Parsnip, sage & white bean soup","item_description":"Homemade buttermilk biscuits, sweet potato biscuits and cornbread. Served with homemade peach-pepper jelly and apple butter","price":"$14.5","link":{"url":"#","is_external":"","nofollow":""},"_id":"6yhyebg","image":{"url":"","id":""}},{"title":"Pumpkin & ginger soup ","item_description":"Homemade buttermilk biscuits, sweet potato biscuits and cornbread. Served with homemade peach-pepper jelly and apple butter","price":"$14","link":{"url":"#","is_external":"","nofollow":""},"_id":"7clxs4i","image":{"url":"","id":""}},{"title":"Green dream noodles","item_description":"Homemade buttermilk biscuits, sweet potato biscuits and cornbread. Served with homemade peach-pepper jelly and apple butter","price":"$15","link":{"url":"#","is_external":"","nofollow":""},"_id":"7ibscy5","image":{"url":"","id":""}}],"heading_color":"#000000","heading_typography_typography":"custom","heading_typography_font_size":{"unit":"px","size":"18"},"heading_typography_font_size_tablet":{"unit":"px","size":"15"},"heading_typography_font_family":"Roboto","heading_typography_text_transform":"uppercase","heading_typography_letter_spacing":{"unit":"px","size":"0.5"},"description_color":"#545454","description_typography_typography":"custom","description_typography_font_size":{"unit":"px","size":"16"},"separator_weight":{"unit":"px","size":"1.5"},"separator_spacing":{"unit":"px","size":20},"row_gap":{"unit":"px","size":50},"_padding":{"unit":"px","top":"30","right":"0","bottom":"0","left":"0","isLinked":false},"section_custom_css_pro":"","custom_css_pro":""},"elements":[],"isInner":false,"widgetType":"price-list","elType":"widget"}],"isInner":false,"elType":"column"}],"isInner":false,"elType":"section"},{"id":"6e00d98a","settings":{"layout":"full_width","content_width":{"unit":"px","size":"1800"},"custom_height":{"unit":"px","size":"500"},"background_background":"classic","background_image":{"id":1043,"url":"http:\/\/localhost\/test\/wp-content\/uploads\/2018\/09\/21.jpg"},"background_position":"center center","background_size":"cover","padding":{"unit":"px","top":"200","right":"0","bottom":"200","left":"0","isLinked":false},"padding_tablet":{"unit":"px","top":"175","right":"0","bottom":"0","left":"0","isLinked":false},"padding_mobile":{"unit":"px","top":"50","right":"0","bottom":"50","left":"0","isLinked":false},"section_custom_css_pro":"","custom_css_pro":""},"elements":[{"id":"2b292328","settings":{"_column_size":100,"_inline_size":null,"background_background":"classic","margin":{"unit":"%","top":"","right":"","bottom":"","left":"","isLinked":true},"section_custom_css_pro":"","custom_css_pro":""},"elements":[],"isInner":false,"elType":"column"}],"isInner":false,"elType":"section"},{"id":"2751d784","settings":{"layout":"full_width","margin":{"unit":"px","top":"-49","right":0,"bottom":"0","left":0,"isLinked":false},"margin_tablet":{"unit":"px","top":"-59","right":0,"bottom":"0","left":0,"isLinked":false},"padding":{"unit":"%","top":"0","right":"6","bottom":"0","left":"6","isLinked":false},"padding_tablet":{"unit":"px","top":"0","right":"0","bottom":"0","left":"30","isLinked":false},"section_custom_css_pro":"","custom_css_pro":""},"elements":[{"id":"40d6bcab","settings":{"_column_size":100,"_inline_size":null,"background_background":"classic","background_color":"#000000","margin":{"unit":"%","top":"-1","right":"53","bottom":"0","left":"0","isLinked":false},"margin_tablet":{"unit":"%","top":"0","right":"50","bottom":"0","left":"0","isLinked":false},"margin_mobile":{"unit":"%","top":"0","right":"9","bottom":"0","left":"0","isLinked":false},"padding":{"unit":"px","top":"30","right":"30","bottom":"30","left":"30","isLinked":true},"section_custom_css_pro":"","custom_css_pro":""},"elements":[{"id":"7ae4cabc","settings":{"title":"Pasta & Sandwichs","align":"center","title_color":"#ffffff","typography_typography":"custom","typography_font_size":{"unit":"px","size":"60"},"typography_font_size_tablet":{"unit":"px","size":"40"},"typography_font_size_mobile":{"unit":"px","size":"31"},"typography_font_family":"Vidaloka","typography_letter_spacing":{"unit":"px","size":-1.5},"_margin":{"unit":"%","top":"","right":"","bottom":"","left":"","isLinked":true},"_background_background":"classic","section_custom_css_pro":"","custom_css_pro":""},"elements":[],"isInner":false,"widgetType":"heading","elType":"widget"}],"isInner":false,"elType":"column"}],"isInner":false,"elType":"section"},{"id":"3eae6b03","settings":{"content_width":{"unit":"px","size":"1300"},"structure":"20","padding":{"unit":"%","top":"10","right":"6","bottom":"10","left":"6","isLinked":false},"padding_tablet":{"unit":"px","top":"100","right":"30","bottom":"100","left":"30","isLinked":false},"padding_mobile":{"unit":"px","top":"70","right":"30","bottom":"70","left":"30","isLinked":false},"section_custom_css_pro":"","custom_css_pro":""},"elements":[{"id":"32249877","settings":{"_column_size":50,"_inline_size":null,"padding":{"unit":"px","top":"0","right":"85","bottom":"0","left":"0","isLinked":false},"padding_tablet":{"unit":"px","top":"0","right":"30","bottom":"0","left":"0","isLinked":false},"padding_mobile":{"unit":"px","top":"0","right":"0","bottom":"0","left":"0","isLinked":true},"section_custom_css_pro":"","custom_css_pro":""},"elements":[{"id":"2dde02c0","settings":{"title":"Pasta","header_size":"h3","title_color":"#000000","typography_typography":"custom","typography_font_size":{"unit":"px","size":"40"},"typography_font_size_tablet":{"unit":"px","size":"30"},"typography_font_family":"Vidaloka","section_custom_css_pro":"","custom_css_pro":""},"elements":[],"isInner":false,"widgetType":"heading","elType":"widget"},{"id":"7b101757","settings":{"weight":{"unit":"px","size":"2"},"color":"#000000","gap":{"unit":"px","size":"0"},"section_custom_css_pro":"","custom_css_pro":""},"elements":[],"isInner":false,"widgetType":"divider","elType":"widget"},{"id":"606f7922","settings":{"price_list":[{"title":"Mushroom & cauliflower penne","item_description":"Homemade buttermilk biscuits, sweet potato biscuits and cornbread. Served with homemade peach-pepper jelly and apple butter","price":"$22","link":{"url":"#","is_external":"","nofollow":""},"_id":"gii7k3n","image":{"url":"","id":""}},{"title":"Chicken, leek & pea pasta bake","item_description":"Homemade buttermilk biscuits, sweet potato biscuits and cornbread. Served with homemade peach-pepper jelly and apple butter","price":"$20","link":{"url":"#","is_external":"","nofollow":""},"_id":"6yhyebg","image":{"url":"","id":""}},{"title":"Michela\u2019s carrot & ricotta pasta","item_description":"Homemade buttermilk biscuits, sweet potato biscuits and cornbread. Served with homemade peach-pepper jelly and apple butter","price":"$23","link":{"url":"#","is_external":"","nofollow":""},"_id":"7clxs4i","image":{"url":"","id":""}},{"title":"Duck rag\u00f9 & homemade pici pasta","item_description":"Homemade buttermilk biscuits, sweet potato biscuits and cornbread. Served with homemade peach-pepper jelly and apple butter","price":"$21","link":{"url":"#","is_external":"","nofollow":""},"_id":"7ibscy5","image":{"url":"","id":""}},{"title":"Squash and ricotta pasta bake","item_description":"Homemade buttermilk biscuits, sweet potato biscuits and cornbread. Served with homemade peach-pepper jelly and apple butter","price":"$22","link":{"url":"#","is_external":"","nofollow":""},"_id":"em3p7ok","image":{"url":"","id":""}},{"title":"Pasta con le sarde","item_description":"Homemade buttermilk biscuits, sweet potato biscuits and cornbread. Served with homemade peach-pepper jelly and apple butter","price":"$24","link":{"url":"#","is_external":"","nofollow":""},"_id":"7x8eq2s","image":{"url":"","id":""}}],"heading_color":"#000000","heading_typography_typography":"custom","heading_typography_font_size":{"unit":"px","size":"18"},"heading_typography_font_size_tablet":{"unit":"px","size":"15"},"heading_typography_font_family":"Roboto","heading_typography_text_transform":"uppercase","heading_typography_letter_spacing":{"unit":"px","size":"0.5"},"description_color":"#545454","description_typography_typography":"custom","description_typography_font_size":{"unit":"px","size":"16"},"separator_weight":{"unit":"px","size":"1.5"},"separator_spacing":{"unit":"px","size":20},"row_gap":{"unit":"px","size":50},"_padding":{"unit":"px","top":"30","right":"0","bottom":"0","left":"0","isLinked":false},"section_custom_css_pro":"","custom_css_pro":""},"elements":[],"isInner":false,"widgetType":"price-list","elType":"widget"}],"isInner":false,"elType":"column"},{"id":"4eba9dd4","settings":{"_column_size":50,"_inline_size":null,"padding":{"unit":"px","top":"0","right":"0","bottom":"0","left":"85","isLinked":false},"padding_tablet":{"unit":"px","top":"0","right":"0","bottom":"0","left":"30","isLinked":false},"padding_mobile":{"unit":"px","top":"70","right":"0","bottom":"0","left":"0","isLinked":false},"section_custom_css_pro":"","custom_css_pro":""},"elements":[{"id":"6e1046d2","settings":{"title":"Sandwiches","header_size":"h3","title_color":"#000000","typography_typography":"custom","typography_font_size":{"unit":"px","size":"40"},"typography_font_size_tablet":{"unit":"px","size":"30"},"typography_font_family":"Vidaloka","section_custom_css_pro":"","custom_css_pro":""},"elements":[],"isInner":false,"widgetType":"heading","elType":"widget"},{"id":"3fb12d92","settings":{"weight":{"unit":"px","size":"2"},"color":"#000000","gap":{"unit":"px","size":"0"},"section_custom_css_pro":"","custom_css_pro":""},"elements":[],"isInner":false,"widgetType":"divider","elType":"widget"},{"id":"17afe873","settings":{"price_list":[{"title":"Next-level steak & onion sandwich","item_description":"Homemade buttermilk biscuits, sweet potato biscuits and cornbread. Served with homemade peach-pepper jelly and apple butter","price":"$19","link":{"url":"#","is_external":"","nofollow":""},"_id":"gii7k3n","image":{"url":"","id":""}},{"title":"Veggie \u2018fish finger\u2019 sandwiche","item_description":"Homemade buttermilk biscuits, sweet potato biscuits and cornbread. Served with homemade peach-pepper jelly and apple butter","price":"$15","link":{"url":"#","is_external":"","nofollow":""},"_id":"6yhyebg","image":{"url":"","id":""}},{"title":"Festive turkey croque-monsieur","item_description":"Homemade buttermilk biscuits, sweet potato biscuits and cornbread. Served with homemade peach-pepper jelly and apple butter","price":"$16","link":{"url":"#","is_external":"","nofollow":""},"_id":"7clxs4i","image":{"url":"","id":""}},{"title":"Spicy corn & chickpea burgers","item_description":"Homemade buttermilk biscuits, sweet potato biscuits and cornbread. Served with homemade peach-pepper jelly and apple butter","price":"$17.5","link":{"url":"#","is_external":"","nofollow":""},"_id":"7ibscy5","image":{"url":"","id":""}},{"title":"Roasted beetroot toast","item_description":"Homemade buttermilk biscuits, sweet potato biscuits and cornbread. Served with homemade peach-pepper jelly and apple butter","price":"$16","link":{"url":"#","is_external":"","nofollow":""},"_id":"bvay2yi","image":{"url":"","id":""}},{"title":"Gennaro\u2019s meatball sandwiche","item_description":"Homemade buttermilk biscuits, sweet potato biscuits and cornbread. Served with homemade peach-pepper jelly and apple butter","price":"$17.5","link":{"url":"#","is_external":"","nofollow":""},"_id":"ijic1s3","image":{"url":"","id":""}}],"heading_color":"#000000","heading_typography_typography":"custom","heading_typography_font_size":{"unit":"px","size":"18"},"heading_typography_font_size_tablet":{"unit":"px","size":"15"},"heading_typography_font_family":"Roboto","heading_typography_text_transform":"uppercase","heading_typography_letter_spacing":{"unit":"px","size":"0.5"},"description_color":"#545454","description_typography_typography":"custom","description_typography_font_size":{"unit":"px","size":"16"},"separator_weight":{"unit":"px","size":"1.5"},"separator_spacing":{"unit":"px","size":20},"row_gap":{"unit":"px","size":50},"_padding":{"unit":"px","top":"30","right":"0","bottom":"0","left":"0","isLinked":false},"section_custom_css_pro":"","custom_css_pro":""},"elements":[],"isInner":false,"widgetType":"price-list","elType":"widget"}],"isInner":false,"elType":"column"}],"isInner":false,"elType":"section"},{"id":"145927af","settings":{"layout":"full_width","content_width":{"unit":"px","size":"1800"},"custom_height":{"unit":"px","size":"500"},"background_background":"classic","background_image":{"id":1044,"url":"http:\/\/localhost\/test\/wp-content\/uploads\/2018\/09\/22.jpg"},"background_position":"center center","background_size":"cover","padding":{"unit":"px","top":"200","right":"0","bottom":"200","left":"0","isLinked":false},"padding_tablet":{"unit":"px","top":"175","right":"0","bottom":"0","left":"0","isLinked":false},"padding_mobile":{"unit":"px","top":"50","right":"0","bottom":"50","left":"0","isLinked":false},"section_custom_css_pro":"","custom_css_pro":""},"elements":[{"id":"29ef2bd5","settings":{"_column_size":100,"_inline_size":null,"background_background":"classic","margin":{"unit":"%","top":"","right":"","bottom":"","left":"","isLinked":true},"section_custom_css_pro":"","custom_css_pro":""},"elements":[],"isInner":false,"elType":"column"}],"isInner":false,"elType":"section"},{"id":"16d350d5","settings":{"layout":"full_width","margin":{"unit":"px","top":"-49","right":0,"bottom":"0","left":0,"isLinked":false},"margin_tablet":{"unit":"px","top":"-59","right":0,"bottom":"0","left":0,"isLinked":false},"padding":{"unit":"%","top":"0","right":"6","bottom":"0","left":"6","isLinked":false},"padding_tablet":{"unit":"px","top":"0","right":"0","bottom":"0","left":"30","isLinked":false},"section_custom_css_pro":"","custom_css_pro":""},"elements":[{"id":"27729814","settings":{"_column_size":100,"_inline_size":null,"background_background":"classic","background_color":"#000000","margin":{"unit":"%","top":"-1","right":"54","bottom":"0","left":"0","isLinked":false},"margin_tablet":{"unit":"%","top":"0","right":"52","bottom":"0","left":"0","isLinked":false},"margin_mobile":{"unit":"%","top":"0","right":"9","bottom":"0","left":"0","isLinked":false},"padding":{"unit":"px","top":"30","right":"30","bottom":"30","left":"30","isLinked":true},"section_custom_css_pro":"","custom_css_pro":""},"elements":[{"id":"2601eefc","settings":{"title":"Desserts & Drinks","align":"center","title_color":"#ffffff","typography_typography":"custom","typography_font_size":{"unit":"px","size":"60"},"typography_font_size_tablet":{"unit":"px","size":"40"},"typography_font_size_mobile":{"unit":"px","size":31},"typography_font_family":"Vidaloka","typography_letter_spacing":{"unit":"px","size":-1.5},"_margin":{"unit":"%","top":"","right":"","bottom":"","left":"","isLinked":true},"_background_background":"classic","section_custom_css_pro":"","custom_css_pro":""},"elements":[],"isInner":false,"widgetType":"heading","elType":"widget"}],"isInner":false,"elType":"column"}],"isInner":false,"elType":"section"},{"id":"219d00cb","settings":{"content_width":{"unit":"px","size":"1300"},"structure":"20","padding":{"unit":"%","top":"10","right":"6","bottom":"10","left":"6","isLinked":false},"padding_tablet":{"unit":"px","top":"100","right":"30","bottom":"100","left":"30","isLinked":false},"padding_mobile":{"unit":"px","top":"70","right":"30","bottom":"70","left":"30","isLinked":false},"section_custom_css_pro":"","custom_css_pro":""},"elements":[{"id":"38890e83","settings":{"_column_size":50,"_inline_size":null,"padding":{"unit":"px","top":"0","right":"85","bottom":"0","left":"0","isLinked":false},"padding_tablet":{"unit":"px","top":"0","right":"30","bottom":"0","left":"0","isLinked":false},"padding_mobile":{"unit":"px","top":"0","right":"0","bottom":"0","left":"0","isLinked":true},"section_custom_css_pro":"","custom_css_pro":""},"elements":[{"id":"1a311c06","settings":{"title":"Desserts","header_size":"h3","title_color":"#000000","typography_typography":"custom","typography_font_size":{"unit":"px","size":"40"},"typography_font_size_tablet":{"unit":"px","size":"30"},"typography_font_family":"Vidaloka","section_custom_css_pro":"","custom_css_pro":""},"elements":[],"isInner":false,"widgetType":"heading","elType":"widget"},{"id":"39069f0f","settings":{"weight":{"unit":"px","size":"2"},"color":"#000000","gap":{"unit":"px","size":"0"},"section_custom_css_pro":"","custom_css_pro":""},"elements":[],"isInner":false,"widgetType":"divider","elType":"widget"},{"id":"7a6c9bc0","settings":{"price_list":[{"title":"Vegan chocolate tart with rhubarb","item_description":"Homemade buttermilk biscuits, sweet potato biscuits and cornbread. Served with homemade peach-pepper jelly and apple butter","price":"$13","link":{"url":"#","is_external":"","nofollow":""},"_id":"gii7k3n","image":{"url":"","id":""}},{"title":"Vegan toffee apple upside-down cake","item_description":"Homemade buttermilk biscuits, sweet potato biscuits and cornbread. Served with homemade peach-pepper jelly and apple butter","price":"$13.5","link":{"url":"#","is_external":"","nofollow":""},"_id":"6yhyebg","image":{"url":"","id":""}},{"title":"Almond-stuffed chocolate dates","item_description":"Homemade buttermilk biscuits, sweet potato biscuits and cornbread. Served with homemade peach-pepper jelly and apple butter","price":"$15","link":{"url":"#","is_external":"","nofollow":""},"_id":"7clxs4i","image":{"url":"","id":""}},{"title":"Chai spiced carrot cake","item_description":"Homemade buttermilk biscuits, sweet potato biscuits and cornbread. Served with homemade peach-pepper jelly and apple butter","price":"$14","link":{"url":"#","is_external":"","nofollow":""},"_id":"7ibscy5","image":{"url":"","id":""}},{"title":"Print Lemon & pistachio cannoli","item_description":"Homemade buttermilk biscuits, sweet potato biscuits and cornbread. Served with homemade peach-pepper jelly and apple butter","price":"$15","link":{"url":"#","is_external":"","nofollow":""},"_id":"em3p7ok","image":{"url":"","id":""}},{"title":"Chocolate truffle chestnut torte  honeycomb","item_description":"Homemade buttermilk biscuits, sweet potato biscuits and cornbread. Served with homemade peach-pepper jelly and apple butter","price":"$16","link":{"url":"#","is_external":"","nofollow":""},"_id":"7x8eq2s","image":{"url":"","id":""}}],"heading_color":"#000000","heading_typography_typography":"custom","heading_typography_font_size":{"unit":"px","size":"18"},"heading_typography_font_size_tablet":{"unit":"px","size":"15"},"heading_typography_font_family":"Roboto","heading_typography_text_transform":"uppercase","heading_typography_letter_spacing":{"unit":"px","size":"0.5"},"description_color":"#545454","description_typography_typography":"custom","description_typography_font_size":{"unit":"px","size":"16"},"separator_weight":{"unit":"px","size":"1.5"},"separator_spacing":{"unit":"px","size":20},"row_gap":{"unit":"px","size":50},"_padding":{"unit":"px","top":"30","right":"0","bottom":"0","left":"0","isLinked":false},"section_custom_css_pro":"","custom_css_pro":""},"elements":[],"isInner":false,"widgetType":"price-list","elType":"widget"}],"isInner":false,"elType":"column"},{"id":"25c66733","settings":{"_column_size":50,"_inline_size":null,"padding":{"unit":"px","top":"0","right":"0","bottom":"0","left":"85","isLinked":false},"padding_tablet":{"unit":"px","top":"0","right":"0","bottom":"0","left":"30","isLinked":false},"padding_mobile":{"unit":"px","top":"70","right":"0","bottom":"0","left":"0","isLinked":false},"section_custom_css_pro":"","custom_css_pro":""},"elements":[{"id":"7d6bb456","settings":{"title":"Hot Drinks","header_size":"h3","title_color":"#000000","typography_typography":"custom","typography_font_size":{"unit":"px","size":"40"},"typography_font_size_tablet":{"unit":"px","size":"30"},"typography_font_family":"Vidaloka","section_custom_css_pro":"","custom_css_pro":""},"elements":[],"isInner":false,"widgetType":"heading","elType":"widget"},{"id":"fbd1089","settings":{"weight":{"unit":"px","size":"2"},"color":"#000000","gap":{"unit":"px","size":"0"},"section_custom_css_pro":"","custom_css_pro":""},"elements":[],"isInner":false,"widgetType":"divider","elType":"widget"},{"id":"39c56a6e","settings":{"price_list":[{"title":"Caff\u00e8 Americano","item_description":"Homemade buttermilk biscuits, sweet potato biscuits and cornbread. Served with homemade peach-pepper jelly and apple butter","price":"$3.5","link":{"url":"#","is_external":"","nofollow":""},"_id":"gii7k3n","image":{"url":"","id":""}},{"title":"Caff\u00e8 Latte","item_description":"Homemade buttermilk biscuits, sweet potato biscuits and cornbread. Served with homemade peach-pepper jelly and apple butter","price":"$4","link":{"url":"#","is_external":"","nofollow":""},"_id":"6yhyebg","image":{"url":"","id":""}},{"title":"Cappuccino","item_description":"Homemade buttermilk biscuits, sweet potato biscuits and cornbread. Served with homemade peach-pepper jelly and apple butter","price":"$4","link":{"url":"#","is_external":"","nofollow":""},"_id":"7clxs4i","image":{"url":"","id":""}},{"title":"Coconut Milk Mocha Macchiato","item_description":"Homemade buttermilk biscuits, sweet potato biscuits and cornbread. Served with homemade peach-pepper jelly and apple butter","price":"$17.5","link":{"url":"#","is_external":"","nofollow":""},"_id":"7ibscy5","image":{"url":"","id":""}}],"heading_color":"#000000","heading_typography_typography":"custom","heading_typography_font_size":{"unit":"px","size":"18"},"heading_typography_font_size_tablet":{"unit":"px","size":"15"},"heading_typography_font_family":"Roboto","heading_typography_text_transform":"uppercase","heading_typography_letter_spacing":{"unit":"px","size":"0.5"},"description_color":"#545454","description_typography_typography":"custom","description_typography_font_size":{"unit":"px","size":"16"},"separator_weight":{"unit":"px","size":"1.5"},"separator_spacing":{"unit":"px","size":20},"row_gap":{"unit":"px","size":50},"_padding":{"unit":"px","top":"30","right":"0","bottom":"0","left":"0","isLinked":false},"section_custom_css_pro":"","custom_css_pro":""},"elements":[],"isInner":false,"widgetType":"price-list","elType":"widget"},{"id":"7eaa7f2e","settings":{"title":"Soft Drinks","header_size":"h3","title_color":"#000000","typography_typography":"custom","typography_font_size":{"unit":"px","size":"40"},"typography_font_family":"Vidaloka","_padding":{"unit":"px","top":"100","right":"0","bottom":"0","left":"0","isLinked":false},"section_custom_css_pro":"","custom_css_pro":""},"elements":[],"isInner":false,"widgetType":"heading","elType":"widget"},{"id":"309aa012","settings":{"weight":{"unit":"px","size":"2"},"color":"#000000","gap":{"unit":"px","size":"0"},"section_custom_css_pro":"","custom_css_pro":""},"elements":[],"isInner":false,"widgetType":"divider","elType":"widget"},{"id":"7844a3d8","settings":{"price_list":[{"title":"Coca-Cola","item_description":"Homemade buttermilk biscuits, sweet potato biscuits and cornbread. Served with homemade peach-pepper jelly and apple butter","price":"$3","link":{"url":"#","is_external":"","nofollow":""},"_id":"gii7k3n","image":{"url":"","id":""}},{"title":"Coca-Cola Zero","item_description":"Homemade buttermilk biscuits, sweet potato biscuits and cornbread. Served with homemade peach-pepper jelly and apple butter","price":"$3","link":{"url":"#","is_external":"","nofollow":""},"_id":"6yhyebg","image":{"url":"","id":""}},{"title":"Fanta","item_description":"Homemade buttermilk biscuits, sweet potato biscuits and cornbread. Served with homemade peach-pepper jelly and apple butter","price":"$3","link":{"url":"#","is_external":"","nofollow":""},"_id":"7clxs4i","image":{"url":"","id":""}},{"title":"Sprite","item_description":"Homemade buttermilk biscuits, sweet potato biscuits and cornbread. Served with homemade peach-pepper jelly and apple butter","price":"$3","link":{"url":"#","is_external":"","nofollow":""},"_id":"7ibscy5","image":{"url":"","id":""}}],"heading_color":"#000000","heading_typography_typography":"custom","heading_typography_font_size":{"unit":"px","size":"18"},"heading_typography_font_family":"Roboto","heading_typography_text_transform":"uppercase","heading_typography_letter_spacing":{"unit":"px","size":"0.5"},"description_color":"#545454","description_typography_typography":"custom","description_typography_font_size":{"unit":"px","size":"16"},"separator_weight":{"unit":"px","size":"1.5"},"separator_spacing":{"unit":"px","size":20},"row_gap":{"unit":"px","size":50},"_padding":{"unit":"px","top":"30","right":"0","bottom":"0","left":"0","isLinked":false},"section_custom_css_pro":"","custom_css_pro":""},"elements":[],"isInner":false,"widgetType":"price-list","elType":"widget"}],"isInner":false,"elType":"column"}],"isInner":false,"elType":"section"}]}