{"version":"0.4","title":"Services-Ski-Resort-page","type":"page","content":[{"id":"75018f45","settings":{"layout":"full_width","content_position":"middle","background_background":"classic","background_image":{"id":1063,"url":"http:\/\/localhost\/test\/wp-content\/uploads\/2018\/09\/29.png"},"background_position":"center center","background_size":"cover","padding":{"unit":"px","top":"300","right":"0","bottom":"300","left":"0","isLinked":false},"padding_tablet":{"unit":"px","top":"150","right":"0","bottom":"150","left":"0","isLinked":false},"padding_mobile":{"unit":"px","top":"50","right":"0","bottom":"50","left":"0","isLinked":false},"section_custom_css_pro":"","custom_css_pro":"","height":"min-height","custom_height_mobile":{"unit":"px","size":400}},"elements":[{"id":"64d8eec0","settings":{"_column_size":100,"_inline_size":null,"margin":{"unit":"px","top":"0","right":"0","bottom":"0","left":"0","isLinked":false},"margin_tablet":{"unit":"px","top":"0","right":"0","bottom":"0","left":"0","isLinked":true},"margin_mobile":{"unit":"px","top":"0","right":"0","bottom":"0","left":"0","isLinked":false},"padding":{"unit":"%","top":"0","right":"7","bottom":"0","left":"40","isLinked":false},"padding_tablet":{"unit":"%","top":"0","right":"10","bottom":"0","left":"30","isLinked":false},"padding_mobile":{"unit":"px","top":"0","right":"30","bottom":"0","left":"30","isLinked":false},"section_custom_css_pro":"","custom_css_pro":""},"elements":[{"id":"1852ce11","settings":{"title":"<span style=\"color:#f90784\">Check Out<\/span> What We\nHave In Store For You...","header_size":"h1","align_mobile":"center","title_color":"#16172c","typography_typography":"custom","typography_font_size":{"unit":"px","size":"90"},"typography_font_size_tablet":{"unit":"px","size":"40"},"typography_font_size_mobile":{"unit":"px","size":60},"typography_font_family":"Rozha One","typography_font_weight":"100","typography_letter_spacing":{"unit":"px","size":-2.7},"typography_letter_spacing_tablet":{"unit":"px","size":"-1"},"_margin_tablet":{"unit":"px","top":"0","right":"0","bottom":"0","left":"0","isLinked":true},"_margin_mobile":{"unit":"px","top":"0","right":"0","bottom":"0","left":"0","isLinked":true},"_padding_tablet":{"unit":"px","top":"0","right":"0","bottom":"0","left":"0","isLinked":true},"_padding_mobile":{"unit":"px","top":"0","right":"0","bottom":"0","left":"0","isLinked":true},"section_custom_css_pro":"","custom_css_pro":""},"elements":[],"isInner":false,"widgetType":"heading","elType":"widget"}],"isInner":false,"elType":"column"}],"isInner":false,"elType":"section"},{"id":"6ed17ba2","settings":{"structure":"30","padding":{"unit":"px","top":"100","right":"0","bottom":"100","left":"0","isLinked":false},"padding_mobile":{"unit":"px","top":"10","right":"10","bottom":"10","left":"10","isLinked":true},"margin_mobile":{"unit":"px","top":"0","right":0,"bottom":"0","left":0,"isLinked":false},"padding_tablet":{"unit":"px","top":"60","right":"30","bottom":"60","left":"30","isLinked":false}},"elements":[{"id":"7cac7b15","settings":{"_column_size":33,"_inline_size":32.717,"content_position":"top","padding":{"unit":"px","top":"20","right":"50","bottom":"0","left":"0","isLinked":false},"padding_tablet":{"unit":"px","top":"20","right":"20","bottom":"0","left":"0","isLinked":false},"_inline_size_mobile":100,"padding_mobile":{"unit":"px","top":"30","right":"30","bottom":"30","left":"30","isLinked":true}},"elements":[{"id":"4a74210e","settings":{"title":"Professional Group Or \nPrivate Lessons","align_mobile":"center","title_color":"#16172c","typography_typography":"custom","typography_font_size":{"unit":"px","size":37},"typography_font_size_tablet":{"unit":"px","size":25},"typography_font_size_mobile":{"unit":"px","size":"29"},"typography_font_family":"Rozha One","typography_font_weight":"100","typography_line_height_tablet":{"unit":"em","size":1.2},"typography_line_height_mobile":{"unit":"em","size":"1.1"},"typography_letter_spacing":{"unit":"px","size":"-1"},"_margin":{"unit":"px","top":"0","right":"0","bottom":"0","left":"0","isLinked":false},"_margin_tablet":{"unit":"px","top":"0","right":"0","bottom":"0","left":"0","isLinked":false},"_margin_mobile":{"unit":"px","top":"0","right":"0","bottom":"0","left":"0","isLinked":true},"_padding_tablet":{"unit":"px","top":"0","right":"20","bottom":"0","left":"0","isLinked":false},"_padding_mobile":{"unit":"px","top":"0","right":"0","bottom":"0","left":"0","isLinked":true},"section_custom_css_pro":"","custom_css_pro":"","header_size":"h4"},"elements":[],"isInner":false,"widgetType":"heading","elType":"widget"},{"id":"75375a9b","settings":{"editor":"<p>Lorem ipsum dolor sit amet, consectetur adipiscing elit. Aenean fringilla lorem tortor, a vehicula mauris dignissim in. Vestibulum volutpat odio nec feugiat fringilla. Integer tincidunt ut nibh ac malesuada.\u00a0<\/p>","align_mobile":"center","typography_typography":"custom","typography_font_size_tablet":{"unit":"px","size":13},"typography_font_size_mobile":{"unit":"px","size":"14"},"typography_font_family":"Poppins","typography_line_height_tablet":{"unit":"em","size":1.8},"typography_line_height_mobile":{"unit":"em","size":1.8},"_margin_tablet":{"unit":"px","top":"-10","right":"0","bottom":"0","left":"0","isLinked":false},"_padding_tablet":{"unit":"px","top":"0","right":"0","bottom":"10","left":"0","isLinked":false},"_padding_mobile":{"unit":"px","top":"10","right":"0","bottom":"3","left":"0","isLinked":false},"section_custom_css_pro":"","custom_css_pro":"","typography_line_height":{"unit":"em","size":1.6},"text_color":"#363636"},"elements":[],"isInner":false,"widgetType":"text-editor","elType":"widget"},{"id":"a04c781","settings":{"text":"GET IT NOW","align_mobile":"justify","button_text_color":"#ffffff","typography_typography":"custom","typography_font_size":{"unit":"px","size":"14"},"typography_font_size_tablet":{"unit":"px","size":"10"},"typography_font_size_mobile":{"unit":"px","size":"12"},"typography_font_weight":"600","typography_text_transform":"uppercase","typography_letter_spacing":{"unit":"px","size":"3"},"background_color":"#f90784","border_border":"solid","border_width":{"unit":"px","top":"3","right":"3","bottom":"3","left":"3","isLinked":true},"border_color":"#f90784","border_radius":{"unit":"px","top":"0","right":"0","bottom":"0","left":"0","isLinked":true},"text_padding":{"unit":"px","top":"15","right":"30","bottom":"15","left":"30","isLinked":false},"section_hover":"","hover_color":"#f90784","button_background_hover_color":"rgba(0,0,0,0)","button_hover_border_color":"#f90784","_margin_tablet":{"unit":"px","top":"-9","right":"0","bottom":"0","left":"0","isLinked":false},"_padding_tablet":{"unit":"px","top":"0","right":"0","bottom":"0","left":"0","isLinked":false},"section_custom_css_pro":"","custom_css_pro":""},"elements":[],"isInner":false,"widgetType":"button","elType":"widget"}],"isInner":false,"elType":"column"},{"id":"1ffe217a","settings":{"_column_size":33,"_inline_size":null,"_inline_size_mobile":50,"screen_sm_width":"50"},"elements":[{"id":"128b6a11","settings":{"image":{"id":1064,"url":"http:\/\/localhost\/test\/wp-content\/uploads\/2018\/09\/18.png"},"align":"right","align_tablet":"center","align_mobile":"center","_margin_mobile":{"unit":"px","top":"0","right":"0","bottom":"0","left":"0","isLinked":true},"_padding_mobile":{"unit":"px","top":"0","right":"0","bottom":"0","left":"0","isLinked":true},"section_custom_css_pro":"","custom_css_pro":""},"elements":[],"isInner":false,"widgetType":"image","elType":"widget"},{"id":"334765f6","settings":{"image":{"id":1065,"url":"http:\/\/localhost\/test\/wp-content\/uploads\/2018\/09\/21-1.png"},"align":"right","align_tablet":"center","align_mobile":"center","_margin_mobile":{"unit":"px","top":"0","right":"0","bottom":"0","left":"0","isLinked":true},"_padding_mobile":{"unit":"px","top":"0","right":"0","bottom":"0","left":"0","isLinked":true},"section_custom_css_pro":"","custom_css_pro":"","image_custom_dimension":{"width":"500","height":"450"}},"elements":[],"isInner":false,"widgetType":"image","elType":"widget"}],"isInner":false,"elType":"column"},{"id":"653c8e77","settings":{"_column_size":33,"_inline_size":33.947,"_inline_size_mobile":50,"screen_sm_width":"50"},"elements":[{"id":"27623c62","settings":{"image":{"id":1066,"url":"http:\/\/localhost\/test\/wp-content\/uploads\/2018\/09\/19-1.png"},"align_tablet":"center","align_mobile":"center","_margin_mobile":{"unit":"px","top":"0","right":"0","bottom":"0","left":"0","isLinked":true},"_padding_mobile":{"unit":"px","top":"0","right":"0","bottom":"0","left":"0","isLinked":true},"section_custom_css_pro":"","custom_css_pro":""},"elements":[],"isInner":false,"widgetType":"image","elType":"widget"},{"id":"6ff81b03","settings":{"image":{"id":1067,"url":"http:\/\/localhost\/test\/wp-content\/uploads\/2018\/09\/20-1.png"},"align_tablet":"center","align_mobile":"center","_margin_tablet":{"unit":"px","top":"-7","right":"0","bottom":"0","left":"0","isLinked":false},"_padding":{"unit":"px","top":"0","right":"0","bottom":"0","left":"0","isLinked":false},"_padding_tablet":{"unit":"px","top":"0","right":"0","bottom":"10","left":"0","isLinked":false},"section_custom_css_pro":"","custom_css_pro":"","image_size":"custom","image_custom_dimension":{"width":"400","height":"220"}},"elements":[],"isInner":false,"widgetType":"image","elType":"widget"}],"isInner":false,"elType":"column"}],"isInner":false,"elType":"section"},{"id":"2e373ede","settings":{"layout":"full_width","gap":"no","structure":"20","background_background":"classic","padding":{"unit":"px","top":"0","right":"0","bottom":"0","left":"0","isLinked":false},"padding_mobile":{"unit":"px","top":"50","right":"0","bottom":"50","left":"0","isLinked":false}},"elements":[{"id":"3c693486","settings":{"_column_size":50,"_inline_size":null,"background_background":"classic","background_color":"#edf3f9","padding":{"unit":"%","top":"5","right":"0","bottom":"0","left":"15","isLinked":false},"padding_tablet":{"unit":"px","top":"30","right":"30","bottom":"30","left":"30","isLinked":true},"padding_mobile":{"unit":"px","top":"10","right":"10","bottom":"10","left":"10","isLinked":true},"content_position":"top"},"elements":[{"id":"9f02ddf","settings":{"title":"Equipment Rental","title_color":"#16172c","typography_typography":"custom","typography_font_size":{"unit":"px","size":"50"},"typography_font_size_tablet":{"unit":"px","size":"30"},"typography_font_size_mobile":{"unit":"px","size":"29"},"typography_font_family":"Rozha One","typography_font_weight":"100","typography_line_height":{"unit":"em","size":"0"},"typography_line_height_tablet":{"unit":"em","size":"1.6"},"typography_letter_spacing":{"unit":"px","size":"-1"},"_padding":{"unit":"px","top":"50","right":"0","bottom":"20","left":"0","isLinked":false},"_padding_tablet":{"unit":"px","top":"0","right":"0","bottom":"0","left":"0","isLinked":true},"_padding_mobile":{"unit":"px","top":"25","right":"0","bottom":"0","left":"25","isLinked":false},"section_custom_css_pro":"","custom_css_pro":""},"elements":[],"isInner":false,"widgetType":"heading","elType":"widget"},{"id":"60539652","settings":{"gap":"no","structure":"20","margin_tablet":{"unit":"px","top":"0","right":0,"bottom":"0","left":0,"isLinked":false},"padding":{"unit":"px","top":"50","right":"0","bottom":"0","left":"0","isLinked":false},"padding_tablet":{"unit":"px","top":"0","right":"0","bottom":"30","left":"0","isLinked":false},"padding_mobile":{"unit":"px","top":"9","right":"9","bottom":"9","left":"9","isLinked":true}},"elements":[{"id":"770318ee","settings":{"_column_size":50,"_inline_size":25,"_inline_size_tablet":35,"_inline_size_mobile":40},"elements":[{"id":"26b11616","settings":{"icon_list":[{"text":"Skis","icon":"fa fa-snowflake-o","link":{"url":"","is_external":"","nofollow":""},"_id":"2augu61"},{"text":"Ski sticks","icon":"fa fa-snowflake-o","link":{"url":"","is_external":"","nofollow":""},"_id":"xfp5wp1"},{"text":"Snowshoes","icon":"fa fa-snowflake-o","link":{"url":"","is_external":"","nofollow":""},"_id":"7a0gzc2"},{"text":"Snowboard","icon":"fa fa-snowflake-o","link":{"url":"","is_external":"","nofollow":""},"_id":"roizqm2"},{"text":"Helmet","icon":"fa fa-snowflake-o","link":{"url":"","is_external":"","nofollow":""},"_id":"xzxwgco"}],"icon_color":"#f90784","icon_size":{"unit":"px","size":"18"},"text_indent":{"unit":"px","size":9},"text_color":"#363636","icon_typography_typography":"custom","icon_typography_font_size":{"unit":"px","size":"18"},"icon_typography_font_size_tablet":{"unit":"px","size":13},"icon_typography_font_size_mobile":{"unit":"px","size":"14"},"icon_typography_line_height":{"unit":"em","size":2.5},"_padding_mobile":{"unit":"px","top":"0","right":"0","bottom":"15","left":"0","isLinked":false},"icon_size_tablet":{"unit":"px","size":10},"icon_size_mobile":{"unit":"px","size":15}},"elements":[],"isInner":false,"widgetType":"icon-list","elType":"widget"}],"isInner":true,"elType":"column"},{"id":"3f324cff","settings":{"_column_size":50,"_inline_size":75,"margin_mobile":{"unit":"px","top":"0","right":"0","bottom":"0","left":"0","isLinked":false},"_inline_size_tablet":65,"_inline_size_mobile":60},"elements":[{"id":"6d27b10","settings":{"icon_list":[{"text":"Pram","icon":"fa fa-snowflake-o","link":{"url":"","is_external":"","nofollow":""},"_id":"2augu61"},{"text":"Sledges","icon":"fa fa-snowflake-o","link":{"url":"","is_external":"","nofollow":""},"_id":"xfp5wp1"},{"text":"Hiking sticks","icon":"fa fa-snowflake-o","link":{"url":"","is_external":"","nofollow":""},"_id":"7a0gzc2"},{"text":"Clothing","icon":"fa fa-snowflake-o","link":{"url":"","is_external":"","nofollow":""},"_id":"roizqm2"},{"text":"Ski & snowboard boots","icon":"fa fa-snowflake-o","link":{"url":"","is_external":"","nofollow":""},"_id":"xzxwgco"}],"icon_color":"#f90784","icon_size":{"unit":"px","size":"18"},"text_indent":{"unit":"px","size":9},"text_color":"#363636","icon_typography_typography":"custom","icon_typography_font_size":{"unit":"px","size":"18"},"icon_typography_font_size_tablet":{"unit":"px","size":13},"icon_typography_font_size_mobile":{"unit":"px","size":"14"},"icon_typography_line_height":{"unit":"em","size":2.5},"_padding_tablet":{"unit":"px","top":"0","right":"0","bottom":"0","left":"0","isLinked":true},"icon_size_tablet":{"unit":"px","size":10},"icon_size_mobile":{"unit":"px","size":15}},"elements":[],"isInner":false,"widgetType":"icon-list","elType":"widget"}],"isInner":true,"elType":"column"}],"isInner":true,"elType":"section"}],"isInner":false,"elType":"column"},{"id":"42a7949a","settings":{"_column_size":50,"_inline_size":null,"background_background":"classic","background_image":{"id":1068,"url":"http:\/\/localhost\/test\/wp-content\/uploads\/2018\/09\/22-2.png"},"background_size":"cover","margin_tablet":{"unit":"px","top":"0","right":"0","bottom":"0","left":"0","isLinked":true},"padding":{"unit":"px","top":"220","right":"0","bottom":"220","left":"0","isLinked":false},"padding_tablet":{"unit":"px","top":"150","right":"0","bottom":"150","left":"0","isLinked":false},"padding_mobile":{"unit":"px","top":"80","right":"0","bottom":"80","left":"0","isLinked":false}},"elements":[{"id":"4480ec7a","settings":{"space_tablet":{"unit":"px","size":50},"space_mobile":{"unit":"px","size":50}},"elements":[],"isInner":false,"widgetType":"spacer","elType":"widget"}],"isInner":false,"elType":"column"}],"isInner":false,"elType":"section"},{"id":"7bc614c7","settings":{"layout":"full_width","gap":"no","structure":"20","background_background":"classic","padding":{"unit":"px","top":"0","right":"0","bottom":"0","left":"0","isLinked":false},"padding_tablet":{"unit":"px","top":"0","right":"0","bottom":"0","left":"0","isLinked":true},"padding_mobile":{"unit":"px","top":"30","right":"0","bottom":"0","left":"0","isLinked":false},"reverse_order_mobile":"reverse-mobile"},"elements":[{"id":"4acf789d","settings":{"_column_size":50,"_inline_size":null,"background_background":"classic","background_image":{"id":1069,"url":"http:\/\/localhost\/test\/wp-content\/uploads\/2018\/09\/27.png"},"background_size":"cover","padding":{"unit":"px","top":"220","right":"0","bottom":"220","left":"0","isLinked":false},"padding_tablet":{"unit":"px","top":"150","right":"0","bottom":"150","left":"0","isLinked":false}},"elements":[{"id":"63e06a82","settings":{"space_tablet":{"unit":"px","size":50},"space_mobile":{"unit":"px","size":50},"_padding_mobile":{"unit":"px","top":"80","right":"0","bottom":"80","left":"0","isLinked":false}},"elements":[],"isInner":false,"widgetType":"spacer","elType":"widget"}],"isInner":false,"elType":"column"},{"id":"2ff61137","settings":{"_column_size":50,"_inline_size":null,"background_background":"classic","background_color":"#edf3f9","padding":{"unit":"%","top":"5","right":"30","bottom":"0","left":"7","isLinked":false},"padding_tablet":{"unit":"px","top":"30","right":"30","bottom":"30","left":"30","isLinked":true},"padding_mobile":{"unit":"px","top":"30","right":"30","bottom":"30","left":"30","isLinked":true},"content_position":"top"},"elements":[{"id":"4b64010a","settings":{"title":"Orchid Spa","align_mobile":"center","title_color":"#16172c","typography_typography":"custom","typography_font_size":{"unit":"px","size":"50"},"typography_font_size_tablet":{"unit":"px","size":"30"},"typography_font_size_mobile":{"unit":"px","size":"29"},"typography_font_family":"Rozha One","typography_font_weight":"100","typography_line_height_tablet":{"unit":"em","size":0.3},"typography_letter_spacing":{"unit":"px","size":"-1"},"_padding":{"unit":"px","top":"20","right":"0","bottom":"20","left":"0","isLinked":false},"section_custom_css_pro":"","custom_css_pro":"","header_size":"h3"},"elements":[],"isInner":false,"widgetType":"heading","elType":"widget"},{"id":"2e6da1e1","settings":{"editor":"<p>Lorem ipsum dolor sit amet, consectetur adipiscing elit. Aenean fringilla lorem tortor, a vehicula mauris dignissim in. Integer tincidunt ut nibh ac malesuada. Donec dignissim luctus leo, ac iaculis dolor vulputate nec. Donec id massa sem. Aenean posuere, erat ac pretium euismod.<\/p>","align_mobile":"center","text_color":"#363636","typography_typography":"custom","typography_font_size":{"unit":"px","size":"18"},"typography_font_size_tablet":{"unit":"px","size":13},"typography_font_size_mobile":{"unit":"px","size":"14"},"typography_font_family":"Poppins","typography_line_height":{"unit":"em","size":1.7},"typography_line_height_mobile":{"unit":"em","size":1.8},"_margin_tablet":{"unit":"px","top":"-17","right":"0","bottom":"0","left":"0","isLinked":false},"_padding":{"unit":"px","top":"0","right":"0","bottom":"10","left":"0","isLinked":false},"_padding_tablet":{"unit":"px","top":"0","right":"0","bottom":"0","left":"0","isLinked":true},"_padding_mobile":{"unit":"px","top":"3","right":"0","bottom":"3","left":"0","isLinked":false},"section_custom_css_pro":"","custom_css_pro":""},"elements":[],"isInner":false,"widgetType":"text-editor","elType":"widget"},{"id":"197e8997","settings":{"text":"Treat yourself","align_mobile":"justify","typography_typography":"custom","typography_font_size":{"unit":"px","size":"14"},"typography_font_size_tablet":{"unit":"px","size":"10"},"typography_font_weight":"600","typography_text_transform":"uppercase","typography_letter_spacing":{"unit":"px","size":"3"},"background_color":"#f90784","border_border":"solid","border_width":{"unit":"px","top":"3","right":"3","bottom":"3","left":"3","isLinked":true},"border_color":"#f90784","border_radius":{"unit":"px","top":"0","right":"0","bottom":"0","left":"0","isLinked":true},"text_padding":{"unit":"px","top":"15","right":"30","bottom":"15","left":"30","isLinked":false},"section_hover":"","hover_color":"#f90784","button_background_hover_color":"rgba(255,255,255,0)","button_hover_border_color":"#f90784","section_custom_css_pro":"","custom_css_pro":""},"elements":[],"isInner":false,"widgetType":"button","elType":"widget"}],"isInner":false,"elType":"column"}],"isInner":false,"elType":"section"},{"id":"6bc9c57b","settings":{"structure":"30","padding":{"unit":"px","top":"100","right":"0","bottom":"100","left":"0","isLinked":false},"padding_mobile":{"unit":"px","top":"50","right":"0","bottom":"50","left":"0","isLinked":false},"margin_mobile":{"unit":"px","top":"0","right":0,"bottom":"0","left":0,"isLinked":true},"padding_tablet":{"unit":"px","top":"60","right":"30","bottom":"60","left":"30","isLinked":false}},"elements":[{"id":"6ad294ef","settings":{"_column_size":33,"_inline_size":null,"content_position":"top","padding_tablet":{"unit":"px","top":"20","right":"20","bottom":"0","left":"0","isLinked":false},"padding":{"unit":"px","top":"20","right":"50","bottom":"0","left":"0","isLinked":false},"margin_mobile":{"unit":"px","top":"0","right":"0","bottom":"0","left":"0","isLinked":true},"padding_mobile":{"unit":"px","top":"30","right":"30","bottom":"30","left":"30","isLinked":true}},"elements":[{"id":"61b065c9","settings":{"title":"About Rockies Restaurant","align_mobile":"center","title_color":"#16172c","typography_typography":"custom","typography_font_size":{"unit":"px","size":37},"typography_font_size_tablet":{"unit":"px","size":25},"typography_font_size_mobile":{"unit":"px","size":"29"},"typography_font_family":"Rozha One","typography_font_weight":"100","typography_line_height_mobile":{"unit":"em","size":"1.1"},"typography_letter_spacing":{"unit":"px","size":"-1"},"_margin":{"unit":"px","top":"0","right":"0","bottom":"0","left":"0","isLinked":false},"_margin_tablet":{"unit":"px","top":"0","right":"0","bottom":"0","left":"0","isLinked":false},"_margin_mobile":{"unit":"px","top":"0","right":"0","bottom":"0","left":"0","isLinked":true},"_padding_mobile":{"unit":"px","top":"0","right":"0","bottom":"0","left":"0","isLinked":true},"section_custom_css_pro":"","custom_css_pro":"","header_size":"h4"},"elements":[],"isInner":false,"widgetType":"heading","elType":"widget"},{"id":"512ebc9f","settings":{"editor":"<p>Lorem ipsum dolor sit amet, consectetur adipiscing elit. Aenean fringilla lorem tortor, a vehicula mauris dignissim in. Vestibulum volutpat odio nec feugiat fringilla.\u00a0<\/p>","align_mobile":"center","typography_typography":"custom","typography_font_size_tablet":{"unit":"px","size":13},"typography_font_size_mobile":{"unit":"px","size":"14"},"typography_font_family":"Poppins","typography_line_height_tablet":{"unit":"em","size":1.8},"_margin_tablet":{"unit":"px","top":"-10","right":"0","bottom":"0","left":"0","isLinked":false},"_padding_mobile":{"unit":"px","top":"3","right":"0","bottom":"3","left":"0","isLinked":false},"section_custom_css_pro":"","custom_css_pro":"","typography_line_height":{"unit":"em","size":1.6},"text_color":"#363636","_padding_tablet":{"unit":"px","top":"0","right":"0","bottom":"10","left":"0","isLinked":false}},"elements":[],"isInner":false,"widgetType":"text-editor","elType":"widget"},{"id":"18b71ade","settings":{"text":"see menu","align_mobile":"justify","button_text_color":"#ffffff","typography_typography":"custom","typography_font_size":{"unit":"px","size":"14"},"typography_font_size_tablet":{"unit":"px","size":"10"},"typography_font_size_mobile":{"unit":"px","size":"12"},"typography_font_weight":"600","typography_text_transform":"uppercase","typography_letter_spacing":{"unit":"px","size":"3"},"background_color":"#f90784","border_border":"solid","border_width":{"unit":"px","top":"3","right":"3","bottom":"3","left":"3","isLinked":true},"border_color":"#f90784","border_radius":{"unit":"px","top":"0","right":"0","bottom":"0","left":"0","isLinked":true},"text_padding":{"unit":"px","top":"15","right":"30","bottom":"15","left":"30","isLinked":false},"section_hover":"","hover_color":"#f90784","button_background_hover_color":"rgba(0,0,0,0)","button_hover_border_color":"#f90784","_margin_tablet":{"unit":"px","top":"-9","right":"0","bottom":"0","left":"0","isLinked":false},"section_custom_css_pro":"","custom_css_pro":""},"elements":[],"isInner":false,"widgetType":"button","elType":"widget"}],"isInner":false,"elType":"column"},{"id":"62792da","settings":{"_column_size":33,"_inline_size":33.068,"_inline_size_mobile":50},"elements":[{"id":"6fc90725","settings":{"image":{"id":1070,"url":"http:\/\/localhost\/test\/wp-content\/uploads\/2018\/09\/23.png"},"align":"right","align_tablet":"center","align_mobile":"center","section_custom_css_pro":"","custom_css_pro":""},"elements":[],"isInner":false,"widgetType":"image","elType":"widget"},{"id":"15e708d","settings":{"image":{"id":1071,"url":"http:\/\/localhost\/test\/wp-content\/uploads\/2018\/09\/25-2.png"},"align":"right","align_tablet":"center","align_mobile":"center","section_custom_css_pro":"","custom_css_pro":""},"elements":[],"isInner":false,"widgetType":"image","elType":"widget"}],"isInner":false,"elType":"column"},{"id":"5ced20ec","settings":{"_column_size":33,"_inline_size":33.596,"_inline_size_mobile":50},"elements":[{"id":"61194eb6","settings":{"image":{"id":1072,"url":"http:\/\/localhost\/test\/wp-content\/uploads\/2018\/09\/24-1.png"},"align_tablet":"center","align_mobile":"center","section_custom_css_pro":"","custom_css_pro":""},"elements":[],"isInner":false,"widgetType":"image","elType":"widget"},{"id":"4a5d9f1a","settings":{"image":{"id":1073,"url":"http:\/\/localhost\/test\/wp-content\/uploads\/2018\/09\/26.png"},"align_tablet":"center","align_mobile":"center","_margin_tablet":{"unit":"px","top":"-7","right":"0","bottom":"0","left":"0","isLinked":false},"_padding":{"unit":"px","top":"0","right":"0","bottom":"0","left":"0","isLinked":false},"_padding_tablet":{"unit":"px","top":"0","right":"0","bottom":"10","left":"0","isLinked":false},"section_custom_css_pro":"","custom_css_pro":"","image_size":"custom","image_custom_dimension":{"width":"400","height":"300"}},"elements":[],"isInner":false,"widgetType":"image","elType":"widget"}],"isInner":false,"elType":"column"}],"isInner":false,"elType":"section"},{"id":"60bd7ff8","settings":{"content_position":"middle","background_background":"classic","background_color":"#edf3f9","margin":{"unit":"px","top":"0","right":0,"bottom":"0","left":0,"isLinked":false},"padding":{"unit":"px","top":"50","right":"0","bottom":"50","left":"0","isLinked":false},"padding_tablet":{"unit":"px","top":"30","right":"0","bottom":"30","left":"0","isLinked":false},"section_custom_css_pro":"","custom_css_pro":""},"elements":[{"id":"117d9864","settings":{"_column_size":100,"_inline_size":null,"section_custom_css_pro":"","custom_css_pro":""},"elements":[{"id":"8009a11","settings":{"social_icon_list":[{"social":"fa fa-facebook","link":{"url":"","is_external":"true","nofollow":""},"_id":"hm3y18b"},{"social":"fa fa-twitter","link":{"url":"","is_external":"true","nofollow":""},"_id":"jng31iy"},{"social":"fa fa-google-plus","link":{"url":"","is_external":"true","nofollow":""},"_id":"wyr2r1n"},{"social":"fa fa-youtube","link":{"url":"","is_external":"true","nofollow":""},"_id":"xm4f58e"},{"social":"fa fa-tumblr","link":{"url":"","is_external":"true","nofollow":""},"_id":"rfbgfl0"}],"align_tablet":"center","align_mobile":"center","icon_color":"custom","icon_primary_color":"rgba(22,23,44,0)","icon_secondary_color":"#16172c","icon_size_mobile":{"unit":"px","size":"20"},"icon_spacing":{"unit":"px","size":30},"icon_spacing_mobile":{"unit":"px","size":"10"},"section_custom_css_pro":"","custom_css_pro":""},"elements":[],"isInner":false,"widgetType":"social-icons","elType":"widget"}],"isInner":false,"elType":"column"}],"isInner":false,"elType":"section"}]}