{"version":"0.4","title":"BlackFriday-Pop-Styled-Set-page","type":"page","content":[{"id":"19e785ca","settings":{"height":"min-height","custom_height":{"unit":"px","size":85},"content_position":"middle","structure":"30","background_background":"classic","background_color":"#000000","margin_mobile":{"unit":"px","top":"0","right":0,"bottom":"0","left":0,"isLinked":true},"padding_mobile":{"unit":"px","top":"20","right":"20","bottom":"20","left":"20","isLinked":false}},"elements":[{"id":"11b6cb93","settings":{"_column_size":33,"_inline_size":25,"_inline_size_tablet":33},"elements":[{"id":"116a2025","settings":{"image_size":"full","image":{"id":"1207","url":"http:\/\/localhost\/test\/wp-content\/uploads\/2018\/09\/bar.png"}},"elements":[],"isInner":false,"widgetType":"image","elType":"widget"}],"isInner":false,"elType":"column"},{"id":"16385742","settings":{"_column_size":33,"_inline_size":50.613,"_inline_size_tablet":33},"elements":[{"id":"7e5bb755","settings":{"title":"-till 24 nov 2017-","align":"center","title_color":"#b2b2b2","typography_typography":"custom","typography_font_size":{"unit":"px","size":15},"typography_font_family":"Roboto","typography_font_weight":"500","typography_text_transform":"uppercase","typography_letter_spacing":{"unit":"px","size":0.4}},"elements":[],"isInner":false,"widgetType":"heading","elType":"widget"}],"isInner":false,"elType":"column"},{"id":"7e7721b3","settings":{"_column_size":33,"_inline_size":24.383,"_inline_size_tablet":33},"elements":[{"id":"41e39ce4","settings":{"text":"get 25% off","align":"center","typography_typography":"custom","typography_font_size":{"unit":"px","size":24},"typography_font_family":"Oswald","typography_font_weight":"900","typography_text_transform":"uppercase","typography_letter_spacing":{"unit":"px","size":-0.9},"button_text_color":"#000000","background_color":"#ffffff","border_radius":{"unit":"px","top":"100","right":"100","bottom":"100","left":"100","isLinked":true},"text_padding":{"unit":"px","top":"13","right":"60","bottom":"13","left":"60","isLinked":false},"button_background_hover_color":"#f22a5b","typography_font_size_tablet":{"unit":"px","size":22}},"elements":[],"isInner":false,"widgetType":"button","elType":"widget"}],"isInner":false,"elType":"column"}],"isInner":false,"elType":"section"},{"id":"2ba2b32b","settings":[],"elements":[{"id":"30cafdb3","settings":{"_column_size":100},"elements":[{"id":"6c4c045a","settings":[],"elements":[],"isInner":false,"widgetType":"spacer","elType":"widget"}],"isInner":false,"elType":"column"}],"isInner":false,"elType":"section"},{"id":"39c7b87b","settings":{"content_width":{"unit":"px","size":500},"height":"min-height","custom_height":{"unit":"vh","size":100},"background_background":"classic","margin":{"unit":"px","top":"","right":0,"bottom":"","left":0,"isLinked":true},"background_image":{"id":"1209","url":"http:\/\/localhost\/test\/wp-content\/uploads\/2018\/09\/bunner2.png"},"background_size":"cover","padding_mobile":{"unit":"px","top":"40","right":"40","bottom":"40","left":"40","isLinked":true},"custom_height_tablet":{"unit":"vh","size":70}},"elements":[{"id":"2206602a","settings":{"_column_size":100,"background_background":"classic","background_color":"#000000","padding":{"unit":"px","top":"50","right":"50","bottom":"50","left":"50","isLinked":true},"box_shadow_box_shadow_type":"yes","box_shadow_box_shadow":{"horizontal":0,"vertical":0,"blur":23,"spread":4,"color":"rgba(0,0,0,0.29)"}},"elements":[{"id":"1effd22c","settings":{"image":{"id":"1208","url":"http:\/\/localhost\/test\/wp-content\/uploads\/2018\/09\/bunner1.png"},"space":{"unit":"%","size":91}},"elements":[],"isInner":false,"widgetType":"image","elType":"widget"},{"id":"59a42935","settings":{"title":"25% off","header_size":"h3","align":"center","title_color":"#ffffff","typography_typography":"custom","typography_font_size":{"unit":"px","size":46},"typography_font_family":"Oswald","typography_font_weight":"900","typography_text_transform":"uppercase","typography_letter_spacing":{"unit":"px","size":-1.7}},"elements":[],"isInner":false,"widgetType":"heading","elType":"widget"},{"id":"318124fb","settings":{"title":"exclusive and limited offer","align":"center","title_color":"#b2b2b2","typography_typography":"custom","typography_font_size":{"unit":"px","size":14},"typography_font_family":"Roboto","typography_font_weight":"500","typography_text_transform":"uppercase","typography_letter_spacing":{"unit":"px","size":0.4}},"elements":[],"isInner":false,"widgetType":"heading","elType":"widget"}],"isInner":false,"elType":"column"}],"isInner":false,"elType":"section"},{"id":"5f156275","settings":[],"elements":[{"id":"18786c5f","settings":{"_column_size":100},"elements":[{"id":"2e108081","settings":[],"elements":[],"isInner":false,"widgetType":"spacer","elType":"widget"}],"isInner":false,"elType":"column"}],"isInner":false,"elType":"section"},{"id":"9d61666","settings":{"content_width":{"unit":"px","size":772},"height":"min-height","custom_height":{"unit":"vh","size":100},"background_background":"classic","background_color":"#000000","background_color_stop":{"unit":"%","size":49},"background_color_b":"rgba(242,41,91,0)","background_color_b_stop":{"unit":"%","size":23},"background_gradient_angle":{"unit":"deg","size":50},"margin":{"unit":"px","top":"","right":0,"bottom":"","left":0,"isLinked":true},"background_image":{"id":"1211","url":"http:\/\/localhost\/test\/wp-content\/uploads\/2018\/09\/coupon1.png"},"background_size":"cover","padding_mobile":{"unit":"px","top":"20","right":"20","bottom":"20","left":"20","isLinked":true},"custom_height_tablet":{"unit":"vh","size":70},"padding_tablet":{"unit":"px","top":"25","right":"25","bottom":"25","left":"25","isLinked":true}},"elements":[{"id":"7e550917","settings":{"_column_size":100,"_inline_size":null,"background_background":"classic"},"elements":[{"id":"122f2173","settings":{"structure":"20","background_background":"classic","background_repeat":"no-repeat","background_size":"cover","border_width":{"unit":"px","top":"10","right":"10","bottom":"10","left":"10","isLinked":true},"border_color":"#ffffff","gap":"no","background_color":"#ffffff","border_radius":{"unit":"px","top":"2","right":"2","bottom":"2","left":"2","isLinked":true},"margin_mobile":{"unit":"px","top":"20","right":0,"bottom":"20","left":0,"isLinked":true}},"elements":[{"id":"49ad2b31","settings":{"_column_size":50,"_inline_size":67.94,"content_position":"center","background_background":"classic","margin":{"unit":"px","top":"15","right":"0","bottom":"15","left":"15","isLinked":false},"background_color":"#f22a5b","padding":{"unit":"px","top":"5","right":"5","bottom":"5","left":"05","isLinked":false},"background_overlay_background":"classic","background_overlay_image":{"id":"1210","url":"http:\/\/localhost\/test\/wp-content\/uploads\/2018\/09\/Fireworks2.png"},"background_overlay_position":"top center","background_overlay_repeat":"no-repeat","background_overlay_size":"contain","background_overlay_opacity":{"unit":"px","size":1},"border_border":"dashed","border_width":{"unit":"px","top":"1.5","right":"1.5","bottom":"1.5","left":"1.5","isLinked":true},"border_color":"#ffffff","margin_mobile":{"unit":"px","top":"12","right":"12","bottom":"12","left":"12","isLinked":true}},"elements":[{"id":"3825776a","settings":{"title":"black friday coupon","header_size":"h3","align":"center","title_color":"#ffffff","typography_typography":"custom","typography_font_size":{"unit":"px","size":33},"typography_font_family":"Oswald","typography_font_weight":"600","typography_text_transform":"uppercase","typography_letter_spacing":{"unit":"px","size":0.2},"_margin":{"unit":"px","top":"30","right":"0","bottom":"30","left":"0","isLinked":false},"_z_index":1,"text_shadow_text_shadow_type":"yes"},"elements":[],"isInner":false,"widgetType":"heading","elType":"widget"},{"id":"3e1c3a09","settings":{"title":"25% off","header_size":"h3","align":"center","title_color":"#ffffff","typography_typography":"custom","typography_font_size":{"unit":"px","size":92},"typography_font_family":"Oswald","typography_font_weight":"900","typography_text_transform":"uppercase","typography_letter_spacing":{"unit":"px","size":-1.7},"_margin":{"unit":"px","top":"0","right":"0","bottom":"30","left":"0","isLinked":false},"typography_font_size_mobile":{"unit":"px","size":54}},"elements":[],"isInner":false,"widgetType":"heading","elType":"widget"}],"isInner":true,"elType":"column"},{"id":"53b20879","settings":{"_column_size":50,"_inline_size":32.06,"content_position":"center","background_background":"classic","padding":{"unit":"px","top":"40","right":"15","bottom":"40","left":"15","isLinked":false},"margin_mobile":{"unit":"px","top":"0","right":"0","bottom":"0","left":"0","isLinked":false},"padding_mobile":{"unit":"px","top":"20","right":"20","bottom":"20","left":"20","isLinked":true}},"elements":[{"id":"64bfe714","settings":{"title":"exclusive & limited offer<br>applies only on:","header_size":"p","align":"center","title_color":"#000000","typography_typography":"custom","typography_font_size":{"unit":"px","size":14},"typography_font_family":"Roboto","typography_font_weight":"500","typography_text_transform":"capitalize","typography_letter_spacing":{"unit":"px","size":0.4},"typography_font_size_mobile":{"unit":"px","size":17},"_margin_mobile":{"unit":"px","top":"0","right":"0","bottom":"0","left":"0","isLinked":false},"_padding_mobile":{"unit":"px","top":"0","right":"0","bottom":"0","left":"0","isLinked":false}},"elements":[],"isInner":false,"widgetType":"heading","elType":"widget"},{"id":"1530d9e6","settings":{"title":"-24 nov 2017-","header_size":"h4","align":"center","title_color":"#000000","typography_typography":"custom","typography_font_size":{"unit":"px","size":20},"typography_font_family":"Roboto","typography_font_weight":"600","typography_text_transform":"uppercase","typography_letter_spacing":{"unit":"px","size":0.4}},"elements":[],"isInner":false,"widgetType":"heading","elType":"widget"},{"id":"6882aabf","settings":{"width":{"unit":"%","size":70},"align":"center","gap":{"unit":"px","size":9},"_margin_mobile":{"unit":"px","top":"0","right":"0","bottom":"0","left":"0","isLinked":true},"_padding_mobile":{"unit":"px","top":"0","right":"0","bottom":"0","left":"0","isLinked":true}},"elements":[],"isInner":false,"widgetType":"divider","elType":"widget"},{"id":"5028617f","settings":{"title":"Coupon code:","header_size":"h5","align":"center","title_color":"#000000","typography_typography":"custom","typography_font_size":{"unit":"px","size":20},"typography_font_family":"Roboto","typography_font_weight":"500","typography_line_height":{"unit":"em","size":0.7},"typography_letter_spacing":{"unit":"px","size":0},"_margin_mobile":{"unit":"px","top":"0","right":"0","bottom":"0","left":"0","isLinked":true},"_padding_mobile":{"unit":"px","top":"0","right":"0","bottom":"0","left":"0","isLinked":true}},"elements":[],"isInner":false,"widgetType":"heading","elType":"widget"},{"id":"691cf21a","settings":{"text":"BF2017","align":"center","typography_typography":"custom","typography_font_size":{"unit":"px","size":20},"typography_font_family":"Roboto","typography_font_weight":"600","typography_line_height":{"unit":"em","size":2.6},"typography_letter_spacing":{"unit":"px","size":0.4},"button_text_color":"#b2b2b2","background_color":"#000000","text_padding":{"unit":"px","top":"0","right":"40","bottom":"0","left":"40","isLinked":false},"_margin_mobile":{"unit":"px","top":"0","right":"0","bottom":"0","left":"0","isLinked":true},"_padding_mobile":{"unit":"px","top":"0","right":"0","bottom":"0","left":"0","isLinked":true},"border_radius":{"unit":"px","top":"0","right":"0","bottom":"0","left":"0","isLinked":true}},"elements":[],"isInner":false,"widgetType":"button","elType":"widget"}],"isInner":true,"elType":"column"}],"isInner":true,"elType":"section"}],"isInner":false,"elType":"column"}],"isInner":false,"elType":"section"},{"id":"2afd9f4a","settings":[],"elements":[{"id":"14a308e0","settings":{"_column_size":100},"elements":[{"id":"5f087533","settings":[],"elements":[],"isInner":false,"widgetType":"spacer","elType":"widget"}],"isInner":false,"elType":"column"}],"isInner":false,"elType":"section"},{"id":"53d704e7","settings":{"content_width":{"unit":"px","size":1139},"height":"min-height","custom_height":{"unit":"vh","size":100},"background_background":"classic","background_color":"rgba(0,0,0,0.82)","margin":{"unit":"px","top":"","right":0,"bottom":"","left":0,"isLinked":true},"background_image":{"id":"1214","url":"http:\/\/localhost\/test\/wp-content\/uploads\/2018\/09\/pricing3.png"},"background_size":"cover","background_overlay_background":"classic","background_overlay_color":"#000000","background_overlay_opacity":{"unit":"px","size":0.82},"gap":"wider","structure":"20","margin_mobile":{"unit":"px","top":"","right":0,"bottom":"","left":0,"isLinked":true},"custom_height_tablet":{"unit":"vh","size":72},"padding_tablet":{"unit":"px","top":"30","right":"30","bottom":"30","left":"30","isLinked":true}},"elements":[{"id":"56586ff9","settings":{"_column_size":50,"_inline_size":67.954,"background_background":"classic","background_image":{"id":"1213","url":"http:\/\/localhost\/test\/wp-content\/uploads\/2018\/09\/pricing2.png"},"background_position":"center center","background_size":"cover"},"elements":[{"id":"44ea3e5b","settings":{"image":{"id":"1212","url":"http:\/\/localhost\/test\/wp-content\/uploads\/2018\/09\/pricing1.png"},"align":"left","space":{"unit":"%","size":20},"_margin":{"unit":"px","top":"0","right":"0","bottom":"0","left":"0","isLinked":false},"_padding":{"unit":"px","top":"0","right":"0","bottom":"0","left":"30","isLinked":false},"_margin_mobile":{"unit":"px","top":"0","right":"0","bottom":"250","left":"0","isLinked":false},"align_mobile":"center","space_mobile":{"unit":"%","size":31},"_padding_mobile":{"unit":"px","top":"0","right":"0","bottom":"0","left":"0","isLinked":true}},"elements":[],"isInner":false,"widgetType":"image","elType":"widget"}],"isInner":false,"elType":"column"},{"id":"43c1cc76","settings":{"_column_size":50,"_inline_size":32.046,"background_background":"classic","background_color":"#f22a5b","margin":{"unit":"px","top":"0","right":"0","bottom":"0","left":"0","isLinked":false},"margin_mobile":{"unit":"px","top":"0","right":"0","bottom":"0","left":"0","isLinked":true},"padding_mobile":{"unit":"px","top":"0","right":"0","bottom":"0","left":"0","isLinked":true}},"elements":[{"id":"552fe5ea","settings":{"heading":"glow powder","sub_heading":"","price":"7.40","period":"","features_list":[{"item_text":"highest grade strontium aluminate pigments","item_icon":"","_id":"akng6dz","item_icon_color":"#f04670"},{"item_text":"glows throughout the night","item_icon":"","_id":"6xaauq6","item_icon_color":"#f04670"},{"item_text":"mix with clear grout or concrete sealer ","item_icon":"","_id":"9jsavwz","item_icon_color":"#f04670"}],"button_text":"get 25% off","footer_additional_info":"","show_ribbon":"","ribbon_title":"Popular","header_bg_color":"#000000","header_padding":{"unit":"px","top":"30","right":"0","bottom":"0","left":"0","isLinked":false},"heading_color":"#ffffff","heading_typography_typography":"custom","heading_typography_font_family":"Oswald","heading_typography_font_weight":"800","heading_typography_text_transform":"uppercase","heading_typography_letter_spacing":{"unit":"px","size":-0.2},"price_color":"#ffffff","price_typography_typography":"custom","price_typography_font_size":{"unit":"px","size":69},"price_typography_font_family":"Oswald","currency_size":{"unit":"px","size":100},"fractional-part_size":{"unit":"px","size":75},"period_color":"#000000","period_typography_typography":"custom","period_typography_font_size":{"unit":"px","size":"18"},"period_typography_font_family":"Oswald","period_typography_line_height":{"unit":"em","size":0.6},"period_position":"beside","features_list_padding":{"unit":"px","top":"10","right":"0","bottom":"10","left":"0","isLinked":false},"features_list_color":"#b2b2b2","features_list_typography_typography":"custom","features_list_typography_font_size":{"unit":"px","size":14},"features_list_typography_font_family":"Roboto","features_list_typography_line_height":{"unit":"em","size":1.4},"features_list_alignment":"center","divider_color":"#dddddd","divider_weight":{"unit":"px","size":1},"footer_padding":{"unit":"px","top":"30","right":"40","bottom":"40","left":"40","isLinked":false},"button_text_color":"#000000","button_typography_typography":"custom","button_typography_font_size":{"unit":"px","size":22},"button_typography_font_family":"Oswald","button_typography_letter_spacing":{"unit":"px","size":-0.5},"button_background_color":"#ffffff","button_border_width":{"unit":"px","top":"13","right":"60","bottom":"13","left":"60","isLinked":false},"button_border_radius":{"unit":"px","top":"80","right":"80","bottom":"80","left":"80","isLinked":true},"button_text_padding":{"unit":"px","top":"13","right":"40","bottom":"13","left":"40","isLinked":false},"button_hover_color":"#ffffff","button_background_hover_color":"#f7456e","ribbon_bg_color":"#000000","ribbon_distance":{"unit":"px","size":23},"ribbon_typography_typography":"custom","ribbon_typography_font_size":{"unit":"px","size":"10"},"ribbon_typography_font_family":"Oswald","ribbon_typography_line_height":{"unit":"em","size":3},"ribbon_typography_letter_spacing":{"unit":"px","size":"1"},"box_shadow_box_shadow_type":"yes","box_shadow_box_shadow":{"horizontal":0,"vertical":0,"blur":"10","spread":0,"inset":"","color":"rgba(0,0,0,0.29)"},"_background_background":"classic","heading_typography_font_size":{"unit":"px","size":30},"pricing_element_padding":{"unit":"px","top":"30","right":"40","bottom":"40","left":"40","isLinked":false},"heading_typography_font_size_tablet":{"unit":"px","size":"18"},"heading_typography_font_size_mobile":{"unit":"px","size":"25"},"price_typography_font_size_tablet":{"unit":"px","size":"53"},"price_typography_font_size_mobile":{"unit":"px","size":"80"},"features_list_padding_tablet":{"unit":"px","top":"0","right":"0","bottom":"0","left":"0","isLinked":true},"features_list_padding_mobile":{"unit":"px","top":"0","right":"20","bottom":"0","left":"20","isLinked":false},"features_list_typography_font_size_tablet":{"unit":"px","size":"12"},"features_list_typography_font_size_mobile":{"unit":"px","size":"13"},"features_list_typography_line_height_tablet":{"unit":"em","size":"1.1"},"features_list_typography_line_height_mobile":{"unit":"em","size":"1.3"},"sale":"yes","original_price":99,"heading_typography_line_height":{"unit":"em","size":1.8},"pricing_element_bg_color":"#000000","price_typography_font_weight":"600","currency_vertical_position":"middle","original_price_color":"#ffffff","original_price_typography_typography":"custom","original_price_typography_font_size":{"unit":"px","size":36},"original_price_typography_font_family":"Oswald","original_price_typography_font_weight":"600","original_price_typography_line_height":{"unit":"em","size":0.9},"original_price_vertical_position":"middle","features_list_bg_color":"#000000","features_list_typography_text_transform":"capitalize","item_width":{"unit":"px","size":100},"divider_width":{"unit":"px","size":100},"footer_bg_color":"#000000","button_typography_font_weight":"900","button_typography_text_transform":"uppercase","_margin":{"unit":"px","top":"30","right":"150","bottom":"30","left":"-200","isLinked":false},"_margin_mobile":{"unit":"px","top":"0","right":"0","bottom":"0","left":"0","isLinked":true},"_padding_mobile":{"unit":"px","top":"0","right":"0","bottom":"0","left":"0","isLinked":true},"_margin_tablet":{"unit":"px","top":"0","right":"60","bottom":"0","left":"-200","isLinked":false}},"elements":[],"isInner":false,"widgetType":"price-table","elType":"widget"}],"isInner":false,"elType":"column"}],"isInner":false,"elType":"section"},{"id":"39f43f0b","settings":[],"elements":[{"id":"17aa0df0","settings":{"_column_size":100},"elements":[{"id":"21223c1e","settings":[],"elements":[],"isInner":false,"widgetType":"spacer","elType":"widget"}],"isInner":false,"elType":"column"}],"isInner":false,"elType":"section"},{"id":"47142956","settings":[],"elements":[{"id":"663c89d7","settings":{"_column_size":100},"elements":[{"id":"5e97701d","settings":[],"elements":[],"isInner":false,"widgetType":"spacer","elType":"widget"}],"isInner":false,"elType":"column"}],"isInner":false,"elType":"section"},{"id":"4d588c5e","settings":{"layout":"full_width","content_width":{"unit":"px","size":1000},"gap":"wider","height":"min-height","custom_height":{"unit":"vh","size":75},"structure":"20","background_color":"#cec0c9","margin":{"unit":"px","top":"","right":0,"bottom":"","left":0,"isLinked":true}},"elements":[{"id":"7dc16fbb","settings":{"_column_size":50,"_inline_size":68.367,"background_background":"classic","background_image":{"id":"1216","url":"http:\/\/localhost\/test\/wp-content\/uploads\/2018\/09\/hiro1.2.png"},"background_position":"top left","background_size":"cover","margin_mobile":{"unit":"px","top":"0","right":"0","bottom":"0","left":"0","isLinked":false},"padding_mobile":{"unit":"px","top":"60","right":"20","bottom":"20","left":"20","isLinked":false},"_inline_size_tablet":50},"elements":[{"id":"44c944c6","settings":{"image":{"id":"1215","url":"http:\/\/localhost\/test\/wp-content\/uploads\/2018\/09\/hiro1.1.png"},"space":{"unit":"%","size":52},"_margin":{"unit":"px","top":"50","right":"0","bottom":"0","left":"0","isLinked":false},"space_mobile":{"unit":"%","size":100},"_margin_mobile":{"unit":"px","top":"0","right":"0","bottom":"0","left":"0","isLinked":true}},"elements":[],"isInner":false,"widgetType":"image","elType":"widget"},{"id":"17da15b6","settings":{"title":"25% off","header_size":"h3","align":"center","title_color":"#ffffff","typography_typography":"custom","typography_font_size":{"unit":"px","size":32},"typography_font_family":"Oswald","typography_font_weight":"900","typography_text_transform":"uppercase","typography_letter_spacing":{"unit":"px","size":-1.7},"text_shadow_text_shadow_type":"yes","_margin":{"unit":"px","top":"0","right":"0","bottom":"0","left":"0","isLinked":false},"_z_index":1,"typography_font_size_mobile":{"unit":"px","size":30},"_margin_mobile":{"unit":"px","top":"0","right":"0","bottom":"280","left":"0","isLinked":false}},"elements":[],"isInner":false,"widgetType":"heading","elType":"widget"}],"isInner":false,"elType":"column"},{"id":"3b38594c","settings":{"_column_size":50,"_inline_size":31.633,"background_background":"classic","padding":{"unit":"%","top":"40","right":"0","bottom":"40","left":"0","isLinked":false},"background_image":{"id":"1217","url":"http:\/\/localhost\/test\/wp-content\/uploads\/2018\/09\/hiro1.3.png"},"background_size":"cover","padding_mobile":{"unit":"px","top":"0","right":"0","bottom":"0","left":"0","isLinked":true},"_inline_size_tablet":50},"elements":[{"id":"6da72164","settings":{"gap":"no","margin":{"unit":"px","top":"","right":0,"bottom":"","left":0,"isLinked":true},"content_width":{"unit":"px","size":400},"background_background":"classic","margin_mobile":{"unit":"px","top":"0","right":0,"bottom":"0","left":0,"isLinked":true},"padding_mobile":{"unit":"px","top":"0","right":"0","bottom":"0","left":"0","isLinked":true}},"elements":[{"id":"279b2f44","settings":{"_column_size":100,"_inline_size":null,"margin":{"unit":"px","top":"0","right":"0","bottom":"0","left":"-150","isLinked":false},"background_background":"classic","background_color":"#ffffff","box_shadow_box_shadow_type":"yes","box_shadow_box_shadow":{"horizontal":0,"vertical":0,"blur":28,"spread":0,"color":"rgba(0,0,0,0.26)"},"margin_mobile":{"unit":"px","top":"0","right":"0","bottom":"0","left":"0","isLinked":false},"padding_mobile":{"unit":"px","top":"0","right":"0","bottom":"0","left":"0","isLinked":true},"margin_tablet":{"unit":"px","top":"0","right":"0","bottom":"0","left":"-60","isLinked":false}},"elements":[{"id":"18ab9e5e","settings":{"label_days":"Days","label_hours":"Hours","label_minutes":"Minutes","label_seconds":"Seconds","box_background_color":"#f22a5b","box_border_border":"solid","box_border_width":{"unit":"px","top":"1","right":"1","bottom":"1","left":"1","isLinked":true},"box_border_color":"#ffffff","box_padding":{"unit":"%","top":"4","right":"4","bottom":"4","left":"4","isLinked":true},"digits_color":"#ffffff","digits_typography_typography":"custom","digits_typography_font_size":{"unit":"px","size":30},"digits_typography_font_family":"Oswald","digits_typography_font_weight":"900","digits_typography_line_height":{"unit":"em","size":1.6},"label_color":"#ffffff","label_typography_typography":"custom","label_typography_font_size":{"unit":"px","size":8},"label_typography_font_family":"Montserrat","label_typography_font_weight":"300","label_typography_letter_spacing":{"unit":"px","size":1.6},"_padding":{"unit":"px","top":"40","right":"40","bottom":"40","left":"40","isLinked":true},"_background_background":"classic","_background_color":"#f2295b","box_spacing":{"unit":"px","size":12}},"elements":[],"isInner":false,"widgetType":"countdown","elType":"widget"},{"id":"70012f3c","settings":{"title":"exclusive makeup & styling session","header_size":"h3","align":"center","title_color":"#000000","typography_typography":"custom","typography_font_size":{"unit":"px","size":19},"typography_font_family":"Oswald","typography_font_weight":"600","typography_text_transform":"uppercase","_margin":{"unit":"px","top":"40","right":"0","bottom":"0","left":"0","isLinked":false}},"elements":[],"isInner":false,"widgetType":"heading","elType":"widget"},{"id":"25b72dfe","settings":{"title":"This is a one time offer to be a VIP guest at our studios and learn from the top beauty professionals in the field","header_size":"p","align":"center","title_color":"#000000","typography_typography":"custom","typography_font_size":{"unit":"px","size":12},"typography_font_family":"Roboto","typography_font_weight":"400","typography_letter_spacing":{"unit":"px","size":0.4},"typography_line_height":{"unit":"em","size":1.5},"_margin":{"unit":"px","top":"0","right":"40","bottom":"0","left":"40","isLinked":false},"_padding_mobile":{"unit":"px","top":"0","right":"0","bottom":"0","left":"0","isLinked":false},"_margin_mobile":{"unit":"px","top":"20","right":"20","bottom":"20","left":"20","isLinked":true}},"elements":[],"isInner":false,"widgetType":"heading","elType":"widget"},{"id":"1507bf18","settings":{"form_name":"New Form","form_fields":[{"_id":"name","field_type":"text","field_label":"Name","placeholder":"Name","width":"100","field_value":"","required":"","field_options":"","inline_list":"","width_tablet":"","width_mobile":"","rows":4,"recaptcha_size":"normal","recaptcha_style":"light","css_classes":"","file_sizes":"","file_types":"","allow_multiple_upload":"","max_files":"","acceptance_text":"","checked_by_default":"","field_min":"","field_max":"","min_date":"","max_date":"","use_native_date":"","use_native_time":"","allow_multiple":"","select_size":"","field_html":""},{"_id":"email","field_type":"email","required":"true","field_label":"Email","placeholder":"Email","width":"100","field_value":"","field_options":"","inline_list":"","width_tablet":"","width_mobile":"","rows":4,"recaptcha_size":"normal","recaptcha_style":"light","css_classes":"","file_sizes":"","file_types":"","allow_multiple_upload":"","max_files":"","acceptance_text":"","checked_by_default":"","field_min":"","field_max":"","min_date":"","max_date":"","use_native_date":"","use_native_time":"","allow_multiple":"","select_size":"","field_html":""}],"button_text":"get 25% off","email_content":"[all-fields]","email_content_2":"[all-fields]","success_message":"The form was sent successfully!","error_message":"There's something wrong... Please fill in the required fields.","required_field_message":"Required","invalid_message":"There's something wrong... The form is invalid.","subscriber_already_exists_message":"Subscriber already exist.","show_labels":"","button_align":"center","row_gap":{"unit":"px","size":12},"field_background_color":"#e2e2e2","field_border_width":{"unit":"px","top":"0","right":"0","bottom":"0","left":"0","isLinked":true},"button_text_color":"#ffffff","button_typography_typography":"custom","button_typography_font_size":{"unit":"px","size":18},"button_typography_font_family":"Oswald","button_typography_font_weight":"900","button_typography_letter_spacing":{"unit":"px","size":-0.1},"button_background_color":"#f22a5b","button_border_radius":{"unit":"px","top":"80","right":"80","bottom":"80","left":"80","isLinked":true},"button_text_padding":{"unit":"px","top":"13","right":"35","bottom":"13","left":"35","isLinked":false},"_margin":{"unit":"px","top":"0","right":"40","bottom":"60","left":"40","isLinked":false},"field_border_radius":{"unit":"px","top":"0","right":"0","bottom":"0","left":"0","isLinked":true}},"elements":[],"isInner":false,"widgetType":"form","elType":"widget"}],"isInner":true,"elType":"column"}],"isInner":true,"elType":"section"}],"isInner":false,"elType":"column"}],"isInner":false,"elType":"section"},{"id":"4e48932a","settings":[],"elements":[{"id":"18c0d9c6","settings":{"_column_size":100},"elements":[{"id":"b9fa46e","settings":[],"elements":[],"isInner":false,"widgetType":"spacer","elType":"widget"}],"isInner":false,"elType":"column"}],"isInner":false,"elType":"section"},{"id":"4c7d1a25","settings":{"layout":"full_width","gap":"no","content_position":"middle","structure":"20","background_background":"classic","background_color":"#f22a5b","padding":{"unit":"px","top":"0","right":"0","bottom":"0","left":"30","isLinked":false},"padding_tablet":{"unit":"px","top":"20","right":"20","bottom":"20","left":"20","isLinked":true}},"elements":[{"id":"50dfee1","settings":{"_column_size":50,"_inline_size":15.396,"_inline_size_mobile":50},"elements":[{"id":"20fbba15","settings":{"image":{"id":"1212","url":"http:\/\/localhost\/test\/wp-content\/uploads\/2018\/09\/pricing1.png"},"space":{"unit":"%","size":51},"space_mobile":{"unit":"%","size":62},"_padding_mobile":{"unit":"px","top":"0","right":"0","bottom":"0","left":"0","isLinked":true},"align":"left","space_tablet":{"unit":"%","size":100}},"elements":[],"isInner":false,"widgetType":"image","elType":"widget"}],"isInner":false,"elType":"column"},{"id":"1eb98bb1","settings":{"_column_size":50,"_inline_size":84.604,"_inline_size_mobile":50},"elements":[{"id":"28284c72","settings":{"color_menu_item":"#ffffff","menu_typography_typography":"custom","menu_typography_font_size":{"unit":"px","size":15},"menu_typography_font_family":"Roboto","menu_typography_font_weight":"300","menu_typography_text_transform":"capitalize","padding_horizontal_menu_item":{"unit":"px","size":25},"padding_vertical_menu_item":{"unit":"px","size":29},"_background_background":"classic","full_width":"stretch","toggle_align":"right","dropdown_top_distance_tablet":{"unit":"px","size":20},"toggle_color":"#ffffff","toggle_background_color":"rgba(0,0,0,0)"},"elements":[],"isInner":false,"widgetType":"nav-menu","elType":"widget"}],"isInner":false,"elType":"column"}],"isInner":false,"elType":"section"},{"id":"274a6a9a","settings":{"layout":"full_width","content_width":{"unit":"px","size":1000},"gap":"no","height":"min-height","custom_height":{"unit":"vh","size":96},"background_background":"classic","background_color":"rgba(0,0,0,0.82)","margin":{"unit":"px","top":"","right":0,"bottom":"","left":0,"isLinked":true},"custom_height_tablet":{"unit":"vh","size":19},"column_position":"bottom","structure":"20","background_image":{"id":1220,"url":"http:\/\/localhost\/test\/wp-content\/uploads\/2018\/09\/hiro2.4.png"},"background_position":"center center","background_size":"cover","background_overlay_background":"classic","background_overlay_color":"#000000","background_overlay_opacity":{"unit":"px","size":0.8},"padding_mobile":{"unit":"px","top":"0","right":"0","bottom":"50","left":"0","isLinked":false}},"elements":[{"id":"7a298a41","settings":{"_column_size":50,"_inline_size":null,"background_background":"classic","content_position":"top","_inline_size_tablet":100,"padding":{"unit":"%","top":"0","right":"0","bottom":"0","left":"10","isLinked":false},"padding_tablet":{"unit":"px","top":"0","right":"80","bottom":"0","left":"80","isLinked":false},"padding_mobile":{"unit":"px","top":"0","right":"35","bottom":"0","left":"35","isLinked":false}},"elements":[{"id":"77af6db0","settings":{"image":{"id":"1218","url":"http:\/\/localhost\/test\/wp-content\/uploads\/2018\/09\/hiro2.2.png"},"space":{"unit":"%","size":65},"_margin":{"unit":"px","top":"100","right":"0","bottom":"0","left":"0","isLinked":false},"space_mobile":{"unit":"%","size":93}},"elements":[],"isInner":false,"widgetType":"image","elType":"widget"},{"id":"6e4e36fc","settings":{"title":"25% off","header_size":"h3","align":"center","title_color":"#ffffff","typography_typography":"custom","typography_font_size":{"unit":"px","size":55},"typography_font_family":"Oswald","typography_font_weight":"900","typography_text_transform":"uppercase","typography_letter_spacing":{"unit":"px","size":-1.7},"_margin":{"unit":"px","top":"0","right":"0","bottom":"60","left":"0","isLinked":false},"_z_index":1},"elements":[],"isInner":false,"widgetType":"heading","elType":"widget"},{"id":"2d4724f","settings":{"title":"exclusive makeup & styling session","header_size":"h3","align":"center","title_color":"#ffffff","typography_typography":"custom","typography_font_size":{"unit":"px","size":26},"typography_font_family":"Oswald","typography_font_weight":"500","typography_text_transform":"uppercase","typography_letter_spacing":{"unit":"px","size":-0.2},"_margin":{"unit":"px","top":"0","right":"0","bottom":"0","left":"0","isLinked":false},"_z_index":1,"typography_font_size_mobile":{"unit":"px","size":28},"_padding_mobile":{"unit":"px","top":"0","right":"0","bottom":"0","left":"0","isLinked":false}},"elements":[],"isInner":false,"widgetType":"heading","elType":"widget"},{"id":"46b70506","settings":{"title":"This is a one time offer to be a VIP guest at our studios and learn from the top beauty professionals in the field","align":"center","title_color":"#b2b2b2","typography_typography":"custom","typography_font_size":{"unit":"px","size":18},"typography_font_family":"Roboto","typography_font_weight":"300","typography_letter_spacing":{"unit":"px","size":0.4},"typography_line_height":{"unit":"em","size":1.6},"_margin":{"unit":"px","top":"0","right":"0","bottom":"0","left":"0","isLinked":false},"_margin_mobile":{"unit":"px","top":"0","right":"0","bottom":"0","left":"0","isLinked":true},"_padding_mobile":{"unit":"px","top":"0","right":"0","bottom":"0","left":"0","isLinked":true},"_padding":{"unit":"px","top":"0","right":"0","bottom":"20","left":"0","isLinked":false},"header_size":"p","typography_font_size_mobile":{"unit":"px","size":14}},"elements":[],"isInner":false,"widgetType":"heading","elType":"widget"},{"id":"78fe90de","settings":{"form_name":"New Form","form_fields":[{"_id":"name","field_type":"text","field_label":"Name","placeholder":"Name","width":"33","field_value":"","required":"","field_options":"","inline_list":"","width_tablet":"","width_mobile":"","rows":4,"recaptcha_size":"normal","recaptcha_style":"light","css_classes":"","file_sizes":"","file_types":"","allow_multiple_upload":"","max_files":"","acceptance_text":"","checked_by_default":"","field_min":"","field_max":"","min_date":"","max_date":"","use_native_date":"","use_native_time":"","allow_multiple":"","select_size":"","field_html":""},{"_id":"email","field_type":"email","required":"true","field_label":"Email","placeholder":"Email","width":"33","field_value":"","field_options":"","inline_list":"","width_tablet":"","width_mobile":"","rows":4,"recaptcha_size":"normal","recaptcha_style":"light","css_classes":"","file_sizes":"","file_types":"","allow_multiple_upload":"","max_files":"","acceptance_text":"","checked_by_default":"","field_min":"","field_max":"","min_date":"","max_date":"","use_native_date":"","use_native_time":"","allow_multiple":"","select_size":"","field_html":""}],"button_text":"get 25% off","email_content":"[all-fields]","email_content_2":"[all-fields]","success_message":"The form was sent successfully!","error_message":"There's something wrong... Please fill in the required fields.","required_field_message":"Required","invalid_message":"There's something wrong... The form is invalid.","subscriber_already_exists_message":"Subscriber already exist.","show_labels":"","button_align":"center","row_gap":{"unit":"px","size":12},"field_background_color":"#e2e2e2","field_border_width":{"unit":"px","top":"0","right":"0","bottom":"0","left":"0","isLinked":true},"button_text_color":"#ffffff","button_typography_typography":"custom","button_typography_font_size":{"unit":"px","size":18},"button_typography_font_family":"Oswald","button_typography_font_weight":"900","button_typography_letter_spacing":{"unit":"px","size":-0.1},"button_background_color":"#f22a5b","button_border_radius":{"unit":"px","top":"80","right":"80","bottom":"80","left":"80","isLinked":true},"button_text_padding":{"unit":"px","top":"13","right":"35","bottom":"13","left":"35","isLinked":false},"_margin":{"unit":"px","top":"0","right":"0","bottom":"70","left":"0","isLinked":false},"button_width":"33","column_gap":{"unit":"px","size":12},"_padding":{"unit":"px","top":"30","right":"30","bottom":"30","left":"30","isLinked":true},"_background_background":"classic","_background_color":"#ffffff","_margin_mobile":{"unit":"px","top":"0","right":"0","bottom":"0","left":"0","isLinked":true},"field_border_radius":{"unit":"px","top":"0","right":"0","bottom":"0","left":"0","isLinked":true}},"elements":[],"isInner":false,"widgetType":"form","elType":"widget"}],"isInner":false,"elType":"column"},{"id":"2e1d5770","settings":{"_column_size":50,"_inline_size":null,"_inline_size_tablet":100},"elements":[{"id":"1654db78","settings":{"image":{"id":1219,"url":"http:\/\/localhost\/test\/wp-content\/uploads\/2018\/09\/hiro2.3.png"},"image_size":"medium_large","align":"right","_margin_mobile":{"unit":"px","top":"0","right":"0","bottom":"0","left":"0","isLinked":true},"_padding_mobile":{"unit":"px","top":"0","right":"0","bottom":"0","left":"0","isLinked":true},"hide_tablet":"hidden-tablet","hide_mobile":"hidden-phone"},"elements":[],"isInner":false,"widgetType":"image","elType":"widget"}],"isInner":false,"elType":"column"}],"isInner":false,"elType":"section"}]}