{"version":"0.4","title":"BlackFriday-Retail-Set-page","type":"page","content":[{"id":"c04374c","settings":{"height":"min-height","custom_height":{"unit":"px","size":90},"content_position":"middle","structure":"20","background_background":"gradient","background_color":"#f97801","background_color_stop":{"unit":"%","size":12},"background_color_b":"#ff00e7","background_gradient_angle":{"unit":"deg","size":250},"background_overlay_background":"classic","background_overlay_image":{"id":1224,"url":"http:\/\/localhost\/test\/wp-content\/uploads\/2018\/09\/bar-3.png"},"background_overlay_size":"cover","background_overlay_opacity":{"unit":"px","size":0.08},"padding_mobile":{"unit":"px","top":"30","right":"0","bottom":"30","left":"0","isLinked":false},"padding_tablet":{"unit":"px","top":"0","right":"15","bottom":"0","left":"15","isLinked":false}},"elements":[{"id":"3f49f350","settings":{"_column_size":50,"_inline_size":null,"_inline_size_tablet":66},"elements":[{"id":"49dc06ea","settings":{"title":"black friday sale","title_color":"#71f7de","typography_typography":"custom","typography_font_size":{"unit":"px","size":35},"typography_font_family":"Monoton","typography_font_weight":"normal","typography_text_transform":"uppercase","text_shadow_text_shadow_type":"yes","text_shadow_text_shadow":{"horizontal":2,"vertical":2,"blur":15,"color":"rgba(0,0,0,0.52)"},"align_mobile":"center","typography_font_size_mobile":{"unit":"px","size":26}},"elements":[],"isInner":false,"widgetType":"heading","elType":"widget"}],"isInner":false,"elType":"column"},{"id":"15484be8","settings":{"_column_size":50,"_inline_size":null,"_inline_size_tablet":33},"elements":[{"id":"2423a718","settings":{"text":"get 50% off","align":"right","typography_typography":"custom","typography_font_size":{"unit":"px","size":16},"typography_font_family":"Roboto","typography_font_weight":"500","typography_text_transform":"capitalize","typography_letter_spacing":{"unit":"px","size":0.4},"button_text_color":"#ffffff","background_color":"#000000","border_radius":{"unit":"px","top":"6","right":"6","bottom":"6","left":"6","isLinked":true},"text_padding":{"unit":"px","top":"18","right":"40","bottom":"18","left":"40","isLinked":false},"hover_color":"#000000","button_background_hover_color":"#71f7de","button_box_shadow_box_shadow_type":"yes","button_box_shadow_box_shadow":{"horizontal":2,"vertical":2,"blur":0,"spread":1,"color":"#71f7de"},"align_mobile":"center"},"elements":[],"isInner":false,"widgetType":"button","elType":"widget"}],"isInner":false,"elType":"column"}],"isInner":false,"elType":"section"},{"id":"e41ec2a","settings":[],"elements":[{"id":"44afff3b","settings":{"_column_size":100},"elements":[{"id":"5d76879c","settings":[],"elements":[],"isInner":false,"widgetType":"spacer","elType":"widget"}],"isInner":false,"elType":"column"}],"isInner":false,"elType":"section"},{"id":"10637ce9","settings":{"height":"min-height","custom_height":{"unit":"vh","size":100},"background_background":"gradient","margin":{"unit":"px","top":"","right":0,"bottom":"","left":0,"isLinked":true},"background_color":"#f97801","background_color_b":"#ff00e7","background_gradient_angle":{"unit":"deg","size":280},"column_position":"top","background_color_stop":{"unit":"%","size":12},"background_overlay_background":"classic","background_overlay_image":{"id":1226,"url":"http:\/\/localhost\/test\/wp-content\/uploads\/2018\/09\/bunner1-3.png"},"background_overlay_position":"center center","background_overlay_size":"cover","background_overlay_opacity":{"unit":"px","size":0.08},"custom_height_tablet":{"unit":"vh","size":75},"padding_tablet":{"unit":"px","top":"30","right":"30","bottom":"30","left":"30","isLinked":true}},"elements":[{"id":"272d2a4c","settings":{"_column_size":100,"background_background":"classic","padding":{"unit":"px","top":"0","right":"0","bottom":"0","left":"0","isLinked":true},"border_width":{"unit":"px","top":"10","right":"10","bottom":"10","left":"10","isLinked":true},"border_color":"#ffffff"},"elements":[{"id":"94bc0b9","settings":{"image":{"id":1225,"url":"http:\/\/localhost\/test\/wp-content\/uploads\/2018\/09\/bunner2-3.png"},"_margin":{"unit":"px","top":"70","right":"0","bottom":"100","left":"0","isLinked":false},"space":{"unit":"%","size":8},"space_mobile":{"unit":"%","size":20},"_margin_mobile":{"unit":"px","top":"70","right":"0","bottom":"0","left":"0","isLinked":false},"space_tablet":{"unit":"%","size":14}},"elements":[],"isInner":false,"widgetType":"image","elType":"widget"},{"id":"344d8feb","settings":{"title":"black friday ","title_color":"#71f7de","typography_typography":"custom","typography_font_size":{"unit":"px","size":85},"typography_font_family":"Monoton","typography_font_weight":"normal","typography_text_transform":"uppercase","text_shadow_text_shadow_type":"yes","text_shadow_text_shadow":{"horizontal":2,"vertical":2,"blur":15,"color":"rgba(0,0,0,0.52)"},"align":"center","typography_letter_spacing":{"unit":"px","size":2},"_margin":{"unit":"px","top":"0","right":"0","bottom":"40","left":"0","isLinked":false},"typography_font_size_mobile":{"unit":"px","size":54},"_margin_mobile":{"unit":"px","top":"0","right":"0","bottom":"0","left":"0","isLinked":true},"typography_font_size_tablet":{"unit":"px","size":103}},"elements":[],"isInner":false,"widgetType":"heading","elType":"widget"},{"id":"1b85ec79","settings":{"title":"- 50% off -","align":"center","title_color":"#ffffff","typography_typography":"custom","typography_font_size":{"unit":"px","size":64},"typography_font_family":"Poppins","typography_font_weight":"600","typography_text_transform":"uppercase","_margin":{"unit":"px","top":"0","right":"0","bottom":"0","left":"0","isLinked":false},"typography_font_size_mobile":{"unit":"px","size":40}},"elements":[],"isInner":false,"widgetType":"heading","elType":"widget"},{"id":"39842b29","settings":{"text":"start shopping","align":"center","typography_typography":"custom","typography_font_size":{"unit":"px","size":22},"typography_font_family":"Poppins","typography_font_weight":"500","typography_text_transform":"capitalize","typography_letter_spacing":{"unit":"px","size":0.4},"button_text_color":"#ffffff","background_color":"#000000","border_radius":{"unit":"px","top":"6","right":"6","bottom":"6","left":"6","isLinked":true},"text_padding":{"unit":"px","top":"18","right":"40","bottom":"18","left":"40","isLinked":false},"hover_color":"#000000","button_background_hover_color":"#71f7de","button_box_shadow_box_shadow_type":"yes","button_box_shadow_box_shadow":{"horizontal":2,"vertical":2,"blur":0,"spread":1,"color":"#71f7de"},"icon":"fa fa-gift","icon_align":"right","icon_indent":{"unit":"px","size":10},"_margin":{"unit":"px","top":"50","right":"0","bottom":"0","left":"0","isLinked":false},"typography_font_size_mobile":{"unit":"px","size":18},"_margin_mobile":{"unit":"px","top":"30","right":"0","bottom":"0","left":"0","isLinked":false}},"elements":[],"isInner":false,"widgetType":"button","elType":"widget"}],"isInner":false,"elType":"column"}],"isInner":false,"elType":"section"},{"id":"155fcb7b","settings":[],"elements":[{"id":"360fef28","settings":{"_column_size":100},"elements":[{"id":"2493539","settings":[],"elements":[],"isInner":false,"widgetType":"spacer","elType":"widget"}],"isInner":false,"elType":"column"}],"isInner":false,"elType":"section"},{"id":"7021bc6e","settings":{"height":"min-height","custom_height":{"unit":"vh","size":70},"background_background":"gradient","margin":{"unit":"px","top":"","right":0,"bottom":"","left":0,"isLinked":true},"background_color":"#f97801","background_color_b":"#ff00e7","background_gradient_angle":{"unit":"deg","size":280},"structure":"20","background_color_stop":{"unit":"%","size":12},"background_overlay_background":"classic","background_overlay_image":{"id":1226,"url":"http:\/\/localhost\/test\/wp-content\/uploads\/2018\/09\/bunner1-3.png"},"background_overlay_position":"center center","background_overlay_size":"cover","background_overlay_opacity":{"unit":"px","size":0.08}},"elements":[{"id":"762f0efa","settings":{"_column_size":50,"background_background":"classic","padding":{"unit":"px","top":"0","right":"0","bottom":"0","left":"0","isLinked":true},"border_width":{"unit":"px","top":"10","right":"10","bottom":"10","left":"10","isLinked":true},"border_color":"#ffffff","_inline_size":null,"content_position":"center","padding_tablet":{"unit":"px","top":"30","right":"30","bottom":"30","left":"30","isLinked":true}},"elements":[{"id":"5214dfc3","settings":{"title":"black friday ","title_color":"#71f7de","typography_typography":"custom","typography_font_size":{"unit":"px","size":90},"typography_font_family":"Monoton","typography_font_weight":"normal","typography_text_transform":"uppercase","text_shadow_text_shadow_type":"yes","text_shadow_text_shadow":{"horizontal":2,"vertical":2,"blur":15,"color":"rgba(0,0,0,0.52)"},"align":"left","typography_line_height":{"unit":"em","size":1.2},"typography_letter_spacing":{"unit":"px","size":2},"_margin":{"unit":"px","top":"0","right":"0","bottom":"0","left":"0","isLinked":false},"align_mobile":"center","typography_font_size_mobile":{"unit":"px","size":59},"_margin_mobile":{"unit":"px","top":"100","right":"0","bottom":"0","left":"0","isLinked":false},"typography_font_size_tablet":{"unit":"px","size":67}},"elements":[],"isInner":false,"widgetType":"heading","elType":"widget"},{"id":"5fdfcdc8","settings":{"image":{"id":1227,"url":"http:\/\/localhost\/test\/wp-content\/uploads\/2018\/09\/coupon2-2.png"},"align":"left","_margin":{"unit":"px","top":"0","right":"0","bottom":"0","left":"0","isLinked":false},"space":{"unit":"%","size":22},"align_mobile":"center","space_mobile":{"unit":"%","size":21},"_margin_mobile":{"unit":"px","top":"0","right":"0","bottom":"80","left":"0","isLinked":false}},"elements":[],"isInner":false,"widgetType":"image","elType":"widget"}],"isInner":false,"elType":"column"},{"id":"62f14286","settings":{"_column_size":50,"background_background":"classic","padding":{"unit":"%","top":"0","right":"0","bottom":"0","left":"0","isLinked":false},"border_width":{"unit":"px","top":"10","right":"10","bottom":"10","left":"10","isLinked":true},"border_color":"#ffffff","_inline_size":null,"content_position":"bottom","background_image":{"id":1228,"url":"http:\/\/localhost\/test\/wp-content\/uploads\/2018\/09\/coupon1-2.png"},"background_size":"cover","margin_mobile":{"unit":"px","top":"0","right":"0","bottom":"0","left":"0","isLinked":true},"padding_mobile":{"unit":"px","top":"0","right":"0","bottom":"0","left":"0","isLinked":false},"padding_tablet":{"unit":"px","top":"30","right":"30","bottom":"30","left":"30","isLinked":true}},"elements":[{"id":"7365daf7","settings":{"space":{"unit":"px","size":275},"space_mobile":{"unit":"px","size":88}},"elements":[],"isInner":false,"widgetType":"spacer","elType":"widget"},{"id":"ea3cc5c","settings":{"title":"- 50% off -","align":"center","title_color":"#000000","typography_typography":"custom","typography_font_size":{"unit":"px","size":64},"typography_font_family":"Poppins","typography_font_weight":"700","typography_text_transform":"uppercase","_margin":{"unit":"px","top":"0","right":"0","bottom":"0","left":"0","isLinked":false},"typography_font_size_mobile":{"unit":"px","size":50},"_margin_mobile":{"unit":"px","top":"70","right":"0","bottom":"0","left":"0","isLinked":false},"typography_font_size_tablet":{"unit":"px","size":54}},"elements":[],"isInner":false,"widgetType":"heading","elType":"widget"},{"id":"77e1b28a","settings":{"title":"Exclusive &amp; limited offer<br>applies only on Nov 24","align":"center","title_color":"#303030","typography_typography":"custom","typography_font_size":{"unit":"px","size":27},"typography_font_family":"Poppins","typography_font_weight":"500","typography_line_height":{"unit":"em","size":1.4},"_margin":{"unit":"px","top":"50","right":"50","bottom":"50","left":"50","isLinked":true},"typography_font_size_mobile":{"unit":"px","size":20},"_margin_mobile":{"unit":"px","top":"0","right":"0","bottom":"0","left":"0","isLinked":true},"typography_font_size_tablet":{"unit":"px","size":22}},"elements":[],"isInner":false,"widgetType":"heading","elType":"widget"},{"id":"2d0e2531","settings":{"text":"KOSBF2017","align":"center","typography_typography":"custom","typography_font_size":{"unit":"px","size":30},"typography_font_family":"Poppins","typography_font_weight":"700","typography_line_height":{"unit":"em","size":1.6},"typography_letter_spacing":{"unit":"px","size":0.4},"button_text_color":"#d8d4d4","background_color":"#000000","hover_color":"#000000","button_background_hover_color":"#71f7de","border_radius":{"unit":"px","top":"0","right":"0","bottom":"0","left":"0","isLinked":true},"text_padding":{"unit":"%","top":"2","right":"13","bottom":"2","left":"13","isLinked":false},"_margin":{"unit":"%","top":"0","right":"0","bottom":"15","left":"0","isLinked":false},"_margin_mobile":{"unit":"%","top":"0","right":"0","bottom":"0","left":"0","isLinked":false},"_padding_mobile":{"unit":"px","top":"0","right":"0","bottom":"0","left":"0","isLinked":false}},"elements":[],"isInner":false,"widgetType":"button","elType":"widget"}],"isInner":false,"elType":"column"}],"isInner":false,"elType":"section"},{"id":"16def9dd","settings":{"content_width":{"unit":"px","size":1000},"height":"min-height","custom_height":{"unit":"vh","size":87},"background_color":"rgba(0,0,0,0.82)","margin":{"unit":"px","top":"100","right":0,"bottom":"0","left":0,"isLinked":false},"layout":"full_width","gap":"no","structure":"20","padding":{"unit":"px","top":"0","right":"0","bottom":"0","left":"0","isLinked":true},"margin_mobile":{"unit":"px","top":"100","right":0,"bottom":"0","left":0,"isLinked":false}},"elements":[{"id":"45e470aa","settings":{"_column_size":50,"_inline_size":62.789,"background_background":"classic","content_position":"center","background_color":"#71f7de","background_image":{"id":1229,"url":"http:\/\/localhost\/test\/wp-content\/uploads\/2018\/09\/pricing-1.png"},"background_position":"center center","background_repeat":"no-repeat","background_size":"auto","background_overlay_background":"classic","background_overlay_image":{"id":1230,"url":"http:\/\/localhost\/test\/wp-content\/uploads\/2018\/09\/Circle.png"},"background_overlay_position":"center center","background_overlay_opacity":{"unit":"px","size":0.85}},"elements":[{"id":"63db3a47","settings":{"space":{"unit":"px","size":502}},"elements":[],"isInner":false,"widgetType":"spacer","elType":"widget"}],"isInner":false,"elType":"column"},{"id":"74340fd3","settings":{"_column_size":50,"_inline_size":37.211,"background_background":"classic","content_position":"center","background_color":"#000000","padding":{"unit":"px","top":"0","right":"0","bottom":"80","left":"0","isLinked":false},"padding_mobile":{"unit":"px","top":"0","right":"0","bottom":"0","left":"0","isLinked":true}},"elements":[{"id":"24173585","settings":[],"elements":[],"isInner":false,"widgetType":"spacer","elType":"widget"},{"id":"38076c59","settings":{"title":"sale","title_color":"#71f7de","typography_typography":"custom","typography_font_size":{"unit":"px","size":56},"typography_font_family":"Monoton","typography_font_weight":"normal","typography_text_transform":"uppercase","text_shadow_text_shadow_type":"yes","text_shadow_text_shadow":{"horizontal":2,"vertical":2,"blur":15,"color":"rgba(0,0,0,0.52)"},"align":"center","typography_line_height":{"unit":"em","size":1.8},"_margin":{"unit":"px","top":"0","right":"0","bottom":"40","left":"0","isLinked":false},"_background_background":"gradient","_background_color":"#f97801","_background_color_stop":{"unit":"%","size":25},"_background_color_b":"#ff00e7","_background_gradient_angle":{"unit":"deg","size":280}},"elements":[],"isInner":false,"widgetType":"heading","elType":"widget"},{"id":"7f4d7622","settings":{"heading":"newbalance trainers","sub_heading":"back in stock","price":"69","period":"","features_list":[{"item_text":"373 trainers in mint and pink","item_icon":"","_id":"akng6dz","item_icon_color":""},{"item_text":"free shipping worldwide","item_icon":"","_id":"6xaauq6","item_icon_color":""}],"button_text":"add to cart","footer_additional_info":"100% textile, sale: 100% other materials","show_ribbon":"","ribbon_title":"sale","header_bg_color":"#000000","header_padding":{"unit":"px","top":"0","right":"0","bottom":"0","left":"0","isLinked":false},"heading_color":"#ffffff","heading_typography_typography":"custom","heading_typography_font_family":"Poppins","heading_typography_font_weight":"700","heading_typography_text_transform":"uppercase","price_color":"#ffffff","price_typography_typography":"custom","price_typography_font_size":{"unit":"px","size":88},"price_typography_font_family":"Poppins","currency_size":{"unit":"px","size":100},"fractional-part_size":{"unit":"px","size":75},"period_color":"#000000","period_typography_typography":"custom","period_typography_font_size":{"unit":"px","size":"18"},"period_typography_font_family":"Oswald","period_typography_line_height":{"unit":"em","size":0.6},"period_position":"beside","features_list_padding":{"unit":"px","top":"10","right":"0","bottom":"10","left":"0","isLinked":false},"features_list_color":"#ffffff","features_list_typography_typography":"custom","features_list_typography_font_size":{"unit":"px","size":16},"features_list_typography_font_family":"Poppins","features_list_typography_line_height":{"unit":"em","size":1.4},"features_list_alignment":"center","divider_color":"#dddddd","divider_weight":{"unit":"px","size":1},"footer_padding":{"unit":"px","top":"50","right":"40","bottom":"40","left":"40","isLinked":false},"button_text_color":"#000000","button_typography_typography":"custom","button_typography_font_size":{"unit":"px","size":25},"button_typography_font_family":"Poppins","button_typography_letter_spacing":{"unit":"px","size":0.5},"button_background_color":"#ffffff","button_border_width":{"unit":"px","top":"0","right":"0","bottom":"0","left":"0","isLinked":true},"button_border_radius":{"unit":"px","top":"6","right":"6","bottom":"6","left":"6","isLinked":true},"button_text_padding":{"unit":"px","top":"17","right":"50","bottom":"17","left":"50","isLinked":false},"button_hover_color":"#000000","button_background_hover_color":"#71f7de","ribbon_bg_color":"#f22be1","ribbon_distance":{"unit":"px","size":47},"ribbon_typography_typography":"custom","ribbon_typography_font_size":{"unit":"px","size":26},"ribbon_typography_font_family":"Oswald","ribbon_typography_line_height":{"unit":"em","size":3},"ribbon_typography_letter_spacing":{"unit":"px","size":"1"},"box_shadow_box_shadow":{"horizontal":0,"vertical":0,"blur":"10","spread":0,"inset":"","color":"rgba(0,0,0,0.29)"},"_background_background":"classic","heading_typography_font_size":{"unit":"px","size":20},"pricing_element_padding":{"unit":"px","top":"50","right":"0","bottom":"50","left":"0","isLinked":false},"heading_typography_font_size_tablet":{"unit":"px","size":"18"},"heading_typography_font_size_mobile":{"unit":"px","size":"25"},"price_typography_font_size_tablet":{"unit":"px","size":"53"},"price_typography_font_size_mobile":{"unit":"px","size":80},"features_list_padding_tablet":{"unit":"px","top":"0","right":"0","bottom":"0","left":"0","isLinked":true},"features_list_padding_mobile":{"unit":"px","top":"0","right":"20","bottom":"0","left":"20","isLinked":false},"features_list_typography_font_size_tablet":{"unit":"px","size":"12"},"features_list_typography_font_size_mobile":{"unit":"px","size":"13"},"features_list_typography_line_height_tablet":{"unit":"em","size":"1.1"},"features_list_typography_line_height_mobile":{"unit":"em","size":"1.3"},"sale":"yes","original_price":89,"heading_typography_line_height":{"unit":"em","size":1.8},"price_typography_font_weight":"600","currency_vertical_position":"middle","original_price_color":"#ffffff","original_price_typography_typography":"custom","original_price_typography_font_size":{"unit":"px","size":28},"original_price_typography_font_family":"Poppins","original_price_typography_font_weight":"200","original_price_vertical_position":"middle","features_list_typography_text_transform":"capitalize","item_width":{"unit":"px","size":100},"divider_width":{"unit":"px","size":100},"button_typography_font_weight":"500","button_typography_text_transform":"capitalize","_padding":{"unit":"px","top":"0","right":"0","bottom":"0","left":"0","isLinked":false},"ribbon_horizontal_position":"right","sub_heading_color":"#71f7de","sub_heading_typography_typography":"custom","sub_heading_typography_font_size":{"unit":"px","size":16},"sub_heading_typography_font_family":"Poppins","sub_heading_typography_font_weight":"700","sub_heading_typography_text_transform":"capitalize","sub_heading_typography_line_height":{"unit":"em","size":1.9},"features_list_typography_font_weight":"400","list_divider":"","additional_info_color":"#ffffff","additional_info_typography_typography":"custom","additional_info_typography_font_family":"Poppins","additional_info_typography_text_transform":"capitalize","additional_info_margin":{"unit":"px","top":"50","right":"30","bottom":"0","left":"30","isLinked":false},"_background_color":"#000000","additional_info_typography_font_size":{"unit":"px","size":14},"additional_info_typography_font_weight":"300","pricing_element_padding_mobile":{"unit":"px","top":"30","right":"0","bottom":"30","left":"0","isLinked":false},"_margin_mobile":{"unit":"px","top":"0","right":"0","bottom":"0","left":"0","isLinked":true},"button_typography_font_size_tablet":{"unit":"px","size":16}},"elements":[],"isInner":false,"widgetType":"price-table","elType":"widget"}],"isInner":false,"elType":"column"}],"isInner":false,"elType":"section"},{"id":"24cd839c","settings":[],"elements":[{"id":"74e0d861","settings":{"_column_size":100},"elements":[{"id":"3ad4a64f","settings":[],"elements":[],"isInner":false,"widgetType":"spacer","elType":"widget"}],"isInner":false,"elType":"column"}],"isInner":false,"elType":"section"},{"id":"705a9bf8","settings":{"content_width":{"unit":"px","size":714},"height":"min-height","custom_height":{"unit":"vh","size":100},"background_background":"classic","margin":{"unit":"px","top":"","right":0,"bottom":"","left":0,"isLinked":true},"gap":"no","background_color":"#3d3d3d","layout":"full_width","background_image":{"id":1237,"url":"http:\/\/localhost\/test\/wp-content\/uploads\/2018\/09\/hiro1.png"},"background_position":"bottom center","background_size":"cover","custom_height_mobile":{"unit":"vh","size":""}},"elements":[{"id":"2cfb78e7","settings":{"_column_size":100,"background_background":"classic","padding":{"unit":"px","top":"0","right":"0","bottom":"0","left":"0","isLinked":false},"border_border":"solid","border_width":{"unit":"px","top":"0","right":"0","bottom":"0","left":"0","isLinked":true},"border_color":"#ffffff","content_position":"bottom","space_between_widgets":0},"elements":[{"id":"2f6f32a2","settings":{"title":"black friday ","title_color":"#71f7de","typography_typography":"custom","typography_font_size":{"unit":"px","size":69},"typography_font_family":"Monoton","typography_font_weight":"normal","typography_text_transform":"uppercase","text_shadow_text_shadow_type":"yes","text_shadow_text_shadow":{"horizontal":2,"vertical":2,"blur":15,"color":"rgba(0,0,0,0.52)"},"align":"center","typography_letter_spacing":{"unit":"px","size":2},"_margin":{"unit":"px","top":"80","right":"0","bottom":"0","left":"0","isLinked":false},"typography_font_size_mobile":{"unit":"px","size":57}},"elements":[],"isInner":false,"widgetType":"heading","elType":"widget"},{"id":"2cb9ef8","settings":{"title":"- 50% off -","align":"center","title_color":"#ffffff","typography_typography":"custom","typography_font_size":{"unit":"px","size":54},"typography_font_family":"Poppins","typography_font_weight":"600","typography_text_transform":"uppercase","_margin":{"unit":"px","top":"20","right":"0","bottom":"0","left":"0","isLinked":false},"text_shadow_text_shadow_type":"yes","text_shadow_text_shadow":{"horizontal":0,"vertical":6,"blur":10,"color":"rgba(0,0,0,0.39)"}},"elements":[],"isInner":false,"widgetType":"heading","elType":"widget"},{"id":"578535dd","settings":{"title":"black friday sale ends by 24\/11\/17","header_size":"h4","align":"center","title_color":"#ffffff","typography_typography":"custom","typography_font_size":{"unit":"px","size":14},"typography_font_family":"Roboto","typography_font_weight":"400","typography_text_transform":"capitalize","typography_letter_spacing":{"unit":"px","size":0.3},"_margin":{"unit":"px","top":"10","right":"0","bottom":"500","left":"0","isLinked":false},"_margin_mobile":{"unit":"px","top":"15","right":"0","bottom":"200","left":"0","isLinked":false}},"elements":[],"isInner":false,"widgetType":"heading","elType":"widget"},{"id":"3255f0b3","settings":{"slides":[{"image":{"id":1231,"url":"http:\/\/localhost\/test\/wp-content\/uploads\/2018\/09\/media-carousle6.png"},"_id":"o1nw10n","type":"image","image_link_to_type":"","image_link_to":{"url":"","is_external":"","nofollow":""},"video":{"url":"","is_external":"","nofollow":""}},{"image":{"id":1232,"url":"http:\/\/localhost\/test\/wp-content\/uploads\/2018\/09\/media-carousle5.png"},"_id":"pb32gki","type":"image","image_link_to_type":"","image_link_to":{"url":"","is_external":"","nofollow":""},"video":{"url":"","is_external":"","nofollow":""}},{"image":{"id":1233,"url":"http:\/\/localhost\/test\/wp-content\/uploads\/2018\/09\/media-carousle4.png"},"_id":"kk7swew","type":"image","image_link_to_type":"","image_link_to":{"url":"","is_external":"","nofollow":""},"video":{"url":"","is_external":"","nofollow":""}},{"image":{"id":1234,"url":"http:\/\/localhost\/test\/wp-content\/uploads\/2018\/09\/media-carousle3.png"},"_id":"ry9t4kz","type":"image","image_link_to_type":"","image_link_to":{"url":"","is_external":"","nofollow":""},"video":{"url":"","is_external":"","nofollow":""}},{"image":{"id":1235,"url":"http:\/\/localhost\/test\/wp-content\/uploads\/2018\/09\/media-carousle2.png"},"_id":"895a5fi","type":"image","image_link_to_type":"","image_link_to":{"url":"","is_external":"","nofollow":""},"video":{"url":"","is_external":"","nofollow":""}},{"type":"image","image":{"id":1236,"url":"http:\/\/localhost\/test\/wp-content\/uploads\/2018\/09\/media-carousle1.png"},"image_link_to_type":"","image_link_to":{"url":"","is_external":"","nofollow":""},"video":{"url":"","is_external":"","nofollow":""},"_id":"upk0ssg"}],"slides_per_view":"6","height":{"unit":"px","size":172},"width":{"unit":"%","size":91},"space_between":{"unit":"px","size":26},"pagination":"","arrows_size":{"unit":"px","size":27},"arrows_color":"#71f7de","pagination_color":"#71f7de","_padding":{"unit":"px","top":"25","right":"50","bottom":"25","left":"50","isLinked":false},"_background_background":"classic","_background_color":"#000000","pagination_size":{"unit":"px","size":0},"play_icon_size":{"unit":"px","size":20},"_margin_mobile":{"unit":"px","top":"0","right":"0","bottom":"0","left":"0","isLinked":true},"height_mobile":{"unit":"px","size":188},"width_mobile":{"unit":"px","size":237},"_padding_mobile":{"unit":"px","top":"20","right":"20","bottom":"20","left":"20","isLinked":true}},"elements":[],"isInner":false,"widgetType":"media-carousel","elType":"widget"}],"isInner":false,"elType":"column"}],"isInner":false,"elType":"section"},{"id":"180613d5","settings":[],"elements":[{"id":"6edc23f2","settings":{"_column_size":100},"elements":[{"id":"f6db791","settings":[],"elements":[],"isInner":false,"widgetType":"spacer","elType":"widget"}],"isInner":false,"elType":"column"}],"isInner":false,"elType":"section"},{"id":"56f2274c","settings":{"height":"min-height","custom_height":{"unit":"vh","size":100},"background_background":"classic","background_color_stop":{"unit":"%","size":49},"background_color_b":"rgba(242,41,91,0)","background_color_b_stop":{"unit":"%","size":23},"background_gradient_angle":{"unit":"deg","size":50},"margin":{"unit":"px","top":"","right":0,"bottom":"","left":0,"isLinked":true},"background_overlay_color":"#161616","background_overlay_color_stop":{"unit":"%","size":59},"background_overlay_color_b":"rgba(242,41,91,0)","background_overlay_color_b_stop":{"unit":"%","size":0},"background_overlay_opacity":{"unit":"px","size":1},"padding":{"unit":"px","top":"0","right":"0","bottom":"0","left":"0","isLinked":false},"layout":"full_width","gap":"no","column_position":"top","content_position":"top","background_image":{"id":1237,"url":"http:\/\/localhost\/test\/wp-content\/uploads\/2018\/09\/hiro1.png"},"background_position":"center center","background_size":"cover","custom_height_tablet":{"unit":"vh","size":80}},"elements":[{"id":"e2c76cb","settings":{"_column_size":100,"_inline_size":null,"background_background":"classic"},"elements":[{"id":"52e388c1","settings":{"height_inner":"min-height","custom_height_inner":{"unit":"px","size":80},"content_position":"middle","structure":"20","background_background":"gradient","background_color":"rgba(249,120,1,0.77)","background_color_stop":{"unit":"%","size":12},"background_color_b":"rgba(255,0,231,0.81)","background_gradient_angle":{"unit":"deg","size":310},"padding_tablet":{"unit":"px","top":"0","right":"20","bottom":"0","left":"20","isLinked":false}},"elements":[{"id":"d886842","settings":{"_column_size":50,"_inline_size":null,"_inline_size_mobile":33},"elements":[{"id":"7391234d","settings":{"image":{"id":1227,"url":"http:\/\/localhost\/test\/wp-content\/uploads\/2018\/09\/coupon2-2.png"},"align":"left","space":{"unit":"%","size":9},"space_mobile":{"unit":"%","size":42}},"elements":[],"isInner":false,"widgetType":"image","elType":"widget"}],"isInner":true,"elType":"column"},{"id":"119dceb1","settings":{"_column_size":50,"_inline_size":null,"_inline_size_mobile":66},"elements":[{"id":"7f45e4ee","settings":{"text":"start shopping","align":"right","typography_typography":"custom","typography_font_size":{"unit":"px","size":16},"typography_font_family":"Roboto","typography_font_weight":"400","typography_text_transform":"capitalize","typography_letter_spacing":{"unit":"px","size":0.4},"button_text_color":"#ffffff","background_color":"#000000","border_radius":{"unit":"px","top":"6","right":"6","bottom":"6","left":"6","isLinked":true},"text_padding":{"unit":"px","top":"13","right":"30","bottom":"13","left":"30","isLinked":false},"hover_color":"#000000","button_background_hover_color":"#71f7de","button_box_shadow_box_shadow_type":"yes","button_box_shadow_box_shadow":{"horizontal":2,"vertical":2,"blur":0,"spread":1,"color":"#71f7de"},"icon":"fa fa-gift","icon_align":"right"},"elements":[],"isInner":false,"widgetType":"button","elType":"widget"}],"isInner":true,"elType":"column"}],"isInner":true,"elType":"section"},{"id":"60d155ca","settings":{"gap":"no","height_inner":"min-height","custom_height_inner":{"unit":"px","size":706},"content_position":"middle","background_background":"classic","background_color_b":"#f22be1","background_gradient_angle":{"unit":"deg","size":250},"background_position":"bottom left","background_size":"cover","margin":{"unit":"px","top":"","right":0,"bottom":"","left":0,"isLinked":true}},"elements":[{"id":"8822a73","settings":{"_column_size":100,"_inline_size":null,"margin_mobile":{"unit":"px","top":"50","right":"0","bottom":"0","left":"0","isLinked":false},"margin":{"unit":"%","top":"0","right":"60","bottom":"0","left":"0","isLinked":false},"margin_tablet":{"unit":"px","top":"0","right":"0","bottom":"0","left":"0","isLinked":false}},"elements":[{"id":"392cd73f","settings":{"title":"black friday ","title_color":"#71f7de","typography_typography":"custom","typography_font_size":{"unit":"px","size":44},"typography_font_family":"Monoton","typography_font_weight":"normal","typography_text_transform":"uppercase","text_shadow_text_shadow_type":"yes","text_shadow_text_shadow":{"horizontal":2,"vertical":2,"blur":15,"color":"rgba(0,0,0,0.52)"},"align":"center","typography_letter_spacing":{"unit":"px","size":2},"_margin":{"unit":"px","top":"100","right":"0","bottom":"0","left":"0","isLinked":false},"_margin_mobile":{"unit":"px","top":"0","right":"0","bottom":"0","left":"0","isLinked":false},"_padding_mobile":{"unit":"px","top":"0","right":"0","bottom":"0","left":"0","isLinked":true}},"elements":[],"isInner":false,"widgetType":"heading","elType":"widget"},{"id":"341cb81","settings":{"title":"- 50% off -","align":"center","title_color":"#ffffff","typography_typography":"custom","typography_font_size":{"unit":"px","size":52},"typography_font_family":"Poppins","typography_font_weight":"600","typography_text_transform":"uppercase","_margin":{"unit":"px","top":"10","right":"0","bottom":"0","left":"0","isLinked":false},"_margin_mobile":{"unit":"px","top":"0","right":"0","bottom":"0","left":"0","isLinked":false}},"elements":[],"isInner":false,"widgetType":"heading","elType":"widget"},{"id":"6d3f6342","settings":{"title":"black friday sale ends by 24\/11\/17","header_size":"h4","align":"center","title_color":"#ffffff","typography_typography":"custom","typography_font_size":{"unit":"px","size":14},"typography_font_family":"Roboto","typography_font_weight":"400","typography_text_transform":"capitalize","typography_letter_spacing":{"unit":"px","size":0.3},"_margin":{"unit":"px","top":"10","right":"0","bottom":"150","left":"0","isLinked":false},"_margin_mobile":{"unit":"px","top":"0","right":"0","bottom":"150","left":"0","isLinked":false}},"elements":[],"isInner":false,"widgetType":"heading","elType":"widget"},{"id":"2d172439","settings":{"title":"offer ends in:","align":"center","title_color":"#71f7de","typography_typography":"custom","typography_font_size":{"unit":"px","size":15},"typography_font_family":"Roboto","typography_font_weight":"500","typography_text_transform":"uppercase","typography_line_height":{"unit":"em","size":1.4},"_margin":{"unit":"px","top":"0","right":"0","bottom":"0","left":"0","isLinked":false},"typography_letter_spacing":{"unit":"px","size":0.4}},"elements":[],"isInner":false,"widgetType":"heading","elType":"widget"},{"id":"2b921535","settings":{"label_days":"Days","label_hours":"Hours","label_minutes":"Minutes","label_seconds":"Seconds","box_background_color":"rgba(255,255,255,0.25)","box_border_border":"solid","box_border_width":{"unit":"px","top":"0","right":"0","bottom":"0","left":"0","isLinked":true},"box_border_color":"#ffffff","box_padding":{"unit":"%","top":"2","right":"2","bottom":"2","left":"2","isLinked":true},"digits_color":"#ffffff","digits_typography_typography":"custom","digits_typography_font_size":{"unit":"px","size":29},"digits_typography_font_family":"Oswald","digits_typography_font_weight":"900","digits_typography_line_height":{"unit":"em","size":1.6},"label_color":"#ffffff","label_typography_typography":"custom","label_typography_font_size":{"unit":"px","size":11},"label_typography_font_family":"Montserrat","label_typography_font_weight":"300","label_typography_letter_spacing":{"unit":"px","size":1.6},"_padding":{"unit":"px","top":"0","right":"0","bottom":"0","left":"0","isLinked":true},"_background_background":"classic","box_spacing":{"unit":"px","size":15},"container_width":{"unit":"%","size":65},"_margin":{"unit":"px","top":"0","right":"0","bottom":"80","left":"0","isLinked":false},"_margin_mobile":{"unit":"px","top":"0","right":"0","bottom":"0","left":"0","isLinked":true}},"elements":[],"isInner":false,"widgetType":"countdown","elType":"widget"}],"isInner":true,"elType":"column"}],"isInner":true,"elType":"section"}],"isInner":false,"elType":"column"}],"isInner":false,"elType":"section"}]}