{"version":"0.4","title":"Loginpage1-page","type":"page","content":[{"id":"50bc55c","settings":{"layout":"full_width","gap":"no","height":"min-height","custom_height":{"unit":"vh","size":100},"column_position":"stretch","structure":"20","background_background":"none","background_position":"center center","background_size":"cover"},"elements":[{"id":"5d2ee4cc","settings":{"_column_size":50,"_inline_size":"30.031","content_position":"center","padding":{"unit":"px","top":"70","right":"90","bottom":"70","left":"90","isLinked":false},"background_background":"none","margin_mobile":{"unit":"px","top":"20","right":"20","bottom":"20","left":"20","isLinked":true},"padding_tablet":{"unit":"px","top":"25","right":"25","bottom":"25","left":"25","isLinked":true},"padding_mobile":{"unit":"px","top":"40","right":"40","bottom":"40","left":"40","isLinked":true}},"elements":[{"id":"4f29e74d","settings":{"icon":"fa fa-bell","primary_color":"#919ca7","hover_animation":"buzz","_padding":{"unit":"px","top":"0","right":"0","bottom":"15","left":"0","isLinked":false}},"elements":[],"isInner":false,"widgetType":"icon","elType":"widget"},{"id":"72f1f29d","settings":{"title":"Sign in to Bell Store","header_size":"h3","align":"center","title_color":"#919ca7","typography_typography":"custom","typography_font_size":{"unit":"px","size":"25"},"typography_font_family":"Roboto","typography_font_weight":"300","typography_font_size_tablet":{"unit":"px","size":"21"},"typography_font_size_mobile":{"unit":"px","size":"19"}},"elements":[],"isInner":false,"widgetType":"heading","elType":"widget"},{"id":"1716626f","settings":{"show_labels":"","button_text":"Log In","button_size":"md","align":"stretch","user_label":" Username or Email Address","user_placeholder":" Username or Email Address","password_label":"Password","password_placeholder":"Password","row_gap":{"unit":"px","size":"25"},"field_background_color":"rgba(255,255,255,0)","field_border_width":{"unit":"px","top":"0","right":"0","bottom":"1","left":"0","isLinked":false},"button_typography_typography":"custom","button_typography_font_family":"Roboto","button_typography_font_weight":"300","button_background_color":"#66b25b","button_border_radius":{"unit":"px","top":"100","right":"100","bottom":"100","left":"100","isLinked":true},"button_background_hover_color":"#36363d","field_text_color":"#000000","field_typography_typography":"custom","field_typography_font_family":"Roboto","field_typography_font_weight":"100","field_border_color":"rgba(145,156,167,0.75)","field_border_radius":{"unit":"px","top":"0","right":"0","bottom":"0","left":"0","isLinked":true},"_padding":{"unit":"px","top":"130","right":"0","bottom":"100","left":"0","isLinked":false},"_padding_mobile":{"unit":"px","top":"20","right":"0","bottom":"50","left":"0","isLinked":false}},"elements":[],"isInner":false,"widgetType":"login","elType":"widget"},{"id":"57ba2d00","settings":{"social_icon_list":[{"social":"fa fa-facebook","_id":"c0h3apt","link":{"url":"","is_external":"true","nofollow":""}},{"social":"fa fa-twitter","_id":"x44nzij","link":{"url":"","is_external":"true","nofollow":""}},{"social":"fa fa-google-plus","_id":"an3e7v6","link":{"url":"","is_external":"true","nofollow":""}}],"shape":"circle","icon_color":"custom","icon_primary_color":"#ffffff","icon_secondary_color":"#919ca7","icon_size":{"unit":"px","size":"17"},"icon_padding":{"unit":"em","size":"0.7"},"icon_spacing":{"unit":"px","size":"14"},"image_border_border":"solid","image_border_width":{"unit":"px","top":"1","right":"1","bottom":"1","left":"1","isLinked":true},"image_border_color":"rgba(0,0,0,0)","hover_border_color":"#919ca7"},"elements":[],"isInner":false,"widgetType":"social-icons","elType":"widget"}],"isInner":false,"elType":"column"},{"id":"4b50a0a3","settings":{"_column_size":50,"_inline_size":"69.969","background_background":"classic","background_image":{"id":1128,"url":"http:\/\/localhost\/test\/wp-content\/uploads\/2018\/09\/ilya-yakover-254069.jpg"},"background_position":"center center","background_size":"cover","content_position":"bottom","padding":{"unit":"px","top":"0","right":"40","bottom":"30","left":"40","isLinked":false},"padding_mobile":{"unit":"px","top":"0","right":"0","bottom":"0","left":"0","isLinked":false}},"elements":[{"id":"63bdf1a2","settings":{"title":"unsplash.com\/@ilyayakover","header_size":"h4","align":"right","title_color":"#ffffff","typography_typography":"custom","typography_font_size":{"unit":"px","size":"14"},"typography_font_family":"Roboto","typography_font_weight":"400","align_mobile":"center","_padding_mobile":{"unit":"px","top":"30","right":"30","bottom":"30","left":"30","isLinked":true}},"elements":[],"isInner":false,"widgetType":"heading","elType":"widget"}],"isInner":false,"elType":"column"}],"isInner":false,"elType":"section"}]}