{"version":"0.4","title":"Psychologist-Services-page","type":"page","content":[{"id":"3167d796","settings":{"layout":"full_width","gap":"no","height":"min-height","custom_height":{"unit":"vh","size":"90","sizes":[]},"column_position":"stretch","content_position":"middle","overflow":"hidden","structure":"20","padding":{"unit":"%","top":"","right":"","bottom":"","left":"","isLinked":"1"},"_title":"Hero","custom_height_tablet":{"unit":"vh","size":"90","sizes":[]},"reverse_order_mobile":"reverse-mobile","reverse_order_tablet":"reverse-tablet","_timestamp_":"v1Smpyb2xHWDFzTnAyd291dVQ4THc0UT09"},"elements":[{"id":"3d89a07a","settings":{"_column_size":"50","padding":{"unit":"%","top":"0","right":"0","bottom":"0","left":"15.8","isLinked":""},"space_between_widgets":"0","_inline_size_tablet":"100","padding_tablet":{"unit":"%","top":"8","right":"0","bottom":"0","left":"7","isLinked":""},"padding_mobile":{"unit":"%","top":"12","right":"7","bottom":"16","left":"7","isLinked":""}},"elements":[{"id":"6733ea10","settings":{"title":"Psychotherapy","header_size":"h1","_padding":{"unit":"%","top":"0","right":"15.8","bottom":"10","left":"0","isLinked":""},"_margin":{"unit":"px","top":"0","right":"0","bottom":"0","left":"-3","isLinked":""},"_padding_tablet":{"unit":"%","top":"0","right":"0","bottom":"8","left":"0","isLinked":""},"_padding_mobile":{"unit":"%","top":"0","right":"0","bottom":"10","left":"0","isLinked":""},"align_mobile":"left","typography_text_transform":"capitalize","_animation":"fadeIn","animation_duration":"fast","title_color":"#65768B","typography_typography":"custom","typography_font_family":"Prompt","typography_font_size":{"unit":"px","size":"80","sizes":[]},"typography_font_size_tablet":{"unit":"px","size":"48","sizes":[]},"typography_font_size_mobile":{"unit":"px","size":"36","sizes":[]},"typography_font_weight":"100","typography_line_height":{"unit":"px","size":"82","sizes":[]},"typography_line_height_tablet":{"unit":"px","size":"56","sizes":[]},"typography_line_height_mobile":{"unit":"px","size":"44","sizes":[]},"typography_letter_spacing_tablet":{"unit":"px","size":"-1","sizes":[]}},"elements":[],"isInner":false,"widgetType":"heading","elType":"widget"},{"id":"65956384","settings":{"gap":"no","structure":"20","padding":{"unit":"%","top":"0","right":"15.8","bottom":"0","left":"0","isLinked":""},"padding_tablet":{"unit":"%","top":"0","right":"7","bottom":"16","left":"0","isLinked":""},"padding_mobile":{"unit":"%","top":"0","right":"0","bottom":"0","left":"0","isLinked":""},"layout":"full_width"},"elements":[{"id":"23c5a082","settings":{"_column_size":"50","_inline_size_mobile":"100","padding_mobile":{"unit":"%","top":"0","right":"0","bottom":"14","left":"0","isLinked":""},"space_between_widgets":"0","padding":{"unit":"%","top":"0","right":"16","bottom":"0","left":"0","isLinked":""},"_inline_size_tablet":"50","padding_tablet":{"unit":"%","top":"0","right":"10","bottom":"0","left":"0","isLinked":""},"animation":"fadeIn","animation_delay":"200"},"elements":[{"id":"66b1f672","settings":{"title":"In-clinic sessions","header_size":"h4","title_color":"#65768B","typography_typography":"custom","typography_font_family":"Prompt","typography_font_size":{"unit":"px","size":"16","sizes":[]},"typography_font_size_tablet":{"unit":"px","size":"15","sizes":[]},"typography_font_size_mobile":{"unit":"px","size":"14","sizes":[]},"typography_font_weight":"400","typography_text_transform":"uppercase","typography_line_height":{"unit":"px","size":"24","sizes":[]},"typography_line_height_tablet":{"unit":"px","size":"23","sizes":[]},"typography_line_height_mobile":{"unit":"px","size":"22","sizes":[]},"typography_letter_spacing":{"unit":"px","size":"1","sizes":[]},"typography_letter_spacing_tablet":{"unit":"px","size":"1.2","sizes":[]},"typography_letter_spacing_mobile":{"unit":"px","size":"1.1","sizes":[]},"_padding":{"unit":"%","top":"","right":"","bottom":"","left":"","isLinked":"1"},"_padding_mobile":{"unit":"%","top":"","right":"","bottom":"","left":"","isLinked":"1"},"_animation":"fadeIn"},"elements":[],"isInner":false,"widgetType":"heading","elType":"widget"},{"id":"46f7cdc5","settings":{"text":"Divider","color":"#9AA8BA","gap":{"unit":"px","size":"17","sizes":[]},"align_tablet":"center"},"elements":[],"isInner":false,"widgetType":"divider","elType":"widget"},{"id":"4d5a5327","settings":{"editor":"Lorem ipsum dolor sit amet, consectet adipiscing\u00a0elit,sed do eiusm por incididunt ut labore et dolore magna aliqua. ","typography_line_height":{"unit":"px","size":"22","sizes":[]},"align_mobile":"left","text_color":"#5F5B5B","typography_typography":"custom","typography_font_family":"Prompt","typography_font_size":{"unit":"px","size":"16","sizes":[]},"typography_font_size_tablet":{"unit":"px","size":"15","sizes":[]},"typography_font_size_mobile":{"unit":"px","size":"14","sizes":[]},"typography_font_weight":"300","typography_line_height_tablet":{"unit":"px","size":"21","sizes":[]},"typography_line_height_mobile":{"unit":"px","size":"20","sizes":[]},"_padding":{"unit":"%","top":"","right":"","bottom":"","left":"","isLinked":"1"},"_padding_tablet":{"unit":"%","top":"","right":"","bottom":"","left":"","isLinked":"1"},"_padding_mobile":{"unit":"%","top":"","right":"","bottom":"","left":"","isLinked":"1"},"_animation":"fadeIn"},"elements":[],"isInner":false,"widgetType":"text-editor","elType":"widget"}],"isInner":"1","elType":"column"},{"id":"73239622","settings":{"_column_size":"50","_inline_size_mobile":"100","padding_mobile":{"unit":"%","top":"0","right":"0","bottom":"0","left":"0","isLinked":""},"space_between_widgets":"0","padding":{"unit":"%","top":"0","right":"0","bottom":"0","left":"16","isLinked":""},"_inline_size_tablet":"50","padding_tablet":{"unit":"%","top":"0","right":"0","bottom":"0","left":"10","isLinked":""},"animation":"fadeIn","animation_delay":"400"},"elements":[{"id":"19a08319","settings":{"title":"remote sessions","header_size":"h4","title_color":"#65768B","typography_typography":"custom","typography_font_family":"Prompt","typography_font_size":{"unit":"px","size":"16","sizes":[]},"typography_font_size_tablet":{"unit":"px","size":"15","sizes":[]},"typography_font_size_mobile":{"unit":"px","size":"14","sizes":[]},"typography_font_weight":"400","typography_text_transform":"uppercase","typography_line_height":{"unit":"px","size":"24","sizes":[]},"typography_line_height_tablet":{"unit":"px","size":"23","sizes":[]},"typography_line_height_mobile":{"unit":"px","size":"22","sizes":[]},"typography_letter_spacing":{"unit":"px","size":"1","sizes":[]},"typography_letter_spacing_tablet":{"unit":"px","size":"1.2","sizes":[]},"typography_letter_spacing_mobile":{"unit":"px","size":"1.1","sizes":[]},"_padding":{"unit":"%","top":"","right":"","bottom":"","left":"","isLinked":"1"},"_padding_mobile":{"unit":"%","top":"","right":"","bottom":"","left":"","isLinked":"1"},"_animation":"fadeIn"},"elements":[],"isInner":false,"widgetType":"heading","elType":"widget"},{"id":"6d1b3647","settings":{"text":"Divider","color":"#9AA8BA","gap":{"unit":"px","size":"17","sizes":[]},"align_tablet":"center"},"elements":[],"isInner":false,"widgetType":"divider","elType":"widget"},{"id":"3b06f290","settings":{"editor":"Lorem ipsum dolor sit amet, consectet adipiscing\u00a0elit,sed do eiusm por incididunt ut labore et dolore magna aliqua. ","typography_line_height":{"unit":"px","size":"22","sizes":[]},"align_mobile":"left","text_color":"#5F5B5B","typography_typography":"custom","typography_font_family":"Prompt","typography_font_size":{"unit":"px","size":"16","sizes":[]},"typography_font_size_tablet":{"unit":"px","size":"15","sizes":[]},"typography_font_size_mobile":{"unit":"px","size":"14","sizes":[]},"typography_font_weight":"300","typography_line_height_tablet":{"unit":"px","size":"21","sizes":[]},"typography_line_height_mobile":{"unit":"px","size":"20","sizes":[]},"_padding":{"unit":"%","top":"","right":"","bottom":"","left":"","isLinked":"1"},"_padding_tablet":{"unit":"%","top":"","right":"","bottom":"","left":"","isLinked":"1"},"_padding_mobile":{"unit":"%","top":"","right":"","bottom":"","left":"","isLinked":"1"},"_animation":"fadeIn"},"elements":[],"isInner":false,"widgetType":"text-editor","elType":"widget"}],"isInner":"1","elType":"column"}],"isInner":"1","elType":"section"},{"id":"2a7b108b","settings":{"selected_icon":{"value":{"id":"8","url":"http:\/\/localhost\/dieuhau\/wp-content\/uploads\/2021\/03\/scroll-down-icon.svg"},"library":"svg"},"view":"stacked","shape":"square","link":{"url":"#services","is_external":"","nofollow":"","custom_attributes":""},"primary_color":"#CBD2DB","hover_primary_color":"#9AA8BA","size":{"unit":"px","size":"30","sizes":[]},"_margin":{"unit":"px","top":"0","right":"0","bottom":"-6","left":"0","isLinked":""},"_element_width":"auto","_position":"absolute","_offset_orientation_h":"end","_offset_x_end":{"unit":"%","size":"0","sizes":[]},"_offset_orientation_v":"end","_offset_y_end":{"unit":"%","size":"0","sizes":[]},"hide_mobile":"hidden-phone","_animation":"fadeInDown","animation_duration":"slow","_animation_delay":"600"},"elements":[],"isInner":false,"widgetType":"icon","elType":"widget"}],"isInner":"","elType":"column"},{"id":"304e6c0a","settings":{"_column_size":"50","background_background":"classic","background_image":{"id":31,"url":"http:\/\/localhost\/dieuhau\/wp-content\/uploads\/2021\/03\/services-hero-pic.jpg"},"background_position":"center center","background_repeat":"no-repeat","background_size":"cover","_inline_size_tablet":"100","background_position_tablet":"top center"},"elements":[{"id":"578914d1","settings":{"space_mobile":{"unit":"px","size":"315","sizes":[]},"space_tablet":{"unit":"px","size":"480","sizes":[]}},"elements":[],"isInner":false,"widgetType":"spacer","elType":"widget"}],"isInner":"","elType":"column"}],"isInner":"","elType":"section"},{"id":"3596246a","settings":{"gap":"no","height":"min-height","custom_height":{"unit":"vh","size":"70","sizes":[]},"column_position":"stretch","content_position":"middle","overflow":"hidden","padding":{"unit":"%","top":"0","right":"4","bottom":"0","left":"4","isLinked":""},"_title":"Services","custom_height_tablet":{"unit":"vh","size":"75","sizes":[]},"content_width":{"unit":"px","size":"1350","sizes":[]},"padding_tablet":{"unit":"%","top":"0","right":"7","bottom":"0","left":"7","isLinked":""},"background_background":"classic","background_color":"#FFFFFF","_element_id":"services","custom_height_mobile":{"unit":"px","size":"930","sizes":[]},"_timestamp_":"v1Smpyb2xHWDFzTnAyd291dVQ4THc0UT09"},"elements":[{"id":"61d502c2","settings":{"_column_size":"100","padding":{"unit":"%","top":"","right":"","bottom":"","left":"","isLinked":"1"},"space_between_widgets":"0","background_background":"classic","_inline_size_tablet":"100","padding_tablet":{"unit":"%","top":"","right":"","bottom":"","left":"","isLinked":"1"},"padding_mobile":{"unit":"%","top":"","right":"","bottom":"","left":"","isLinked":"1"}},"elements":[{"id":"430481a7","settings":{"title":"Services Provided","_padding":{"unit":"%","top":"0","right":"0","bottom":"5","left":"0","isLinked":""},"_padding_tablet":{"unit":"%","top":"0","right":"0","bottom":"8","left":"0","isLinked":""},"_padding_mobile":{"unit":"%","top":"0","right":"0","bottom":"12","left":"0","isLinked":""},"align":"center","typography_text_transform":"capitalize","align_mobile":"left","_animation":"fadeInUp","_animation_mobile":"none","title_color":"#9AA8BA","typography_typography":"custom","typography_font_family":"Prompt","typography_font_size":{"unit":"px","size":"40","sizes":[]},"typography_font_size_tablet":{"unit":"px","size":"36","sizes":[]},"typography_font_size_mobile":{"unit":"px","size":"24","sizes":[]},"typography_font_weight":"100","typography_line_height":{"unit":"px","size":"44","sizes":[]},"typography_line_height_tablet":{"unit":"px","size":"40","sizes":[]},"typography_line_height_mobile":{"unit":"px","size":"30","sizes":[]},"typography_letter_spacing_mobile":{"unit":"px","size":"-0.5","sizes":[]},"motion_fx_translateY_speed":{"unit":"px","size":"0.4","sizes":[]},"motion_fx_devices":["desktop","tablet"]},"elements":[],"isInner":false,"widgetType":"heading","elType":"widget"},{"id":"7f74f05f","settings":{"gap":"no","structure":"30","padding":{"unit":"%","top":"0","right":"0","bottom":"0","left":"0","isLinked":""},"padding_tablet":{"unit":"%","top":"0","right":"0","bottom":"0","left":"0","isLinked":""},"padding_mobile":{"unit":"%","top":"0","right":"0","bottom":"12","left":"0","isLinked":""},"layout":"full_width"},"elements":[{"id":"1186457f","settings":{"_column_size":"33","_inline_size_mobile":"100","padding_mobile":{"unit":"%","top":"0","right":"0","bottom":"14","left":"0","isLinked":""},"space_between_widgets":"0","padding":{"unit":"%","top":"0","right":"18","bottom":"0","left":"0","isLinked":""},"_inline_size_tablet":"100","padding_tablet":{"unit":"%","top":"0","right":"0","bottom":"8","left":"0","isLinked":""},"animation":"fadeIn","animation_duration":"fast","animation_delay":"200","animation_mobile":"none"},"elements":[{"id":"807b3be","settings":{"title":"Individual Therapy","header_size":"h3","align_tablet":"center","align_mobile":"left","title_color":"#5F5B5B","typography_typography":"custom","typography_font_family":"Prompt","typography_font_size":{"unit":"px","size":"22","sizes":[]},"typography_font_weight":"300","typography_text_transform":"capitalize","typography_line_height":{"unit":"px","size":"26","sizes":[]},"_padding":{"unit":"%","top":"0","right":"0","bottom":"2","left":"0","isLinked":""}},"elements":[],"isInner":false,"widgetType":"heading","elType":"widget"},{"id":"203dfa34","settings":{"text":"Divider","color":"#9AA8BA","gap":{"unit":"px","size":"0","sizes":[]},"_padding":{"unit":"px","top":"8","right":"0","bottom":"18","left":"0","isLinked":""},"align_tablet":"center"},"elements":[],"isInner":false,"widgetType":"divider","elType":"widget"},{"id":"38da5d86","settings":{"editor":"Ut aliquip ex ea sint occaecat cupidatat non proident, sunt in culpa qui officia mollit natoque consequat massa quis enim. Donec pede justo, fringilla vitae, eleifend acer sem neque sed ipsum. Nam quam nunc, blandit vel, ridiculus mus. Donec quam felis, ultricies nec, pellentesque eu, pretium consectetuer  elit. ","typography_line_height":{"unit":"px","size":"22","sizes":[]},"text_columns_tablet":"2","text_columns_mobile":"1","column_gap_tablet":{"unit":"px","size":"35","sizes":[]},"align_mobile":"left","text_color":"#5F5B5B","typography_typography":"custom","typography_font_family":"Prompt","typography_font_size":{"unit":"px","size":"16","sizes":[]},"typography_font_size_tablet":{"unit":"px","size":"15","sizes":[]},"typography_font_size_mobile":{"unit":"px","size":"14","sizes":[]},"typography_font_weight":"300","typography_line_height_tablet":{"unit":"px","size":"21","sizes":[]},"typography_line_height_mobile":{"unit":"px","size":"20","sizes":[]},"_padding":{"unit":"%","top":"","right":"","bottom":"","left":"","isLinked":"1"},"_padding_tablet":{"unit":"%","top":"","right":"","bottom":"","left":"","isLinked":"1"},"_padding_mobile":{"unit":"%","top":"","right":"","bottom":"","left":"","isLinked":"1"},"_animation":"fadeIn"},"elements":[],"isInner":false,"widgetType":"text-editor","elType":"widget"}],"isInner":"1","elType":"column"},{"id":"70e5ec59","settings":{"_column_size":"33","_inline_size_mobile":"100","padding_mobile":{"unit":"%","top":"0","right":"0","bottom":"14","left":"0","isLinked":""},"space_between_widgets":"0","padding":{"unit":"%","top":"0","right":"9","bottom":"0","left":"9","isLinked":""},"_inline_size_tablet":"50","padding_tablet":{"unit":"%","top":"0","right":"10","bottom":"0","left":"0","isLinked":""},"animation":"fadeIn","animation_duration":"fast","animation_delay":"400","animation_mobile":"none"},"elements":[{"id":"1a443fe2","settings":{"title":"Couples Therapy","header_size":"h3","align_tablet":"left","align_mobile":"left","title_color":"#5F5B5B","typography_typography":"custom","typography_font_family":"Prompt","typography_font_size":{"unit":"px","size":"22","sizes":[]},"typography_font_weight":"300","typography_text_transform":"capitalize","typography_line_height":{"unit":"px","size":"26","sizes":[]},"_padding":{"unit":"%","top":"0","right":"0","bottom":"2","left":"0","isLinked":""}},"elements":[],"isInner":false,"widgetType":"heading","elType":"widget"},{"id":"6a172966","settings":{"text":"Divider","color":"#9AA8BA","gap":{"unit":"px","size":"0","sizes":[]},"_padding":{"unit":"px","top":"8","right":"0","bottom":"18","left":"0","isLinked":""}},"elements":[],"isInner":false,"widgetType":"divider","elType":"widget"},{"id":"1393a0b5","settings":{"editor":"Ut aliquip ex ea sint occaecat cupidatat non proident, sunt in culpa qui officia mollit natoque consequat massa quis enim. Donec pede justo, fringilla vitae, eleifend acer sem neque sed ipsum. Nam quam nunc, blandit vel, ridiculus mus. Donec quam felis, ultricies nec, pellentesque eu, pretium consectetuer  elit. ","typography_line_height":{"unit":"px","size":"22","sizes":[]},"align_mobile":"left","text_color":"#5F5B5B","typography_typography":"custom","typography_font_family":"Prompt","typography_font_size":{"unit":"px","size":"16","sizes":[]},"typography_font_size_tablet":{"unit":"px","size":"15","sizes":[]},"typography_font_size_mobile":{"unit":"px","size":"14","sizes":[]},"typography_font_weight":"300","typography_line_height_tablet":{"unit":"px","size":"21","sizes":[]},"typography_line_height_mobile":{"unit":"px","size":"20","sizes":[]},"_padding":{"unit":"%","top":"","right":"","bottom":"","left":"","isLinked":"1"},"_padding_tablet":{"unit":"%","top":"","right":"","bottom":"","left":"","isLinked":"1"},"_padding_mobile":{"unit":"%","top":"","right":"","bottom":"","left":"","isLinked":"1"},"_animation":"fadeIn"},"elements":[],"isInner":false,"widgetType":"text-editor","elType":"widget"}],"isInner":"1","elType":"column"},{"id":"3034df0d","settings":{"_column_size":"33","_inline_size_mobile":"100","space_between_widgets":"0","padding":{"unit":"%","top":"0","right":"0","bottom":"0","left":"18","isLinked":""},"padding_mobile":{"unit":"px","top":"0","right":"0","bottom":"0","left":"0","isLinked":""},"_inline_size_tablet":"50","padding_tablet":{"unit":"%","top":"0","right":"0","bottom":"0","left":"5","isLinked":""},"animation":"fadeIn","animation_duration":"fast","animation_delay":"600","animation_mobile":"none"},"elements":[{"id":"38402a1b","settings":{"title":"Family Therapy ","header_size":"h3","align_tablet":"left","align_mobile":"left","title_color":"#5F5B5B","typography_typography":"custom","typography_font_family":"Prompt","typography_font_size":{"unit":"px","size":"22","sizes":[]},"typography_font_weight":"300","typography_text_transform":"capitalize","typography_line_height":{"unit":"px","size":"26","sizes":[]},"_padding":{"unit":"%","top":"0","right":"0","bottom":"2","left":"0","isLinked":""}},"elements":[],"isInner":false,"widgetType":"heading","elType":"widget"},{"id":"2b011fae","settings":{"text":"Divider","color":"#9AA8BA","gap":{"unit":"px","size":"0","sizes":[]},"_padding":{"unit":"px","top":"8","right":"0","bottom":"18","left":"0","isLinked":""}},"elements":[],"isInner":false,"widgetType":"divider","elType":"widget"},{"id":"4a163430","settings":{"editor":"Ut aliquip ex ea sint occaecat cupidatat non proident, sunt in culpa qui officia mollit natoque consequat massa quis enim. Donec pede justo, fringilla vitae, eleifend acer sem neque sed ipsum. Nam quam nunc, blandit vel, ridiculus mus. Donec quam felis, ultricies nec, pellentesque eu, pretium consectetuer  elit. ","typography_line_height":{"unit":"px","size":"22","sizes":[]},"align_mobile":"left","text_color":"#5F5B5B","typography_typography":"custom","typography_font_family":"Prompt","typography_font_size":{"unit":"px","size":"16","sizes":[]},"typography_font_size_tablet":{"unit":"px","size":"15","sizes":[]},"typography_font_size_mobile":{"unit":"px","size":"14","sizes":[]},"typography_font_weight":"300","typography_line_height_tablet":{"unit":"px","size":"21","sizes":[]},"typography_line_height_mobile":{"unit":"px","size":"20","sizes":[]},"_padding":{"unit":"%","top":"","right":"","bottom":"","left":"","isLinked":"1"},"_padding_tablet":{"unit":"%","top":"","right":"","bottom":"","left":"","isLinked":"1"},"_padding_mobile":{"unit":"%","top":"","right":"","bottom":"","left":"","isLinked":"1"},"_animation":"fadeIn"},"elements":[],"isInner":false,"widgetType":"text-editor","elType":"widget"}],"isInner":"1","elType":"column"}],"isInner":"1","elType":"section"}],"isInner":"","elType":"column"}],"isInner":"","elType":"section"},{"id":"20360fd7","settings":{"content_width":{"unit":"px","size":"1075","sizes":[]},"gap":"no","overflow":"hidden","_title":"Treatment Specialisation","padding":{"unit":"%","top":"10","right":"0","bottom":"0","left":"0","isLinked":""},"padding_tablet":{"unit":"%","top":"14","right":"10","bottom":"0","left":"10","isLinked":""},"padding_mobile":{"unit":"%","top":"22","right":"0","bottom":"0","left":"0","isLinked":""},"_timestamp_":"v1Smpyb2xHWDFzTnAyd291dVQ4THc0UT09"},"elements":[{"id":"c93ee9a","settings":{"_column_size":"100","padding":{"unit":"%","top":"0","right":"0","bottom":"0","left":"0","isLinked":""},"space_between_widgets":"0"},"elements":[{"id":"22e4bd2f","settings":{"title":"Treatment Specialties","_padding":{"unit":"%","top":"0","right":"0","bottom":"5","left":"0","isLinked":""},"_padding_tablet":{"unit":"%","top":"0","right":"0","bottom":"8","left":"0","isLinked":""},"_padding_mobile":{"unit":"%","top":"0","right":"0","bottom":"12","left":"0","isLinked":""},"align":"center","typography_text_transform":"capitalize","align_mobile":"center","_animation":"fadeInUp","_animation_mobile":"none","title_color":"#9AA8BA","typography_typography":"custom","typography_font_family":"Prompt","typography_font_size":{"unit":"px","size":"40","sizes":[]},"typography_font_size_tablet":{"unit":"px","size":"36","sizes":[]},"typography_font_size_mobile":{"unit":"px","size":"24","sizes":[]},"typography_font_weight":"100","typography_line_height":{"unit":"px","size":"44","sizes":[]},"typography_line_height_tablet":{"unit":"px","size":"40","sizes":[]},"typography_line_height_mobile":{"unit":"px","size":"30","sizes":[]},"typography_letter_spacing_mobile":{"unit":"px","size":"-0.5","sizes":[]},"motion_fx_translateY_speed":{"unit":"px","size":"0.4","sizes":[]},"motion_fx_devices":["desktop","tablet"]},"elements":[],"isInner":false,"widgetType":"heading","elType":"widget"},{"id":"c58e0c","settings":{"layout":"left","bg_image":{"id":32,"url":"http:\/\/localhost\/dieuhau\/wp-content\/uploads\/2021\/03\/Anxiety-Disorder.jpg"},"title":"Anxiety Disorder","description":"Lorem ipsum dolor sit amet, consectet adipisc elit, sed do eiusm por incididunt ut labore et dolore nostrud exercitation ullamco laboris nisi ut aliquip ex ea sint occaecat cupidatat non proident, sunt in ","title_tag":"h3","button":"Request An Appointment","min-height":{"unit":"px","size":"495","sizes":[]},"alignment":"left","padding":{"unit":"px","top":"94","right":"94","bottom":"94","left":"94","isLinked":"1"},"title_spacing":{"unit":"px","size":"22","sizes":[]},"description_spacing":{"unit":"px","size":"28","sizes":[]},"content_bg_color":"#FBFBFB","button_background_color":"#FBFBFB","button_hover_text_color":"#FBFBFB","button_hover_background_color":"#9AA8BA","transformation":"","overlay_color_hover":"rgba(0, 114, 255, 0)","bg_filters_hover_css_filter":"custom","bg_filters_hover_brightness":{"unit":"px","size":"90","sizes":[]},"bg_filters_hover_saturate":{"unit":"px","size":"200","sizes":[]},"_padding":{"unit":"px","top":"0","right":"0","bottom":"50","left":"0","isLinked":""},"layout_tablet":"above","min-height_tablet":{"unit":"px","size":"400","sizes":[]},"min-height_mobile":{"unit":"px","size":"330","sizes":[]},"padding_mobile":{"unit":"px","top":"30","right":"30","bottom":"30","left":"30","isLinked":"1"},"image_min_height_tablet":{"unit":"px","size":"335","sizes":[]},"image_min_height_mobile":{"unit":"px","size":"245","sizes":[]},"_animation":"fadeIn","title_typography_typography":"custom","title_typography_font_family":"Prompt","title_typography_font_size":{"unit":"px","size":"22","sizes":[]},"title_typography_font_size_tablet":{"unit":"px","size":"20","sizes":[]},"title_typography_font_size_mobile":{"unit":"px","size":"18","sizes":[]},"title_typography_font_weight":"300","title_typography_line_height":{"unit":"px","size":"26","sizes":[]},"title_typography_line_height_tablet":{"unit":"px","size":"24","sizes":[]},"description_typography_typography":"custom","description_typography_font_family":"Prompt","description_typography_font_size":{"unit":"px","size":"16","sizes":[]},"description_typography_font_size_tablet":{"unit":"px","size":"15","sizes":[]},"description_typography_font_size_mobile":{"unit":"px","size":"14","sizes":[]},"description_typography_font_weight":"300","description_typography_line_height":{"unit":"px","size":"22","sizes":[]},"description_typography_line_height_tablet":{"unit":"px","size":"21","sizes":[]},"description_typography_line_height_mobile":{"unit":"px","size":"20","sizes":[]},"title_color":"#5F5B5B","description_color":"#5F5B5B","button_color":"#9AA8BA","button_size":"md","button_typography_typography":"custom","button_typography_font_family":"Prompt","button_typography_font_size":{"unit":"px","size":"12","sizes":[]},"button_typography_font_weight":"300","button_typography_text_transform":"uppercase","button_typography_letter_spacing":{"unit":"px","size":"1.2","sizes":[]},"button_text_color":"#9AA8BA","button_border_color":"#9AA8BA","button_border_width":{"unit":"px","size":"1","sizes":[]},"button_border_radius":{"unit":"px","size":"0","sizes":[]},"graphic_image":{"id":33,"url":"http:\/\/localhost\/dieuhau\/wp-content\/uploads\/2021\/03\/placeholder.png"}},"elements":[],"isInner":false,"widgetType":"call-to-action","elType":"widget"},{"id":"23d6fb87","settings":{"layout":"right","bg_image":{"id":34,"url":"http:\/\/localhost\/dieuhau\/wp-content\/uploads\/2021\/03\/Depression.jpg"},"title":"Depression","description":"Lorem ipsum dolor sit amet, consectet adipisc elit, sed do eiusm por incididunt ut labore et dolore nostrud exercitation ullamco laboris nisi ut aliquip ex ea sint occaecat cupidatat non proident, sunt in ","title_tag":"h3","button":"Request An Appointment","min-height":{"unit":"px","size":"495","sizes":[]},"alignment":"left","padding":{"unit":"px","top":"94","right":"94","bottom":"94","left":"94","isLinked":"1"},"title_spacing":{"unit":"px","size":"22","sizes":[]},"description_spacing":{"unit":"px","size":"28","sizes":[]},"content_bg_color":"#FBFBFB","button_background_color":"#FBFBFB","button_hover_text_color":"#FBFBFB","button_hover_background_color":"#9AA8BA","transformation":"","overlay_color_hover":"rgba(0, 114, 255, 0)","bg_filters_hover_css_filter":"custom","bg_filters_hover_brightness":{"unit":"px","size":"90","sizes":[]},"bg_filters_hover_saturate":{"unit":"px","size":"200","sizes":[]},"_padding":{"unit":"px","top":"0","right":"0","bottom":"50","left":"0","isLinked":""},"layout_tablet":"above","min-height_tablet":{"unit":"px","size":"400","sizes":[]},"min-height_mobile":{"unit":"px","size":"330","sizes":[]},"padding_mobile":{"unit":"px","top":"30","right":"30","bottom":"30","left":"30","isLinked":"1"},"image_min_height_tablet":{"unit":"px","size":"335","sizes":[]},"image_min_height_mobile":{"unit":"px","size":"245","sizes":[]},"_animation":"fadeIn","title_typography_typography":"custom","title_typography_font_family":"Prompt","title_typography_font_size":{"unit":"px","size":"22","sizes":[]},"title_typography_font_size_tablet":{"unit":"px","size":"20","sizes":[]},"title_typography_font_size_mobile":{"unit":"px","size":"18","sizes":[]},"title_typography_font_weight":"300","title_typography_line_height":{"unit":"px","size":"26","sizes":[]},"title_typography_line_height_tablet":{"unit":"px","size":"24","sizes":[]},"description_typography_typography":"custom","description_typography_font_family":"Prompt","description_typography_font_size":{"unit":"px","size":"16","sizes":[]},"description_typography_font_size_tablet":{"unit":"px","size":"15","sizes":[]},"description_typography_font_size_mobile":{"unit":"px","size":"14","sizes":[]},"description_typography_font_weight":"300","description_typography_line_height":{"unit":"px","size":"22","sizes":[]},"description_typography_line_height_tablet":{"unit":"px","size":"21","sizes":[]},"description_typography_line_height_mobile":{"unit":"px","size":"20","sizes":[]},"title_color":"#5F5B5B","description_color":"#5F5B5B","button_color":"#9AA8BA","button_size":"md","button_typography_typography":"custom","button_typography_font_family":"Prompt","button_typography_font_size":{"unit":"px","size":"12","sizes":[]},"button_typography_font_weight":"300","button_typography_text_transform":"uppercase","button_typography_letter_spacing":{"unit":"px","size":"1.2","sizes":[]},"button_text_color":"#9AA8BA","button_border_color":"#9AA8BA","button_border_width":{"unit":"px","size":"1","sizes":[]},"button_border_radius":{"unit":"px","size":"0","sizes":[]},"graphic_image":{"id":33,"url":"http:\/\/localhost\/dieuhau\/wp-content\/uploads\/2021\/03\/placeholder.png"}},"elements":[],"isInner":false,"widgetType":"call-to-action","elType":"widget"},{"id":"255f1049","settings":{"layout":"left","bg_image":{"id":35,"url":"http:\/\/localhost\/dieuhau\/wp-content\/uploads\/2021\/03\/Relationships.jpg"},"title":"Relationships","description":"Lorem ipsum dolor sit amet, consectet adipisc elit, sed do eiusm por incididunt ut labore et dolore nostrud exercitation ullamco laboris nisi ut aliquip ex ea sint occaecat cupidatat non proident, sunt in ","title_tag":"h3","button":"Request An Appointment","min-height":{"unit":"px","size":"495","sizes":[]},"alignment":"left","padding":{"unit":"px","top":"94","right":"94","bottom":"94","left":"94","isLinked":"1"},"title_spacing":{"unit":"px","size":"22","sizes":[]},"description_spacing":{"unit":"px","size":"28","sizes":[]},"content_bg_color":"#FBFBFB","button_background_color":"#FBFBFB","button_hover_text_color":"#FBFBFB","button_hover_background_color":"#9AA8BA","transformation":"","overlay_color_hover":"rgba(0, 114, 255, 0)","bg_filters_hover_css_filter":"custom","bg_filters_hover_brightness":{"unit":"px","size":"90","sizes":[]},"bg_filters_hover_saturate":{"unit":"px","size":"200","sizes":[]},"_padding":{"unit":"px","top":"0","right":"0","bottom":"50","left":"0","isLinked":""},"layout_tablet":"above","min-height_tablet":{"unit":"px","size":"400","sizes":[]},"min-height_mobile":{"unit":"px","size":"330","sizes":[]},"padding_mobile":{"unit":"px","top":"30","right":"30","bottom":"30","left":"30","isLinked":"1"},"image_min_height_tablet":{"unit":"px","size":"335","sizes":[]},"image_min_height_mobile":{"unit":"px","size":"245","sizes":[]},"_animation":"fadeIn","title_typography_typography":"custom","title_typography_font_family":"Prompt","title_typography_font_size":{"unit":"px","size":"22","sizes":[]},"title_typography_font_size_tablet":{"unit":"px","size":"20","sizes":[]},"title_typography_font_size_mobile":{"unit":"px","size":"18","sizes":[]},"title_typography_font_weight":"300","title_typography_line_height":{"unit":"px","size":"26","sizes":[]},"title_typography_line_height_tablet":{"unit":"px","size":"24","sizes":[]},"description_typography_typography":"custom","description_typography_font_family":"Prompt","description_typography_font_size":{"unit":"px","size":"16","sizes":[]},"description_typography_font_size_tablet":{"unit":"px","size":"15","sizes":[]},"description_typography_font_size_mobile":{"unit":"px","size":"14","sizes":[]},"description_typography_font_weight":"300","description_typography_line_height":{"unit":"px","size":"22","sizes":[]},"description_typography_line_height_tablet":{"unit":"px","size":"21","sizes":[]},"description_typography_line_height_mobile":{"unit":"px","size":"20","sizes":[]},"title_color":"#5F5B5B","description_color":"#5F5B5B","button_color":"#9AA8BA","button_size":"md","button_typography_typography":"custom","button_typography_font_family":"Prompt","button_typography_font_size":{"unit":"px","size":"12","sizes":[]},"button_typography_font_weight":"300","button_typography_text_transform":"uppercase","button_typography_letter_spacing":{"unit":"px","size":"1.2","sizes":[]},"button_text_color":"#9AA8BA","button_border_color":"#9AA8BA","button_border_width":{"unit":"px","size":"1","sizes":[]},"button_border_radius":{"unit":"px","size":"0","sizes":[]},"graphic_image":{"id":33,"url":"http:\/\/localhost\/dieuhau\/wp-content\/uploads\/2021\/03\/placeholder.png"}},"elements":[],"isInner":false,"widgetType":"call-to-action","elType":"widget"},{"id":"236aea48","settings":{"layout":"right","bg_image":{"id":36,"url":"http:\/\/localhost\/dieuhau\/wp-content\/uploads\/2021\/03\/Substance-Abuse.jpg"},"title":"Substance Abuse","description":"Lorem ipsum dolor sit amet, consectet adipisc elit, sed do eiusm por incididunt ut labore et dolore nostrud exercitation ullamco laboris nisi ut aliquip ex ea sint occaecat cupidatat non proident, sunt in ","title_tag":"h3","button":"Request An Appointment","min-height":{"unit":"px","size":"495","sizes":[]},"alignment":"left","padding":{"unit":"px","top":"94","right":"94","bottom":"94","left":"94","isLinked":"1"},"title_spacing":{"unit":"px","size":"22","sizes":[]},"description_spacing":{"unit":"px","size":"28","sizes":[]},"content_bg_color":"#FBFBFB","button_background_color":"#FBFBFB","button_hover_text_color":"#FBFBFB","button_hover_background_color":"#9AA8BA","transformation":"","overlay_color_hover":"rgba(0, 114, 255, 0)","bg_filters_hover_css_filter":"custom","bg_filters_hover_brightness":{"unit":"px","size":"90","sizes":[]},"bg_filters_hover_saturate":{"unit":"px","size":"200","sizes":[]},"_padding":{"unit":"px","top":"0","right":"0","bottom":"50","left":"0","isLinked":""},"layout_tablet":"above","min-height_tablet":{"unit":"px","size":"400","sizes":[]},"min-height_mobile":{"unit":"px","size":"330","sizes":[]},"padding_mobile":{"unit":"px","top":"30","right":"30","bottom":"30","left":"30","isLinked":"1"},"image_min_height_tablet":{"unit":"px","size":"335","sizes":[]},"image_min_height_mobile":{"unit":"px","size":"245","sizes":[]},"_animation":"fadeIn","title_typography_typography":"custom","title_typography_font_family":"Prompt","title_typography_font_size":{"unit":"px","size":"22","sizes":[]},"title_typography_font_size_tablet":{"unit":"px","size":"20","sizes":[]},"title_typography_font_size_mobile":{"unit":"px","size":"18","sizes":[]},"title_typography_font_weight":"300","title_typography_line_height":{"unit":"px","size":"26","sizes":[]},"title_typography_line_height_tablet":{"unit":"px","size":"24","sizes":[]},"description_typography_typography":"custom","description_typography_font_family":"Prompt","description_typography_font_size":{"unit":"px","size":"16","sizes":[]},"description_typography_font_size_tablet":{"unit":"px","size":"15","sizes":[]},"description_typography_font_size_mobile":{"unit":"px","size":"14","sizes":[]},"description_typography_font_weight":"300","description_typography_line_height":{"unit":"px","size":"22","sizes":[]},"description_typography_line_height_tablet":{"unit":"px","size":"21","sizes":[]},"description_typography_line_height_mobile":{"unit":"px","size":"20","sizes":[]},"title_color":"#5F5B5B","description_color":"#5F5B5B","button_color":"#9AA8BA","button_size":"md","button_typography_typography":"custom","button_typography_font_family":"Prompt","button_typography_font_size":{"unit":"px","size":"12","sizes":[]},"button_typography_font_weight":"300","button_typography_text_transform":"uppercase","button_typography_letter_spacing":{"unit":"px","size":"1.2","sizes":[]},"button_text_color":"#9AA8BA","button_border_color":"#9AA8BA","button_border_width":{"unit":"px","size":"1","sizes":[]},"button_border_radius":{"unit":"px","size":"0","sizes":[]},"graphic_image":{"id":33,"url":"http:\/\/localhost\/dieuhau\/wp-content\/uploads\/2021\/03\/placeholder.png"}},"elements":[],"isInner":false,"widgetType":"call-to-action","elType":"widget"},{"id":"4d03bc94","settings":{"layout":"left","bg_image":{"id":37,"url":"http:\/\/localhost\/dieuhau\/wp-content\/uploads\/2021\/03\/Parenthood-Therapy.jpg"},"title":"Parenting Therapy","description":"Lorem ipsum dolor sit amet, consectet adipisc elit, sed do eiusm por incididunt ut labore et dolore nostrud exercitation ullamco laboris nisi ut aliquip ex ea sint occaecat cupidatat non proident, sunt in ","title_tag":"h3","button":"Request An Appointment","min-height":{"unit":"px","size":"495","sizes":[]},"alignment":"left","padding":{"unit":"px","top":"94","right":"94","bottom":"94","left":"94","isLinked":"1"},"title_spacing":{"unit":"px","size":"22","sizes":[]},"description_spacing":{"unit":"px","size":"28","sizes":[]},"content_bg_color":"#FBFBFB","button_background_color":"#FBFBFB","button_hover_text_color":"#FBFBFB","button_hover_background_color":"#9AA8BA","transformation":"","overlay_color_hover":"rgba(0, 114, 255, 0)","bg_filters_hover_css_filter":"custom","bg_filters_hover_brightness":{"unit":"px","size":"90","sizes":[]},"bg_filters_hover_saturate":{"unit":"px","size":"200","sizes":[]},"_padding":{"unit":"px","top":"0","right":"0","bottom":"50","left":"0","isLinked":""},"layout_tablet":"above","min-height_tablet":{"unit":"px","size":"400","sizes":[]},"min-height_mobile":{"unit":"px","size":"330","sizes":[]},"padding_mobile":{"unit":"px","top":"30","right":"30","bottom":"30","left":"30","isLinked":"1"},"image_min_height_tablet":{"unit":"px","size":"335","sizes":[]},"image_min_height_mobile":{"unit":"px","size":"245","sizes":[]},"_animation":"fadeIn","title_typography_typography":"custom","title_typography_font_family":"Prompt","title_typography_font_size":{"unit":"px","size":"22","sizes":[]},"title_typography_font_size_tablet":{"unit":"px","size":"20","sizes":[]},"title_typography_font_size_mobile":{"unit":"px","size":"18","sizes":[]},"title_typography_font_weight":"300","title_typography_line_height":{"unit":"px","size":"26","sizes":[]},"title_typography_line_height_tablet":{"unit":"px","size":"24","sizes":[]},"description_typography_typography":"custom","description_typography_font_family":"Prompt","description_typography_font_size":{"unit":"px","size":"16","sizes":[]},"description_typography_font_size_tablet":{"unit":"px","size":"15","sizes":[]},"description_typography_font_size_mobile":{"unit":"px","size":"14","sizes":[]},"description_typography_font_weight":"300","description_typography_line_height":{"unit":"px","size":"22","sizes":[]},"description_typography_line_height_tablet":{"unit":"px","size":"21","sizes":[]},"description_typography_line_height_mobile":{"unit":"px","size":"20","sizes":[]},"title_color":"#5F5B5B","description_color":"#5F5B5B","button_color":"#9AA8BA","button_size":"md","button_typography_typography":"custom","button_typography_font_family":"Prompt","button_typography_font_size":{"unit":"px","size":"12","sizes":[]},"button_typography_font_weight":"300","button_typography_text_transform":"uppercase","button_typography_letter_spacing":{"unit":"px","size":"1.2","sizes":[]},"button_text_color":"#9AA8BA","button_border_color":"#9AA8BA","button_border_width":{"unit":"px","size":"1","sizes":[]},"button_border_radius":{"unit":"px","size":"0","sizes":[]},"graphic_image":{"id":33,"url":"http:\/\/localhost\/dieuhau\/wp-content\/uploads\/2021\/03\/placeholder.png"}},"elements":[],"isInner":false,"widgetType":"call-to-action","elType":"widget"},{"id":"7969deff","settings":{"layout":"right","bg_image":{"id":38,"url":"http:\/\/localhost\/dieuhau\/wp-content\/uploads\/2021\/03\/Grief-Loss.jpg"},"title":"Grief &amp; Loss","description":"Lorem ipsum dolor sit amet, consectet adipisc elit, sed do eiusm por incididunt ut labore et dolore nostrud exercitation ullamco laboris nisi ut aliquip ex ea sint occaecat cupidatat non proident, sunt in ","title_tag":"h3","button":"Request An Appointment","min-height":{"unit":"px","size":"495","sizes":[]},"alignment":"left","padding":{"unit":"px","top":"94","right":"94","bottom":"94","left":"94","isLinked":"1"},"title_spacing":{"unit":"px","size":"22","sizes":[]},"description_spacing":{"unit":"px","size":"28","sizes":[]},"content_bg_color":"#FBFBFB","button_background_color":"#FBFBFB","button_hover_text_color":"#FBFBFB","button_hover_background_color":"#9AA8BA","transformation":"","overlay_color_hover":"rgba(0, 114, 255, 0)","bg_filters_hover_css_filter":"custom","bg_filters_hover_brightness":{"unit":"px","size":"90","sizes":[]},"bg_filters_hover_saturate":{"unit":"px","size":"200","sizes":[]},"layout_tablet":"above","min-height_tablet":{"unit":"px","size":"400","sizes":[]},"min-height_mobile":{"unit":"px","size":"330","sizes":[]},"padding_mobile":{"unit":"px","top":"30","right":"30","bottom":"30","left":"30","isLinked":"1"},"image_min_height_tablet":{"unit":"px","size":"335","sizes":[]},"image_min_height_mobile":{"unit":"px","size":"245","sizes":[]},"_animation":"fadeIn","title_typography_typography":"custom","title_typography_font_family":"Prompt","title_typography_font_size":{"unit":"px","size":"22","sizes":[]},"title_typography_font_size_tablet":{"unit":"px","size":"20","sizes":[]},"title_typography_font_size_mobile":{"unit":"px","size":"18","sizes":[]},"title_typography_font_weight":"300","title_typography_line_height":{"unit":"px","size":"26","sizes":[]},"title_typography_line_height_tablet":{"unit":"px","size":"24","sizes":[]},"description_typography_typography":"custom","description_typography_font_family":"Prompt","description_typography_font_size":{"unit":"px","size":"16","sizes":[]},"description_typography_font_size_tablet":{"unit":"px","size":"15","sizes":[]},"description_typography_font_size_mobile":{"unit":"px","size":"14","sizes":[]},"description_typography_font_weight":"300","description_typography_line_height":{"unit":"px","size":"22","sizes":[]},"description_typography_line_height_tablet":{"unit":"px","size":"21","sizes":[]},"description_typography_line_height_mobile":{"unit":"px","size":"20","sizes":[]},"title_color":"#5F5B5B","description_color":"#5F5B5B","button_color":"#9AA8BA","button_size":"md","button_typography_typography":"custom","button_typography_font_family":"Prompt","button_typography_font_size":{"unit":"px","size":"12","sizes":[]},"button_typography_font_weight":"300","button_typography_text_transform":"uppercase","button_typography_letter_spacing":{"unit":"px","size":"1.2","sizes":[]},"button_text_color":"#9AA8BA","button_border_color":"#9AA8BA","button_border_width":{"unit":"px","size":"1","sizes":[]},"button_border_radius":{"unit":"px","size":"0","sizes":[]},"graphic_image":{"id":33,"url":"http:\/\/localhost\/dieuhau\/wp-content\/uploads\/2021\/03\/placeholder.png"}},"elements":[],"isInner":false,"widgetType":"call-to-action","elType":"widget"}],"isInner":"","elType":"column"}],"isInner":"","elType":"section"},{"id":"4e259af4","settings":{"layout":"full_width","gap":"no","custom_height":{"unit":"vh","size":"75","sizes":[]},"column_position":"stretch","content_position":"top","overflow":"hidden","padding":{"unit":"%","top":"14","right":"8","bottom":"14","left":"8","isLinked":""},"_title":"Common Questions","custom_height_tablet":{"unit":"vh","size":"50","sizes":[]},"padding_tablet":{"unit":"%","top":"16","right":"10","bottom":"16","left":"10","isLinked":""},"padding_mobile":{"unit":"%","top":"22","right":"7","bottom":"22","left":"7","isLinked":""},"_timestamp_":"v1Smpyb2xHWDFzTnAyd291dVQ4THc0UT09"},"elements":[{"id":"6e1ac7e8","settings":{"_column_size":"100","padding":{"unit":"%","top":"0","right":"0","bottom":"0","left":"0","isLinked":""},"space_between_widgets":"0","background_background":"classic","_inline_size_tablet":"100","padding_tablet":{"unit":"%","top":"0","right":"0","bottom":"0","left":"0","isLinked":""},"padding_mobile":{"unit":"%","top":"0","right":"0","bottom":"0","left":"0","isLinked":""}},"elements":[{"id":"386842c6","settings":{"title":"common questions","_padding":{"unit":"%","top":"0","right":"0","bottom":"2","left":"0","isLinked":""},"_padding_tablet":{"unit":"%","top":"0","right":"0","bottom":"4","left":"0","isLinked":""},"_padding_mobile":{"unit":"%","top":"0","right":"0","bottom":"6","left":"0","isLinked":""},"_animation":"fadeInUp","_animation_mobile":"none","align_mobile":"left","title_color":"#9AA8BA","typography_typography":"custom","typography_font_family":"Prompt","typography_font_size":{"unit":"px","size":"40","sizes":[]},"typography_font_size_tablet":{"unit":"px","size":"36","sizes":[]},"typography_font_size_mobile":{"unit":"px","size":"24","sizes":[]},"typography_font_weight":"100","typography_text_transform":"capitalize","typography_line_height":{"unit":"px","size":"44","sizes":[]},"typography_line_height_tablet":{"unit":"px","size":"40","sizes":[]},"typography_line_height_mobile":{"unit":"px","size":"30","sizes":[]},"typography_letter_spacing_mobile":{"unit":"px","size":"-0.5","sizes":[]},"motion_fx_translateY_speed":{"unit":"px","size":"0.4","sizes":[]},"motion_fx_devices":["desktop","tablet"]},"elements":[],"isInner":false,"widgetType":"heading","elType":"widget"},{"id":"c0a39dc","settings":{"gap":"no","structure":"20","padding":{"unit":"%","top":"0","right":"0","bottom":"0","left":"0","isLinked":""},"layout":"full_width","padding_tablet":{"unit":"%","top":"0","right":"0","bottom":"0","left":"0","isLinked":""},"padding_mobile":{"unit":"%","top":"0","right":"0","bottom":"0","left":"0","isLinked":""}},"elements":[{"id":"30464567","settings":{"_column_size":"50","_inline_size_mobile":"100","padding_mobile":{"unit":"%","top":"0","right":"0","bottom":"0","left":"0","isLinked":""},"_inline_size_tablet":"100","padding_tablet":{"unit":"%","top":"0","right":"0","bottom":"0","left":"0","isLinked":""},"padding":{"unit":"%","top":"0","right":"20","bottom":"0","left":"0","isLinked":""},"animation":"fadeIn","animation_duration":"fast","animation_delay":"200","animation_mobile":"none"},"elements":[{"id":"735d6bb5","settings":{"tabs":[{"tab_title":"How does therapy work?","tab_content":"Lorem ipsum dolor sit amet, consectet adipiscing\u00a0elit,sed do eiusm por incididunt ut labore et dolore magna aliqua. Ut enim ad minim veniam, quis nostrud exercitation ullamco laboris nisi ut aliquip ex ea sint occaecat cupidatat non proident, sunt in culpa qui officia mollit natoque consequat massa quis enim. Donec pede justo, fringilla vitae, eleifend acer sem neque sed ipsum. Nam quam nunc, blandit vel, ridiculus mus. sunt in culpa qui officia mollit natoque consequat massa quis enim. ","_id":"6807959"},{"tab_title":"How long is each session?","tab_content":"Lorem ipsum dolor sit amet, consectet adipiscing\u00a0elit,sed do eiusm por incididunt ut labore et dolore magna aliqua. Ut enim ad minim veniam, quis nostrud exercitation ullamco laboris nisi ut aliquip ex ea sint occaecat cupidatat non proident, sunt in culpa qui officia mollit natoque consequat massa quis enim. Donec pede justo, fringilla vitae, eleifend acer sem neque sed ipsum. Nam quam nunc, blandit vel, ridiculus mus. sunt in culpa qui officia mollit natoque consequat massa quis enim. ","_id":"7f157f4"},{"tab_title":"Do you take insurance?","tab_content":"Lorem ipsum dolor sit amet, consectet adipiscing\u00a0elit,sed do eiusm por incididunt ut labore et dolore magna aliqua. Ut enim ad minim veniam, quis nostrud exercitation ullamco laboris nisi ut aliquip ex ea sint occaecat cupidatat non proident, sunt in culpa qui officia mollit natoque consequat massa quis enim. Donec pede justo, fringilla vitae, eleifend acer sem neque sed ipsum. Nam quam nunc, blandit vel, ridiculus mus. sunt in culpa qui officia mollit natoque consequat massa quis enim. ","_id":"05574ca"},{"tab_title":"How often would I come to therapy?","tab_content":"Lorem ipsum dolor sit amet, consectet adipiscing\u00a0elit,sed do eiusm por incididunt ut labore et dolore magna aliqua. Ut enim ad minim veniam, quis nostrud exercitation ullamco laboris nisi ut aliquip ex ea sint occaecat cupidatat non proident, sunt in culpa qui officia mollit natoque consequat massa quis enim. Donec pede justo, fringilla vitae, eleifend acer sem neque sed ipsum. Nam quam nunc, blandit vel, ridiculus mus. sunt in culpa qui officia mollit natoque consequat massa quis enim. ","_id":"ab79b95"},{"tab_title":"Is what we discuss in sessions confidential?","tab_content":"Lorem ipsum dolor sit amet, consectet adipiscing\u00a0elit,sed do eiusm por incididunt ut labore et dolore magna aliqua. Ut enim ad minim veniam, quis nostrud exercitation ullamco laboris nisi ut aliquip ex ea sint occaecat cupidatat non proident, sunt in culpa qui officia mollit natoque consequat massa quis enim. Donec pede justo, fringilla vitae, eleifend acer sem neque sed ipsum. Nam quam nunc, blandit vel, ridiculus mus. sunt in culpa qui officia mollit natoque consequat massa quis enim. ","_id":"a50c314"},{"tab_title":"How do I schedule an appointment?","tab_content":"Lorem ipsum dolor sit amet, consectet adipiscing\u00a0elit,sed do eiusm por incididunt ut labore et dolore magna aliqua. Ut enim ad minim veniam, quis nostrud exercitation ullamco laboris nisi ut aliquip ex ea sint occaecat cupidatat non proident, sunt in culpa qui officia mollit natoque consequat massa quis enim. Donec pede justo, fringilla vitae, eleifend acer sem neque sed ipsum. Nam quam nunc, blandit vel, ridiculus mus. sunt in culpa qui officia mollit natoque consequat massa quis enim. ","_id":"d03e624"}],"border_width":{"unit":"px","size":"1","sizes":[]},"border_color":"#ACB0B5","title_color":"#5F5B5B","tab_active_color":"#65768B","title_typography_typography":"custom","title_typography_font_weight":"300","title_typography_text_transform":"none","title_typography_text_decoration":"underline","title_padding":{"unit":"px","top":"24","right":"0","bottom":"24","left":"0","isLinked":""},"icon_align":"right","content_padding":{"unit":"px","top":"0","right":"0","bottom":"24","left":"0","isLinked":""},"_border_border":"solid","_border_width":{"unit":"px","top":"1","right":"0","bottom":"0","left":"0","isLinked":""},"_border_color":"#ACB0B5","selected_icon":{"value":{"id":39,"url":"http:\/\/localhost\/dieuhau\/wp-content\/uploads\/2021\/03\/closed.svg"},"library":"svg"},"selected_active_icon":{"value":{"id":40,"url":"http:\/\/localhost\/dieuhau\/wp-content\/uploads\/2021\/03\/opened.svg"},"library":"svg"},"title_typography_font_size":{"unit":"px","size":"16","sizes":[]},"icon_color":"#979797","title_typography_font_family":"Prompt","title_typography_font_size_mobile":{"unit":"px","size":"15","sizes":[]},"title_typography_line_height_mobile":{"unit":"em","size":"1.6","sizes":[]},"icon_active_color":"#65768B","content_color":"#5F5B5B","content_typography_typography":"custom","content_typography_font_family":"Prompt","content_typography_font_size":{"unit":"px","size":"16","sizes":[]},"content_typography_font_size_tablet":{"unit":"px","size":"15","sizes":[]},"content_typography_font_size_mobile":{"unit":"px","size":"14","sizes":[]},"content_typography_font_weight":"300","content_typography_line_height":{"unit":"px","size":"22","sizes":[]},"content_typography_line_height_tablet":{"unit":"px","size":"21","sizes":[]},"content_typography_line_height_mobile":{"unit":"px","size":"20","sizes":[]}},"elements":[],"isInner":false,"widgetType":"toggle","elType":"widget"}],"isInner":"1","elType":"column"},{"id":"5e2c0f8a","settings":{"_column_size":"50","_inline_size_mobile":"100","padding":{"unit":"%","top":"0","right":"0","bottom":"0","left":"20","isLinked":""},"_inline_size_tablet":"100","padding_tablet":{"unit":"px","top":"0","right":"0","bottom":"0","left":"0","isLinked":""},"animation":"fadeIn","animation_delay":"400","animation_mobile":"none"},"elements":[{"id":"6d13daea","settings":{"tabs":[{"tab_title":"What is the cost of therapy?","tab_content":"Lorem ipsum dolor sit amet, consectet adipiscing\u00a0elit,sed do eiusm por incididunt ut labore et dolore magna aliqua. Ut enim ad minim veniam, quis nostrud exercitation ullamco laboris nisi ut aliquip ex ea sint occaecat cupidatat non proident, sunt in culpa qui officia mollit natoque consequat massa quis enim. Donec pede justo, fringilla vitae, eleifend acer sem neque sed ipsum. Nam quam nunc, blandit vel, ridiculus mus. sunt in culpa qui officia mollit natoque consequat massa quis enim. ","_id":"6807959"},{"tab_title":"How do I know if a therapist is right for me?","tab_content":"Lorem ipsum dolor sit amet, consectet adipiscing\u00a0elit,sed do eiusm por incididunt ut labore et dolore magna aliqua. Ut enim ad minim veniam, quis nostrud exercitation ullamco laboris nisi ut aliquip ex ea sint occaecat cupidatat non proident, sunt in culpa qui officia mollit natoque consequat massa quis enim. Donec pede justo, fringilla vitae, eleifend acer sem neque sed ipsum. Nam quam nunc, blandit vel, ridiculus mus. sunt in culpa qui officia mollit natoque consequat massa quis enim. ","_id":"7f157f4"},{"tab_title":"How many sessions will I need?","tab_content":"Lorem ipsum dolor sit amet, consectet adipiscing\u00a0elit,sed do eiusm por incididunt ut labore et dolore magna aliqua. Ut enim ad minim veniam, quis nostrud exercitation ullamco laboris nisi ut aliquip ex ea sint occaecat cupidatat non proident, sunt in culpa qui officia mollit natoque consequat massa quis enim. Donec pede justo, fringilla vitae, eleifend acer sem neque sed ipsum. Nam quam nunc, blandit vel, ridiculus mus. sunt in culpa qui officia mollit natoque consequat massa quis enim. ","_id":"05574ca"},{"tab_title":"Where is your office located?","tab_content":"Lorem ipsum dolor sit amet, consectet adipiscing\u00a0elit,sed do eiusm por incididunt ut labore et dolore magna aliqua. Ut enim ad minim veniam, quis nostrud exercitation ullamco laboris nisi ut aliquip ex ea sint occaecat cupidatat non proident, sunt in culpa qui officia mollit natoque consequat massa quis enim. Donec pede justo, fringilla vitae, eleifend acer sem neque sed ipsum. Nam quam nunc, blandit vel, ridiculus mus. sunt in culpa qui officia mollit natoque consequat massa quis enim. ","_id":"ab79b95"},{"tab_title":"Is what we discuss in sessions confidential?","tab_content":"Lorem ipsum dolor sit amet, consectet adipiscing\u00a0elit,sed do eiusm por incididunt ut labore et dolore magna aliqua. Ut enim ad minim veniam, quis nostrud exercitation ullamco laboris nisi ut aliquip ex ea sint occaecat cupidatat non proident, sunt in culpa qui officia mollit natoque consequat massa quis enim. Donec pede justo, fringilla vitae, eleifend acer sem neque sed ipsum. Nam quam nunc, blandit vel, ridiculus mus. sunt in culpa qui officia mollit natoque consequat massa quis enim. ","_id":"a50c314"},{"tab_title":"How do I schedule an appointment?","tab_content":"Lorem ipsum dolor sit amet, consectet adipiscing\u00a0elit,sed do eiusm por incididunt ut labore et dolore magna aliqua. Ut enim ad minim veniam, quis nostrud exercitation ullamco laboris nisi ut aliquip ex ea sint occaecat cupidatat non proident, sunt in culpa qui officia mollit natoque consequat massa quis enim. Donec pede justo, fringilla vitae, eleifend acer sem neque sed ipsum. Nam quam nunc, blandit vel, ridiculus mus. sunt in culpa qui officia mollit natoque consequat massa quis enim. ","_id":"d03e624"}],"border_width":{"unit":"px","size":"1","sizes":[]},"border_color":"#ACB0B5","title_color":"#5F5B5B","tab_active_color":"#65768B","title_typography_typography":"custom","title_typography_font_weight":"300","title_typography_text_transform":"none","title_typography_text_decoration":"underline","title_padding":{"unit":"px","top":"24","right":"0","bottom":"24","left":"0","isLinked":""},"icon_align":"right","content_padding":{"unit":"px","top":"0","right":"0","bottom":"24","left":"0","isLinked":""},"_border_border":"solid","_border_width":{"unit":"px","top":"1","right":"0","bottom":"0","left":"0","isLinked":""},"_border_color":"#ACB0B5","selected_icon":{"value":{"id":39,"url":"http:\/\/localhost\/dieuhau\/wp-content\/uploads\/2021\/03\/closed.svg"},"library":"svg"},"selected_active_icon":{"value":{"id":40,"url":"http:\/\/localhost\/dieuhau\/wp-content\/uploads\/2021\/03\/opened.svg"},"library":"svg"},"title_typography_font_size":{"unit":"px","size":"16","sizes":[]},"icon_color":"#979797","title_typography_font_family":"Prompt","title_typography_font_size_mobile":{"unit":"px","size":"15","sizes":[]},"title_typography_line_height_mobile":{"unit":"em","size":"1.6","sizes":[]},"icon_active_color":"#65768B","content_color":"#5F5B5B","content_typography_typography":"custom","content_typography_font_family":"Prompt","content_typography_font_size":{"unit":"px","size":"16","sizes":[]},"content_typography_font_size_tablet":{"unit":"px","size":"15","sizes":[]},"content_typography_font_size_mobile":{"unit":"px","size":"14","sizes":[]},"content_typography_font_weight":"300","content_typography_line_height":{"unit":"px","size":"22","sizes":[]},"content_typography_line_height_tablet":{"unit":"px","size":"21","sizes":[]},"content_typography_line_height_mobile":{"unit":"px","size":"20","sizes":[]},"_border_width_tablet":{"unit":"px","top":"0","right":"0","bottom":"0","left":"0","isLinked":""}},"elements":[],"isInner":false,"widgetType":"toggle","elType":"widget"}],"isInner":"1","elType":"column"}],"isInner":"1","elType":"section"}],"isInner":"","elType":"column"}],"isInner":"","elType":"section"}],"page_settings":{"background_background":"classic","background_color":"#E5E9EF"}}