{"version":"0.4","title":"Psychologist-Home-page","type":"page","content":[{"id":"1abf1ea2","settings":{"layout":"full_width","gap":"no","height":"min-height","custom_height":{"unit":"vh","size":"90","sizes":[]},"column_position":"stretch","content_position":"middle","overflow":"hidden","structure":"20","padding":{"unit":"%","top":"","right":"","bottom":"","left":"","isLinked":"1"},"_title":"Hero","custom_height_tablet":{"unit":"vh","size":"90","sizes":[]},"reverse_order_mobile":"reverse-mobile","reverse_order_tablet":"reverse-tablet","_timestamp_":"v1Smpyb2xHWDFzTnAyd291dVQ4THc0UT09"},"elements":[{"id":"4d44f6c0","settings":{"_column_size":"50","padding":{"unit":"%","top":"0","right":"0","bottom":"0","left":"15.8","isLinked":""},"space_between_widgets":"0","_inline_size_tablet":"100","padding_tablet":{"unit":"%","top":"12","right":"0","bottom":"0","left":"7","isLinked":""},"padding_mobile":{"unit":"%","top":"12","right":"7","bottom":"13","left":"7","isLinked":""}},"elements":[{"id":"3d098236","settings":{"title":"Psychotherapy For Individuals, Couples &amp; Families","header_size":"h1","_padding":{"unit":"%","top":"0","right":"8","bottom":"5","left":"0","isLinked":""},"_margin":{"unit":"px","top":"0","right":"0","bottom":"0","left":"-3","isLinked":""},"_padding_tablet":{"unit":"%","top":"0","right":"0","bottom":"4","left":"0","isLinked":""},"_padding_mobile":{"unit":"%","top":"0","right":"0","bottom":"8","left":"0","isLinked":""},"align_mobile":"left","_animation":"fadeIn","animation_duration":"fast","title_color":"#65768B","typography_typography":"custom","typography_font_family":"Prompt","typography_font_size":{"unit":"px","size":"80","sizes":[]},"typography_font_weight":"100","typography_text_transform":"capitalize","typography_line_height":{"unit":"px","size":"82","sizes":[]},"typography_font_size_tablet":{"unit":"px","size":"48","sizes":[]},"typography_font_size_mobile":{"unit":"px","size":"36","sizes":[]},"typography_line_height_tablet":{"unit":"px","size":"56","sizes":[]},"typography_line_height_mobile":{"unit":"px","size":"44","sizes":[]},"typography_letter_spacing_tablet":{"unit":"px","size":"-1","sizes":[]}},"elements":[],"isInner":false,"widgetType":"heading","elType":"widget"},{"id":"ed9f7f5","settings":{"editor":"Resolve emotional issues and improve your mental health and sense of well-being, all in a supportive and safe space.","_padding":{"unit":"%","top":"0","right":"42","bottom":"5","left":"0","isLinked":""},"_padding_tablet":{"unit":"%","top":"0","right":"0","bottom":"6","left":"0","isLinked":""},"_padding_mobile":{"unit":"%","top":"0","right":"0","bottom":"10","left":"0","isLinked":""},"align_mobile":"left","_animation":"fadeIn","text_color":"#5F5B5B","typography_typography":"custom","typography_font_family":"Prompt","typography_font_size":{"unit":"px","size":"16","sizes":[]},"typography_font_weight":"300","typography_font_size_tablet":{"unit":"px","size":"15","sizes":[]},"typography_font_size_mobile":{"unit":"px","size":"14","sizes":[]},"typography_line_height_tablet":{"unit":"px","size":"21","sizes":[]},"typography_line_height_mobile":{"unit":"px","size":"20","sizes":[]},"typography_line_height":{"unit":"px","size":"22","sizes":[]}},"elements":[],"isInner":false,"widgetType":"text-editor","elType":"widget"},{"id":"316ef774","settings":{"text":"Request An Appointment","typography_typography":"custom","typography_text_decoration":"none","_animation":"fadeIn","_animation_delay":"200","_padding_tablet":{"unit":"%","top":"0","right":"0","bottom":"12","left":"0","isLinked":""},"button_text_color":"#FFFFFF","background_color":"#9AA8BA","border_border":"solid","border_width":{"unit":"px","top":"1","right":"1","bottom":"1","left":"1","isLinked":"1"},"border_color":"#9AA8BA","border_radius":{"unit":"px","top":"0","right":"0","bottom":"0","left":"0","isLinked":"1"},"text_padding":{"unit":"px","top":"18","right":"22","bottom":"17","left":"22","isLinked":""},"typography_font_family":"Prompt","typography_font_size":{"unit":"px","size":"12","sizes":[]},"typography_font_weight":"300","typography_text_transform":"uppercase","typography_letter_spacing":{"unit":"px","size":"1","sizes":[]},"hover_color":"#9AA8BA","button_background_hover_color":"rgba(2, 1, 1, 0)","button_hover_border_color":"#9AA8BA"},"elements":[],"isInner":false,"widgetType":"button","elType":"widget"},{"id":"309c8b15","settings":{"selected_icon":{"value":{"id":"8","url":"http:\/\/localhost\/dieuhau\/wp-content\/uploads\/2021\/03\/scroll-down-icon.svg"},"library":"svg"},"view":"stacked","shape":"square","link":{"url":"#about","is_external":"","nofollow":"","custom_attributes":""},"primary_color":"#CBD2DB","hover_primary_color":"#9AA8BA","size":{"unit":"px","size":"30","sizes":[]},"_margin":{"unit":"px","top":"0","right":"0","bottom":"-6","left":"0","isLinked":""},"_element_width":"auto","_position":"absolute","_offset_orientation_h":"end","_offset_x_end":{"unit":"%","size":"0","sizes":[]},"_offset_orientation_v":"end","_offset_y_end":{"unit":"%","size":"0","sizes":[]},"hide_mobile":"hidden-phone","_animation":"fadeInDown","animation_duration":"slow","_animation_delay":"500","align_tablet":"right","_element_width_tablet":"inherit","_element_width_mobile":"auto","_offset_x_end_tablet":{"unit":"%","size":"","sizes":[]},"_offset_x_end_mobile":{"unit":"%","size":"-7","sizes":[]},"_offset_y_end_mobile":{"unit":"%","size":"-13","sizes":[]}},"elements":[],"isInner":false,"widgetType":"icon","elType":"widget"}],"isInner":"","elType":"column"},{"id":"622de59b","settings":{"_column_size":"50","background_background":"classic","background_image":{"id":22,"url":"http:\/\/localhost\/dieuhau\/wp-content\/uploads\/2021\/03\/dr.parker-hero-pic.jpg"},"background_position":"center center","background_repeat":"no-repeat","background_size":"cover","_inline_size_tablet":"100","background_position_tablet":"top center"},"elements":[{"id":"3208585d","settings":{"space_mobile":{"unit":"px","size":"214","sizes":[]},"space_tablet":{"unit":"px","size":"464","sizes":[]}},"elements":[],"isInner":false,"widgetType":"spacer","elType":"widget"}],"isInner":"","elType":"column"}],"isInner":"","elType":"section"},{"id":"41f97d7a","settings":{"layout":"full_width","gap":"no","height":"min-height","custom_height":{"unit":"vh","size":"90","sizes":[]},"column_position":"stretch","content_position":"middle","overflow":"hidden","structure":"20","padding":{"unit":"%","top":"","right":"","bottom":"","left":"","isLinked":"1"},"_title":"About","custom_height_tablet":{"unit":"vh","size":"56","sizes":[]},"_element_id":"about","_timestamp_":"v1Smpyb2xHWDFzTnAyd291dVQ4THc0UT09"},"elements":[{"id":"6c4aee73","settings":{"_column_size":"50","background_background":"classic","background_image":{"id":23,"url":"http:\/\/localhost\/dieuhau\/wp-content\/uploads\/2021\/03\/docpatient-pic.jpg"},"background_position":"center center","background_repeat":"no-repeat","background_size":"cover","_inline_size_tablet":"100","background_position_tablet":"bottom center"},"elements":[{"id":"29f7034c","settings":{"space_mobile":{"unit":"px","size":"315","sizes":[]},"space_tablet":{"unit":"px","size":"480","sizes":[]}},"elements":[],"isInner":false,"widgetType":"spacer","elType":"widget"}],"isInner":"","elType":"column"},{"id":"663c15c2","settings":{"_column_size":"50","padding":{"unit":"%","top":"0","right":"8","bottom":"0","left":"15.8","isLinked":""},"space_between_widgets":"0","background_background":"classic","background_color":"#FFFFFF","_inline_size_tablet":"100","padding_tablet":{"unit":"%","top":"8","right":"7","bottom":"8","left":"7","isLinked":""},"padding_mobile":{"unit":"%","top":"12","right":"7","bottom":"12","left":"7","isLinked":""}},"elements":[{"id":"59331733","settings":{"title":"Dr. Janet Parker\n<br>\nExpert Clinical Psychologist\nIn Washington D.C.","_padding":{"unit":"%","top":"0","right":"0","bottom":"5","left":"0","isLinked":""},"_padding_tablet":{"unit":"%","top":"0","right":"0","bottom":"6","left":"0","isLinked":""},"_padding_mobile":{"unit":"%","top":"0","right":"0","bottom":"8","left":"0","isLinked":""},"motion_fx_translateY_speed":{"unit":"px","size":"0.4","sizes":[]},"_animation":"fadeInUp","motion_fx_devices":["desktop","tablet"],"_animation_mobile":"none","typography_letter_spacing_mobile":{"unit":"px","size":"-0.5","sizes":[]},"title_color":"#9AA8BA","typography_typography":"custom","typography_font_family":"Prompt","typography_font_size":{"unit":"px","size":"40","sizes":[]},"typography_font_weight":"100","typography_text_transform":"capitalize","typography_line_height":{"unit":"px","size":"44","sizes":[]},"typography_font_size_tablet":{"unit":"px","size":"36","sizes":[]},"typography_font_size_mobile":{"unit":"px","size":"24","sizes":[]},"typography_line_height_tablet":{"unit":"px","size":"40","sizes":[]},"typography_line_height_mobile":{"unit":"px","size":"30","sizes":[]}},"elements":[],"isInner":false,"widgetType":"heading","elType":"widget"},{"id":"4a01ecfe","settings":{"editor":"Lorem ipsum dolor sit amet, consectet adipiscing\u00a0elit,sed do eiusm por incididunt ut labore et dolore magna aliqua. Ut enim ad minim veniam, quis nostrud exercitation ullamco laboris nisi ut aliquip ex ea sint occaecat cupidatat non proident, sunt in culpa qui officia mollit natoque consequat massa quis enim. Donec pede justo, fringilla vitae, eleifend acer sem neque sed ipsum. Nam quam nunc, blandit vel, ridiculus mus. ","_padding":{"unit":"%","top":"0","right":"0","bottom":"5","left":"0","isLinked":""},"_padding_tablet":{"unit":"%","top":"0","right":"0","bottom":"6","left":"0","isLinked":""},"_padding_mobile":{"unit":"%","top":"0","right":"0","bottom":"10","left":"0","isLinked":""},"align_mobile":"left","text_color":"#5F5B5B","typography_typography":"custom","typography_font_family":"Prompt","typography_font_size":{"unit":"px","size":"16","sizes":[]},"typography_font_weight":"300","_animation":"fadeIn","typography_font_size_tablet":{"unit":"px","size":"15","sizes":[]},"typography_font_size_mobile":{"unit":"px","size":"14","sizes":[]},"typography_line_height_tablet":{"unit":"px","size":"21","sizes":[]},"typography_line_height_mobile":{"unit":"px","size":"20","sizes":[]},"typography_line_height":{"unit":"px","size":"22","sizes":[]}},"elements":[],"isInner":false,"widgetType":"text-editor","elType":"widget"},{"id":"82eb8a6","settings":{"text":"learn more","typography_typography":"custom","typography_text_decoration":"underline","button_text_color":"#9AA8BA","background_color":"rgba(2, 1, 1, 0)","hover_color":"#5F5B5B","border_border":"solid","border_width":{"unit":"px","top":"0","right":"0","bottom":"0","left":"0","isLinked":"1"},"border_radius":{"unit":"px","top":"0","right":"0","bottom":"0","left":"0","isLinked":"1"},"text_padding":{"unit":"px","top":"0","right":"0","bottom":"0","left":"0","isLinked":""},"motion_fx_translateY_speed":{"unit":"px","size":"0.2","sizes":[]},"_animation":"fadeIn","_animation_mobile":"none","_animation_delay":"200","typography_font_family":"Prompt","typography_font_size":{"unit":"px","size":"12","sizes":[]},"typography_text_transform":"uppercase","typography_letter_spacing":{"unit":"px","size":"1","sizes":[]},"_margin":{"unit":"px","top":"0","right":"0","bottom":"0","left":"0","isLinked":""},"_padding":{"unit":"px","top":"0","right":"0","bottom":"0","left":"0","isLinked":""}},"elements":[],"isInner":false,"widgetType":"button","elType":"widget"}],"isInner":"","elType":"column"}],"isInner":"","elType":"section"},{"id":"613854f3","settings":{"layout":"full_width","gap":"no","height":"min-height","custom_height":{"unit":"vh","size":"90","sizes":[]},"column_position":"stretch","content_position":"middle","overflow":"hidden","structure":"20","padding":{"unit":"%","top":"","right":"","bottom":"","left":"","isLinked":"1"},"_title":"Areas Of Specialty","custom_height_tablet":{"unit":"vh","size":"50","sizes":[]},"_timestamp_":"v1Smpyb2xHWDFzTnAyd291dVQ4THc0UT09"},"elements":[{"id":"21f1d352","settings":{"_column_size":"50","padding":{"unit":"%","top":"0","right":"12","bottom":"0","left":"15.8","isLinked":""},"space_between_widgets":"0","background_background":"classic","_inline_size_tablet":"100","padding_tablet":{"unit":"%","top":"8","right":"7","bottom":"8","left":"7","isLinked":""},"padding_mobile":{"unit":"%","top":"12","right":"7","bottom":"12","left":"7","isLinked":""},"motion_fx_motion_fx_scrolling":"yes","motion_fx_translateY_effect":"yes","motion_fx_translateY_direction":"negative","motion_fx_translateY_speed":{"unit":"px","size":"1.1","sizes":[]},"motion_fx_devices":["desktop"]},"elements":[{"id":"198e1711","settings":{"title":"Areas Of Expertise\n","_padding":{"unit":"%","top":"0","right":"0","bottom":"5","left":"0","isLinked":""},"_padding_tablet":{"unit":"%","top":"0","right":"0","bottom":"6","left":"0","isLinked":""},"_padding_mobile":{"unit":"%","top":"0","right":"0","bottom":"8","left":"0","isLinked":""},"_animation":"fadeInUp","title_color":"#9AA8BA","typography_typography":"custom","typography_font_family":"Prompt","typography_font_size":{"unit":"px","size":"40","sizes":[]},"typography_font_size_tablet":{"unit":"px","size":"36","sizes":[]},"typography_font_size_mobile":{"unit":"px","size":"24","sizes":[]},"typography_font_weight":"100","typography_text_transform":"capitalize","typography_line_height":{"unit":"px","size":"44","sizes":[]},"typography_line_height_tablet":{"unit":"px","size":"40","sizes":[]},"typography_line_height_mobile":{"unit":"px","size":"30","sizes":[]}},"elements":[],"isInner":false,"widgetType":"heading","elType":"widget"},{"id":"3f54e271","settings":{"editor":"Lorem ipsum dolor sit amet, consectet adipiscing\u00a0elit,sed do eiusm por incididunt ut labore et dolore magna aliqua. Ut enim ad minim veniam, quis nostrud exercitation ullamco laboris nisi ut aliquip ex ea sint occaecat cupidatat non proident, sunt in culpa qui officia mollit natoque consequat massa quis enim. Donec pede justo, fringilla vitae, eleifend acer sem neque sed ipsum. Nam quam nunc, blandit vel, ridiculus mus.","_padding":{"unit":"%","top":"0","right":"0","bottom":"5","left":"0","isLinked":""},"_padding_tablet":{"unit":"%","top":"0","right":"0","bottom":"6","left":"0","isLinked":""},"_padding_mobile":{"unit":"%","top":"0","right":"0","bottom":"10","left":"0","isLinked":""},"align_mobile":"left","text_color":"#5F5B5B","typography_typography":"custom","typography_font_family":"Prompt","typography_font_size":{"unit":"px","size":"16","sizes":[]},"typography_font_size_tablet":{"unit":"px","size":"15","sizes":[]},"typography_font_size_mobile":{"unit":"px","size":"14","sizes":[]},"typography_font_weight":"300","typography_line_height":{"unit":"px","size":"22","sizes":[]},"typography_line_height_tablet":{"unit":"px","size":"21","sizes":[]},"typography_line_height_mobile":{"unit":"px","size":"20","sizes":[]},"_animation":"fadeIn"},"elements":[],"isInner":false,"widgetType":"text-editor","elType":"widget"},{"id":"760767d","settings":{"gap":"no","structure":"20","padding":{"unit":"%","top":"0","right":"0","bottom":"5","left":"0","isLinked":""},"padding_tablet":{"unit":"%","top":"0","right":"0","bottom":"8","left":"0","isLinked":""},"padding_mobile":{"unit":"%","top":"0","right":"0","bottom":"12","left":"0","isLinked":""}},"elements":[{"id":"712e2a3f","settings":{"_column_size":"50","_inline_size_mobile":"50","padding_mobile":{"unit":"%","top":"0","right":"7","bottom":"0","left":"0","isLinked":""}},"elements":[{"id":"564a0eb2","settings":{"icon_list":[{"text":"Depression","selected_icon":{"value":"fas fa-square-full","library":"fa-solid"},"_id":"4222d0a"},{"text":"Anxiety Disorder","selected_icon":{"value":"fas fa-square-full","library":"fa-solid"},"_id":"f77a61e"},{"text":"Eating Disorders","selected_icon":{"value":"fas fa-square-full","library":"fa-solid"},"_id":"f0984bf"}],"space_between":{"unit":"px","size":"28","sizes":[]},"icon_color":"#9AA8BA","icon_size":{"unit":"px","size":"9","sizes":[]},"text_indent":{"unit":"px","size":"22","sizes":[]},"text_color":"#5F5B5B","icon_typography_typography":"custom","icon_typography_font_family":"Prompt","icon_typography_font_size":{"unit":"px","size":"16","sizes":[]},"icon_typography_font_size_tablet":{"unit":"px","size":"15","sizes":[]},"icon_typography_font_size_mobile":{"unit":"px","size":"14","sizes":[]},"icon_typography_font_weight":"300","icon_typography_line_height":{"unit":"px","size":"22","sizes":[]},"icon_typography_line_height_tablet":{"unit":"px","size":"21","sizes":[]},"icon_typography_line_height_mobile":{"unit":"px","size":"20","sizes":[]},"_padding":{"unit":"%","top":"","right":"","bottom":"","left":"","isLinked":"1"},"_padding_tablet":{"unit":"%","top":"0","right":"0","bottom":"6","left":"0","isLinked":""},"_padding_mobile":{"unit":"%","top":"0","right":"0","bottom":"10","left":"0","isLinked":""},"_animation":"fadeIn"},"elements":[],"isInner":false,"widgetType":"icon-list","elType":"widget"}],"isInner":"1","elType":"column"},{"id":"6a42fa00","settings":{"_column_size":"50","_inline_size_mobile":"50"},"elements":[{"id":"237238e2","settings":{"icon_list":[{"text":"Relationships","selected_icon":{"value":"fas fa-square-full","library":"fa-solid"},"_id":"4222d0a"},{"text":"Parenting Therapy","selected_icon":{"value":"fas fa-square-full","library":"fa-solid"},"_id":"f77a61e"},{"text":"Grief &amp; Loss","selected_icon":{"value":"fas fa-square-full","library":"fa-solid"},"_id":"f0984bf"}],"space_between":{"unit":"px","size":"28","sizes":[]},"icon_color":"#9AA8BA","icon_size":{"unit":"px","size":"9","sizes":[]},"text_indent":{"unit":"px","size":"22","sizes":[]},"icon_typography_typography":"custom","text_color":"#5F5B5B","icon_typography_font_family":"Prompt","icon_typography_font_size":{"unit":"px","size":"16","sizes":[]},"icon_typography_font_size_tablet":{"unit":"px","size":"15","sizes":[]},"icon_typography_font_size_mobile":{"unit":"px","size":"14","sizes":[]},"icon_typography_font_weight":"300","icon_typography_line_height":{"unit":"px","size":"22","sizes":[]},"icon_typography_line_height_tablet":{"unit":"px","size":"21","sizes":[]},"icon_typography_line_height_mobile":{"unit":"px","size":"20","sizes":[]},"_padding":{"unit":"%","top":"","right":"","bottom":"","left":"","isLinked":"1"},"_padding_tablet":{"unit":"%","top":"0","right":"0","bottom":"6","left":"0","isLinked":""},"_padding_mobile":{"unit":"%","top":"0","right":"0","bottom":"10","left":"0","isLinked":""},"_animation":"fadeIn"},"elements":[],"isInner":false,"widgetType":"icon-list","elType":"widget"}],"isInner":"1","elType":"column"}],"isInner":"1","elType":"section"},{"id":"2a66280f","settings":{"text":"view services","typography_typography":"custom","typography_text_decoration":"underline","button_text_color":"#9AA8BA","background_color":"rgba(2, 1, 1, 0)","hover_color":"#5F5B5B","border_border":"solid","border_width":{"unit":"px","top":"0","right":"0","bottom":"0","left":"0","isLinked":"1"},"border_radius":{"unit":"px","top":"0","right":"0","bottom":"0","left":"0","isLinked":"1"},"text_padding":{"unit":"px","top":"0","right":"0","bottom":"0","left":"0","isLinked":""},"motion_fx_translateY_speed":{"unit":"px","size":"0.2","sizes":[]},"_animation":"fadeIn","_animation_mobile":"none","_animation_delay":"200","typography_font_family":"Prompt","typography_font_size":{"unit":"px","size":"12","sizes":[]},"typography_text_transform":"uppercase","typography_letter_spacing":{"unit":"px","size":"1","sizes":[]},"_margin":{"unit":"px","top":"0","right":"0","bottom":"0","left":"0","isLinked":""},"_padding":{"unit":"px","top":"0","right":"0","bottom":"0","left":"0","isLinked":""}},"elements":[],"isInner":false,"widgetType":"button","elType":"widget"}],"isInner":"","elType":"column"},{"id":"348b2f4f","settings":{"_column_size":"50","background_background":"classic","background_position":"center center","background_repeat":"no-repeat","background_size":"cover","_inline_size_tablet":"100","background_position_tablet":"center right","padding":{"unit":"%","top":"0","right":"15.8","bottom":"0","left":"0","isLinked":""},"padding_mobile":{"unit":"%","top":"0","right":"0","bottom":"0","left":"0","isLinked":""},"padding_tablet":{"unit":"%","top":"0","right":"7","bottom":"0","left":"7","isLinked":""}},"elements":[{"id":"18c15aab","settings":{"slides":[{"content":"\u201cDr. Parker has helped me in navigating issues of belonging and identity. Thanks to her I\u2019m now able to make good and healthy choices for myself and the relationships I am in. I\u2019m grateful that I found her when I did and I highly recommend her\u201d","name":"\u2015 Jessica T. \u2015","title":"","image":{"url":"","id":"7214"},"_id":"098cce2"},{"content":"\u201cI have been working with Dr. Parker during the past few years. She was extremely helpful in helping me find solutions to various problems I have faced. She has definitely made an impact in my life that I will always cherish. \u201d","name":"\u2015 Gabriella S. \u2015","title":"","image":{"url":"","id":"7214"},"_id":"fcc23be"},{"content":"\u201cDr. Park has helped me to overcome a recent emotional trauma and self-esteem issues. I found her easy to open up to and she helped me develop the tools needed to get through a difficult time. I highly recommend her\u201d","name":"\u2015 Norman B. \u2015","title":"","image":{"url":"","id":"7214"},"_id":"ea33ffd"}],"layout":"image_above","width_tablet":{"unit":"%","size":"100","sizes":[]},"width_mobile":{"unit":"%","size":"100","sizes":[]},"show_arrows":"","pause_on_hover":"","pause_on_interaction":"","content_typography_typography":"custom","content_typography_font_size":{"unit":"px","size":"16","sizes":[]},"content_typography_font_style":"normal","content_typography_line_height":{"unit":"px","size":"22","sizes":[]},"name_typography_typography":"custom","name_typography_font_size":{"unit":"px","size":"14","sizes":[]},"name_typography_font_weight":"100","name_typography_font_style":"normal","title_typography_font_size":{"unit":"px","size":"14","sizes":[]},"title_typography_font_weight":"100","title_typography_line_height":{"unit":"px","size":"","sizes":[]},"image_size":{"unit":"px","size":"69","sizes":[]},"image_gap":{"unit":"px","size":"19","sizes":[]},"image_border_radius":{"unit":"px","size":"0","sizes":[]},"border_color":"","_padding":{"unit":"%","top":"4","right":"14","bottom":"4","left":"14","isLinked":""},"_padding_mobile":{"unit":"%","top":"2","right":"4","bottom":"16","left":"4","isLinked":""},"motion_fx_motion_fx_scrolling":"yes","motion_fx_translateY_effect":"yes","motion_fx_translateY_speed":{"unit":"px","size":"1.1","sizes":[]},"motion_fx_devices":["desktop"],"_background_background":"classic","_background_color":"#FFFFFF","_box_shadow_box_shadow_type":"yes","_box_shadow_box_shadow":{"horizontal":"0","vertical":"8","blur":"22","spread":"0","color":"rgba(0, 0, 0, 0.08)"},"content_typography_font_family":"Prompt","content_typography_font_size_tablet":{"unit":"px","size":"15","sizes":[]},"content_typography_font_size_mobile":{"unit":"px","size":"14","sizes":[]},"content_typography_font_weight":"300","content_typography_line_height_tablet":{"unit":"px","size":"21","sizes":[]},"content_typography_line_height_mobile":{"unit":"px","size":"20","sizes":[]},"name_typography_font_family":"Prompt","autoplay_speed":"3500"},"elements":[],"isInner":false,"widgetType":"testimonial-carousel","elType":"widget"}],"isInner":"","elType":"column"}],"isInner":"","elType":"section"},{"id":"7c5a076a","settings":{"layout":"full_width","gap":"no","custom_height":{"unit":"vh","size":"75","sizes":[]},"column_position":"stretch","content_position":"top","overflow":"hidden","padding":{"unit":"%","top":"0","right":"8","bottom":"14","left":"8","isLinked":""},"_title":"Featured Articles","custom_height_tablet":{"unit":"vh","size":"50","sizes":[]},"padding_tablet":{"unit":"%","top":"10","right":"6","bottom":"14","left":"6","isLinked":""},"padding_mobile":{"unit":"%","top":"14","right":"6","bottom":"14","left":"6","isLinked":""},"_timestamp_":"v1Smpyb2xHWDFzTnAyd291dVQ4THc0UT09"},"elements":[{"id":"7099be8c","settings":{"_column_size":"100","padding":{"unit":"%","top":"0","right":"0","bottom":"0","left":"0","isLinked":""},"space_between_widgets":"0","background_background":"classic","_inline_size_tablet":"100","padding_tablet":{"unit":"%","top":"0","right":"0","bottom":"0","left":"0","isLinked":""},"padding_mobile":{"unit":"%","top":"0","right":"0","bottom":"0","left":"0","isLinked":""}},"elements":[{"id":"1764c296","settings":{"title":"Featured Articles","_padding":{"unit":"%","top":"0","right":"0","bottom":"4","left":"0","isLinked":""},"_padding_tablet":{"unit":"%","top":"0","right":"0","bottom":"6","left":"0","isLinked":""},"_padding_mobile":{"unit":"%","top":"0","right":"0","bottom":"8","left":"0","isLinked":""},"_animation":"fadeInUp","title_color":"#9AA8BA","typography_typography":"custom","typography_font_family":"Prompt","typography_font_size":{"unit":"px","size":"40","sizes":[]},"typography_font_size_tablet":{"unit":"px","size":"36","sizes":[]},"typography_font_size_mobile":{"unit":"px","size":"24","sizes":[]},"typography_font_weight":"100","typography_text_transform":"capitalize","typography_line_height":{"unit":"px","size":"44","sizes":[]},"typography_line_height_tablet":{"unit":"px","size":"40","sizes":[]},"typography_line_height_mobile":{"unit":"px","size":"30","sizes":[]},"typography_letter_spacing_mobile":{"unit":"px","size":"-0.5","sizes":[]}},"elements":[],"isInner":false,"widgetType":"heading","elType":"widget"},{"id":"212e04eb","settings":{"gap":"no","structure":"20","padding":{"unit":"%","top":"0","right":"0","bottom":"0","left":"0","isLinked":""},"layout":"full_width","padding_tablet":{"unit":"%","top":"0","right":"0","bottom":"8","left":"0","isLinked":""},"padding_mobile":{"unit":"%","top":"0","right":"0","bottom":"12","left":"0","isLinked":""}},"elements":[{"id":"3a4662dc","settings":{"_column_size":"50","_inline_size_mobile":"100","padding_mobile":{"unit":"%","top":"0","right":"0","bottom":"12","left":"0","isLinked":""},"_inline_size_tablet":"100","padding_tablet":{"unit":"%","top":"0","right":"0","bottom":"8","left":"0","isLinked":""}},"elements":[{"id":"27749ea3","settings":{"classic_columns":"1","classic_posts_per_page":"1","classic_meta_separator":"\/\/\/","classic_read_more_text":"Read More","cards_meta_separator":"\u2022","cards_read_more_text":"Read More \u00bb","full_content_meta_separator":"\/\/\/","posts_avoid_duplicates":"yes","pagination_page_limit":"5","pagination_prev_label":"&laquo; Previous","pagination_next_label":"Next &raquo;","classic_thumbnail_size_size":"large","classic_item_ratio":{"unit":"px","size":"0.42","sizes":[]},"classic_show_excerpt":"","classic_meta_data":[],"classic_box_border_width":{"unit":"px","top":"0","right":"0","bottom":"0","left":"0","isLinked":"1"},"classic_image_spacing":{"unit":"px","size":"44","sizes":[]},"classic_title_color":"#5F5B5B","classic_title_typography_typography":"custom","classic_title_typography_font_size":{"unit":"px","size":"22","sizes":[]},"classic_title_typography_font_weight":"200","classic_title_typography_text_transform":"none","classic_title_typography_line_height":{"unit":"px","size":"26","sizes":[]},"classic_title_spacing":{"unit":"px","size":"40","sizes":[]},"classic_read_more_typography_typography":"custom","classic_read_more_typography_font_weight":"300","classic_read_more_typography_text_decoration":"underline","classic_columns_tablet":"1","classic_item_ratio_tablet":{"unit":"px","size":"0.43","sizes":[]},"classic_thumbnail_hover_filters_css_filter":"custom","classic_thumbnail_hover_filters_brightness":{"unit":"px","size":"80","sizes":[]},"posts_include":[],"posts_include_term_ids":["3"],"posts_order":"asc","classic_title_typography_font_family":"Prompt","classic_read_more_color":"#9AA8BA","classic_read_more_typography_font_family":"Prompt","classic_read_more_typography_font_size":{"unit":"px","size":"12","sizes":[]},"classic_read_more_typography_text_transform":"uppercase","classic_read_more_typography_line_height":{"unit":"px","size":"22","sizes":[]},"classic_read_more_typography_letter_spacing":{"unit":"px","size":"1","sizes":[]}},"elements":[],"isInner":false,"widgetType":"posts","elType":"widget"}],"isInner":"1","elType":"column"},{"id":"537d3abd","settings":{"_column_size":"50","_inline_size_mobile":"100","padding":{"unit":"px","top":"0","right":"0","bottom":"0","left":"62","isLinked":""},"_inline_size_tablet":"100","padding_tablet":{"unit":"px","top":"0","right":"0","bottom":"0","left":"0","isLinked":""}},"elements":[{"id":"77281e05","settings":{"classic_columns":"2","classic_posts_per_page":"2","classic_meta_separator":"\/\/\/","classic_read_more_text":"Read More","cards_meta_separator":"\u2022","cards_read_more_text":"Read More \u00bb","full_content_meta_separator":"\/\/\/","posts_avoid_duplicates":"yes","pagination_page_limit":"5","pagination_prev_label":"&laquo; Previous","pagination_next_label":"Next &raquo;","classic_thumbnail_size_size":"large","classic_item_ratio":{"unit":"px","size":"0.99","sizes":[]},"classic_show_excerpt":"","classic_meta_data":[],"classic_box_border_width":{"unit":"px","top":"0","right":"0","bottom":"0","left":"0","isLinked":"1"},"classic_image_spacing":{"unit":"px","size":"44","sizes":[]},"classic_title_color":"#5F5B5B","classic_title_typography_typography":"custom","classic_title_typography_font_size":{"unit":"px","size":"22","sizes":[]},"classic_title_typography_font_weight":"200","classic_title_typography_text_transform":"none","classic_title_typography_line_height":{"unit":"px","size":"26","sizes":[]},"classic_title_spacing":{"unit":"px","size":"40","sizes":[]},"classic_read_more_typography_typography":"custom","classic_read_more_typography_font_weight":"300","classic_read_more_typography_text_decoration":"underline","classic_column_gap":{"unit":"px","size":"62","sizes":[]},"classic_thumbnail_hover_filters_css_filter":"custom","classic_thumbnail_hover_filters_brightness":{"unit":"px","size":"80","sizes":[]},"posts_include":[],"posts_include_term_ids":["3"],"posts_order":"asc","classic_title_typography_font_family":"Prompt","classic_read_more_color":"#9AA8BA","classic_read_more_typography_font_family":"Prompt","classic_read_more_typography_font_size":{"unit":"px","size":"12","sizes":[]},"classic_read_more_typography_text_transform":"uppercase","classic_read_more_typography_line_height":{"unit":"px","size":"22","sizes":[]},"classic_read_more_typography_letter_spacing":{"unit":"px","size":"1","sizes":[]}},"elements":[],"isInner":false,"widgetType":"posts","elType":"widget"}],"isInner":"1","elType":"column"}],"isInner":"1","elType":"section"}],"isInner":"","elType":"column"}],"isInner":"","elType":"section"}],"page_settings":{"background_background":"classic","background_color":"#E5E9EF"}}