{"version":"0.4","title":"Psychologist-Contact-page","type":"page","content":[{"id":"7e278adb","settings":{"layout":"full_width","gap":"no","height":"min-height","custom_height":{"unit":"px","size":"833","sizes":[]},"column_position":"stretch","content_position":"middle","overflow":"hidden","structure":"20","padding":{"unit":"%","top":"","right":"","bottom":"","left":"","isLinked":"1"},"_title":"Hero","custom_height_tablet":{"unit":"vh","size":"56","sizes":[]},"reverse_order_mobile":"reverse-mobile","reverse_order_tablet":"reverse-tablet","_timestamp_":"v1Smpyb2xHWDFzTnAyd291dVQ4THc0UT09"},"elements":[{"id":"27ae37fd","settings":{"_column_size":"50","padding":{"unit":"%","top":"0","right":"0","bottom":"0","left":"0","isLinked":""},"space_between_widgets":"0","_inline_size_tablet":"100","padding_tablet":{"unit":"%","top":"8","right":"7","bottom":"8","left":"7","isLinked":""},"padding_mobile":{"unit":"%","top":"12","right":"7","bottom":"13","left":"7","isLinked":""},"_inline_size":"55"},"elements":[{"id":"5242be1d","settings":{"title":"contact","header_size":"h1","_padding":{"unit":"%","top":"0","right":"8","bottom":"3","left":"14","isLinked":""},"_margin":{"unit":"px","top":"0","right":"0","bottom":"0","left":"-3","isLinked":""},"_padding_tablet":{"unit":"%","top":"0","right":"0","bottom":"4","left":"0","isLinked":""},"_padding_mobile":{"unit":"%","top":"0","right":"0","bottom":"10","left":"0","isLinked":""},"align_mobile":"left","typography_text_transform":"capitalize","align_tablet":"center","_animation":"fadeIn","animation_duration":"fast","title_color":"#65768B","typography_typography":"custom","typography_font_family":"Prompt","typography_font_size":{"unit":"px","size":"80","sizes":[]},"typography_font_size_tablet":{"unit":"px","size":"48","sizes":[]},"typography_font_size_mobile":{"unit":"px","size":"36","sizes":[]},"typography_font_weight":"100","typography_line_height":{"unit":"px","size":"82","sizes":[]},"typography_line_height_tablet":{"unit":"px","size":"56","sizes":[]},"typography_line_height_mobile":{"unit":"px","size":"44","sizes":[]},"typography_letter_spacing_tablet":{"unit":"px","size":"-1","sizes":[]},"_margin_tablet":{"unit":"px","top":"0","right":"0","bottom":"0","left":"0","isLinked":""}},"elements":[],"isInner":false,"widgetType":"heading","elType":"widget"},{"id":"eb502c4","settings":{"editor":"Nam in metus suscipit, laoreet nulla ac, lacinia justo. Integer eget erat sit amet leo interd finibus. Donec sollicitudin magna a ipsum condimentum, ut finibus augue ullamcorper etcursus risus ac blandit eleifend. Lorem ipsum dolor sit amet, consectetur adipiscin. ","_padding":{"unit":"%","top":"0","right":"20","bottom":"8","left":"14","isLinked":""},"_padding_tablet":{"unit":"%","top":"0","right":"0","bottom":"8","left":"0","isLinked":""},"_padding_mobile":{"unit":"%","top":"0","right":"0","bottom":"14","left":"0","isLinked":""},"align_tablet":"center","align_mobile":"left","_animation":"fadeIn","text_color":"#5F5B5B","typography_typography":"custom","typography_font_family":"Prompt","typography_font_size":{"unit":"px","size":"16","sizes":[]},"typography_font_size_tablet":{"unit":"px","size":"15","sizes":[]},"typography_font_size_mobile":{"unit":"px","size":"14","sizes":[]},"typography_font_weight":"300","typography_line_height":{"unit":"px","size":"22","sizes":[]},"typography_line_height_tablet":{"unit":"px","size":"21","sizes":[]},"typography_line_height_mobile":{"unit":"px","size":"20","sizes":[]}},"elements":[],"isInner":false,"widgetType":"text-editor","elType":"widget"},{"id":"730afa73","settings":{"gap":"no","height_inner":"min-height","custom_height_inner":{"unit":"px","size":"200","sizes":[]},"content_position":"top","structure":"30","background_background":"classic","padding":{"unit":"%","top":"0","right":"8","bottom":"0","left":"0","isLinked":""},"padding_tablet":{"unit":"px","top":"0","right":"0","bottom":"0","left":"0","isLinked":""},"motion_fx_motion_fx_scrolling":"yes","motion_fx_translateY_effect":"yes","motion_fx_translateY_speed":{"unit":"px","size":"2","sizes":[]},"motion_fx_devices":["desktop"],"custom_height_inner_tablet":{"unit":"px","size":"184","sizes":[]}},"elements":[{"id":"4d359042","settings":{"_column_size":"33","_inline_size":"37.805","_inline_size_tablet":"33.3","space_between_widgets":"0","background_background":"classic","background_color":"#FFFFFF","padding":{"unit":"%","top":"0","right":"0","bottom":"0","left":"41","isLinked":""},"padding_tablet":{"unit":"px","top":"0","right":"0","bottom":"0","left":"0","isLinked":""},"padding_mobile":{"unit":"%","top":"10","right":"14","bottom":"8","left":"14","isLinked":""}},"elements":[{"id":"35a1007e","settings":{"editor":"Contact Info","align_mobile":"left","text_color":"#65768B","align_tablet":"center","_padding":{"unit":"px","top":"44","right":"0","bottom":"0","left":"0","isLinked":""},"_padding_mobile":{"unit":"%","top":"0","right":"0","bottom":"0","left":"0","isLinked":""},"typography_typography":"custom","typography_font_family":"Prompt","typography_font_size":{"unit":"px","size":"16","sizes":[]},"typography_font_size_tablet":{"unit":"px","size":"15","sizes":[]},"typography_font_size_mobile":{"unit":"px","size":"14","sizes":[]},"typography_font_weight":"300","typography_line_height":{"unit":"px","size":"22","sizes":[]},"typography_line_height_tablet":{"unit":"px","size":"21","sizes":[]},"typography_line_height_mobile":{"unit":"px","size":"20","sizes":[]},"_padding_tablet":{"unit":"px","top":"44","right":"0","bottom":"0","left":"0","isLinked":""},"_animation":"fadeIn"},"elements":[],"isInner":false,"widgetType":"text-editor","elType":"widget"},{"id":"1acce5c","settings":{"width":{"unit":"px","size":"178","sizes":[]},"align":"left","align_mobile":"left","text":"Divider","color":"#9AA8BA","align_tablet":"center"},"elements":[],"isInner":false,"widgetType":"divider","elType":"widget"},{"id":"612d58d2","settings":{"editor":"therapy@drparker.com<br>\n(202)243-8097","align_mobile":"left","typography_font_size":{"unit":"px","size":"16","sizes":[]},"align_tablet":"center","text_color":"#5F5B5B","typography_typography":"custom","typography_font_family":"Prompt","typography_font_size_tablet":{"unit":"px","size":"15","sizes":[]},"typography_font_size_mobile":{"unit":"px","size":"14","sizes":[]},"typography_font_weight":"300","typography_line_height":{"unit":"px","size":"22","sizes":[]},"typography_line_height_tablet":{"unit":"px","size":"21","sizes":[]},"typography_line_height_mobile":{"unit":"px","size":"20","sizes":[]},"_padding":{"unit":"%","top":"","right":"","bottom":"","left":"","isLinked":"1"},"_padding_tablet":{"unit":"%","top":"","right":"","bottom":"","left":"","isLinked":"1"},"_padding_mobile":{"unit":"%","top":"0","right":"0","bottom":"0","left":"0","isLinked":""},"_animation":"fadeIn"},"elements":[],"isInner":false,"widgetType":"text-editor","elType":"widget"}],"isInner":"1","elType":"column"},{"id":"25d41d97","settings":{"_column_size":"33","_inline_size":"30.854","_inline_size_tablet":"33.3","space_between_widgets":"0","background_background":"classic","background_color":"#FFFFFF","padding":{"unit":"%","top":"0","right":"11","bottom":"0","left":"15","isLinked":""},"padding_tablet":{"unit":"px","top":"0","right":"0","bottom":"0","left":"0","isLinked":""},"padding_mobile":{"unit":"%","top":"8","right":"14","bottom":"8","left":"14","isLinked":""}},"elements":[{"id":"79591579","settings":{"editor":"Clinic Address","align_mobile":"left","text_color":"#65768B","align_tablet":"center","_padding":{"unit":"px","top":"44","right":"0","bottom":"0","left":"0","isLinked":""},"_padding_mobile":{"unit":"%","top":"0","right":"0","bottom":"0","left":"0","isLinked":""},"typography_typography":"custom","typography_font_family":"Prompt","typography_font_size":{"unit":"px","size":"16","sizes":[]},"typography_font_size_tablet":{"unit":"px","size":"15","sizes":[]},"typography_font_size_mobile":{"unit":"px","size":"14","sizes":[]},"typography_font_weight":"300","typography_line_height":{"unit":"px","size":"22","sizes":[]},"typography_line_height_tablet":{"unit":"px","size":"21","sizes":[]},"typography_line_height_mobile":{"unit":"px","size":"20","sizes":[]},"_padding_tablet":{"unit":"px","top":"44","right":"0","bottom":"0","left":"0","isLinked":""},"_animation":"fadeIn"},"elements":[],"isInner":false,"widgetType":"text-editor","elType":"widget"},{"id":"75ed09e6","settings":{"width":{"unit":"px","size":"178","sizes":[]},"align":"left","align_mobile":"left","text":"Divider","color":"#9AA8BA","align_tablet":"center"},"elements":[],"isInner":false,"widgetType":"divider","elType":"widget"},{"id":"1dd9e1fe","settings":{"editor":"3204  Goldcliff Circle,\nWashington DC 20016","align_mobile":"left","typography_font_size":{"unit":"px","size":"16","sizes":[]},"align_tablet":"center","text_color":"#5F5B5B","typography_typography":"custom","typography_font_family":"Prompt","typography_font_size_tablet":{"unit":"px","size":"15","sizes":[]},"typography_font_size_mobile":{"unit":"px","size":"14","sizes":[]},"typography_font_weight":"300","typography_line_height":{"unit":"px","size":"22","sizes":[]},"typography_line_height_tablet":{"unit":"px","size":"21","sizes":[]},"typography_line_height_mobile":{"unit":"px","size":"20","sizes":[]},"_padding":{"unit":"%","top":"","right":"","bottom":"","left":"","isLinked":"1"},"_padding_tablet":{"unit":"%","top":"","right":"","bottom":"","left":"","isLinked":"1"},"_padding_mobile":{"unit":"%","top":"0","right":"0","bottom":"0","left":"0","isLinked":""},"_animation":"fadeIn"},"elements":[],"isInner":false,"widgetType":"text-editor","elType":"widget"}],"isInner":"1","elType":"column"},{"id":"286ccf40","settings":{"_column_size":"33","_inline_size":"30.897","_inline_size_tablet":"33.3","space_between_widgets":"0","background_background":"classic","background_color":"#FFFFFF","padding":{"unit":"%","top":"0","right":"28","bottom":"0","left":"0","isLinked":""},"padding_tablet":{"unit":"px","top":"0","right":"0","bottom":"0","left":"0","isLinked":""},"padding_mobile":{"unit":"%","top":"8","right":"14","bottom":"10","left":"14","isLinked":""}},"elements":[{"id":"34926aee","settings":{"editor":"Business Hours","align_mobile":"left","text_color":"#65768B","align_tablet":"center","_padding":{"unit":"px","top":"44","right":"0","bottom":"0","left":"0","isLinked":""},"_padding_mobile":{"unit":"%","top":"0","right":"0","bottom":"0","left":"0","isLinked":""},"typography_typography":"custom","typography_font_family":"Prompt","typography_font_size":{"unit":"px","size":"16","sizes":[]},"typography_font_size_tablet":{"unit":"px","size":"15","sizes":[]},"typography_font_size_mobile":{"unit":"px","size":"14","sizes":[]},"typography_font_weight":"300","typography_line_height":{"unit":"px","size":"22","sizes":[]},"typography_line_height_tablet":{"unit":"px","size":"21","sizes":[]},"typography_line_height_mobile":{"unit":"px","size":"20","sizes":[]},"_padding_tablet":{"unit":"px","top":"44","right":"0","bottom":"0","left":"0","isLinked":""},"_animation":"fadeIn"},"elements":[],"isInner":false,"widgetType":"text-editor","elType":"widget"},{"id":"1fa496cb","settings":{"width":{"unit":"px","size":"178","sizes":[]},"align":"left","align_mobile":"left","text":"Divider","color":"#9AA8BA","align_tablet":"center"},"elements":[],"isInner":false,"widgetType":"divider","elType":"widget"},{"id":"1e88e66f","settings":{"editor":"<p>Sunday- Saturday:<br \/>8:00am-9:00pm<\/p>","align_mobile":"left","typography_font_size":{"unit":"px","size":"16","sizes":[]},"_padding":{"unit":"%","top":"","right":"","bottom":"","left":"","isLinked":"1"},"_padding_mobile":{"unit":"%","top":"0","right":"0","bottom":"0","left":"0","isLinked":""},"align_tablet":"center","text_color":"#5F5B5B","typography_typography":"custom","typography_font_family":"Prompt","typography_font_size_tablet":{"unit":"px","size":"15","sizes":[]},"typography_font_size_mobile":{"unit":"px","size":"14","sizes":[]},"typography_font_weight":"300","typography_line_height":{"unit":"px","size":"22","sizes":[]},"typography_line_height_tablet":{"unit":"px","size":"21","sizes":[]},"typography_line_height_mobile":{"unit":"px","size":"20","sizes":[]},"_padding_tablet":{"unit":"%","top":"","right":"","bottom":"","left":"","isLinked":"1"},"_animation":"fadeIn"},"elements":[],"isInner":false,"widgetType":"text-editor","elType":"widget"}],"isInner":"1","elType":"column"}],"isInner":"1","elType":"section"}],"isInner":"","elType":"column"},{"id":"1f257c66","settings":{"_column_size":"50","background_background":"classic","background_position":"center center","background_repeat":"no-repeat","background_size":"cover","_inline_size_tablet":"100","background_position_tablet":"top center","_inline_size":"45","content_position":"top"},"elements":[{"id":"706d334c","settings":{"address":"melbourne","zoom":{"unit":"px","size":"13","sizes":[]},"height":{"unit":"px","size":"870","sizes":[]},"css_filters_css_filter":"custom","css_filters_saturate":{"unit":"px","size":"0","sizes":[]},"height_tablet":{"unit":"px","size":"400","sizes":[]},"height_mobile":{"unit":"px","size":"200","sizes":[]}},"elements":[],"isInner":false,"widgetType":"google_maps","elType":"widget"}],"isInner":"","elType":"column"}],"isInner":"","elType":"section"},{"id":"7730038c","settings":{"layout":"full_width","gap":"no","height":"min-height","custom_height":{"unit":"vh","size":"78","sizes":[]},"column_position":"stretch","content_position":"middle","structure":"20","padding":{"unit":"%","top":"","right":"","bottom":"","left":"","isLinked":"1"},"_title":"Appointment Request","custom_height_tablet":{"unit":"vh","size":"50","sizes":[]},"margin":{"unit":"%","top":"6","right":"0","bottom":"8","left":"0","isLinked":""},"_timestamp_":"v1Smpyb2xHWDFzTnAyd291dVQ4THc0UT09"},"elements":[{"id":"63c7071e","settings":{"_column_size":"50","padding":{"unit":"%","top":"0","right":"12","bottom":"0","left":"14","isLinked":""},"space_between_widgets":"0","background_background":"classic","_inline_size_tablet":"100","padding_tablet":{"unit":"%","top":"8","right":"7","bottom":"8","left":"7","isLinked":""},"padding_mobile":{"unit":"%","top":"12","right":"7","bottom":"16","left":"7","isLinked":""},"_inline_size":"55","motion_fx_motion_fx_scrolling":"yes","motion_fx_translateY_effect":"yes","motion_fx_translateY_direction":"negative","motion_fx_translateY_speed":{"unit":"px","size":"1.1","sizes":[]},"motion_fx_devices":["desktop"]},"elements":[{"id":"5cd08dca","settings":{"title":"Appointment Request","_padding":{"unit":"%","top":"0","right":"0","bottom":"2","left":"0","isLinked":""},"_padding_tablet":{"unit":"%","top":"0","right":"0","bottom":"3","left":"0","isLinked":""},"_padding_mobile":{"unit":"%","top":"0","right":"0","bottom":"8","left":"0","isLinked":""},"align_tablet":"center","align_mobile":"left","_animation":"fadeInUp","title_color":"#9AA8BA","typography_typography":"custom","typography_font_family":"Prompt","typography_font_size":{"unit":"px","size":"40","sizes":[]},"typography_font_size_tablet":{"unit":"px","size":"36","sizes":[]},"typography_font_size_mobile":{"unit":"px","size":"24","sizes":[]},"typography_font_weight":"100","typography_text_transform":"capitalize","typography_line_height":{"unit":"px","size":"44","sizes":[]},"typography_line_height_tablet":{"unit":"px","size":"40","sizes":[]},"typography_line_height_mobile":{"unit":"px","size":"30","sizes":[]}},"elements":[],"isInner":false,"widgetType":"heading","elType":"widget"},{"id":"21732b35","settings":{"editor":"Nam in metus suscipit, laoreet nulla ac, lacinia justo. Integer eget erat sit amet leo.","_padding":{"unit":"%","top":"0","right":"0","bottom":"6","left":"0","isLinked":""},"_padding_tablet":{"unit":"%","top":"0","right":"0","bottom":"8","left":"0","isLinked":""},"_padding_mobile":{"unit":"%","top":"0","right":"0","bottom":"10","left":"0","isLinked":""},"align_tablet":"center","align_mobile":"left","text_color":"#5F5B5B","typography_typography":"custom","typography_font_family":"Prompt","typography_font_size":{"unit":"px","size":"16","sizes":[]},"typography_font_size_tablet":{"unit":"px","size":"15","sizes":[]},"typography_font_size_mobile":{"unit":"px","size":"14","sizes":[]},"typography_font_weight":"300","typography_line_height":{"unit":"px","size":"22","sizes":[]},"typography_line_height_tablet":{"unit":"px","size":"21","sizes":[]},"typography_line_height_mobile":{"unit":"px","size":"20","sizes":[]},"_animation":"fadeIn"},"elements":[],"isInner":false,"widgetType":"text-editor","elType":"widget"},{"id":"5566c776","settings":{"form_name":"New Form","form_fields":[{"custom_id":"name","field_label":"First Name","placeholder":"First Name","width":"50","_id":"74e3205","rows":"4","file_sizes":"","file_types":"","allow_multiple_upload":"","max_files":"","acceptance_text":"","checked_by_default":"","field_min":"","field_max":"","min_date":"","max_date":"","use_native_date":"","use_native_time":"","previous_button":"","next_button":""},{"custom_id":"field_80aae16","field_label":"Last Name","placeholder":"Last Name","width":"50","rows":"4","_id":"80aae16","file_sizes":"","file_types":"","allow_multiple_upload":"","max_files":"","acceptance_text":"","checked_by_default":"","field_min":"","field_max":"","min_date":"","max_date":"","use_native_date":"","use_native_time":"","previous_button":"","next_button":""},{"custom_id":"email","field_type":"email","required":"true","field_label":"Email","placeholder":"Email Address","width":"50","_id":"11292e1","rows":"4","file_sizes":"","file_types":"","allow_multiple_upload":"","max_files":"","acceptance_text":"","checked_by_default":"","field_min":"","field_max":"","min_date":"","max_date":"","use_native_date":"","use_native_time":"","previous_button":"","next_button":""},{"custom_id":"field_2ab6dff","field_type":"tel","field_label":"Phone","placeholder":"Phone Number","width":"50","rows":"4","_id":"2ab6dff","file_sizes":"","file_types":"","allow_multiple_upload":"","max_files":"","acceptance_text":"","checked_by_default":"","field_min":"","field_max":"","min_date":"","max_date":"","use_native_date":"","use_native_time":"","previous_button":"","next_button":""},{"field_type":"date","field_label":"Date","placeholder":"Preferred Date","required":"true","width":"50","rows":"4","custom_id":"field_68d4c1e","_id":"68d4c1e","file_sizes":"","file_types":"","allow_multiple_upload":"","max_files":"","acceptance_text":"","checked_by_default":"","field_min":"","field_max":"","min_date":"","max_date":"","use_native_date":"","use_native_time":"","previous_button":"","next_button":""},{"field_type":"time","field_label":"time","placeholder":"Preferred Time","width":"50","rows":"4","custom_id":"field_ccd1f0a","_id":"ccd1f0a","file_sizes":"","file_types":"","allow_multiple_upload":"","max_files":"","acceptance_text":"","checked_by_default":"","field_min":"","field_max":"","min_date":"","max_date":"","use_native_date":"","use_native_time":"","previous_button":"","next_button":""},{"custom_id":"message","field_type":"textarea","field_label":"Message","placeholder":"How Can I Help You\u2026","_id":"af84a59","rows":"4","file_sizes":"","file_types":"","allow_multiple_upload":"","max_files":"","acceptance_text":"","checked_by_default":"","field_min":"","field_max":"","min_date":"","max_date":"","use_native_date":"","use_native_time":"","previous_button":"","next_button":""}],"show_labels":"","button_align":"center","step_next_label":"Next","step_previous_label":"Previous","button_text":"submit","email_content":"[all-fields]","email_content_2":"[all-fields]","success_message":"The form was sent successfully.","error_message":"An error occured.","required_field_message":"This field is required.","invalid_message":"There's something wrong. The form is invalid.","column_gap":{"unit":"px","size":"40","sizes":[]},"row_gap":{"unit":"px","size":"40","sizes":[]},"field_background_color":"rgba(255, 255, 255, 0)","button_typography_font_weight":"300","button_text_padding":{"unit":"px","top":"20","right":"65","bottom":"17","left":"65","isLinked":""},"success_message_color":"#65768B","error_message_color":"#5F5B5B","inline_message_color":"#9AA8BA","button_text_color":"#FFFFFF","button_hover_color":"#9AA8BA","field_typography_typography":"custom","field_typography_font_family":"Prompt","field_typography_font_size":{"unit":"px","size":"15","sizes":[]},"field_typography_font_size_mobile":{"unit":"px","size":"14","sizes":[]},"field_typography_line_height":{"unit":"px","size":"21","sizes":[]},"field_typography_line_height_mobile":{"unit":"px","size":"20","sizes":[]},"field_border_color":"#9AA8BA","field_border_width":{"unit":"px","top":"0","right":"0","bottom":"1","left":"0","isLinked":""},"field_border_radius":{"unit":"px","top":"0","right":"0","bottom":"0","left":"0","isLinked":"1"},"button_typography_typography":"custom","button_typography_font_family":"Prompt","button_typography_font_size":{"unit":"px","size":"15","sizes":[]},"button_typography_text_transform":"uppercase","button_typography_letter_spacing":{"unit":"px","size":"1","sizes":[]},"button_border_border":"solid","button_border_width":{"unit":"px","top":"1","right":"1","bottom":"1","left":"1","isLinked":"1"},"button_background_color":"#9AA8BA","button_border_color":"#9AA8BA","previous_button_background_color":"#9AA8BA","button_background_hover_color":"rgba(255, 255, 255, 0)","button_hover_border_color":"#9AA8BA","button_border_radius":{"unit":"px","top":"0","right":"0","bottom":"0","left":"0","isLinked":"1"},"field_text_color":"#5F5B5B"},"elements":[],"isInner":false,"widgetType":"form","elType":"widget"}],"isInner":"","elType":"column"},{"id":"471d3035","settings":{"_column_size":"50","background_background":"classic","background_position":"center center","background_repeat":"no-repeat","background_size":"cover","_inline_size_tablet":"100","background_position_tablet":"center right","padding":{"unit":"%","top":"0","right":"15.8","bottom":"0","left":"0","isLinked":""},"padding_mobile":{"unit":"%","top":"4","right":"0","bottom":"24","left":"0","isLinked":""},"padding_tablet":{"unit":"%","top":"8","right":"7","bottom":"14","left":"7","isLinked":""},"_inline_size":"45"},"elements":[{"id":"4763c69f","settings":{"blockquote_skin":"quotation","alignment":"center","blockquote_content":"\u201cMy goal is to help my patients break through barriers that keep them from reaching their full potential and live a happier life.\u201d","author_name":"\u2015 Dr. Janet Parker \u2015 ","tweet_button":"","tweet_button_skin":"link","tweet_button_label":"Tweet","quote_size":{"unit":"px","size":"1.6","sizes":[]},"quote_gap":{"unit":"px","size":"0","sizes":[]},"_padding":{"unit":"%","top":"4","right":"14","bottom":"12","left":"14","isLinked":""},"motion_fx_motion_fx_scrolling":"yes","motion_fx_translateY_effect":"yes","motion_fx_translateY_speed":{"unit":"px","size":"1.1","sizes":[]},"_background_background":"classic","_background_color":"#FFFFFF","_box_shadow_box_shadow_type":"yes","_box_shadow_box_shadow":{"horizontal":"0","vertical":"8","blur":"22","spread":"0","color":"rgba(0, 0, 0, 0.08)"},"_padding_mobile":{"unit":"%","top":"2","right":"4","bottom":"16","left":"4","isLinked":""},"motion_fx_devices":["desktop"],"author_typography_typography":"custom","author_typography_font_weight":"200","content_typography_typography":"custom","content_typography_font_family":"Prompt","content_typography_font_size":{"unit":"px","size":"16","sizes":[]},"content_typography_font_size_tablet":{"unit":"px","size":"15","sizes":[]},"content_typography_font_size_mobile":{"unit":"px","size":"14","sizes":[]},"content_typography_font_weight":"300","content_typography_font_style":"normal","content_typography_line_height":{"unit":"px","size":"22","sizes":[]},"content_typography_line_height_tablet":{"unit":"px","size":"21","sizes":[]},"content_typography_line_height_mobile":{"unit":"px","size":"20","sizes":[]},"author_typography_font_family":"Prompt"},"elements":[],"isInner":false,"widgetType":"blockquote","elType":"widget"}],"isInner":"","elType":"column"}],"isInner":"","elType":"section"}],"page_settings":{"background_background":"classic","background_color":"#E5E9EF"}}