{"version":"0.4","title":"Psychologist-Pricing-page","type":"page","content":[{"id":"24c9ee18","settings":{"layout":"full_width","gap":"no","height":"min-height","custom_height":{"unit":"vh","size":"90","sizes":[]},"column_position":"stretch","content_position":"middle","overflow":"hidden","structure":"20","padding":{"unit":"%","top":"","right":"","bottom":"","left":"","isLinked":"1"},"_title":"hero","custom_height_tablet":{"unit":"vh","size":"56","sizes":[]},"reverse_order_mobile":"reverse-mobile","reverse_order_tablet":"reverse-tablet","_timestamp_":"v1Smpyb2xHWDFzTnAyd291dVQ4THc0UT09"},"elements":[{"id":"7edc0390","settings":{"_column_size":"50","padding":{"unit":"%","top":"0","right":"0","bottom":"0","left":"0","isLinked":""},"space_between_widgets":"0","_inline_size_tablet":"100","padding_tablet":{"unit":"%","top":"8","right":"7","bottom":"8","left":"7","isLinked":""},"padding_mobile":{"unit":"%","top":"12","right":"7","bottom":"13","left":"7","isLinked":""}},"elements":[{"id":"47d6ebab","settings":{"title":"Therapy Session Rates","header_size":"h1","_padding":{"unit":"%","top":"0","right":"8","bottom":"10","left":"15.8","isLinked":""},"_margin":{"unit":"px","top":"0","right":"0","bottom":"0","left":"-3","isLinked":""},"_padding_tablet":{"unit":"%","top":"0","right":"0","bottom":"10","left":"0","isLinked":""},"_padding_mobile":{"unit":"%","top":"0","right":"0","bottom":"12","left":"0","isLinked":""},"align_mobile":"left","typography_text_transform":"capitalize","_animation":"fadeIn","align_tablet":"center","title_color":"#65768B","typography_typography":"custom","typography_font_family":"Prompt","typography_font_size":{"unit":"px","size":"80","sizes":[]},"typography_font_size_tablet":{"unit":"px","size":"48","sizes":[]},"typography_font_size_mobile":{"unit":"px","size":"36","sizes":[]},"typography_font_weight":"100","typography_line_height":{"unit":"px","size":"82","sizes":[]},"typography_line_height_tablet":{"unit":"px","size":"56","sizes":[]},"typography_line_height_mobile":{"unit":"px","size":"44","sizes":[]},"typography_letter_spacing_tablet":{"unit":"px","size":"-1","sizes":[]},"_margin_tablet":{"unit":"px","top":"0","right":"0","bottom":"0","left":"0","isLinked":""},"animation_duration":"fast"},"elements":[],"isInner":false,"widgetType":"heading","elType":"widget"},{"id":"94989d9","settings":{"gap":"no","height_inner":"min-height","custom_height_inner":{"unit":"px","size":"165","sizes":[]},"content_position":"top","structure":"30","background_background":"classic","padding":{"unit":"%","top":"0","right":"8","bottom":"0","left":"0","isLinked":""},"padding_tablet":{"unit":"px","top":"0","right":"0","bottom":"0","left":"0","isLinked":""},"motion_fx_motion_fx_scrolling":"yes","motion_fx_translateY_effect":"yes","motion_fx_translateY_speed":{"unit":"px","size":"2","sizes":[]},"motion_fx_devices":["desktop"]},"elements":[{"id":"6f25c3de","settings":{"_column_size":"33","_inline_size":"41.067","_inline_size_tablet":"33.3","space_between_widgets":"0","background_background":"classic","background_color":"#FFFFFF","padding":{"unit":"%","top":"0","right":"5","bottom":"0","left":"42","isLinked":""},"padding_tablet":{"unit":"px","top":"0","right":"0","bottom":"0","left":"0","isLinked":""},"padding_mobile":{"unit":"%","top":"10","right":"14","bottom":"8","left":"14","isLinked":""}},"elements":[{"id":"68e4d217","settings":{"editor":"Individual Therapy","align_mobile":"center","text_color":"#65768B","_padding":{"unit":"px","top":"44","right":"0","bottom":"0","left":"0","isLinked":""},"align_tablet":"center","_padding_mobile":{"unit":"%","top":"0","right":"0","bottom":"0","left":"0","isLinked":""},"typography_typography":"custom","typography_font_family":"Prompt","typography_font_size":{"unit":"px","size":"16","sizes":[]},"typography_font_size_tablet":{"unit":"px","size":"15","sizes":[]},"typography_font_size_mobile":{"unit":"px","size":"14","sizes":[]},"typography_font_weight":"300","typography_line_height":{"unit":"px","size":"22","sizes":[]},"typography_line_height_tablet":{"unit":"px","size":"21","sizes":[]},"typography_line_height_mobile":{"unit":"px","size":"20","sizes":[]},"_padding_tablet":{"unit":"px","top":"44","right":"0","bottom":"0","left":"0","isLinked":""},"_animation":"fadeIn"},"elements":[],"isInner":false,"widgetType":"text-editor","elType":"widget"},{"id":"4df6e959","settings":{"width":{"unit":"px","size":"142","sizes":[]},"align":"left","align_mobile":"center","text":"Divider","color":"#9AA8BA","align_tablet":"center"},"elements":[],"isInner":false,"widgetType":"divider","elType":"widget"},{"id":"1ec0e6d2","settings":{"editor":"$215 \/ 50 min","align":"left","align_mobile":"center","text_color":"#65768B","typography_typography":"custom","typography_font_size":{"unit":"px","size":"22","sizes":[]},"align_tablet":"center","typography_font_family":"Prompt","typography_font_weight":"300","typography_line_height":{"unit":"px","size":"24","sizes":[]},"typography_letter_spacing":{"unit":"px","size":"-0.6","sizes":[]}},"elements":[],"isInner":false,"widgetType":"text-editor","elType":"widget"}],"isInner":"1","elType":"column"},{"id":"756d377b","settings":{"_column_size":"33","_inline_size":"31.867","_inline_size_tablet":"33.3","space_between_widgets":"0","background_background":"classic","background_color":"#FFFFFF","padding":{"unit":"%","top":"0","right":"25","bottom":"0","left":"12","isLinked":""},"padding_tablet":{"unit":"px","top":"0","right":"0","bottom":"0","left":"0","isLinked":""},"padding_mobile":{"unit":"%","top":"8","right":"14","bottom":"8","left":"14","isLinked":""}},"elements":[{"id":"1cfd7cb7","settings":{"editor":"Couples' Therapy\n","align_mobile":"center","text_color":"#65768B","_padding":{"unit":"px","top":"44","right":"0","bottom":"0","left":"0","isLinked":""},"align_tablet":"center","_padding_mobile":{"unit":"%","top":"0","right":"0","bottom":"0","left":"0","isLinked":""},"typography_typography":"custom","typography_font_family":"Prompt","typography_font_size":{"unit":"px","size":"16","sizes":[]},"typography_font_size_tablet":{"unit":"px","size":"15","sizes":[]},"typography_font_size_mobile":{"unit":"px","size":"14","sizes":[]},"typography_font_weight":"300","typography_line_height":{"unit":"px","size":"22","sizes":[]},"typography_line_height_tablet":{"unit":"px","size":"21","sizes":[]},"typography_line_height_mobile":{"unit":"px","size":"20","sizes":[]},"_padding_tablet":{"unit":"px","top":"44","right":"0","bottom":"0","left":"0","isLinked":""},"_animation":"fadeIn"},"elements":[],"isInner":false,"widgetType":"text-editor","elType":"widget"},{"id":"75d9213c","settings":{"width":{"unit":"px","size":"150","sizes":[]},"align":"left","align_mobile":"center","text":"Divider","color":"#9AA8BA","align_tablet":"center"},"elements":[],"isInner":false,"widgetType":"divider","elType":"widget"},{"id":"6e373fb3","settings":{"editor":"<p>$245 \/ 50 min<\/p>","align":"left","align_mobile":"center","text_color":"#65768B","typography_typography":"custom","typography_font_size":{"unit":"px","size":"22","sizes":[]},"align_tablet":"center","typography_font_family":"Prompt","typography_font_weight":"300","typography_line_height":{"unit":"px","size":"24","sizes":[]},"typography_letter_spacing":{"unit":"px","size":"-0.6","sizes":[]}},"elements":[],"isInner":false,"widgetType":"text-editor","elType":"widget"}],"isInner":"1","elType":"column"},{"id":"4e12755","settings":{"_column_size":"33","_inline_size":"26.622","_inline_size_tablet":"33.3","space_between_widgets":"0","background_background":"classic","background_color":"#FFFFFF","padding":{"unit":"%","top":"0","right":"26","bottom":"0","left":"0","isLinked":""},"padding_tablet":{"unit":"px","top":"0","right":"0","bottom":"0","left":"0","isLinked":""},"padding_mobile":{"unit":"%","top":"8","right":"14","bottom":"10","left":"14","isLinked":""}},"elements":[{"id":"473cc74d","settings":{"editor":"Family Therapy\n","align_mobile":"center","text_color":"#65768B","_padding":{"unit":"px","top":"44","right":"0","bottom":"0","left":"0","isLinked":""},"align_tablet":"center","_padding_mobile":{"unit":"%","top":"0","right":"0","bottom":"0","left":"0","isLinked":""},"typography_typography":"custom","typography_font_family":"Prompt","typography_font_size":{"unit":"px","size":"16","sizes":[]},"typography_font_size_tablet":{"unit":"px","size":"15","sizes":[]},"typography_font_size_mobile":{"unit":"px","size":"14","sizes":[]},"typography_font_weight":"300","typography_line_height":{"unit":"px","size":"22","sizes":[]},"typography_line_height_tablet":{"unit":"px","size":"21","sizes":[]},"typography_line_height_mobile":{"unit":"px","size":"20","sizes":[]},"_padding_tablet":{"unit":"px","top":"44","right":"0","bottom":"0","left":"0","isLinked":""},"_animation":"fadeIn"},"elements":[],"isInner":false,"widgetType":"text-editor","elType":"widget"},{"id":"4c76002b","settings":{"width":{"unit":"px","size":"150","sizes":[]},"align":"left","align_mobile":"center","text":"Divider","color":"#9AA8BA","align_tablet":"center"},"elements":[],"isInner":false,"widgetType":"divider","elType":"widget"},{"id":"1657c937","settings":{"editor":"<p>$265 \/ 50 min<\/p>","align":"left","align_mobile":"center","text_color":"#65768B","typography_typography":"custom","typography_font_size":{"unit":"px","size":"22","sizes":[]},"align_tablet":"center","typography_font_family":"Prompt","typography_font_weight":"300","typography_line_height":{"unit":"px","size":"24","sizes":[]},"typography_letter_spacing":{"unit":"px","size":"-0.6","sizes":[]}},"elements":[],"isInner":false,"widgetType":"text-editor","elType":"widget"}],"isInner":"1","elType":"column"}],"isInner":"1","elType":"section"}],"isInner":"","elType":"column"},{"id":"1ed6b954","settings":{"_column_size":"50","background_background":"classic","background_image":{"id":27,"url":"http:\/\/localhost\/dieuhau\/wp-content\/uploads\/2021\/03\/fees-hero-pic.jpg"},"background_position":"center center","background_repeat":"no-repeat","background_size":"cover","_inline_size_tablet":"100","background_position_tablet":"top center"},"elements":[{"id":"1075568c","settings":{"space_mobile":{"unit":"px","size":"315","sizes":[]},"space_tablet":{"unit":"px","size":"480","sizes":[]}},"elements":[],"isInner":false,"widgetType":"spacer","elType":"widget"}],"isInner":"","elType":"column"}],"isInner":"","elType":"section"},{"id":"1017edf9","settings":{"layout":"full_width","gap":"no","custom_height":{"unit":"vh","size":"90","sizes":[]},"column_position":"stretch","content_position":"top","overflow":"hidden","structure":"20","padding":{"unit":"%","top":"14","right":"0","bottom":"14","left":"0","isLinked":""},"_title":"more info","custom_height_tablet":{"unit":"vh","size":"50","sizes":[]},"padding_tablet":{"unit":"%","top":"6","right":"0","bottom":"14","left":"0","isLinked":""},"padding_mobile":{"unit":"%","top":"8","right":"7","bottom":"14","left":"7","isLinked":""},"_element_id":"moreinfo","_timestamp_":"v1Smpyb2xHWDFzTnAyd291dVQ4THc0UT09"},"elements":[{"id":"56dc633b","settings":{"_column_size":"50","padding":{"unit":"%","top":"0","right":"12","bottom":"0","left":"15.8","isLinked":""},"space_between_widgets":"0","background_background":"classic","_inline_size_tablet":"100","padding_tablet":{"unit":"%","top":"0","right":"7","bottom":"0","left":"7","isLinked":""},"padding_mobile":{"unit":"%","top":"0","right":"0","bottom":"0","left":"0","isLinked":""},"animation":"fadeIn","animation_mobile":"none"},"elements":[{"id":"7f193eac","settings":{"title":"Areas of Expertise","_padding":{"unit":"px","top":"0","right":"0","bottom":"15","left":"0","isLinked":""},"_padding_tablet":{"unit":"%","top":"0","right":"0","bottom":"3","left":"0","isLinked":""},"_padding_mobile":{"unit":"%","top":"0","right":"0","bottom":"8","left":"0","isLinked":""},"header_size":"h3","title_color":"#65768B","typography_typography":"custom","typography_font_family":"Prompt","typography_font_size":{"unit":"px","size":"22","sizes":[]},"typography_font_size_tablet":{"unit":"px","size":"20","sizes":[]},"typography_font_size_mobile":{"unit":"px","size":"18","sizes":[]},"typography_font_weight":"300","typography_text_transform":"capitalize","typography_line_height":{"unit":"px","size":"26","sizes":[]},"typography_line_height_tablet":{"unit":"px","size":"24","sizes":[]}},"elements":[],"isInner":false,"widgetType":"heading","elType":"widget"},{"id":"4f7c0159","settings":{"editor":"Morbi ut vestibulum nunc, eget iaculis massa. Vivamus eget eleifend velit. Nullam metus enim, consequat in maximus ut, rutrum sed leo. Quisque vitae feugiat dolor, eget egestas velit. Cras interdum dolor ut vulputate interdum. Duis et ligula suscipit, porttitor elit vitae, pellentesque metus. Aliquam tempor felis quis nisi placerat, quis dictum enim ","_padding":{"unit":"%","top":"0","right":"0","bottom":"7","left":"0","isLinked":""},"_padding_tablet":{"unit":"%","top":"0","right":"0","bottom":"6","left":"0","isLinked":""},"_padding_mobile":{"unit":"%","top":"0","right":"0","bottom":"10","left":"0","isLinked":""},"align_mobile":"left","text_color":"#5F5B5B","typography_typography":"custom","typography_font_family":"Prompt","typography_font_size":{"unit":"px","size":"16","sizes":[]},"typography_font_size_tablet":{"unit":"px","size":"15","sizes":[]},"typography_font_size_mobile":{"unit":"px","size":"14","sizes":[]},"typography_font_weight":"300","typography_line_height":{"unit":"px","size":"22","sizes":[]},"typography_line_height_tablet":{"unit":"px","size":"21","sizes":[]},"typography_line_height_mobile":{"unit":"px","size":"20","sizes":[]},"_animation":"fadeIn"},"elements":[],"isInner":false,"widgetType":"text-editor","elType":"widget"},{"id":"45a2bca4","settings":{"title":"Cancellations","_padding":{"unit":"px","top":"0","right":"0","bottom":"15","left":"0","isLinked":""},"_padding_tablet":{"unit":"%","top":"0","right":"0","bottom":"3","left":"0","isLinked":""},"_padding_mobile":{"unit":"%","top":"0","right":"0","bottom":"8","left":"0","isLinked":""},"header_size":"h3","title_color":"#65768B","typography_typography":"custom","typography_font_family":"Prompt","typography_font_size":{"unit":"px","size":"22","sizes":[]},"typography_font_size_tablet":{"unit":"px","size":"20","sizes":[]},"typography_font_size_mobile":{"unit":"px","size":"18","sizes":[]},"typography_font_weight":"300","typography_text_transform":"capitalize","typography_line_height":{"unit":"px","size":"26","sizes":[]},"typography_line_height_tablet":{"unit":"px","size":"24","sizes":[]}},"elements":[],"isInner":false,"widgetType":"heading","elType":"widget"},{"id":"1f705023","settings":{"editor":"Morbi ut vestibulum nunc, eget iaculis massa. Vivamus eget eleifend velit. Nullam metus enim, consequat in maximus ut, rutrum sed leo. Quisque vitae feugiat dolor, eget egestas velit. Cras interdum dolor ut vulputate interdum. Duis et ligula suscipit, porttitor elit vitae, pellentesque metus. Aliquam tempor felis quis nisi placerat, quis dictum enim ","_padding":{"unit":"%","top":"0","right":"0","bottom":"0","left":"0","isLinked":""},"_padding_tablet":{"unit":"%","top":"0","right":"0","bottom":"6","left":"0","isLinked":""},"_padding_mobile":{"unit":"%","top":"0","right":"0","bottom":"10","left":"0","isLinked":""},"align_mobile":"left","text_color":"#5F5B5B","typography_typography":"custom","typography_font_family":"Prompt","typography_font_size":{"unit":"px","size":"16","sizes":[]},"typography_font_size_tablet":{"unit":"px","size":"15","sizes":[]},"typography_font_size_mobile":{"unit":"px","size":"14","sizes":[]},"typography_font_weight":"300","typography_line_height":{"unit":"px","size":"22","sizes":[]},"typography_line_height_tablet":{"unit":"px","size":"21","sizes":[]},"typography_line_height_mobile":{"unit":"px","size":"20","sizes":[]},"_animation":"fadeIn"},"elements":[],"isInner":false,"widgetType":"text-editor","elType":"widget"}],"isInner":"","elType":"column"},{"id":"1ce18481","settings":{"_column_size":"50","background_background":"classic","background_position":"center center","background_repeat":"no-repeat","background_size":"cover","_inline_size_tablet":"100","background_position_tablet":"center right","padding":{"unit":"%","top":"0","right":"15.8","bottom":"0","left":"0","isLinked":""},"padding_mobile":{"unit":"%","top":"0","right":"0","bottom":"0","left":"0","isLinked":""},"padding_tablet":{"unit":"%","top":"0","right":"7","bottom":"0","left":"7","isLinked":""},"space_between_widgets":"0","animation":"fadeIn","animation_delay":"200","animation_mobile":"none"},"elements":[{"id":"126d757","settings":{"title":"Health Insurance","_padding":{"unit":"px","top":"0","right":"0","bottom":"15","left":"0","isLinked":""},"_padding_tablet":{"unit":"%","top":"0","right":"0","bottom":"3","left":"0","isLinked":""},"_padding_mobile":{"unit":"%","top":"0","right":"0","bottom":"8","left":"0","isLinked":""},"header_size":"h3","title_color":"#65768B","typography_typography":"custom","typography_font_family":"Prompt","typography_font_size":{"unit":"px","size":"22","sizes":[]},"typography_font_size_tablet":{"unit":"px","size":"20","sizes":[]},"typography_font_size_mobile":{"unit":"px","size":"18","sizes":[]},"typography_font_weight":"300","typography_text_transform":"capitalize","typography_line_height":{"unit":"px","size":"26","sizes":[]},"typography_line_height_tablet":{"unit":"px","size":"24","sizes":[]}},"elements":[],"isInner":false,"widgetType":"heading","elType":"widget"},{"id":"27832870","settings":{"editor":"Lorem ipsum dolor sit amet, consectet adipiscing\u00a0elit,sed do eiusm por incididunt ut labore et dolore magna aliqua. Ut enim ad minim veniam, quis nostrud exercitation ullamco laboris nisi ut aliquip ex ea sint occaecat cupidatat non proident, sunt in culpa qui officia mollit natoque consequat massa quis enim. Donec pede justo, fringilla vitae, eleifend acer sem neque sed ipsum. Nam quam nunc, blandit vel, ridiculus mus. Donec Lorem ipsum dolor sit amet, consectet adipiscing\u00a0elit,sed do eiusm por incididunt ut labore et dolore magna aliqua. Ut enim ad minim veniam, quis nostrud exercitation ullamco laboris nisi ut aliquip ex ea sint occaecat cupidatat non proident, sunt in culpa Lorem ipsum dolor sit amet, consectet adipiscing\u00a0elit,sed do eiusm por incididunt ut qui officia mollit natoque consequat massa quis enim. Donec pede justo, fringilla vitae, eleifend acer sem neque sed ipsum. Nam quam nunc, blandit vel, ridiculus mus. Donec Lorem ipsum dolor sit amet, consectet adipiscing\u00a0elit,sed do eiusm por incididunt ut labore et dolore magna aliqua. Ut enim ad minim veniam, quis nostrud exercitation ullamco laboris nisi ut aliquip ex ea sint occaecat cupidatat non proident, sunt in culpa ","_padding":{"unit":"%","top":"0","right":"0","bottom":"0","left":"0","isLinked":""},"_padding_tablet":{"unit":"%","top":"0","right":"0","bottom":"6","left":"0","isLinked":""},"_padding_mobile":{"unit":"%","top":"0","right":"0","bottom":"10","left":"0","isLinked":""},"align_mobile":"left","text_color":"#5F5B5B","typography_typography":"custom","typography_font_family":"Prompt","typography_font_size":{"unit":"px","size":"16","sizes":[]},"typography_font_size_tablet":{"unit":"px","size":"15","sizes":[]},"typography_font_size_mobile":{"unit":"px","size":"14","sizes":[]},"typography_font_weight":"300","typography_line_height":{"unit":"px","size":"22","sizes":[]},"typography_line_height_tablet":{"unit":"px","size":"21","sizes":[]},"typography_line_height_mobile":{"unit":"px","size":"20","sizes":[]},"_animation":"fadeIn"},"elements":[],"isInner":false,"widgetType":"text-editor","elType":"widget"}],"isInner":"","elType":"column"}],"isInner":"","elType":"section"}],"page_settings":{"background_background":"classic","background_color":"#E5E9EF"}}