{"version":"0.4","title":"Psychologist-About-page","type":"page","content":[{"id":"4d1d441f","settings":{"layout":"full_width","gap":"no","height":"min-height","custom_height":{"unit":"vh","size":"90","sizes":[]},"column_position":"stretch","content_position":"middle","overflow":"hidden","structure":"20","padding":{"unit":"%","top":"","right":"","bottom":"","left":"","isLinked":"1"},"_title":"Hero","custom_height_tablet":{"unit":"vh","size":"90","sizes":[]},"reverse_order_mobile":"reverse-mobile","reverse_order_tablet":"reverse-tablet","_timestamp_":"v1Smpyb2xHWDFzTnAyd291dVQ4THc0UT09"},"elements":[{"id":"48440ee1","settings":{"_column_size":"50","padding":{"unit":"%","top":"0","right":"0","bottom":"0","left":"15.8","isLinked":""},"space_between_widgets":"0","_inline_size_tablet":"100","padding_tablet":{"unit":"%","top":"8","right":"0","bottom":"0","left":"7","isLinked":""},"padding_mobile":{"unit":"%","top":"12","right":"7","bottom":"13","left":"7","isLinked":""}},"elements":[{"id":"60195853","settings":{"title":"Janet Parker, PhD","header_size":"h1","_padding":{"unit":"%","top":"0","right":"8","bottom":"2","left":"0","isLinked":""},"_margin":{"unit":"px","top":"0","right":"0","bottom":"0","left":"-3","isLinked":""},"_padding_tablet":{"unit":"%","top":"0","right":"0","bottom":"2","left":"0","isLinked":""},"_padding_mobile":{"unit":"%","top":"0","right":"0","bottom":"4","left":"0","isLinked":""},"align_mobile":"left","typography_text_transform":"capitalize","_animation":"fadeIn","animation_duration":"fast","title_color":"#65768B","typography_typography":"custom","typography_font_family":"Prompt","typography_font_size":{"unit":"px","size":"80","sizes":[]},"typography_font_size_tablet":{"unit":"px","size":"48","sizes":[]},"typography_font_size_mobile":{"unit":"px","size":"36","sizes":[]},"typography_font_weight":"100","typography_line_height":{"unit":"px","size":"82","sizes":[]},"typography_line_height_tablet":{"unit":"px","size":"56","sizes":[]},"typography_line_height_mobile":{"unit":"px","size":"44","sizes":[]},"typography_letter_spacing_tablet":{"unit":"px","size":"-1","sizes":[]}},"elements":[],"isInner":false,"widgetType":"heading","elType":"widget"},{"id":"a24e9e1","settings":{"title":"Licensed Clinical Psychologist","header_size":"h4","_padding":{"unit":"%","top":"0","right":"0","bottom":"5","left":"0","isLinked":""},"_padding_mobile":{"unit":"%","top":"0","right":"0","bottom":"8","left":"0","isLinked":""},"_animation":"fadeIn","title_color":"#65768B","typography_typography":"custom","typography_font_family":"Prompt","typography_font_size":{"unit":"px","size":"16","sizes":[]},"typography_font_size_tablet":{"unit":"px","size":"15","sizes":[]},"typography_font_size_mobile":{"unit":"px","size":"14","sizes":[]},"typography_font_weight":"400","typography_text_transform":"uppercase","typography_line_height":{"unit":"px","size":"24","sizes":[]},"typography_line_height_tablet":{"unit":"px","size":"23","sizes":[]},"typography_line_height_mobile":{"unit":"px","size":"22","sizes":[]},"typography_letter_spacing":{"unit":"px","size":"1.33","sizes":[]},"typography_letter_spacing_tablet":{"unit":"px","size":"1.2","sizes":[]},"typography_letter_spacing_mobile":{"unit":"px","size":"1.1","sizes":[]}},"elements":[],"isInner":false,"widgetType":"heading","elType":"widget"},{"id":"2043b252","settings":{"editor":"Lorem ipsum dolor sit amet, consectet adipiscing\u00a0elit,sed do eiusm por incididunt ut labore et dolore magna aliqua. Ut enim ad minim veniam, quis nostrud exercitation ullamco laboris nisi ut aliquip ex ea sint occaecat cupidatat non proident, sunt in culpa qui officia mollit natoque consequat massa quis enim. Donec pede justo, fringilla vitae, eleifend acer sem neque sed ipsum. Nam quam nunc, blandit vel, ridiculus mus. ","_padding":{"unit":"%","top":"0","right":"24","bottom":"5","left":"0","isLinked":""},"_padding_tablet":{"unit":"%","top":"0","right":"8","bottom":"14","left":"0","isLinked":""},"_padding_mobile":{"unit":"%","top":"0","right":"0","bottom":"16","left":"0","isLinked":""},"align_mobile":"left","_animation":"fadeIn","text_color":"#5F5B5B","typography_typography":"custom","typography_font_family":"Prompt","typography_font_size":{"unit":"px","size":"16","sizes":[]},"typography_font_size_tablet":{"unit":"px","size":"15","sizes":[]},"typography_font_size_mobile":{"unit":"px","size":"14","sizes":[]},"typography_font_weight":"300","typography_line_height":{"unit":"px","size":"22","sizes":[]},"typography_line_height_tablet":{"unit":"px","size":"21","sizes":[]},"typography_line_height_mobile":{"unit":"px","size":"20","sizes":[]}},"elements":[],"isInner":false,"widgetType":"text-editor","elType":"widget"},{"id":"5bc5067","settings":{"selected_icon":{"value":{"id":8,"url":"http:\/\/localhost\/dieuhau\/wp-content\/uploads\/2021\/03\/scroll-down-icon.svg"},"library":"svg"},"view":"stacked","shape":"square","link":{"url":"#credentials","is_external":"","nofollow":"","custom_attributes":""},"primary_color":"#CBD2DB","hover_primary_color":"#9AA8BA","size":{"unit":"px","size":"30","sizes":[]},"_margin":{"unit":"px","top":"0","right":"0","bottom":"-6","left":"0","isLinked":""},"_element_width":"auto","_position":"absolute","_offset_orientation_h":"end","_offset_x_end":{"unit":"%","size":"0","sizes":[]},"_offset_orientation_v":"end","_offset_y_end":{"unit":"%","size":"0","sizes":[]},"hide_mobile":"hidden-phone","_animation":"fadeInDown","animation_duration":"slow","_animation_delay":"500","_offset_x_end_mobile":{"unit":"%","size":"-7","sizes":[]},"_offset_y_end_mobile":{"unit":"%","size":"-13","sizes":[]}},"elements":[],"isInner":false,"widgetType":"icon","elType":"widget"}],"isInner":"","elType":"column"},{"id":"4d49ef81","settings":{"_column_size":"50","background_background":"classic","background_image":{"id":9,"url":"http:\/\/localhost\/dieuhau\/wp-content\/uploads\/2021\/03\/about-hero-pic.jpg"},"background_position":"center center","background_repeat":"no-repeat","background_size":"cover","_inline_size_tablet":"100","background_position_tablet":"top center"},"elements":[{"id":"43391899","settings":{"space_mobile":{"unit":"px","size":"270","sizes":[]},"space_tablet":{"unit":"px","size":"480","sizes":[]}},"elements":[],"isInner":false,"widgetType":"spacer","elType":"widget"}],"isInner":"","elType":"column"}],"isInner":"","elType":"section"},{"id":"513fc1b6","settings":{"gap":"no","custom_height":{"unit":"vh","size":"70","sizes":[]},"column_position":"stretch","content_position":"bottom","overflow":"hidden","padding":{"unit":"%","top":"0","right":"4","bottom":"14","left":"4","isLinked":""},"_title":"Professional Credentials","custom_height_tablet":{"unit":"vh","size":"75","sizes":[]},"content_width":{"unit":"px","size":"1350","sizes":[]},"padding_tablet":{"unit":"%","top":"7","right":"7","bottom":"14","left":"7","isLinked":""},"height":"min-height","_element_id":"credentials","padding_mobile":{"unit":"%","top":"0","right":"7","bottom":"28","left":"7","isLinked":""},"_timestamp_":"v1Smpyb2xHWDFzTnAyd291dVQ4THc0UT09"},"elements":[{"id":"5d8018ae","settings":{"_column_size":"100","padding":{"unit":"%","top":"","right":"","bottom":"","left":"","isLinked":"1"},"space_between_widgets":"0","background_background":"classic","_inline_size_tablet":"100","padding_tablet":{"unit":"%","top":"","right":"","bottom":"","left":"","isLinked":"1"},"padding_mobile":{"unit":"%","top":"","right":"","bottom":"","left":"","isLinked":"1"}},"elements":[{"id":"47b932e1","settings":{"title":"Professional Credentials","_padding":{"unit":"%","top":"0","right":"0","bottom":"5","left":"0","isLinked":""},"_padding_tablet":{"unit":"%","top":"0","right":"0","bottom":"8","left":"0","isLinked":""},"_padding_mobile":{"unit":"%","top":"0","right":"0","bottom":"12","left":"0","isLinked":""},"align":"center","typography_text_transform":"capitalize","align_mobile":"left","_animation":"fadeInUp","_animation_mobile":"none","title_color":"#9AA8BA","typography_typography":"custom","typography_font_family":"Prompt","typography_font_size":{"unit":"px","size":"40","sizes":[]},"typography_font_size_tablet":{"unit":"px","size":"36","sizes":[]},"typography_font_size_mobile":{"unit":"px","size":"24","sizes":[]},"typography_font_weight":"100","typography_line_height":{"unit":"px","size":"44","sizes":[]},"typography_line_height_tablet":{"unit":"px","size":"40","sizes":[]},"typography_line_height_mobile":{"unit":"px","size":"30","sizes":[]},"typography_letter_spacing_mobile":{"unit":"px","size":"-0.5","sizes":[]},"motion_fx_translateY_speed":{"unit":"px","size":"0.4","sizes":[]},"motion_fx_devices":["desktop","tablet"],"align_tablet":"left"},"elements":[],"isInner":false,"widgetType":"heading","elType":"widget"},{"id":"6e443cbb","settings":{"gap":"no","structure":"30","padding":{"unit":"%","top":"0","right":"0","bottom":"0","left":"0","isLinked":""},"padding_tablet":{"unit":"%","top":"0","right":"0","bottom":"8","left":"0","isLinked":""},"padding_mobile":{"unit":"%","top":"0","right":"0","bottom":"0","left":"0","isLinked":""},"layout":"full_width"},"elements":[{"id":"4b78a67c","settings":{"_column_size":"33","_inline_size_mobile":"100","padding_mobile":{"unit":"%","top":"0","right":"0","bottom":"16","left":"0","isLinked":""},"space_between_widgets":"0","padding":{"unit":"%","top":"0","right":"18","bottom":"0","left":"0","isLinked":""},"_inline_size_tablet":"100","padding_tablet":{"unit":"%","top":"0","right":"0","bottom":"8","left":"0","isLinked":""},"animation":"fadeIn","animation_duration":"fast","animation_delay":"200","animation_mobile":"none"},"elements":[{"id":"7e80065e","settings":{"title":"Licenses &amp; Certifications","header_size":"h3","align_tablet":"left","align_mobile":"left","title_color":"#5F5B5B","typography_typography":"custom","typography_font_family":"Prompt","typography_font_size":{"unit":"px","size":"22","sizes":[]},"typography_font_weight":"300","typography_text_transform":"capitalize","typography_line_height":{"unit":"px","size":"26","sizes":[]},"_padding":{"unit":"%","top":"0","right":"0","bottom":"2","left":"0","isLinked":""}},"elements":[],"isInner":false,"widgetType":"heading","elType":"widget"},{"id":"71b0e09c","settings":{"text":"Divider","color":"#9AA8BA","gap":{"unit":"px","size":"0","sizes":[]},"_padding":{"unit":"px","top":"8","right":"0","bottom":"18","left":"0","isLinked":""},"align_tablet":"center"},"elements":[],"isInner":false,"widgetType":"divider","elType":"widget"},{"id":"7a2b3907","settings":{"editor":"<ul><li>Lorem ipsum dolor sit Lorem ipsum dolor sit amet, consectet elit,sed do eiusm por incididunt Aenean commodo ligula eget dolor<br \/><br \/><\/li><li>Lorem ipsum dolor sit Lorem ipsum dolor sit amet, consectet elit,sed do eiusm por incididunt Aenean commodo ligula eget dolor<br \/><br \/><\/li><li>Lorem ipsum dolor sit Lorem ipsum dolor sit amet, consectet elit,sed do eiusm por incididunt Aenean commodo ligula eget dolor<\/li><\/ul>","typography_line_height":{"unit":"px","size":"22","sizes":[]},"_margin":{"unit":"px","top":"0","right":"0","bottom":"0","left":"-22","isLinked":""},"align_mobile":"left","text_color":"#5F5B5B","typography_typography":"custom","typography_font_family":"Prompt","typography_font_size":{"unit":"px","size":"16","sizes":[]},"typography_font_size_tablet":{"unit":"px","size":"15","sizes":[]},"typography_font_size_mobile":{"unit":"px","size":"14","sizes":[]},"typography_font_weight":"300","typography_line_height_tablet":{"unit":"px","size":"21","sizes":[]},"typography_line_height_mobile":{"unit":"px","size":"20","sizes":[]},"_padding":{"unit":"%","top":"0","right":"0","bottom":"0","left":"0","isLinked":""},"_padding_tablet":{"unit":"%","top":"0","right":"0","bottom":"0","left":"0","isLinked":""},"_padding_mobile":{"unit":"%","top":"0","right":"0","bottom":"0","left":"0","isLinked":""},"_animation":"fadeIn"},"elements":[],"isInner":false,"widgetType":"text-editor","elType":"widget"}],"isInner":"1","elType":"column"},{"id":"75f6f21c","settings":{"_column_size":"33","_inline_size_mobile":"100","padding_mobile":{"unit":"%","top":"0","right":"0","bottom":"16","left":"0","isLinked":""},"space_between_widgets":"0","padding":{"unit":"%","top":"0","right":"9","bottom":"0","left":"9","isLinked":""},"_inline_size_tablet":"50","padding_tablet":{"unit":"%","top":"0","right":"10","bottom":"0","left":"0","isLinked":""},"animation":"fadeIn","animation_duration":"fast","animation_delay":"400","animation_mobile":"none"},"elements":[{"id":"1e95c9b8","settings":{"title":"education background","header_size":"h3","align_tablet":"left","align_mobile":"left","title_color":"#5F5B5B","typography_typography":"custom","typography_font_family":"Prompt","typography_font_size":{"unit":"px","size":"22","sizes":[]},"typography_font_weight":"300","typography_text_transform":"capitalize","typography_line_height":{"unit":"px","size":"26","sizes":[]},"_padding":{"unit":"%","top":"0","right":"0","bottom":"2","left":"0","isLinked":""}},"elements":[],"isInner":false,"widgetType":"heading","elType":"widget"},{"id":"23287e56","settings":{"text":"Divider","color":"#9AA8BA","gap":{"unit":"px","size":"0","sizes":[]},"_padding":{"unit":"px","top":"8","right":"0","bottom":"18","left":"0","isLinked":""}},"elements":[],"isInner":false,"widgetType":"divider","elType":"widget"},{"id":"a708dcf","settings":{"editor":"<ul><li>Lorem ipsum dolor sit Lorem ipsum dolor sit amet, consectet elit,sed do eiusm por incididunt Aenean commodo ligula eget dolor<br \/><br \/><\/li><li>Lorem ipsum dolor sit Lorem ipsum dolor sit amet, consectet elit,sed do eiusm por incididunt Aenean commodo ligula eget dolor<br \/><br \/><\/li><li>Lorem ipsum dolor sit Lorem ipsum dolor sit amet, consectet elit,sed do eiusm por incididunt Aenean commodo ligula eget dolor<\/li><\/ul>","typography_line_height":{"unit":"px","size":"22","sizes":[]},"_margin":{"unit":"px","top":"0","right":"0","bottom":"0","left":"-22","isLinked":""},"align_mobile":"left","text_color":"#5F5B5B","typography_typography":"custom","typography_font_family":"Prompt","typography_font_size":{"unit":"px","size":"16","sizes":[]},"typography_font_size_tablet":{"unit":"px","size":"15","sizes":[]},"typography_font_size_mobile":{"unit":"px","size":"14","sizes":[]},"typography_font_weight":"300","typography_line_height_tablet":{"unit":"px","size":"21","sizes":[]},"typography_line_height_mobile":{"unit":"px","size":"20","sizes":[]},"_padding":{"unit":"%","top":"0","right":"0","bottom":"0","left":"0","isLinked":""},"_padding_tablet":{"unit":"%","top":"0","right":"0","bottom":"0","left":"0","isLinked":""},"_padding_mobile":{"unit":"%","top":"0","right":"0","bottom":"0","left":"0","isLinked":""},"_animation":"fadeIn"},"elements":[],"isInner":false,"widgetType":"text-editor","elType":"widget"}],"isInner":"1","elType":"column"},{"id":"4ab80ef4","settings":{"_column_size":"33","_inline_size_mobile":"100","space_between_widgets":"0","padding":{"unit":"%","top":"0","right":"0","bottom":"0","left":"18","isLinked":""},"padding_mobile":{"unit":"px","top":"0","right":"0","bottom":"0","left":"0","isLinked":""},"_inline_size_tablet":"50","padding_tablet":{"unit":"%","top":"0","right":"0","bottom":"0","left":"5","isLinked":""},"animation":"fadeIn","animation_duration":"fast","animation_delay":"600","animation_mobile":"none"},"elements":[{"id":"6ae48d2a","settings":{"title":"Professional Experience","header_size":"h3","align_tablet":"left","align_mobile":"left","title_color":"#5F5B5B","typography_typography":"custom","typography_font_family":"Prompt","typography_font_size":{"unit":"px","size":"22","sizes":[]},"typography_font_weight":"300","typography_text_transform":"capitalize","typography_line_height":{"unit":"px","size":"26","sizes":[]},"_padding":{"unit":"%","top":"0","right":"0","bottom":"2","left":"0","isLinked":""}},"elements":[],"isInner":false,"widgetType":"heading","elType":"widget"},{"id":"1a51e8ba","settings":{"text":"Divider","color":"#9AA8BA","gap":{"unit":"px","size":"0","sizes":[]},"_padding":{"unit":"px","top":"8","right":"0","bottom":"18","left":"0","isLinked":""}},"elements":[],"isInner":false,"widgetType":"divider","elType":"widget"},{"id":"7ef238f2","settings":{"editor":"<ul><li>Lorem ipsum dolor sit Lorem ipsum dolor sit amet, consectet elit,sed do eiusm por incididunt Aenean commodo ligula eget dolor<br \/><br \/><\/li><li>Lorem ipsum dolor sit Lorem ipsum dolor sit amet, consectet elit,sed do eiusm por incididunt Aenean commodo ligula eget dolor<br \/><br \/><\/li><li>Lorem ipsum dolor sit Lorem ipsum dolor sit amet, consectet elit,sed do eiusm por incididunt Aenean commodo ligula eget dolor<\/li><\/ul>","typography_line_height":{"unit":"px","size":"22","sizes":[]},"_margin":{"unit":"px","top":"0","right":"0","bottom":"0","left":"-22","isLinked":""},"_padding_tablet":{"unit":"%","top":"0","right":"0","bottom":"0","left":"0","isLinked":""},"align_mobile":"left","text_color":"#5F5B5B","typography_typography":"custom","typography_font_family":"Prompt","typography_font_size":{"unit":"px","size":"16","sizes":[]},"typography_font_size_tablet":{"unit":"px","size":"15","sizes":[]},"typography_font_size_mobile":{"unit":"px","size":"14","sizes":[]},"typography_font_weight":"300","typography_line_height_tablet":{"unit":"px","size":"21","sizes":[]},"typography_line_height_mobile":{"unit":"px","size":"20","sizes":[]},"_padding":{"unit":"%","top":"0","right":"0","bottom":"0","left":"0","isLinked":""},"_padding_mobile":{"unit":"%","top":"0","right":"0","bottom":"0","left":"0","isLinked":""},"_animation":"fadeIn"},"elements":[],"isInner":false,"widgetType":"text-editor","elType":"widget"}],"isInner":"1","elType":"column"}],"isInner":"1","elType":"section"}],"isInner":"","elType":"column"}],"isInner":"","elType":"section"}],"page_settings":{"background_background":"classic","background_color":"#E5E9EF"}}