{"version":"0.4","title":"Single-Page1","type":"page","content":[{"id":"9b700b3","settings":{"content_width":{"unit":"px","size":800},"margin":{"unit":"px","top":"50","right":0,"bottom":"50","left":0,"isLinked":true}},"elements":[{"id":"5fcc4e19","settings":{"_column_size":100,"background_background":"classic","background_color":"#ffffff","box_shadow_box_shadow_type":"yes","box_shadow_box_shadow":{"horizontal":0,"vertical":0,"blur":30,"spread":0,"color":"rgba(0,0,0,0.05)"},"padding":{"unit":"px","top":"50","right":"50","bottom":"30","left":"50","isLinked":false},"padding_mobile":{"unit":"px","top":"40","right":"20","bottom":"20","left":"20","isLinked":false}},"elements":[{"id":"7f9ba81e","settings":{"__dynamic__":{"title":"[elementor-tag id=\"\" name=\"post-title\" settings=\"%7B%22before%22%3A%22%22%2C%22after%22%3A%22%22%2C%22fallback%22%3A%22%22%7D\"]"},"title":"Add Your Heading Text Here","align":"center","_margin":{"unit":"px","top":"0","right":"0","bottom":"40","left":"0","isLinked":false},"title_color":"#000000"},"elements":[],"isInner":false,"widgetType":"theme-post-title","elType":"widget"},{"id":"9c635f5","settings":{"typography_typography":"custom","typography_line_height":{"unit":"em","size":1.7}},"elements":[],"isInner":false,"widgetType":"theme-post-content","elType":"widget"}],"isInner":false,"elType":"column"}],"isInner":false,"elType":"section"}]}