{"version":"0.4","title":"Interior Design &#8211; Contact &#8211; page","type":"page","content":[{"id":"18cf9ac4","settings":{"layout":"full_width","padding":{"unit":"%","top":"5","right":"10","bottom":"0","left":"10","isLinked":""},"structure":"20","_title":"Page Title","padding_mobile":{"unit":"%","top":"0","right":"5","bottom":"0","left":"5","isLinked":""},"margin_mobile":{"unit":"px","top":"50","right":"0","bottom":"0","left":"0","isLinked":""},"_timestamp_":"v1Smpyb2xHWDFzTnAyd291dVQ4THc0UT09"},"elements":[{"id":"35a26fef","settings":{"_column_size":"50","padding":{"unit":"%","top":"0","right":"10","bottom":"0","left":"0","isLinked":""},"_inline_size":"45.004","_inline_size_tablet":"100","padding_tablet":{"unit":"px","top":"0","right":"0","bottom":"0","left":"0","isLinked":"1"}},"elements":[{"id":"2c96a64","settings":{"title":"Contact Us, <b>We will assist you<\/b>","align":"left","title_color":"#000000","typography_typography":"custom","typography_font_family":"Montserrat","typography_font_size":{"unit":"px","size":"55","sizes":[]},"typography_font_weight":"100","typography_text_transform":"uppercase","typography_line_height":{"unit":"em","size":"1","sizes":[]},"header_size":"h1","typography_font_size_tablet":{"unit":"px","size":"50","sizes":[]},"typography_font_size_mobile":{"unit":"px","size":"40","sizes":[]},"animation_duration":"slow"},"elements":[],"isInner":false,"widgetType":"heading","elType":"widget"}],"isInner":"","elType":"column"},{"id":"19ed033","settings":{"_column_size":"50","padding":{"unit":"%","top":"0","right":"12","bottom":"0","left":"12","isLinked":""},"_inline_size":"55","_inline_size_tablet":"100","margin_tablet":{"unit":"px","top":"30","right":"0","bottom":"0","left":"0","isLinked":""},"padding_tablet":{"unit":"px","top":"0","right":"0","bottom":"0","left":"0","isLinked":"1"}},"elements":[{"id":"6aed5d40","settings":{"editor":"<p>Lorem ipsum dolor sit amet, cons ectetur adipis cing elit, sekido alor eiusmod oplot tempor alor incididunt labore et dolore magna epoyt aliqua erolp shulp sed adip lrty opti iscing diam donec facilisi nullam vehicula ipsum atdi arcu cursus off vitae congue amet estyt.<\/p>","align":"left","text_color":"#000000","typography_typography":"custom","typography_font_family":"Montserrat","typography_font_size":{"unit":"px","size":"16","sizes":[]},"typography_font_weight":"200"},"elements":[],"isInner":false,"widgetType":"text-editor","elType":"widget"}],"isInner":"","elType":"column"}],"isInner":"","elType":"section"},{"id":"5f9046dc","settings":{"layout":"full_width","padding":{"unit":"%","top":"0","right":"5","bottom":"0","left":"5","isLinked":""},"margin":{"unit":"px","top":"100","right":"0","bottom":"200","left":"0","isLinked":""},"_title":"Hero Pic","margin_tablet":{"unit":"px","top":"50","right":"0","bottom":"0","left":"0","isLinked":""},"_timestamp_":"v1Smpyb2xHWDFzTnAyd291dVQ4THc0UT09"},"elements":[{"id":"6c11372e","settings":{"_column_size":"100","padding":{"unit":"px","top":"0","right":"0","bottom":"0","left":"0","isLinked":"1"}},"elements":[{"id":"517c3059","settings":{"image":{"id":36,"url":"http:\/\/localhost\/dieuhau\/wp-content\/uploads\/2020\/10\/Contact-Pic.png"},"image_size":"full","width":{"unit":"%","size":"100","sizes":[]},"motion_fx_motion_fx_scrolling":"yes","motion_fx_translateY_effect":"yes","motion_fx_translateY_speed":{"unit":"px","size":"2","sizes":[]},"motion_fx_devices":["desktop"]},"elements":[],"isInner":false,"widgetType":"image","elType":"widget"}],"isInner":"","elType":"column"}],"isInner":"","elType":"section"},{"id":"318d4ef2","settings":{"structure":"30","layout":"full_width","padding":{"unit":"%","top":"0","right":"10","bottom":"0","left":"10","isLinked":""},"_title":"Contact Info","margin_tablet":{"unit":"px","top":"50","right":"0","bottom":"0","left":"0","isLinked":""},"padding_tablet":{"unit":"%","top":"0","right":"5","bottom":"0","left":"5","isLinked":""},"_timestamp_":"v1Smpyb2xHWDFzTnAyd291dVQ4THc0UT09"},"elements":[{"id":"67dcd754","settings":{"_column_size":"33","_inline_size":"40","content_position":"center","space_between_widgets":"5","border_width":{"unit":"px","top":"0","right":"0","bottom":"0","left":"0","isLinked":""},"border_color":"#000000","_inline_size_tablet":"40","padding_tablet":{"unit":"px","top":"0","right":"30","bottom":"0","left":"0","isLinked":""},"border_border":"solid","border_width_mobile":{"unit":"px","top":"0","right":"0","bottom":"0","left":"1","isLinked":""},"padding_mobile":{"unit":"px","top":"0","right":"0","bottom":"0","left":"30","isLinked":""}},"elements":[{"id":"7a207c4c","settings":{"title":"Location","title_color":"#000000","typography_typography":"custom","typography_font_family":"Montserrat","typography_font_size":{"unit":"px","size":"18","sizes":[]},"typography_font_weight":"400","typography_text_transform":"uppercase"},"elements":[],"isInner":false,"widgetType":"heading","elType":"widget"},{"id":"39da6a6b","settings":{"title":"2769  Black Oak Hollow Road, San Francisco","title_color":"#000000","typography_typography":"custom","typography_font_family":"Montserrat","typography_font_size":{"unit":"px","size":"15","sizes":[]},"typography_font_weight":"200","typography_text_transform":"uppercase","_animation":"fadeInUp"},"elements":[],"isInner":false,"widgetType":"heading","elType":"widget"}],"isInner":"","elType":"column"},{"id":"7baffc65","settings":{"_column_size":"33","_inline_size":"32.881","content_position":"center","space_between_widgets":"5","border_border":"solid","border_width":{"unit":"px","top":"0","right":"0","bottom":"0","left":"1","isLinked":""},"border_color":"#000000","padding":{"unit":"%","top":"0","right":"0","bottom":"0","left":"25","isLinked":""},"_inline_size_tablet":"25","padding_tablet":{"unit":"px","top":"0","right":"0","bottom":"0","left":"30","isLinked":""},"margin_mobile":{"unit":"%","top":"10","right":"0","bottom":"10","left":"0","isLinked":""}},"elements":[{"id":"75e9338c","settings":{"title":"Phone","title_color":"#000000","typography_typography":"custom","typography_font_family":"Montserrat","typography_font_size":{"unit":"px","size":"18","sizes":[]},"typography_font_weight":"400","typography_text_transform":"uppercase"},"elements":[],"isInner":false,"widgetType":"heading","elType":"widget"},{"id":"5f6d8223","settings":{"title":"408-821-3682","title_color":"#000000","typography_typography":"custom","typography_font_family":"Montserrat","typography_font_size":{"unit":"px","size":"15","sizes":[]},"typography_font_weight":"200","typography_text_transform":"uppercase","_animation":"fadeInUp"},"elements":[],"isInner":false,"widgetType":"heading","elType":"widget"}],"isInner":"","elType":"column"},{"id":"66f1e949","settings":{"_column_size":"33","_inline_size":"26.765","content_position":"center","space_between_widgets":"5","border_border":"solid","border_width":{"unit":"px","top":"0","right":"0","bottom":"0","left":"1","isLinked":""},"border_color":"#000000","padding":{"unit":"%","top":"0","right":"0","bottom":"0","left":"35","isLinked":""},"_inline_size_tablet":"35","padding_tablet":{"unit":"px","top":"0","right":"0","bottom":"0","left":"30","isLinked":""}},"elements":[{"id":"a9da5c6","settings":{"title":"Email","title_color":"#000000","typography_typography":"custom","typography_font_family":"Montserrat","typography_font_size":{"unit":"px","size":"18","sizes":[]},"typography_font_weight":"400","typography_text_transform":"uppercase"},"elements":[],"isInner":false,"widgetType":"heading","elType":"widget"},{"id":"7c9cfe30","settings":{"title":"info@designform.com","title_color":"#000000","typography_typography":"custom","typography_font_family":"Montserrat","typography_font_size":{"unit":"px","size":"15","sizes":[]},"typography_font_weight":"200","typography_text_transform":"uppercase","_animation":"fadeInUp"},"elements":[],"isInner":false,"widgetType":"heading","elType":"widget"}],"isInner":"","elType":"column"}],"isInner":"","elType":"section"},{"id":"43c996a8","settings":{"content_width":{"unit":"px","size":"1200","sizes":[]},"structure":"20","layout":"full_width","custom_height":{"unit":"px","size":"300","sizes":[]},"column_position":"stretch","margin":{"unit":"px","top":"200","right":"0","bottom":"200","left":"0","isLinked":"1"},"padding":{"unit":"%","top":"0","right":"16","bottom":"0","left":"16","isLinked":""},"_title":"Form","margin_tablet":{"unit":"px","top":"100","right":"0","bottom":"100","left":"0","isLinked":"1"},"padding_tablet":{"unit":"%","top":"0","right":"5","bottom":"0","left":"5","isLinked":""},"overflow":"hidden","_timestamp_":"v1Smpyb2xHWDFzTnAyd291dVQ4THc0UT09"},"elements":[{"id":"cc718a2","settings":{"_column_size":"50","content_position":"center","border_width":{"unit":"px","top":"0","right":"0","bottom":"0","left":"1","isLinked":""},"border_color":"#000000","border_radius":{"unit":"px","top":"0","right":"0","bottom":"0","left":"0","isLinked":"1"},"padding":{"unit":"px","top":"0","right":"0","bottom":"0","left":"0","isLinked":"1"}},"elements":[{"id":"5339cf43","settings":{"height_inner":"min-height","custom_height_inner":{"unit":"px","size":"300","sizes":[]},"margin":{"unit":"px","top":"0","right":"0","bottom":"0","left":"0","isLinked":"1"},"custom_height_inner_mobile":{"unit":"px","size":"150","sizes":[]}},"elements":[{"id":"3d192e9","settings":{"_column_size":"100","content_position":"bottom","border_border":"solid","border_width":{"unit":"px","top":"0","right":"0","bottom":"0","left":"1","isLinked":""},"border_color":"#000000","padding":{"unit":"%","top":"0","right":"30","bottom":"0","left":"6","isLinked":""},"motion_fx_translateY_direction":"negative","motion_fx_translateX_direction":"negative","motion_fx_translateX_speed":{"unit":"px","size":"2","sizes":[]},"animation_duration":"slow"},"elements":[{"id":"637884f8","settings":{"editor":"Keep<br>\n<strong>In Touch<\/strong>","align":"left","text_color":"#000000","typography_typography":"custom","typography_font_family":"Montserrat","typography_font_size":{"unit":"px","size":"35","sizes":[]},"typography_font_weight":"100","typography_text_transform":"uppercase","typography_line_height":{"unit":"em","size":"1","sizes":[]},"_margin":{"unit":"px","top":"0","right":"0","bottom":"-15","left":"0","isLinked":""}},"elements":[],"isInner":false,"widgetType":"text-editor","elType":"widget"}],"isInner":"1","elType":"column"}],"isInner":"1","elType":"section"}],"isInner":"","elType":"column"},{"id":"21302dca","settings":{"_column_size":"50","content_position":"center","margin":{"unit":"px","top":"0","right":"0","bottom":"0","left":"0","isLinked":""},"padding":{"unit":"%","top":"0","right":"0","bottom":"0","left":"15","isLinked":""},"padding_tablet":{"unit":"px","top":"0","right":"0","bottom":"0","left":"0","isLinked":"1"},"margin_mobile":{"unit":"px","top":"50","right":"0","bottom":"0","left":"0","isLinked":""}},"elements":[{"id":"3f1f6412","settings":{"form_name":"New Form","form_fields":[{"custom_id":"name","field_label":"Name","placeholder":"Name","_id":"7787d69","rows":"4","file_sizes":"","file_types":"","allow_multiple_upload":"","max_files":"","acceptance_text":"","checked_by_default":"","field_min":"","field_max":"","min_date":"","max_date":"","use_native_date":"","use_native_time":"","previous_button":"","next_button":""},{"custom_id":"email","field_type":"tel","required":"true","field_label":"Phone","placeholder":"Phone","_id":"fca9660","rows":"4","file_sizes":"","file_types":"","allow_multiple_upload":"","max_files":"","acceptance_text":"","checked_by_default":"","field_min":"","field_max":"","min_date":"","max_date":"","use_native_date":"","use_native_time":"","previous_button":"","next_button":""},{"custom_id":"field_1","field_type":"email","required":"true","field_label":"Email","placeholder":"Email","rows":"4","_id":"7f88b15","file_sizes":"","file_types":"","allow_multiple_upload":"","max_files":"","acceptance_text":"","checked_by_default":"","field_min":"","field_max":"","min_date":"","max_date":"","use_native_date":"","use_native_time":"","previous_button":"","next_button":""}],"show_labels":"","button_text":"Send","button_size":"md","button_align":"end","email_content":"[all-fields]","email_content_2":"[all-fields]","success_message":"The form was sent successfully.","error_message":"An error occured.","required_field_message":"This field is required.","invalid_message":"There's something wrong. The form is invalid.","row_gap":{"unit":"px","size":"40","sizes":[]},"label_color":"#000000","label_typography_typography":"custom","label_typography_font_family":"Montserrat","label_typography_font_size":{"unit":"px","size":"18","sizes":[]},"label_typography_font_weight":"200","field_text_color":"#000000","field_typography_typography":"custom","field_typography_font_family":"Montserrat","field_typography_font_size":{"unit":"px","size":"18","sizes":[]},"field_typography_font_weight":"300","field_border_color":"#000000","field_border_width":{"unit":"px","top":"0","right":"0","bottom":"1","left":"0","isLinked":""},"field_border_radius":{"unit":"px","top":"0","right":"0","bottom":"0","left":"0","isLinked":"1"},"button_background_color":"#FFFFFF","button_text_color":"#000000","button_typography_typography":"custom","button_typography_font_family":"Montserrat","button_typography_font_size":{"unit":"px","size":"16","sizes":[]},"button_typography_text_transform":"uppercase","button_border_border":"solid","button_border_width":{"unit":"px","top":"1","right":"1","bottom":"1","left":"1","isLinked":"1"},"button_border_radius":{"unit":"px","top":"0","right":"0","bottom":"0","left":"0","isLinked":"1"},"button_text_padding":{"unit":"px","top":"15","right":"50","bottom":"15","left":"50","isLinked":""},"button_background_hover_color":"#000000","button_hover_color":"#FFFFFF","message_typography_typography":"custom","message_typography_font_family":"Montserrat","message_typography_font_size":{"unit":"px","size":"15","sizes":[]},"success_message_color":"#000000","error_message_color":"#000000","inline_message_color":"#000000","step_next_label":"Next","step_previous_label":"Previous"},"elements":[],"isInner":false,"widgetType":"form","elType":"widget"}],"isInner":"","elType":"column"}],"isInner":"","elType":"section"},{"id":"2db5cc88","settings":{"layout":"full_width","padding":{"unit":"%","top":"0","right":"5","bottom":"0","left":"16","isLinked":""},"margin":{"unit":"px","top":"200","right":"0","bottom":"0","left":"0","isLinked":""},"_title":"More Projects Title","margin_tablet":{"unit":"px","top":"0","right":"0","bottom":"0","left":"0","isLinked":"1"},"padding_mobile":{"unit":"%","top":"0","right":"5","bottom":"0","left":"5","isLinked":""},"overflow":"hidden","_timestamp_":"v1Smpyb2xHWDFzTnAyd291dVQ4THc0UT09"},"elements":[{"id":"789bb4ff","settings":{"_column_size":"100","content_position":"center","padding":{"unit":"px","top":"0","right":"0","bottom":"0","left":"0","isLinked":"1"},"motion_fx_motion_fx_scrolling":"yes","motion_fx_translateX_effect":"yes","motion_fx_translateX_speed":{"unit":"px","size":"1","sizes":[]},"motion_fx_translateX_affectedRange":{"unit":"%","size":"","sizes":{"start":"0","end":"50"}},"motion_fx_devices":["desktop","tablet"]},"elements":[{"id":"4efb2ddc","settings":{"align":"left","text":"More <b> Projects<\/b>","look":"line_text","typography_typography":"custom","typography_font_family":"Montserrat","typography_font_size":{"unit":"px","size":"35","sizes":[]},"typography_font_weight":"200","typography_text_transform":"uppercase","text_align":"left","text_spacing":{"unit":"px","size":"50","sizes":[]},"color":"#000000","text_color":"#000000","typography_font_size_mobile":{"unit":"px","size":"25","sizes":[]},"text_spacing_mobile":{"unit":"px","size":"15","sizes":[]}},"elements":[],"isInner":false,"widgetType":"divider","elType":"widget"}],"isInner":"","elType":"column"}],"isInner":"","elType":"section"},{"id":"53ff3ad8","settings":{"layout":"full_width","margin":{"unit":"px","top":"100","right":"0","bottom":"100","left":"0","isLinked":"1"},"padding":{"unit":"%","top":"0","right":"10","bottom":"0","left":"10","isLinked":""},"_title":"Projects","margin_tablet":{"unit":"px","top":"50","right":"0","bottom":"0","left":"0","isLinked":""},"padding_mobile":{"unit":"%","top":"0","right":"5","bottom":"0","left":"5","isLinked":""},"_timestamp_":"v1Smpyb2xHWDFzTnAyd291dVQ4THc0UT09"},"elements":[{"id":"43359baf","settings":{"_column_size":"100","padding":{"unit":"px","top":"0","right":"0","bottom":"0","left":"0","isLinked":"1"}},"elements":[{"id":"4a763608","settings":{"classic_columns":"2","classic_posts_per_page":"2","classic_thumbnail_size_size":"full","classic_item_ratio":{"unit":"px","size":"0.65","sizes":[]},"classic_show_excerpt":"","classic_meta_data":[],"classic_meta_separator":"\/\/\/","classic_show_read_more":"","classic_read_more_text":"Read More \u00bb","cards_meta_separator":"\u2022","cards_read_more_text":"Read More \u00bb","full_content_meta_separator":"\/\/\/","classic_image_spacing":{"unit":"px","size":"15","sizes":[]},"classic_title_color":"#000000","classic_title_typography_typography":"custom","classic_title_typography_font_family":"Montserrat","classic_title_typography_font_size":{"unit":"px","size":"15","sizes":[]},"classic_title_typography_font_weight":"200","classic_title_typography_text_transform":"uppercase","pagination_page_limit":"5","pagination_prev_label":"&laquo; Previous","pagination_next_label":"Next &raquo;","classic_column_gap":{"unit":"px","size":"50","sizes":[]},"classic_row_gap":{"unit":"px","size":"50","sizes":[]}},"elements":[],"isInner":false,"widgetType":"posts","elType":"widget"}],"isInner":"","elType":"column"}],"isInner":"","elType":"section"}]}